"","p_val","avg_log2FC","pct.1","pct.2","p_val_adj"
"TSPAN13",2.12048499158501e-135,-0.936797809154325,0.954,0.986,4.04185644246018e-131
"YBX3",1.33740921802308e-131,-1.10562617046768,0.977,0.992,2.54923571047379e-127
"APLP2",2.8454138214446e-129,-0.895202241343331,0.978,0.993,5.42364328505555e-125
"AGPAT5",8.8227711192607e-129,-0.501192281247938,1,1,1.68170840304228e-124
"APBB2",5.54788961611205e-128,-0.849545829943793,0.955,0.993,1.05748323972712e-123
"TCL1A",1.21610269686765e-127,-1.45610813096292,0.642,0.879,2.31801335049943e-123
"FCER2",1.64560384233621e-127,-0.915674129632326,0.975,0.996,3.13668548387705e-123
"CD200",1.28109644766836e-126,-1.01402297364187,0.82,0.948,2.44189793890066e-122
"TCL1B",4.48482202693962e-126,-1.87662436756618,0.543,0.832,8.54851926554961e-122
"MMP17",1.77950675552912e-125,-0.917570062964053,0.908,0.973,3.39191782671406e-121
"ZHX3",3.41848621609088e-125,-0.578892655005756,0.991,0.998,6.51597657649083e-121
"ZNF727",9.28519174355927e-125,-0.814756216602794,0.927,0.983,1.76985039823983e-120
"ZNF471",1.18144264746297e-124,-0.812877264798201,0.886,0.968,2.25194783032917e-120
"TAPT1",2.88630371630072e-124,-0.755257446913242,1,1,5.5015835136408e-120
"LINC01415",9.2762620120505e-124,-0.855329997093413,0.934,0.993,1.76814830211695e-119
"IGFBP4",9.9932912268625e-124,-0.763297521838579,0.965,0.992,1.90482124075226e-119
"AL132709.8",1.56435083138933e-123,-0.804409951433913,0.967,0.989,2.9818091197112e-119
"TPST1",3.57244589332318e-123,-0.85060674533956,0.995,0.996,6.80943911726332e-119
"ARHGAP32",5.25436354725082e-123,-0.982811284392161,0.899,0.967,1.00153423574148e-118
"IGHD",6.94315906990888e-123,-1.14820658874016,0.892,0.967,1.32343555031533e-118
"CLCN4",1.64776577544955e-122,-1.0246661181483,0.84,0.947,3.14080634458438e-118
"SLC30A4",1.61561689555678e-121,-0.456531079417172,0.993,0.998,3.07952736462077e-117
"CORO2B",2.14752574531492e-121,-0.833267967222858,0.893,0.974,4.09339882314476e-117
"IL4R",2.53806011271843e-121,-1.15012277090676,0.856,0.947,4.8377963808526e-117
"LINC01104",5.38087380646148e-121,-0.84903789942268,0.903,0.97,1.02564835624962e-116
"SLC2A5",7.73894540215079e-120,-0.662727950407804,0.974,0.995,1.47512038310396e-115
"ZNF667",1.23378759313171e-119,-1.06270548144711,0.796,0.936,2.35172253126835e-115
"KIF1C",3.71963919903622e-119,1.01021508724391,0.934,0.79,7.09000427728294e-115
"SMIM10",6.04789350514539e-119,-0.838976049958701,0.934,0.984,1.15278898101576e-114
"CDCA7L",1.09694246006614e-118,-0.466623723598392,1,1,2.09088202313207e-114
"ZNF667-AS1",3.06500438388747e-118,-1.20991265937921,0.722,0.906,5.84220485612791e-114
"EPB41L2",3.46741607250867e-118,-0.666652415146825,0.957,0.99,6.60924177580878e-114
"COL19A1",4.28903265306781e-118,-0.725696939779259,0.957,0.994,8.17532514001256e-114
"BACH2",1.70583134430178e-117,-0.636546895733638,1,1,3.25148512537362e-113
"P2RY14",2.9472609810339e-117,-1.06348131624219,0.84,0.942,5.61777415594872e-113
"NSUN7",5.7764307115793e-117,-1.15902871584572,0.728,0.908,1.10104545793413e-112
"IGHM",7.00378889613685e-117,-0.95993676887635,0.993,0.999,1.33499220149264e-112
"C8orf88",9.65178519625136e-117,-0.790455053731129,0.858,0.963,1.83972677625747e-112
"ABCB4",2.51317910200054e-116,-0.756919805947052,0.945,0.983,4.79037068632323e-112
"MAML3",3.89243996705451e-116,-0.780004410400308,0.959,0.983,7.41937982120261e-112
"DSP",9.70678952769686e-116,-0.807470511041182,0.932,0.972,1.8502111518743e-111
"ADARB1",2.04317673364349e-115,-0.590403499517304,1,1,3.89449917199785e-111
"PPFIBP1",8.96081360288364e-115,-0.873184428369803,0.903,0.975,1.70802068084565e-110
"SPON1",9.21985692342078e-114,-0.430988863116575,0.994,1,1.75739692817324e-109
"CCDC62",2.39308848723296e-113,-0.91469955229398,0.836,0.949,4.56146596551475e-109
"C12orf42",2.56177890851776e-113,-0.551290377248974,0.947,0.982,4.8830067775257e-109
"LINC01320",1.55021576509233e-112,0.907276504852073,0.926,0.78,2.95486626984249e-108
"DNAH11",7.77517111143352e-112,-0.530392389417504,0.991,1,1.48202536555034e-107
"LIX1",1.87516805663028e-111,-1.54100751396863,0.576,0.824,3.57425783274298e-107
"RAB30",2.60611190910619e-111,-0.354903731992033,1,1,4.96750990994731e-107
"MXI1",3.1135952858841e-111,-0.466696118898781,0.992,0.998,5.93482397442368e-107
"GNB4",4.24377217591539e-111,-0.427343382048194,0.995,0.999,8.08905414451232e-107
"SDK2",4.94274259281594e-111,-0.514188471642496,0.993,0.997,9.42136165616647e-107
"SYT17",5.600028726642e-111,-1.24353016756481,0.73,0.903,1.06742147558523e-106
"TCTN1",1.53391142749228e-110,-0.732742622804814,0.988,0.993,2.92378857194304e-106
"LINGO3",3.70843935157147e-110,-0.491542374355443,0.982,0.988,7.06865624803038e-106
"NETO1",5.33978738786542e-110,-0.733739994479044,0.954,0.988,1.01781687400103e-105
"ZBTB16",6.34855720333015e-110,-0.799881913403616,0.901,0.967,1.21009848852676e-105
"RPRML",6.89845029967442e-110,-0.636301125672488,0.948,0.988,1.31491361162094e-105
"FCRL1",7.35443821122235e-110,-0.523683099406958,0.995,0.996,1.40182946744109e-105
"PLPP5",1.33301125393942e-109,-0.799017202178001,0.998,0.996,2.54085275113394e-105
"IL15RA",2.29538705428255e-109,0.511528383108216,1,0.999,4.37523726416798e-105
"SSBP2",2.59321616243253e-109,-0.410498511487515,0.992,0.997,4.94292932721264e-105
"CYP2R1",3.47174967246998e-109,-0.50246387611434,0.992,0.999,6.61750205069503e-105
"ZDHHC19",5.00979144863604e-109,-0.875507342498018,0.879,0.962,9.54916348024515e-105
"CAMK2D",5.56293593141161e-109,-0.604096294518114,0.994,0.999,1.06035121788637e-104
"ZBTB32",8.94357278040303e-109,0.963187206291412,0.954,0.852,1.70473440767262e-104
"IGHG1",4.56253609446986e-108,0.98295706006853,0.976,0.951,8.69665004966899e-104
"HOMER2",6.78808808065194e-108,-0.687951406602746,0.95,0.986,1.29387746905307e-103
"IGHG2",8.39516128060965e-108,0.840311333270506,0.979,0.97,1.600201691697e-103
"HIPK2",8.4110157532791e-108,0.709129718649388,1,0.999,1.60322371273253e-103
"PABPC4",1.29783752184737e-107,0.339897449311301,1,1,2.47380810039328e-103
"SERPINB9P1",1.50620271534228e-107,-0.518793464442601,1,0.999,2.87097299571391e-103
"AFF3",2.95240730662231e-107,-0.487015569606993,0.987,0.993,5.62758356715279e-103
"NCK2",3.79179448180538e-107,-0.524467728395743,1,1,7.22753946176924e-103
"CORO7",3.96239850190427e-107,0.376595316614523,1,1,7.55272778447973e-103
"GPR160",4.80012488123762e-107,-0.448458179173191,1,1,9.14951803612703e-103
"SNX29",7.65528556649311e-107,-0.358123897476785,1,1,1.45917398182925e-102
"MSMP",9.4257912163338e-107,-0.594983274607285,0.96,0.986,1.79665006374539e-102
"PCBP4",9.47546841609928e-107,0.515610961602338,1,0.999,1.80611903479268e-102
"CTNND1",1.08141026775543e-106,-0.460967542407738,0.992,0.998,2.06127611136863e-102
"L3MBTL4",1.2622423824073e-106,-0.670205711625586,0.92,0.98,2.40596020510656e-102
"SPRY1",2.08017541586801e-106,-1.37959445289303,0.654,0.878,3.96502236018601e-102
"ACSM3",3.7738699334717e-106,-0.806265760343367,0.819,0.948,7.19337348019041e-102
"FAM177B",6.50230949429401e-106,-0.576850200751914,0.967,0.987,1.23940521270738e-101
"TNFRSF13B",1.10304194026224e-105,0.868794650949602,0.968,0.933,2.10250824233385e-101
"AP001057.1",1.77490418374552e-105,-0.613229274649228,0.953,0.991,3.38314486463734e-101
"GDPD5",1.88480720690378e-105,0.893411153691281,0.955,0.892,3.5926310170793e-101
"BCL7A",2.4867769426578e-105,-0.551848965777879,0.999,1,4.74004553040004e-101
"SPIN3",3.0618921748902e-105,0.401262337359626,1,1,5.83627267455821e-101
"CHL1",3.24521035237008e-105,-0.770586763586905,0.917,0.973,6.18569545265261e-101
"PDE7B",3.37598229972313e-105,-0.750444224165982,0.871,0.964,6.43495986150225e-101
"SLC18B1",3.93910146024627e-105,-0.349316506289941,0.998,1,7.50832129337541e-101
"KCNG1",6.41578687864645e-105,-1.52483637900216,0.61,0.847,1.2229131369388e-100
"CAPN2",8.78266836650308e-105,0.609843532536279,1,1,1.67406441733915e-100
"SERINC2",2.96786423579169e-104,-2.36191059280333,0.531,0.789,5.65704601984254e-100
"ARHGAP21",5.88804348606071e-104,0.567371204297887,0.991,0.988,1.12231996887803e-99
"SLC9A7",8.38602947363697e-104,-0.390275553280773,0.998,0.995,1.59846107796994e-99
"ITPR1",8.44521726526969e-104,-0.424668262976583,1,1,1.60974286293306e-99
"ZNF318",1.05918569082668e-103,-0.598450741577798,0.972,0.987,2.01891384528474e-99
"ITGB1",1.46989769719983e-103,0.904973168170632,0.999,0.999,2.80177200063259e-99
"TOMM34",2.06137100446632e-103,-0.365146452314332,0.998,1,3.92917927161325e-99
"SNTG2",2.30041237466102e-103,-1.12563560027889,0.706,0.884,4.38481602734138e-99
"SESTD1",3.06486825978193e-103,-0.378998205560665,0.995,0.997,5.84194538997033e-99
"DTX4",6.34564338458306e-103,-0.596266652271022,0.974,0.99,1.20954308553538e-98
"AIM2",7.32644581199785e-103,1.03783742375603,0.926,0.787,1.39649383622491e-98
"ATP6V0A1",1.41100969873126e-102,-0.522530499669921,0.976,0.996,2.68952558675165e-98
"IGHG4",1.60373013477386e-102,0.787317483418782,1,1,3.05687000989245e-98
"TMEM220",1.84903775809793e-102,-0.643271352864268,0.949,0.995,3.52445087071046e-98
"BHLHE41",2.59405177379602e-102,0.645459359989263,0.994,0.994,4.9445220860326e-98
"GABPB1-AS1",3.0290953322223e-102,-0.445133048716024,1,1,5.77375861274892e-98
"LINC01215",4.48355462447025e-102,-0.342069098198989,0.97,0.989,8.54610346970275e-98
"ZNF665",6.80170082566926e-102,-0.487895242107037,0.99,0.995,1.29647219438082e-97
"IGHA1",6.93263914130992e-102,1.12357848856999,0.992,0.991,1.32143034672508e-97
"TBC1D12",8.73373438483378e-102,0.517007681832132,0.997,0.997,1.66473711109317e-97
"MMD",1.22972634709858e-101,-0.353866271194861,0.996,0.999,2.34398139020459e-97
"RARA-AS1",1.25981145305855e-101,-0.686174280181466,0.975,0.989,2.40132661067489e-97
"LGALS1",1.71088518246551e-101,0.950346730535806,0.993,0.991,3.2611182462975e-97
"GINS4",1.96323448771304e-101,-0.318651019289899,0.997,0.999,3.74212125702982e-97
"MSC-AS1",3.00712331726757e-101,1.9424148859367,0.739,0.394,5.73187775504371e-97
"RNASE4",4.23020276264185e-101,0.554264493935453,0.999,1,8.06318948587163e-97
"IQCD",6.35084450712479e-101,-0.541538893509018,0.97,0.991,1.21053447150306e-96
"AHNAK",6.3531626912591e-101,0.628458252028043,1,1,1.2109763405809e-96
"BTG1",6.87415644655307e-101,-0.431592179486707,1,1,1.31028296027748e-96
"UACA",7.49223740729144e-101,-0.823558087349094,0.849,0.953,1.42809537220382e-96
"SLC25A23",8.70072939916757e-101,0.69239333199186,0.994,0.984,1.65844603077533e-96
"NUAK2",9.42059394696172e-101,-0.319846796045292,1,1,1.79565941223037e-96
"SESN1",9.74194478962929e-101,-0.755846773423787,0.96,0.993,1.85691209635124e-96
"CRIP1",9.91392459178437e-101,1.08651489721091,1,1,1.88969316644002e-96
"UXS1",1.37322416926445e-100,-0.582091875877148,0.976,0.988,2.61750258903497e-96
"CRACR2B",2.19972068471151e-100,1.06256335225978,0.933,0.784,4.1928875971286e-96
"PCBD1",2.64631823760481e-100,0.830166500670538,0.943,0.805,5.04414719269853e-96
"VIM",2.86888035376744e-100,0.568602614785338,1,1,5.46837284231612e-96
"CLEC4G",3.28924856546737e-100,-1.46859196098195,0.603,0.833,6.26963669063736e-96
"LINC00944",4.15385051213295e-100,1.12387773605493,0.9,0.665,7.91765446117661e-96
"ABCA1",4.94533454776831e-100,-0.452144073476684,0.99,0.996,9.42630218150118e-96
"PTPRN2",5.38407045600781e-100,-0.438728992805976,0.985,0.997,1.02625766961965e-95
"CDK5R1",5.43910499266753e-100,-0.453399082646021,0.985,0.994,1.03674780265236e-95
"OR56A1",6.40932444060783e-100,-0.535977560906156,0.967,0.988,1.22168133162426e-95
"DTWD2",7.7746486641149e-100,-0.487520972399573,0.987,0.999,1.48192578186694e-95
"VOPP1",1.35616335679049e-99,0.535624534896391,1,1,2.58498297437834e-95
"PVT1",1.95897297276302e-99,0.623120591999478,0.996,0.992,3.7339983833836e-95
"IGHG3",3.08330282847951e-99,0.725949756887699,1,1,5.8770835213648e-95
"IRAK3",3.38495172951019e-99,-1.38224296210688,0.67,0.865,6.45205649161938e-95
"CLECL1",4.22963428273047e-99,0.867871696792692,0.959,0.88,8.06210590631256e-95
"PAIP2B",5.19739347015607e-99,-0.468206128149016,0.994,0.999,9.90675169346448e-95
"OR2A1-AS1",5.93441911722747e-99,-0.352841624638163,0.997,0.998,1.13115962793473e-94
"ARRDC4",6.01862696393875e-99,-0.493062579493132,0.988,0.996,1.14721048559637e-94
"ARHGAP31",6.04041003840214e-99,0.461746099345969,0.989,0.988,1.15136255741983e-94
"C8orf89",6.33313944479963e-99,-0.520464155559256,0.991,0.998,1.20715970957326e-94
"MED30",6.36984899035978e-99,-0.317126750157427,0.997,1,1.21415691605248e-94
"KCNN4",6.64482117848414e-99,0.667888056557411,1,1,1.26656936483086e-94
"SCN3A",7.65534635423443e-99,-0.606338510428103,1,1,1.45918556858062e-94
"CNN3",1.06090091754571e-98,-0.639656428958313,0.913,0.98,2.02218323893388e-94
"GCOM1",1.0911819565834e-98,-0.894432347219721,0.8,0.939,2.07990192744362e-94
"LINC01003",1.46881941448818e-98,-0.319324713609416,0.998,0.999,2.79971668595592e-94
"TLE3",1.6942101084519e-98,0.380894061523257,1,1,3.22933388772016e-94
"ATAD3C",2.2135203984204e-98,0.708400653605957,1,1,4.21919123142913e-94
"OGFRL1",2.30132920917602e-98,-0.383032010263675,0.999,1,4.3865636056104e-94
"SSPN",2.31629823719391e-98,1.15619536367452,0.901,0.774,4.41509606991531e-94
"CEP68",3.09401105615373e-98,-0.369576719192633,1,1,5.89749447413462e-94
"TIAM2",3.31061775670988e-98,0.978841637397299,0.956,0.876,6.31036850606471e-94
"MYZAP",5.34554961057545e-98,-0.823361909373547,0.815,0.944,1.01891521127179e-93
"WDR27",6.74262374337637e-98,-0.322681627467952,1,1,1.28521151172497e-93
"FADS3",6.97424781993115e-98,-0.453741171171394,0.966,0.992,1.32936137695708e-93
"SAMSN1",8.80840790791227e-98,0.674290129575511,0.986,0.962,1.67897063132716e-93
"BCL6",9.96643515773093e-98,-0.66120772349923,0.955,0.98,1.89970220541509e-93
"UBR5-AS1",1.2576117837588e-97,-0.470152983671739,0.973,0.988,2.39713382102265e-93
"TBXA2R",1.36481383117378e-97,-1.23208748833827,0.632,0.879,2.60147164360033e-93
"CD27",2.10320829972565e-97,0.890537449228297,0.968,0.934,4.00892534010706e-93
"TTTY14",2.82348859774421e-97,-0.539553725758394,0.986,0.996,5.38185161616024e-93
"AKAP6",6.70228972514482e-97,-1.31425730592666,0.718,0.864,1.27752344450985e-92
"LMO4",1.20063924654541e-96,0.591421020869927,1,1,2.28853846784021e-92
"NCOA7",1.62610560239937e-96,0.489290322249103,1,0.997,3.09951988873343e-92
"ACP5",1.64712344031647e-96,0.789339551871279,0.985,0.969,3.13958198958722e-92
"RAPGEF5",2.04013416458487e-96,-0.471901448923166,1,0.999,3.88869973111522e-92
"BBC3",2.20031091732264e-96,0.480536032510706,1,1,4.19401263950868e-92
"PCDH9-AS1",2.76601405104391e-96,-0.644474046480711,0.941,0.987,5.2722993826948e-92
"THEMIS2",3.53164957392897e-96,0.524406532369525,1,0.999,6.73167725286601e-92
"MACROD2",3.70688873500622e-96,-0.822156527867827,0.85,0.956,7.06570061779536e-92
"FAM53B",4.50538853912441e-96,-0.324727809667881,0.998,1,8.58772109442504e-92
"ABCC4",4.5150198169494e-96,0.587647140069766,0.977,0.939,8.60607927308726e-92
"COL4A3",6.29464401800996e-96,0.500064031220028,0.997,0.996,1.19982209627288e-91
"ZNF618",1.13872350762146e-95,-1.14229035722814,0.711,0.889,2.17052087787726e-91
"ARHGAP39",1.14928693397906e-95,-1.25974324751834,0.641,0.848,2.19065582485748e-91
"TMEM238",1.20529951538058e-95,0.366894667093823,0.998,1,2.29742140626693e-91
"ANG",1.50900414456606e-95,0.890925348978527,0.912,0.775,2.87631279995736e-91
"HVCN1",2.19089264361147e-95,-0.479669748661552,0.957,0.985,4.17606046798782e-91
"AFF1",2.26675792921325e-95,-0.42072925816469,1,1,4.32066728887338e-91
"JARID2",2.56804928975761e-95,-0.336430163650932,1,1,4.89495875120697e-91
"AC007364.1",2.60103066213581e-95,-0.96077154627456,0.768,0.914,4.95782454509707e-91
"SYN3",2.68344179309855e-95,-1.07423115080032,0.746,0.896,5.11490840182514e-91
"GPR37L1",3.68087707975305e-95,-1.01953339227441,0.705,0.889,7.01611980171729e-91
"CD70",4.6269387589367e-95,0.853219827979335,0.943,0.845,8.81940796840924e-91
"ZBTB38",5.10900114470612e-95,0.762134667737627,0.998,0.998,9.73826708192434e-91
"SNX9",6.95534156056506e-95,-0.539148465635896,0.979,0.994,1.32575765485931e-90
"RBKS",7.79416096299326e-95,0.400127617173093,0.994,0.997,1.48564502115614e-90
"TUNAR",8.06895036027117e-95,-1.71589544581101,0.455,0.757,1.53802262817129e-90
"STRADB",8.53247498615326e-95,-0.447373290720027,0.974,0.991,1.62637505711067e-90
"CSGALNACT1",9.80737333385034e-95,0.540257443484616,0.998,0.997,1.86938343116521e-90
"EPHX3",1.01529520593436e-94,-1.85259899591691,0.407,0.717,1.93525419203148e-90
"COL4A4",1.02466579086641e-94,0.616697414533052,1,1,1.95311546397046e-90
"C12orf74",1.77378320455228e-94,0.682275012591601,0.978,0.97,3.3810081661971e-90
"TMEM123",1.94695868488941e-94,-0.487827205095207,1,1,3.71109794926771e-90
"ST7",1.97741843875948e-94,0.476178065627805,0.999,0.996,3.76915728611944e-90
"LYST",4.50958794171966e-94,-0.374345366282409,0.99,0.999,8.59572557571184e-90
"TYMP",5.37565001617323e-94,0.456685618697911,1,1,1.02465264958278e-89
"IGHA2",5.627325595127e-94,1.16497013696505,0.933,0.884,1.07262453168716e-89
"KCNH8",5.69506568973973e-94,-0.446995287074971,0.975,0.988,1.08553647112129e-89
"RRM2B",6.35146063338308e-94,-0.319176757100721,0.999,1,1.21065191132915e-89
"CLEC4A",6.99910207820971e-94,-3.58864613667262,0.47,0.753,1.33409884712755e-89
"MUC12",8.86489852768824e-94,0.599253669167299,0.968,0.918,1.68973830836266e-89
"FAM111B",8.99360167610384e-94,-0.561594061530515,0.96,0.994,1.71427041548215e-89
"LINC00926",9.0284481659667e-94,-0.417889497324711,0.983,0.992,1.72091250491491e-89
"ARID3A",9.12416945121662e-94,0.728347001686342,0.996,0.993,1.7391579390964e-89
"ZNF415",1.00043577785092e-93,-0.491701985264676,0.984,0.994,1.90693063616164e-89
"ZCCHC7",1.03149792016877e-93,-0.315074798953032,1,1,1.96613818563368e-89
"MGAT3",1.09384443708488e-93,0.709613388810841,0.961,0.908,2.0849768815275e-89
"CTDP1",1.55199333351201e-93,0.387925342926353,1,0.999,2.95825449300724e-89
"MCOLN2",1.57173425823512e-93,0.849634559771704,0.934,0.842,2.99588266962196e-89
"GBGT1",2.3008838868845e-93,-0.899116927472147,0.782,0.931,4.38571477679055e-89
"PPP5D1",2.49418992699993e-93,-0.400999770669825,0.984,0.996,4.75417541985456e-89
"FBXO10",3.16571414332504e-93,0.486361770189122,1,0.998,6.03416772859186e-89
"IGHGP",3.57884336969469e-93,1.11321923020144,0.934,0.791,6.82163334697505e-89
"TAF1B",3.61539584517713e-93,0.391995941870027,1,1,6.89130602049213e-89
"PCDH9",3.89553161013488e-93,-0.936717022404026,0.728,0.913,7.42527280207809e-89
"MARCH3",4.12589017367586e-93,-0.327723931760304,1,1,7.86435926004355e-89
"ZSCAN18",4.66069914493864e-93,-0.385017430136358,0.982,0.988,8.88375864016753e-89
"UTF1",4.66396454453513e-93,-0.529161874978096,0.956,0.986,8.88998281833842e-89
"C16orf74",5.31278456792068e-93,-0.370468026866376,1,1,1.01266986649136e-88
"STAG3",7.40282962649922e-93,-0.492712087411678,0.951,0.985,1.41105335510702e-88
"IL21R",7.9004607494214e-93,-0.736061039345111,0.879,0.962,1.50590682344721e-88
"SLC7A5",1.36573116208983e-92,0.49575872090515,0.997,0.997,2.60322016805943e-88
"TRAM2",1.82996672619004e-92,0.680391273085896,0.998,0.993,3.48809957679084e-88
"S100A6",2.91443117433766e-92,0.564845472860753,0.994,0.999,5.55519726140501e-88
"GCNT1",4.01055296705872e-92,-1.43177131525073,0.596,0.833,7.64451501051063e-88
"ZNF677",4.09241686970176e-92,-0.33592245087471,0.992,0.996,7.80055579533853e-88
"SAMD12",4.24636138605928e-92,0.460761584214682,1,1,8.0939894379676e-88
"TMEM14A",4.26712081282095e-92,0.347257281841316,1,1,8.13355898131801e-88
"COL18A1",4.67810254791073e-92,1.1244279236481,0.906,0.728,8.91693126657264e-88
"ZNF595",4.69442314506726e-92,-0.394221075802741,0.98,0.993,8.9480399568127e-88
"OSTN-AS1",5.05410705445817e-92,0.720653038919624,0.992,0.989,9.63363345650272e-88
"COL9A2",5.39600347467555e-92,-0.319908762211633,1,0.999,1.02853222230791e-87
"FAS",5.85803318613627e-92,0.804679663750274,0.98,0.951,1.11659970560943e-87
"CRIP3",1.74745387775497e-91,-0.828507996484575,0.839,0.923,3.33082183638876e-87
"ARHGAP6",1.92716381345378e-91,0.724021086000536,0.976,0.965,3.67336694482425e-87
"CECR2",2.03296856172148e-91,-0.858199959976099,0.78,0.932,3.87504137549731e-87
"ASB12",2.11353896119749e-91,-0.505538862120934,0.991,0.998,4.02861661393853e-87
"PARD6A",2.96097335377152e-91,0.40483005671443,1,1,5.6439113096239e-87
"HOTAIRM1",3.07607983837675e-91,0.749348817424054,0.992,0.978,5.86331577992993e-87
"FAM50B",3.09533610013939e-91,0.432698726649949,0.999,0.996,5.90002014047569e-87
"BEST4",3.76623307447921e-91,0.394430345226023,0.996,0.986,7.17881686326482e-87
"NLRC5",4.01695293732607e-91,0.490466336234491,0.997,1,7.65671399383722e-87
"GNG8",4.16432782123507e-91,-0.576286063774503,0.912,0.975,7.93762526005617e-87
"PLEKHA1",6.21854740716454e-91,-0.525185069664849,0.967,0.99,1.18531732127963e-86
"VAV3-AS1",6.856009985629e-91,-0.593755708803733,0.944,0.986,1.30682406336074e-86
"ACAP3",7.30667561375834e-91,0.421472382500345,1,1,1.39272543873848e-86
"CFLAR",8.83158545424349e-91,0.411465354312725,1,1,1.68338850343335e-86
"CKAP4",9.06676142772036e-91,0.417710023480087,1,1,1.72821539573778e-86
"PAPSS1",9.237646282452e-91,0.475098597843709,1,1,1.76078775789818e-86
"OGFOD2",9.95392141091443e-91,0.339356441587752,1,1,1.8973169601344e-86
"SCML1",1.61014413561671e-90,-0.761964008277443,0.817,0.944,3.06909573689901e-86
"AC104699.1",1.80071950083621e-90,1.03007733595181,0.935,0.803,3.4323514405439e-86
"TFRC",1.80071950083621e-90,0.429112244046382,1,1,3.4323514405439e-86
"COLCA1",1.83713606773525e-90,0.313708770067413,0.999,0.994,3.50176505871015e-86
"LAX1",1.84986309880914e-90,0.989869907673899,0.928,0.77,3.5260240526401e-86
"C1orf216",2.74698195150262e-90,0.719406045311254,0.948,0.845,5.23602229775914e-86
"ENAH",2.95225870105934e-90,-0.775542220258801,0.865,0.969,5.62730031008922e-86
"PNMA5",3.27732967152431e-90,0.777274137334263,0.947,0.861,6.2469180868925e-86
"EPS8L2",3.62933098089393e-90,0.483178519418402,0.998,1,6.91786778268191e-86
"ACSF2",3.71282267157897e-90,0.68376007971438,1,1,7.07701129429667e-86
"TOR3A",3.8909565377539e-90,0.47323287622818,1,1,7.41655225661272e-86
"CHMP1B",7.03477038793176e-90,-0.420045770180382,0.994,0.998,1.34089758364367e-85
"TMED5",7.33380090358173e-90,0.307229757170322,1,1,1.39789579023171e-85
"ZNF502",7.45847316136147e-90,-0.341258566241851,0.991,1,1.42165956928711e-85
"SNTA1",1.07237581207914e-89,0.378415719485793,0.999,1,2.04405553540405e-85
"PODXL2",1.12600874121113e-89,0.363933313439337,0.999,1,2.14628526162253e-85
"CDC42EP3",1.30081496748426e-89,0.620030111753137,0.988,0.983,2.47948340952175e-85
"ELFN1-AS1",1.49342156219559e-89,0.780425944281027,0.995,0.989,2.84661083970102e-85
"DBNDD1",1.90304033090084e-89,-1.11375327284293,0.693,0.889,3.62738517473009e-85
"AC104024.1",2.10795488673165e-89,0.66158113504732,0.967,0.936,4.0179728095992e-85
"HS3ST1",2.94405610115974e-89,-0.69302644774457,0.877,0.96,5.61166533442057e-85
"AUTS2",3.08880369060837e-89,-0.371644128041696,0.996,0.999,5.88756871466862e-85
"NKX6-3",3.17033173458179e-89,-1.06664791611535,0.694,0.88,6.04296931928635e-85
"DOK3",5.42098923310863e-89,0.543801963701891,1,1,1.03329475772284e-84
"VAV3",8.59750612988859e-89,-0.428319482857136,0.97,0.986,1.63877064341806e-84
"FAM149A",1.05837043867192e-88,0.78787685135655,0.865,0.623,2.01735989315255e-84
"FBXW7",1.33882437077679e-88,0.436309888525753,1,1,2.55193313313763e-84
"IMPDH1",1.82105973618108e-88,0.448838957480338,1,0.999,3.47112196313476e-84
"CAB39",2.23859890153132e-88,0.325844185705296,1,1,4.26699336620884e-84
"CORO1B",3.62271399294481e-88,0.650241624382391,0.991,0.977,6.9052551419521e-84
"ZNF135",4.30564246090182e-88,-0.585153814708272,0.941,0.983,8.20698509472496e-84
"SULT1A3",5.25640054192891e-88,0.395676579562718,1,1,1.00192250729707e-83
"LINC00426",5.4699553606803e-88,0.759253312820912,0.967,0.905,1.04262819129927e-83
"CTSA",5.87119872731919e-88,0.515849272622069,1,1,1.11910918941431e-83
"BIRC3",7.21791614581151e-88,-0.377125086574288,0.999,1,1.37580699655313e-83
"CHAD",1.09239630519104e-87,0.961939707712897,0.931,0.863,2.08221659732465e-83
"ZNF286A",1.09611420817919e-87,-0.329205731276388,0.993,0.997,2.08930329221036e-83
"CASZ1",1.09611420817919e-87,-0.33046063876621,0.997,1,2.08930329221036e-83
"KIAA0930",1.18923053431409e-87,0.319091439832967,1,1,2.26679232145608e-83
"MCTP2",1.25479802123322e-87,-0.469023078781651,0.955,0.995,2.39177050827263e-83
"TESC",1.72302200557305e-87,0.769737012488215,0.971,0.927,3.28425224482278e-83
"C15orf62",1.98020407047648e-87,-0.413578815164484,0.992,0.993,3.77446697873522e-83
"PHLPP1",2.05061948050274e-87,-0.567529496880187,0.961,0.983,3.90868579178628e-83
"KCNH2",2.13508836688192e-87,0.602453605989649,0.968,0.923,4.06969193611363e-83
"PEG10",2.618626079299e-87,-0.537005332642595,0.96,0.992,4.99136316975181e-83
"BCAS1",2.66158638390275e-87,0.745940764216723,0.944,0.842,5.07324980635704e-83
"SDHAF4",3.97529816140489e-87,0.343125525439173,1,1,7.57731582545385e-83
"TEX9",4.30311108675589e-87,1.04461442526182,0.924,0.824,8.2021600424654e-83
"PBX4",4.83786610774884e-87,1.22823113677938,0.867,0.59,9.22145658798007e-83
"ST8SIA4",5.82756991761329e-87,0.404519072856588,1,1,1.11079310199627e-82
"ANKMY2",5.96722854190595e-87,0.528675970933208,0.992,0.983,1.13741343237269e-82
"HLA-DOB",6.65390389235414e-87,-0.313139636627183,0.996,0.995,1.26830062092162e-82
"EHD1",7.34946224162562e-87,0.449710730495747,1,1,1.40088099787626e-82
"SLC12A4",9.34931890086973e-87,0.712908901794275,0.98,0.95,1.78207367569478e-82
"HAGHL",9.90209736813189e-87,0.490912526788477,0.996,0.994,1.88743877933962e-82
"ZDHHC18",1.02839748366641e-86,0.471352024288582,1,0.999,1.96022844361655e-82
"SLC35D2",1.04803869515701e-86,0.426120913878021,0.996,0.999,1.99766655683878e-82
"SYT1",1.06661182979145e-86,1.00140722343394,0.923,0.754,2.03306880876547e-82
"ZNF382",1.19237741712972e-86,-0.432975338906317,0.979,0.99,2.27279059479096e-82
"PRKCD",1.65992258999836e-86,0.348401960894946,1,1,3.16397844879588e-82
"EML6",2.21855027167256e-86,0.461672153636616,1,0.999,4.22877867283507e-82
"AGAP3",2.38936265196773e-86,0.644153931371527,0.955,0.878,4.55436415091568e-82
"ABCG1",3.13928765406199e-86,-0.375035880054489,0.991,0.998,5.98379619740757e-82
"LINC01402",3.39445951175408e-86,-0.582019302151258,0.913,0.967,6.47017927535445e-82
"KISS1R",3.44745982039312e-86,0.557244207051311,0.974,0.965,6.57120316365132e-82
"LAPTM5",4.41395378402828e-86,-0.32907506907961,1,1,8.41343730773631e-82
"CPNE5",4.89933204518252e-86,0.647565737011192,1,1,9.33861681132239e-82
"DAAM1",5.0262380629511e-86,0.490344735925317,1,1,9.58051237179108e-82
"AP3B1",6.60477916224163e-86,-0.313891005298799,1,1,1.25893695611488e-81
"GAPDH",8.63669019093514e-86,0.516682149828073,1,1,1.64623951729415e-81
"ZNF296",9.33054389634776e-86,0.64278117138607,0.999,0.997,1.77849497208285e-81
"FBXL19-AS1",9.70782425611365e-86,-0.720096701082177,0.845,0.952,1.85040838145782e-81
"ANK3",9.7372164924853e-86,0.636899180850452,0.965,0.932,1.85601083563262e-81
"SCRN1",1.0926083549703e-85,0.503851363216374,1,1,2.0826207854089e-81
"HSPA8",1.14289308288927e-85,0.501628002568863,1,1,2.17846850529523e-81
"FOXP1",1.3454248811327e-85,-0.408117551779464,0.997,1,2.56451436592704e-81
"LPCAT1",1.34632836667323e-85,0.423139128274184,0.997,1,2.56623649971585e-81
"GLS",1.76911852553366e-85,0.326972105984632,1,1,3.37211682151972e-81
"RAP1A",1.82027596501426e-85,0.362938507461696,1,0.999,3.46962801691368e-81
"SLC38A11",1.85167600186391e-85,-3.4406543667063,0.504,0.767,3.5294796271528e-81
"SCN4A",2.08923284692062e-85,-0.649210140145509,0.922,0.975,3.9822867295154e-81
"UTS2B",2.13740544874736e-85,0.854972396112426,0.914,0.775,4.07410852585734e-81
"ATP1B1",2.19844497731026e-85,0.781101913218022,0.952,0.903,4.19045597125108e-81
"ATF5",2.26425664962661e-85,0.519445491080831,1,1,4.31589959985329e-81
"STK38L",2.30252122779421e-85,0.515216794793304,1,1,4.38883571229855e-81
"TBK1",2.93364984191432e-85,0.369023726622773,1,1,5.59182996367289e-81
"BAAT",3.09825736879326e-85,-0.407135112868271,0.979,0.994,5.90558837065683e-81
"C1orf189",3.14846390227792e-85,-0.422401576654388,0.975,0.991,6.00128704413195e-81
"PPA2",3.54467307644354e-85,0.386115604669267,1,1,6.75650135100903e-81
"PECAM1",3.74973555125005e-85,-0.426318011946131,0.971,0.993,7.14737093423771e-81
"MDFIC",3.87996712525918e-85,0.321839861758523,1,0.999,7.39560533745651e-81
"NFE2L1",4.44461212731522e-85,0.373755210187734,1,1,8.47187517587554e-81
"FMO5",5.1322171224488e-85,-0.482141915099334,0.943,0.977,9.78251905709965e-81
"LAIR1",5.67382218556444e-85,-0.960704302300475,0.739,0.918,1.08148724679044e-80
"SEC11C",6.01369652948286e-85,0.637576433843802,1,1,1.14627069548473e-80
"DGKG",6.59273002541843e-85,1.11093072323496,0.863,0.622,1.25664027014501e-80
"RASSF6",8.63889980575745e-85,0.664039757914186,0.974,0.958,1.64666069197543e-80
"BTLA",9.53652225680081e-85,-0.404813501444281,1,1,1.8177565073688e-80
"SNTB2",1.02839855892062e-84,0.406072204015392,1,1,1.9602304931586e-80
"OSBPL3",1.71279963129637e-84,0.393386984537996,1,1,3.26476737721401e-80
"KCNK12",1.74915648424363e-84,0.508744984708077,0.998,0.998,3.33406717461679e-80
"FOLR2",2.01603539559872e-84,0.758278786056314,0.976,0.96,3.84276506755071e-80
"MIDN",2.95117417764156e-84,0.507716562163387,0.995,0.999,5.62523310000257e-80
"LSS",3.34912182825436e-84,0.418960899275276,1,1,6.38376111683564e-80
"NAGS",3.50652490794568e-84,1.20396222693191,0.802,0.534,6.68378712703525e-80
"BCL2L12",3.73786689955295e-84,0.307630607382721,1,1,7.12474809723788e-80
"AFMID",4.20503890177515e-84,0.697568913214702,0.999,0.998,8.01522465067362e-80
"KANSL1L",4.31556226017001e-84,-0.768362090419545,0.829,0.947,8.22589322411006e-80
"ABHD14A",4.38501183632836e-84,0.381956224909721,1,1,8.35827106122549e-80
"NDUFA4L2",4.48829540183639e-84,0.740410540685518,0.931,0.808,8.55513986544034e-80
"SCO2",5.75549204101944e-84,0.337039084642655,1,1,1.09705433793872e-79
"SGCE",7.36456952586496e-84,-0.409634955455863,0.981,0.991,1.40376059732512e-79
"VRTN",1.18540173982419e-83,-1.53083646048511,0.537,0.799,2.25949425627889e-79
"KCP",1.25001223356558e-83,0.801742751090005,0.918,0.777,2.38264831839935e-79
"EEF2K",1.32514706633211e-83,0.387474724448891,0.999,0.996,2.52586282313563e-79
"UNC13D",1.37665704972213e-83,0.345408383605226,1,0.999,2.62404600247535e-79
"JAZF1",1.5065763237682e-83,-0.309739101329048,0.971,0.987,2.87168513073456e-79
"BCL2L10",1.89554550094509e-83,0.933684507464847,0.774,0.477,3.61309927935144e-79
"FAM219B",2.0770255557244e-83,0.513100112990439,0.999,1,3.95901841176628e-79
"PTDSS2",2.10751732056452e-83,0.449068685323949,1,0.999,4.01713876472803e-79
"TREML4",2.49030828279924e-83,-0.480723096002063,0.969,0.983,4.74677661784362e-79
"HOMER3",2.89795636052669e-83,0.918191895354435,0.996,0.993,5.52379461879993e-79
"GMDS",3.10136262801298e-83,0.424031760184999,0.999,1,5.91150730525555e-79
"EXOC3-AS1",3.83386631434955e-83,-0.316348277665751,0.993,0.999,7.30773258178168e-79
"SLC35B2",4.56961650299303e-83,0.345975742528117,1,1,8.71014601635502e-79
"FARS2",5.53316964689548e-83,0.394107495770688,1,1,1.05467746639475e-78
"ARL2",5.76262922365259e-83,0.342436938676011,1,0.999,1.09841475632042e-78
"AC018742.1",5.78742882700126e-83,0.437815761246665,0.967,0.947,1.10314180871471e-78
"NANOS1",6.9218510304348e-83,-0.710608227979125,0.827,0.934,1.31937402491118e-78
"GPR15",7.08836524000761e-83,0.818491440271769,0.955,0.9,1.35111329839785e-78
"PLD2",7.16364820073391e-83,0.309959344033547,0.999,1,1.36546298354189e-78
"AGO2",7.25887403883658e-83,-0.378198260954462,0.997,1,1.38361398054264e-78
"FICD",7.48765416303147e-83,0.315859354735517,1,1,1.42722176001543e-78
"CAMK2N1",7.75939808612372e-83,0.74556563610277,0.936,0.844,1.47901886919604e-78
"PRPSAP1",8.98976785110257e-83,0.437769603219346,0.998,0.998,1.71353965009866e-78
"TUFT1",9.29744295192544e-83,0.349902152317164,1,0.999,1.77218560106651e-78
"COTL1",9.43961303700473e-83,0.53409020641124,1,1,1.79928464098347e-78
"MYO1D",9.86623770213167e-83,0.700998048779548,0.99,0.975,1.88060356840332e-78
"LETM2",1.02849166625938e-82,-0.469388591019153,0.983,0.998,1.96040796505701e-78
"PRICKLE2",1.07001195531599e-82,0.992417920895526,0.829,0.616,2.03954978802781e-78
"MED16",1.15204052936252e-82,0.324443073723761,1,1,2.19590445301789e-78
"GALE",1.62408856444997e-82,0.695449692095495,0.948,0.863,3.09567521269808e-78
"CCDC102A",1.73868685882589e-82,0.476214898178055,0.991,0.987,3.31411102160803e-78
"AC008691.1",2.00250364627212e-82,0.573321989241369,0.996,1,3.81697220015928e-78
"IL18BP",2.04918851654999e-82,0.376941577512421,0.998,1,3.90595823139593e-78
"GEMIN7",2.08731669318478e-82,0.335538372216977,1,1,3.9786343488795e-78
"CYP3A43",2.48019882035638e-82,-0.430923918914467,0.952,0.98,4.72750697148129e-78
"CREB3",2.50975251648993e-82,0.494102485211537,1,0.998,4.78383927168146e-78
"PLP2",2.58518231139029e-82,0.40431697650876,1,1,4.92761600374103e-78
"H1FX",3.34561014405608e-82,-0.35916638421969,1,1,6.37706749558528e-78
"HLCS",3.52746294664416e-82,0.34628516717316,0.999,0.999,6.72369712259844e-78
"FA2H",4.65034263842272e-82,0.733907133396701,0.962,0.902,8.86401810309755e-78
"LRP5",4.853218064208e-82,0.515893192010704,0.967,0.909,9.25071895218687e-78
"EOGT",4.87878973432933e-82,0.718830774684302,0.917,0.791,9.29946111260514e-78
"ANXA2",6.80591737029667e-82,0.880057469820336,0.999,0.998,1.29727590995225e-77
"C4orf48",7.66926194445387e-82,0.479735981306327,0.998,1,1.46183801923235e-77
"PPFIBP2",8.02967399707995e-82,0.371540008489018,1,1,1.53053616058341e-77
"SAXO2",9.59781761195194e-82,-0.659488483491455,0.867,0.955,1.82944001501416e-77
"ENOSF1",1.00025709525118e-81,0.373537958661718,0.998,0.999,1.90659004925827e-77
"LRRN1",1.11963935559175e-81,0.747537082400207,0.907,0.761,2.13414457569343e-77
"ANXA7",1.19469101094155e-81,0.343880465753943,1,1,2.27720053595569e-77
"ZNF229",1.70720314661937e-81,-0.735202806609878,0.869,0.947,3.25409991777118e-77
"CNIH2",1.85884245958071e-81,0.390267180603831,0.979,0.97,3.5431396122068e-77
"CD69",2.44992680775242e-81,-0.464712572745914,0.999,1,4.66980548825688e-77
"ZSCAN31",2.50337671266524e-81,-0.345111726372824,0.991,0.997,4.77168635201122e-77
"BAIAP3",2.54131586695789e-81,0.746446504576585,0.999,1,4.84400217400844e-77
"FURIN",2.54713920529515e-81,0.450169088084156,1,1,4.85510203921308e-77
"ATP2B4",2.81238418533179e-81,0.998871673966606,0.875,0.713,5.36068549566092e-77
"HOXC4",3.17805692094838e-81,0.408592345066939,0.999,1,6.05769429701971e-77
"ZNF629",4.35568004716252e-81,-0.44222502658818,0.958,0.986,8.30236173789648e-77
"FUT8",4.76948038468507e-81,0.365344350966378,1,1,9.09110656124822e-77
"UBE2G1",6.42673000588848e-81,0.372718014532046,1,1,1.2249990064224e-76
"PCED1B",6.54732344104047e-81,0.56882090822298,0.996,0.993,1.24798532109672e-76
"ELOF1",7.01598728992654e-81,0.359850205897752,1,1,1.3373173373329e-76
"MIR193BHG",7.18967881927748e-81,1.1072012957785,0.894,0.689,1.37042467974248e-76
"KHDRBS2",8.24733842938161e-81,-0.39597675994264,0.985,0.995,1.57202517802443e-76
"LINC01374",8.81429710029573e-81,-0.415274031047332,0.995,0.998,1.68009317028737e-76
"NECAB3",1.46969539224289e-80,0.525748877049337,0.996,0.996,2.80138638715417e-76
"VCP",1.56037668680239e-80,0.439102575664174,1,1,2.97423400271404e-76
"RILPL2",1.73495379255859e-80,0.51452669497402,0.994,1,3.30699542399592e-76
"PDIK1L",1.98112886074379e-80,0.363261381056067,0.993,0.999,3.77622972146374e-76
"LTBP4",2.16852608925075e-80,0.305111783612183,1,1,4.13342757872085e-76
"PAX8",2.20119553312684e-80,0.516390223759424,0.963,0.886,4.19569880569307e-76
"CRIP2",2.54122850161759e-80,0.946205329403645,0.97,0.965,4.84383564693329e-76
"YIPF1",2.62685906436446e-80,0.501533284383921,0.998,0.993,5.0070560625851e-76
"UPB1",4.03780268244691e-80,-1.53242995399396,0.601,0.815,7.69645569301206e-76
"SOWAHD",5.43133709423088e-80,0.968012230014695,0.906,0.785,1.03526716353135e-75
"CPT1B",5.9628996238148e-80,0.33963479044602,0.997,0.999,1.13658829729534e-75
"DGKE",6.211480980835e-80,0.446515260413419,1,0.999,1.18397038975696e-75
"ARID3B",7.20999054698997e-80,0.387309766566962,1,1,1.37429629816176e-75
"GPHN",7.45706201516821e-80,0.558151063392682,0.97,0.93,1.42139059071121e-75
"NUGGC",7.55432197446148e-80,0.742503992922211,0.997,0.998,1.4399293115521e-75
"LACC1",8.37663221247645e-80,-0.367444509960472,0.987,0.993,1.59666986602014e-75
"IRS2",9.40620143467036e-80,-0.398644958733579,0.995,0.999,1.79291605546252e-75
"DNM1",1.08144264725882e-79,0.533797737601494,0.985,0.964,2.06133782994003e-75
"S100A4",1.1601123894765e-79,0.692881710004865,0.992,0.998,2.21129022558115e-75
"CD86",1.16048788269115e-79,0.754696984172994,0.996,0.992,2.21200595319761e-75
"SMARCB1",1.2245196759438e-79,0.330618861729186,1,1,2.33405695431648e-75
"ARL14",1.25662459238269e-79,0.774691009384846,0.94,0.884,2.39525213554065e-75
"ZFAND6",1.39185779875925e-79,0.34366554734447,1,1,2.65302015021501e-75
"F3",1.48389097276783e-79,-1.40693324395452,0.63,0.821,2.82844458319277e-75
"STAMBPL1",1.72626812469523e-79,0.392504200560592,0.999,1,3.29043967248158e-75
"PSMB9",1.99775341806346e-79,0.380948993007677,1,1,3.80791779017076e-75
"PTP4A2",2.33053725788941e-79,0.313227640214543,1,1,4.44223706726301e-75
"MXD3",2.83782606330301e-79,0.351806133822683,1,1,5.40918025926186e-75
"TGM2",2.89238325966148e-79,0.756260566258854,0.942,0.9,5.51317173124075e-75
"GYG1",3.2697163059573e-79,0.475114863385978,0.995,0.999,6.23240625078522e-75
"FAM89B",4.04539497684421e-79,0.337097138656195,0.999,1,7.71092736536276e-75
"PPM1L",4.32041573362249e-79,0.598053382156018,0.985,0.959,8.23514442985783e-75
"SH3RF1",7.26903051271719e-79,0.777937729677421,0.953,0.905,1.38554990602902e-74
"MFSD10",9.2235520059574e-79,0.35950168233072,1,1,1.75810124785554e-74
"TAS1R3",9.25624923180956e-79,0.658079145411503,0.992,0.988,1.76433366607522e-74
"ECE1",1.12770051187416e-78,0.330999525740946,1,1,2.14950994568334e-74
"LGMN",1.22443519760945e-78,0.627872706186682,0.997,0.998,2.33389593016338e-74
"WIPF3",1.38259829234867e-78,0.376687730814156,0.999,0.996,2.63537060504581e-74
"MAPK12",1.64134373530179e-78,0.626204826195034,0.983,0.967,3.12856529385874e-74
"ZNF829",2.00803768520647e-78,-0.388692044038314,0.971,0.998,3.82752063177205e-74
"UGGT2",2.25398016031891e-78,0.962157501369901,0.865,0.664,4.29631158358387e-74
"VGLL4",2.4359694225069e-78,0.33212009670966,0.997,1,4.64320131624041e-74
"STARD4-AS1",2.8817997731212e-78,-0.636323954374247,0.926,0.973,5.49299854754631e-74
"SAMD10",3.40240421038497e-78,0.4998694621263,0.983,0.945,6.4853226654148e-74
"GALNT10",3.52901744049807e-78,0.314272554293064,0.998,1,6.72666014333336e-74
"ZADH2",3.70517252632869e-78,0.303768875351073,0.999,0.999,7.06242935243512e-74
"ST3GAL5",4.60988401624292e-78,0.354546660576299,1,1,8.78689992336063e-74
"THRB",4.62763359284255e-78,-0.941219829459167,0.732,0.905,8.82073239131718e-74
"SKIL",4.76599526367009e-78,-0.346164324285744,0.996,1,9.08446357208156e-74
"GPAT2",5.03260757764822e-78,0.435097321464816,0.98,0.972,9.59265330375528e-74
"C15orf39",5.53279810705238e-78,0.663339749531807,0.965,0.889,1.05460664718525e-73
"TRPV3",5.89098462826171e-78,1.91585181801455,0.763,0.469,1.12288057999296e-73
"PTPRK",6.53031002524564e-78,-0.34297692282642,0.98,0.991,1.24474239391207e-73
"SPATS2",7.81626670918392e-78,0.61668768811843,1,1,1.48985859743755e-73
"ZNF217",7.98807844280676e-78,0.318439444787885,1,0.999,1.5226076319834e-73
"SND1",8.79777941432181e-78,0.521124663433911,1,1,1.67694473416388e-73
"GIPC3",9.42060151056957e-78,-0.477169076327479,0.968,0.993,1.79566085392967e-73
"SLC1A5",9.52961271115428e-78,0.808439435323961,0.987,0.981,1.81643947887312e-73
"STEAP1B",9.93384268919557e-78,-0.365865109546622,0.965,0.993,1.89348975498757e-73
"ZBED2",1.16395157705966e-77,0.828396963286215,0.816,0.566,2.21860810103341e-73
"ANXA5",1.24350054610762e-77,0.49155521359146,1,1,2.37023639093573e-73
"KLF10",1.26472547536465e-77,0.522365247744907,0.998,0.998,2.41069322859255e-73
"DGAT2",1.40166760890432e-77,0.569264598896445,0.955,0.944,2.67171862933253e-73
"IL21R-AS1",1.40345857436201e-77,-1.14290289839154,0.663,0.872,2.67513238859144e-73
"CLTCL1",1.59967356206917e-77,-0.764793457394803,0.817,0.939,3.04913777666004e-73
"DLL3",1.6222923696517e-77,0.467404095283813,0.977,0.975,3.09225148579311e-73
"SLC16A14",1.65999483861959e-77,0.354020694117112,0.998,0.998,3.1641161618928e-73
"C16orf95",1.94705286400525e-77,0.636412752643065,0.958,0.881,3.71127746408041e-73
"PKM",1.97079316920642e-77,0.409092231714084,1,1,3.75652885982437e-73
"UBE2J1",2.00374831712048e-77,0.772477607841453,1,1,3.81934466726334e-73
"LINC00266-4P",2.38932608559944e-77,-0.56719654087791,0.946,0.988,4.5542944517611e-73
"DNAJC5B",2.45103420241535e-77,0.660558487092849,0.951,0.907,4.6719162932239e-73
"ZCCHC18",2.74548224083116e-77,-0.308650856520239,0.999,1,5.23316369924827e-73
"LGALS9",2.93357882392844e-77,-0.369058190280078,0.964,0.989,5.59169459629e-73
"FLNB",3.0791101411658e-77,0.35561340134208,0.994,0.999,5.86909184007613e-73
"RGL2",4.23072302196833e-77,-0.329198316510246,1,0.999,8.06418115217384e-73
"GLRX2",4.56646012471438e-77,0.450434799532828,0.996,0.99,8.70412964371807e-73
"SAPCD1-AS1",4.61906211341541e-77,0.935054643552068,0.76,0.495,8.80439429438111e-73
"FXYD1",4.97285046007283e-77,0.511931109744984,0.992,0.998,9.47875026194482e-73
"TNFRSF6B",5.84471862095888e-77,-0.49371013212371,0.954,0.986,1.11406181634097e-72
"CD82",7.06821396358883e-77,0.593392600706299,0.996,1,1.34727226359967e-72
"SUSD2",8.97530855127678e-77,-0.387596185043068,0.978,0.991,1.71078356295887e-72
"ESR1",1.05493640119237e-76,1.33554117799459,0.761,0.467,2.01081427431278e-72
"MATN1",1.14894884105078e-76,-0.452021913363802,0.94,0.99,2.19001138592689e-72
"TNFAIP8L1",1.18674177426622e-76,0.340904413115344,0.999,1,2.26204849592884e-72
"MYO1B",1.20495319488026e-76,-0.704423118392246,0.816,0.952,2.29676128476126e-72
"CD22",2.31422851490976e-76,-0.362289706506917,0.953,0.983,4.4111509722695e-72
"DMGDH",2.34298606208139e-76,0.359728946776984,0.998,0.993,4.46596573293334e-72
"PTOV1-AS1",2.42526323273806e-76,-0.618466531843336,0.937,0.977,4.62279424792202e-72
"LMCD1",3.02392951982418e-76,1.1045097790859,0.85,0.663,5.76391205773687e-72
"GSPT1",3.4514565304983e-76,0.370467191781736,1,1,6.57882129278282e-72
"TCTEX1D2",3.69548046639108e-76,0.447346625908273,0.987,0.998,7.04395531698804e-72
"ATXN1",4.25243467355524e-76,0.589730230293734,0.994,0.985,8.10556573126364e-72
"DEPDC4",5.75933790061167e-76,-0.383516092447485,0.992,0.999,1.09778739723559e-71
"UBXN11",6.22852438766945e-76,0.438194462669855,0.993,0.988,1.18721903353367e-71
"CFAP221",7.23388402580966e-76,-0.947708783702733,0.783,0.905,1.37885063415958e-71
"ECT2L",7.27509752964032e-76,-0.30023403002749,0.994,0.996,1.38670634012474e-71
"ACTA2",8.03797394928761e-76,0.598818181528074,0.999,0.99,1.53211821447371e-71
"NEK6",8.15548587050593e-76,0.79979912268427,0.953,0.945,1.55451716177713e-71
"FAIM",8.90302680197833e-76,0.509054504630276,0.999,0.999,1.69700593872509e-71
"ARL3",9.56079461097034e-76,0.533216423468438,0.995,0.991,1.82238306079706e-71
"FCGBP",1.00049517602033e-75,-0.730639480335587,0.807,0.934,1.90704385501236e-71
"CAPN12",1.13067851050092e-75,0.432558445534904,1,1,2.1551863088658e-71
"NEK11",1.25618756982282e-75,0.439592400887262,0.992,0.992,2.39441912683927e-71
"BTN3A1",1.41952573321044e-75,0.333758087891308,1,1,2.70575800007241e-71
"TIMP3",1.85048695206811e-75,-0.583719339651025,0.981,0.988,3.52721317933703e-71
"PIK3R2",1.9132648443441e-75,0.373890548403565,1,1,3.64687411980429e-71
"IFI30",1.97381315794502e-75,0.723521393240795,0.974,0.932,3.762285260359e-71
"WDR49",2.06595989938818e-75,-0.660568901412138,0.942,0.974,3.93792616422382e-71
"MRPS6",2.18771338546661e-75,0.48172793863906,0.999,0.998,4.1700004840379e-71
"HMGN5",2.48884375029987e-75,-1.16777179655549,0.686,0.887,4.74398507244658e-71
"VARS",2.78888278501823e-75,0.478865177183668,1,1,5.31588947652325e-71
"HYI",3.23895487238586e-75,0.530601859389681,0.99,0.986,6.17377188225469e-71
"BEX4",3.3581357718824e-75,-0.300922280579486,0.992,0.998,6.40094259478505e-71
"EYA2",3.62226883189526e-75,0.832384893062204,0.974,0.975,6.90440662047556e-71
"EHD3",3.70512657941406e-75,0.679310749359666,0.977,0.96,7.06234177302113e-71
"CD80",3.74255625906029e-75,0.749692257156923,0.976,0.973,7.13368648539482e-71
"OLMALINC",3.75197243712251e-75,-0.71761810250538,0.87,0.955,7.15163466239921e-71
"RNASE6",4.63631361141741e-75,-0.730489904097925,0.742,0.912,8.83727737472273e-71
"SEMA7A",4.9304945190866e-75,0.55401300107964,0.997,0.999,9.39801560283097e-71
"RDH10",5.31284196934171e-75,1.20838683590232,0.777,0.516,1.01268080777622e-70
"CYSTM1",5.39177237722159e-75,0.486210520819903,0.999,0.999,1.02772573282221e-70
"RFX2",5.46500922559585e-75,2.34421878327091,0.674,0.383,1.04168540849082e-70
"LAMC1",5.80431114786265e-75,-0.354780293898317,0.972,0.997,1.1063597478941e-70
"SRPRB",5.90346899579716e-75,0.646433047799555,0.998,1,1.1252602252889e-70
"ANKAR",6.67155941629139e-75,-0.386024267338432,0.998,0.999,1.2716659403393e-70
"SLC15A2",6.91001225691239e-75,-0.424162931628468,0.987,0.992,1.31711743629007e-70
"LRRC23",7.13455931524369e-75,0.352730412023595,1,1,1.3599183510786e-70
"PAFAH1B3",7.19746244339187e-75,0.447022601989532,0.999,0.996,1.37190831633492e-70
"CD99",8.98549687209835e-75,0.53384441956263,0.999,1,1.71272555879067e-70
"DENND1B",9.31219817253292e-75,0.516761853001718,1,1,1.7749980936665e-70
"TRIM69",1.20383742085225e-74,0.430288277264432,1,0.999,2.29463450788648e-70
"CSRP1",1.31738940075813e-74,0.477376625505292,1,0.999,2.51107593678507e-70
"SLC7A1",1.41569382138686e-74,0.398430520376684,0.999,0.999,2.6984539929455e-70
"TMEM102",1.65846843723927e-74,0.331251491475093,1,1,3.16120668822178e-70
"CPTP",1.80908316693502e-74,0.425286550443372,0.999,1,3.44829342449484e-70
"SMAD9",1.86303563220129e-74,-0.58459665496877,0.877,0.956,3.55113221853889e-70
"NABP1",1.88765773424645e-74,0.463948840569663,1,1,3.59806440724716e-70
"MAP3K7CL",2.10850620038463e-74,0.761164478558067,0.949,0.903,4.01902366855314e-70
"POU2AF1",2.16729213880338e-74,0.369230852781567,1,1,4.13107554577312e-70
"COCH",2.89599576196649e-74,0.878732102001315,0.945,0.925,5.52005752188433e-70
"ABCA3",3.41271495306754e-74,0.308859504743538,0.994,0.99,6.50497597204204e-70
"DNM3",3.45989449140904e-74,0.655917534948282,0.945,0.917,6.59490489007478e-70
"LINC01388",3.7347421218081e-74,-0.59526793835264,0.892,0.951,7.11879195837843e-70
"CD1A",3.78990491877083e-74,-0.907953497353607,0.73,0.903,7.22393776566908e-70
"DOK7",3.7970051864242e-74,0.856118328680441,0.913,0.829,7.23747158584316e-70
"UAP1",5.18306079103389e-74,0.45906365091213,1,1,9.87943217378969e-70
"C2orf50",5.1927620010575e-74,-2.72210019865985,0.372,0.662,9.8979236502157e-70
"ZNF223",5.26774187494952e-74,-1.46992992097712,0.595,0.827,1.00408427878413e-69
"PAQR7",5.72654644644852e-74,0.728599760609302,0.94,0.878,1.09153701815755e-69
"CTSH",6.19809329083028e-74,0.355965208530559,1,0.999,1.18141856216516e-69
"ZBTB10",7.14608391332931e-74,-0.326037713038952,0.992,0.999,1.3621150547197e-69
"GTF2H4",7.70288045419451e-74,0.434495913026306,0.998,0.997,1.46824604337402e-69
"JARID2-AS1",8.9551216592403e-74,-0.472872271035203,0.959,0.996,1.70693573946779e-69
"PAG1",9.26403216698426e-74,0.594250872722255,0.995,1,1.76581717134887e-69
"STYXL1",1.02400329925413e-73,0.372400291097255,0.999,0.999,1.95185268870829e-69
"NPHP4",1.31195093545396e-73,1.09808857518007,0.809,0.572,2.5007096780688e-69
"MAGEA10",1.33913930140942e-73,-0.439685078307434,0.941,0.974,2.55253342241649e-69
"STX18-AS1",1.36858950830016e-73,0.56699143361207,0.972,0.935,2.60866846177094e-69
"SLC30A1",1.46359672890881e-73,0.510270847217218,0.999,0.996,2.78976172497308e-69
"RILPL1",1.77772293738828e-73,0.876876936343844,0.88,0.694,3.38851769095581e-69
"GPR183",1.98670470417505e-73,0.52497136605668,0.992,0.993,3.78685783662807e-69
"CARD9",2.03349698351728e-73,-2.40818072521942,0.519,0.772,3.87604860028229e-69
"TUBB4A",2.03918543948501e-73,0.516850637853917,0.927,0.9,3.88689136620237e-69
"ZC2HC1A",2.10346737287823e-73,0.356795181773801,0.999,0.999,4.00941915944319e-69
"SMIM11B",2.16438959483317e-73,-0.643327467235719,0.854,0.952,4.12554300671151e-69
"OR13A1",3.66208724617283e-73,-0.552074957074885,0.922,0.973,6.98030449993003e-69
"CD58",3.68485020293629e-73,0.751115737379143,0.97,0.934,7.02369297181685e-69
"ZNF827",3.79139017905025e-73,0.310855632004604,1,0.999,7.22676882028768e-69
"HECTD4",3.98898229160685e-73,-0.312631631407897,1,1,7.60339914603182e-69
"SLC30A3",5.40801846571457e-73,-0.63421882914408,0.88,0.975,1.03082239974985e-68
"REPS1",5.40969257513857e-73,0.335491019297964,1,1,1.03114150174716e-68
"NINJ2",5.80873005244057e-73,0.945510472302248,0.914,0.77,1.1072020352957e-68
"FAM200A",6.63717472018124e-73,-0.560439939483048,0.935,0.976,1.26511187341375e-68
"SHROOM1",7.01060140748057e-73,0.596065242041715,0.949,0.882,1.33629073427987e-68
"COA7",7.51335597435668e-73,0.616592048947403,0.972,0.897,1.43212078227213e-68
"PRKCE",7.78045826598996e-73,-0.378086024800775,0.973,0.992,1.48303315008035e-68
"ITIH4",8.04209801916939e-73,0.301192927570257,1,1,1.53290430343388e-68
"LIME1",1.19349998520213e-72,0.784946614341096,0.984,0.975,2.27493032179378e-68
"CD9",1.228641178083e-72,-0.568164199931986,0.909,0.972,2.34191294954401e-68
"CBARP",1.44965837453976e-72,-0.591210052635958,0.912,0.98,2.76319382771024e-68
"PIK3CD-AS2",1.56878996716107e-72,0.879326901046695,0.926,0.809,2.99027055640572e-68
"TMEM214",1.61893182399579e-72,0.368434352713284,1,1,3.08584594971838e-68
"HAAO",1.72459070645419e-72,-1.37928980942544,0.621,0.828,3.28724234557233e-68
"IMPACT",1.83372773765405e-72,-0.326371013442848,0.993,0.999,3.49526844074238e-68
"MRPS18A",2.23635585338887e-72,0.33971382462381,0.999,0.999,4.26271789214453e-68
"PLEKHB1",2.25226101879779e-72,0.666423582786799,0.918,0.876,4.29303472793046e-68
"LINC01252",2.75745937998922e-72,0.326404574545219,0.993,0.991,5.25599332419745e-68
"FAM49A",3.21533777478559e-72,0.434212605401029,1,1,6.12875533251882e-68
"PIP4K2A",3.36829002066189e-72,0.335871988480685,1,1,6.42029760838362e-68
"PELI2",3.901940453764e-72,-0.619508604079177,0.871,0.954,7.43748869891957e-68
"TXN",4.2502472934027e-72,0.450715132922042,0.992,0.996,8.10139636595488e-68
"CERS6",5.17445317328071e-72,-0.361037688522369,0.996,1,9.86302519359037e-68
"EPRS",5.60484831135403e-72,0.33432113936543,1,1,1.06834013662719e-67
"CXCR4",5.72670132215563e-72,-0.427568283121143,0.998,1,1.09156653901608e-67
"ICOSLG",6.01153733692641e-72,-0.325880861897563,0.997,1,1.14585913179154e-67
"RDX",6.82665809861263e-72,0.491365773772003,1,1,1.30122930017655e-67
"CNTNAP2",6.93227982749957e-72,-0.406558053417883,0.986,0.996,1.32136185791969e-67
"DCAF15",7.22788552091521e-72,0.363721875797028,1,1,1.37770725914165e-67
"TBC1D9",7.41670900807038e-72,0.365205414804487,1,0.999,1.41369890402829e-67
"PTP4A3",7.57316176907675e-72,0.377189752302742,0.999,1,1.44352036480372e-67
"ASF1A",8.07739762317652e-72,0.437811874733579,0.994,0.997,1.53963276095368e-67
"B4GALT2",8.89445086936842e-72,0.867875445553297,0.95,0.896,1.69537128021031e-67
"CBFA2T3",9.7548941512789e-72,0.356177739699173,1,1,1.85938037417527e-67
"TNIP2",1.13923473388517e-71,0.323082699158064,0.999,1,2.17149532625853e-67
"PNPLA7",1.20276008376931e-71,-0.350891736616034,0.998,0.999,2.29258099567269e-67
"LSP1",1.30733039787801e-71,0.350827027259319,1,1,2.49190247139527e-67
"TFEC",1.84686725583693e-71,0.677301872564169,0.965,0.958,3.52031367635077e-67
"HIST3H2A",2.08996034390135e-71,0.446719638395097,0.988,0.987,3.98367341151036e-67
"NMRK1",2.71055623526602e-71,0.498298248519768,0.997,0.994,5.16659124004055e-67
"IL34",3.02776068430026e-71,-1.33857571707909,0.612,0.809,5.77121464034472e-67
"CCDC78",3.28418859930926e-71,0.465951422874308,0.95,0.916,6.25999188914338e-67
"RGS19",3.58628397070559e-71,0.368061728831568,1,1,6.83581587656192e-67
"FAM50A",3.64148420825093e-71,0.340048137845024,1,1,6.94103304934711e-67
"NUDT19",4.01783650090668e-71,0.46228370161496,0.995,0.976,7.65839815437823e-67
"EIF2AK3",5.48542850347715e-71,-0.323058712473584,1,1,1.04557752704778e-66
"MPZL1",5.72653818193949e-71,0.479121481995225,0.988,0.971,1.09153544285949e-66
"COX14",6.99266371383278e-71,0.302623687784354,1,1,1.33287163049367e-66
"ARHGAP22",7.00546638539597e-71,-0.682745525838858,0.934,0.975,1.33531194772033e-66
"WEE1",8.04025043458521e-71,0.640729404556168,0.979,0.988,1.53255213533629e-66
"ZFYVE19",8.21860392022277e-71,0.353188727954651,0.997,0.998,1.56654809323366e-66
"PIEZO1",9.46070429176677e-71,0.591298461162718,0.996,0.993,1.80330484505366e-66
"CRYZ",9.50692095836016e-71,0.363180660801842,0.992,0.996,1.81211420387303e-66
"TNFSF9",1.01347918808418e-70,0.580883831646475,0.956,0.906,1.93179268040725e-66
"MAST4",1.32236624756925e-70,0.449860473495958,0.979,0.963,2.52056230449175e-66
"PPARGC1B",1.33692993096766e-70,0.402897607287366,0.992,0.984,2.54832214141745e-66
"FLNA",1.4255616801698e-70,0.361621444774378,1,1,2.71726311857165e-66
"HAPLN2",1.44696858371037e-70,-0.429501790373044,0.975,0.985,2.75806681741033e-66
"S100Z",1.54709943057294e-70,0.564675146222589,0.974,0.981,2.94892622461508e-66
"PGAM4",2.14693845985644e-70,0.727189290499064,0.708,0.444,4.09227939833236e-66
"PLEKHS1",2.30509792459146e-70,-0.755053018244073,0.787,0.91,4.39374715406378e-66
"TMEM220-AS1",2.35462960442299e-70,-1.0119964386757,0.752,0.879,4.48815948899066e-66
"TBXAS1",2.69283318852209e-70,0.734383905233354,0.965,0.887,5.13280934064196e-66
"DHRS13",2.71417172403027e-70,0.641967322343691,0.959,0.892,5.1734827231741e-66
"ATP10D",2.77330472394199e-70,-0.52064538909521,0.959,0.984,5.28619613430582e-66
"GNAS-AS1",3.17046243436661e-70,1.3922115474821,0.779,0.495,6.04321844614619e-66
"ZNF112",3.2880219103935e-70,-0.61033890919166,0.895,0.971,6.26729856340105e-66
"EED",3.88728938003831e-70,0.476765400866146,1,0.999,7.40956228729102e-66
"ADGRD1",4.16551725150289e-70,-0.377707071495965,0.976,0.988,7.93989243308967e-66
"ANKRD6",4.61770833731327e-70,0.396006974046885,0.996,0.992,8.80181386175282e-66
"SATB1",4.96154018669098e-70,-0.394457511896744,0.99,0.996,9.45719174985168e-66
"XYLT1",4.99926532948352e-70,-0.358251201462229,0.97,0.992,9.52909964452854e-66
"PPIAL4A",5.25075035194174e-70,0.960289757548278,0.645,0.383,1.00084552458361e-65
"MTFP1",5.40896444537752e-70,0.507260313288969,0.98,0.975,1.03100271293341e-65
"LRRC3",6.01017025675076e-70,-0.469241056982555,0.977,0.995,1.14559855263926e-65
"ATP1A1",9.54010884373796e-70,0.307006389408743,1,1,1.81844014670489e-65
"KLF14",1.04237381154715e-69,0.433995224285662,0.994,0.989,1.98686872219002e-65
"SIGMAR1",1.06466434442926e-69,0.505306234073608,0.992,0.991,2.02935670691662e-65
"ZNF804A",1.1816623114769e-69,0.461725355877808,0.977,0.956,2.25236653190612e-65
"DESI1",1.19494713146836e-69,0.416185093773892,1,1,2.27768872729184e-65
"ADCY4",1.3338442162739e-69,0.789161091504766,0.901,0.779,2.54244046063968e-65
"PRRT2",1.34964909553645e-69,0.524374456574033,0.937,0.855,2.57256614100203e-65
"LY96",1.66477014765045e-69,0.658435677936036,0.981,0.957,3.17321837843652e-65
"PDCD2L",1.98437355518453e-69,0.647188801529183,0.989,0.957,3.78241443353723e-65
"RGS14",2.09509225727557e-69,0.315955905052169,1,1,3.99345535159296e-65
"DNAJC5",2.30178647669031e-69,0.304377223154042,0.997,1,4.3874352032194e-65
"ESAM",2.71849793616215e-69,-0.394213566015598,0.896,0.972,5.18172891611868e-65
"GAS8",2.73493208177908e-69,-0.539003092000292,0.939,0.983,5.2130540410791e-65
"KLHL6",2.8995729896668e-69,0.383289799193239,1,0.998,5.52687607560388e-65
"SH3BP1",3.00089125404259e-69,0.426771586151781,1,0.999,5.71999881933059e-65
"LHX3",3.43958747737047e-69,-1.23546429436372,0.549,0.762,6.55619769061586e-65
"BAK1",3.5952542432413e-69,0.468800383616495,1,1,6.85291411304224e-65
"VSIG1",3.84838385467207e-69,0.396245588769514,0.991,0.993,7.33540446539044e-65
"PTPRG",4.49489523728814e-69,0.455336583827725,0.992,0.995,8.56771981179493e-65
"GADD45A",4.61271376329309e-69,0.511527628061082,0.993,0.99,8.79229370421295e-65
"USP48",4.63776035341311e-69,0.30649340640672,1,1,8.84003500964074e-65
"SLC5A3",5.61200123587003e-69,0.325001669367736,1,1,1.06970355556919e-64
"COLEC10",6.76973327922651e-69,0.308222592272143,0.946,0.928,1.29037886035337e-64
"CA2",7.24972034614636e-69,-0.439451117141673,0.864,0.948,1.38186919517896e-64
"ADPRM",7.78229893470284e-69,-0.331828031257884,0.996,1,1.48338399994371e-64
"ABCB1",8.68117709484129e-69,-1.36335885448767,0.57,0.789,1.6547191660477e-64
"GRB7",9.08649934684039e-69,-0.810301508178618,0.736,0.906,1.73197764050125e-64
"CLIC1",9.30176198759749e-69,0.466446369684403,1,0.999,1.77300885245596e-64
"AMY2B",1.00175331354311e-68,-0.401691956294469,0.993,0.997,1.90944199094452e-64
"PIF1",1.0105093566087e-68,1.54461699449198,0.719,0.46,1.92613188463183e-64
"CBR3",1.06722945121311e-68,0.737773216057936,0.951,0.945,2.0342460569573e-64
"FAHD2B",1.20473192165945e-68,0.387802141023904,0.994,0.986,2.29633951587508e-64
"ZMIZ1",1.6258504150414e-68,0.4125680784124,0.995,0.997,3.09903347611042e-64
"TMEM191B",1.67530025008055e-68,0.522613047812338,0.982,0.974,3.19328980667853e-64
"MSC",2.41400623457706e-68,1.32534685659676,0.804,0.62,4.60133728372733e-64
"TADA1",2.44307447701534e-68,0.395394105089582,0.994,0.994,4.65674426063893e-64
"MVP",2.58134691466906e-68,0.436138119557101,1,1,4.92030535405069e-64
"DDAH2",2.61398696306931e-68,0.436349638974506,1,0.999,4.98252055030642e-64
"NR1D1",2.83895459046933e-68,0.685705437611289,0.96,0.91,5.41133134489359e-64
"TIGD3",3.07492928258213e-68,0.367100319986123,0.999,0.996,5.86112270552979e-64
"MAP1LC3A",3.31554897194263e-68,0.361376588890712,1,1,6.31976789541984e-64
"TICAM2",3.8087407667844e-68,0.582732865748221,0.947,0.895,7.25984077556774e-64
"FOXO1",3.88111536568018e-68,-0.361195232703267,0.999,1,7.39779399852298e-64
"PRDM1",4.13982328910369e-68,0.890551825791331,0.996,0.995,7.89091717136054e-64
"RBM44",4.64845526152066e-68,0.404006543747159,0.993,0.993,8.86042057398452e-64
"FZD6",4.76367705060887e-68,-0.360584838767403,0.997,0.999,9.08004482616556e-64
"POF1B",4.8700992131008e-68,0.424662854456391,0.979,0.96,9.28289611009144e-64
"ADM2",6.43176331477788e-68,1.25279090980241,0.712,0.436,1.22595840542981e-63
"GJB6",6.44328485332365e-68,-1.03966116143605,0.634,0.858,1.22815452589202e-63
"PLXNC1",6.9919475028731e-68,0.615132246150503,0.992,0.986,1.33273511352264e-63
"NXPE3",7.53756368531745e-68,0.527797126804281,1,1,1.43673501405836e-63
"KATNAL2",9.72790228551705e-68,-0.574231636017404,0.935,0.977,1.8542354546424e-63
"FAM102A",1.06879467825803e-67,0.356693134052525,1,1,2.03722953622764e-63
"USP46",1.24775595231942e-67,0.503846891759921,0.997,0.995,2.37834762071604e-63
"SNX7",1.2634518917416e-67,0.401276579812398,0.992,1,2.40826565084866e-63
"MTHFD2",1.48987475293883e-67,0.56564469066991,1,1,2.8398502665767e-63
"SIT1",1.58543290205718e-67,0.403815693623906,0.996,0.989,3.02199365461119e-63
"NAA10",1.70626952112111e-67,0.310312191026829,1,1,3.25232033420895e-63
"GPR108",1.83519187785074e-67,0.355647037561125,1,1,3.4980592383713e-63
"WDR54",1.83901469995372e-67,0.452946939463062,0.997,0.995,3.50534591958179e-63
"HOXB7",1.92515333109955e-67,0.710885385957321,0.954,0.914,3.66953476440885e-63
"MIAT",1.96329003535562e-67,0.829430946708835,0.968,0.957,3.74222713639134e-63
"RNH1",2.15657935231298e-67,0.33178104057415,1,1,4.11065590344378e-63
"LINC00880",2.46646995867153e-67,0.795954871179296,0.77,0.548,4.7013383882238e-63
"ZNF606",2.68667971436472e-67,-0.36685189598361,0.997,1,5.12108020355059e-63
"CHAF1A",2.89881512857034e-67,0.353429867625853,0.999,1,5.52543151656793e-63
"TSTD3",2.94740059614603e-67,0.330458024318251,1,0.999,5.61804027631395e-63
"EDN1",4.52851303338664e-67,0.660163482215719,0.889,0.691,8.63179869293828e-63
"KLHL26",5.43528315216949e-67,0.337590040056925,0.997,0.999,1.03601932163503e-62
"TXNDC11",5.53601998795165e-67,0.583577748893667,1,1,1.05522076990346e-62
"PRDX2",5.84606926836989e-67,0.338489958373445,1,0.999,1.11431926324398e-62
"CDCA4",5.87383434058843e-67,0.456013170002172,0.996,0.998,1.11961156365956e-62
"DBP",6.31390702284401e-67,0.469032947602019,0.997,0.999,1.2034938176243e-62
"DDX41",6.56940953944019e-67,0.359061698484396,1,1,1.25219515231269e-62
"RSPO4",7.17515972736948e-67,-0.800794850272933,0.694,0.871,1.3676571956339e-62
"NPAS1",7.51414379715911e-67,0.767242080516509,0.898,0.72,1.4322709491765e-62
"LDOC1",7.57217313295988e-67,-0.419994409141902,0.954,0.992,1.44333192087348e-62
"ZDHHC14",8.59676598028497e-67,0.365695346662148,1,1,1.63862956350212e-62
"TRIB3",9.24546601827142e-67,0.593351985236214,0.992,0.988,1.76227827774272e-62
"P2RX1",1.10821230570398e-66,-0.428632141418023,0.982,0.999,2.11236347590236e-62
"MAN1B1",1.14957089269361e-66,0.343595812474467,1,1,2.19119707856329e-62
"ALDH6A1",1.47674909133817e-66,0.345161557955156,0.998,0.998,2.81483144299968e-62
"TP63",1.51740628550845e-66,0.776876502088403,0.962,0.918,2.89232812080765e-62
"TPGS1",1.67857115018749e-66,0.340490891233355,1,1,3.19952446937237e-62
"PHGDH",1.6954973266667e-66,0.48208804382179,0.999,0.999,3.23178745435939e-62
"ITPRIPL2",1.71360456563844e-66,0.82390229065897,0.895,0.83,3.26630166256343e-62
"CDKN1A",2.05386199586319e-66,0.435082225847642,0.992,0.988,3.91486635031483e-62
"VASP",2.36609287346476e-66,0.397683991682694,1,1,4.51000962611119e-62
"GFPT1",2.70719990497876e-66,0.306787374172576,1,1,5.16019373888002e-62
"CLEC2D",2.74333071668718e-66,-0.378330984076514,1,1,5.22906267907743e-62
"MINK1",2.8153812446307e-66,0.341231192697424,1,1,5.36639819039057e-62
"FABP5",2.84037249301129e-66,0.416874504350961,0.999,0.996,5.41403400892883e-62
"SRD5A1",2.96518866083558e-66,0.354946909636064,0.991,0.98,5.6519461064187e-62
"PEBP1",3.28905317137254e-66,0.325499707652987,1,1,6.26926424995319e-62
"ZBTB3",4.05347819779674e-66,-0.420002971382684,0.948,0.983,7.72633479282036e-62
"PLXNA2",4.54357503067737e-66,-0.778601882594922,0.769,0.895,8.66050836597414e-62
"CAPNS1",5.38525464883756e-66,0.335177549671344,1,1,1.02648338861493e-61
"ZNF213",5.3947609085551e-66,-0.386759004311408,0.982,0.998,1.02829537677969e-61
"TLR10",6.41607125060641e-66,0.677049122498715,0.969,0.937,1.22296734107809e-61
"TCIRG1",6.83233937406455e-66,0.377974558969586,1,1,1.30231220809044e-61
"PCYT1A",7.94076734085499e-66,0.389779024652277,1,1,1.51358966284037e-61
"SELL",8.40115185571772e-66,-0.387809430024442,0.98,0.993,1.60134355521836e-61
"PMVK",8.80505861205423e-66,0.665232212230683,0.996,0.995,1.67833222204366e-61
"CASP8",8.82057572232058e-66,0.376968404469489,1,1,1.68128993843153e-61
"TUSC1",1.15394837009826e-65,-0.579771636495118,0.92,0.975,2.19954098824428e-61
"PTPRCAP",1.36298427133949e-65,0.481994615010487,0.905,0.79,2.59798431960021e-61
"TXLNB",1.60596874035307e-65,0.444272025466891,0.978,0.957,3.06113701598699e-61
"OGDH",1.60785117385351e-65,0.391029834083441,1,1,3.06472512248218e-61
"PHKA1",1.73504554321567e-65,0.345123712816187,0.935,0.892,3.30717030992338e-61
"CCDC50",1.86351709852654e-65,0.387617521444266,1,1,3.55204994150144e-61
"NEIL1",1.86570031550862e-65,-0.33778482066509,0.997,1,3.55621137139098e-61
"ENPP1",1.94203425764601e-65,-0.973546158211395,0.703,0.868,3.70171149849906e-61
"GALNT6",2.17616814087729e-65,-0.40313281064518,0.995,0.999,4.1479940933262e-61
"LINC00324",2.28311848644235e-65,0.382805488106471,1,1,4.35185214700775e-61
"CCDC154",2.33102990319902e-65,-0.335877490137836,0.965,0.989,4.44317609848764e-61
"TMEM263",2.33444157107575e-65,-0.384741669857675,0.999,1,4.44967907862749e-61
"AKAP7",2.51225239796837e-65,-0.446329168594522,0.967,0.981,4.7886042957675e-61
"RNF17",2.75622742164156e-65,0.600819322936019,0.865,0.738,5.25364508839099e-61
"SUGCT",2.79680863200414e-65,-0.454517789293193,0.974,0.994,5.33099693346309e-61
"SRD5A3",2.98604662863093e-65,0.471683668567486,0.998,1,5.69170347883342e-61
"VAMP1",3.2960153542161e-65,0.613637041084394,0.971,0.937,6.28253486667132e-61
"BUB3",3.71968982214414e-65,0.304007442245715,1,1,7.09010076998894e-61
"ARPC5L",3.73711055177704e-65,0.378744138424876,1,1,7.12330642274222e-61
"RASGRF1",3.90899955070928e-65,0.452861730295338,0.976,0.978,7.45094404360697e-61
"PLIN2",4.30683623939661e-65,0.47619999942045,0.997,0.995,8.20926055591388e-61
"IFFO1",4.68447869575504e-65,0.391438052248663,0.999,1,8.92908484197867e-61
"SIGIRR",4.934201340711e-65,0.409025496290454,1,1,9.40508117552925e-61
"DHX32",5.08916984132433e-65,-0.335244670724588,0.98,0.994,9.70046663454831e-61
"CD63",5.96589328516231e-65,0.308220150344089,0.997,0.999,1.13715891908479e-60
"CRIM1",6.74682375352619e-65,-0.567429144528858,0.904,0.973,1.28601207565963e-60
"MYO15B",6.87985504937212e-65,-0.427619764885813,0.97,0.987,1.31136917096082e-60
"ITGB7",8.44593103083908e-65,0.702630485387401,0.999,0.996,1.60987891378824e-60
"MBLAC1",8.56980660512986e-65,-0.302872269670333,0.997,1,1.6334908370038e-60
"IL7",8.68031393229777e-65,0.476689555456966,0.981,0.978,1.65455463863528e-60
"TNR",8.95240251845614e-65,0.572264285870895,0.934,0.905,1.70641744404292e-60
"BCL2A1",9.21687596959756e-65,0.453474987277333,0.999,0.999,1.75682872856499e-60
"SCEL-AS1",9.77509671309685e-65,-1.00373298515265,0.579,0.78,1.86323118448339e-60
"PLEKHA2",1.0531198396018e-64,-0.360297780744933,0.999,1,2.00735172626499e-60
"BOLA2B",1.2627363650596e-64,0.309212172447667,1,1,2.4069017854401e-60
"SAA1",1.2664138966256e-64,0.404564846356102,0.886,0.747,2.41391152835806e-60
"LGR5",1.29320906598263e-64,-0.52386020908112,0.926,0.967,2.46498580066948e-60
"SPRY2",1.3690484727168e-64,-1.46042470727641,0.576,0.794,2.6095432938455e-60
"RAD17",1.50076186253558e-64,0.347375864237188,1,1,2.86060218617907e-60
"PBXIP1",1.54951449127228e-64,0.407195035177216,0.999,1,2.95352957181409e-60
"ZNF74",1.66868752212515e-64,0.584271286424625,0.921,0.79,3.18068528592274e-60
"SGPP2",1.82858319982805e-64,0.355299501738894,0.993,0.997,3.48546243719225e-60
"CCDC107",2.49031341613746e-64,0.363368515152382,0.998,1,4.74678640249961e-60
"LLGL2",2.52084435802284e-64,0.358181906112768,0.999,1,4.80498143082734e-60
"RPS4Y2",2.52963587626282e-64,-0.640177888359346,0.891,0.958,4.82173894374457e-60
"TKT",2.93291842831116e-64,0.344464071813299,1,1,5.5904358162039e-60
"LINC01030",3.28972324202863e-64,0.366084394858095,0.861,0.783,6.27054147163078e-60
"NUDT4",3.33581209313941e-64,0.300758039948528,1,1,6.35839143073303e-60
"SIGLEC6",4.25493861579974e-64,0.744809681624204,0.966,0.938,8.11033849557588e-60
"CFL2",4.94053608599509e-64,0.305706611799193,1,0.999,9.41715583351524e-60
"SSBP3",5.21982344812709e-64,0.418134616528009,0.997,1,9.94950547447505e-60
"LINC01410",5.59520147995034e-64,0.487891060460995,0.994,0.993,1.06650135409333e-59
"SMKR1",6.32895005299477e-64,0.664658954744469,0.941,0.941,1.20636116960133e-59
"MARK1",9.12508399951762e-64,0.433921282006166,0.999,1,1.73933226114805e-59
"CPSF1",9.91075816375627e-64,0.308966261097677,1,1,1.88908961359358e-59
"DUSP14",1.0277949686174e-63,0.508369692404423,0.961,0.917,1.95907998968163e-59
"FBXO43",1.21509147648172e-63,-2.4143784997168,0.542,0.75,2.31608586332181e-59
"PIK3R6",1.25499844151386e-63,1.92098776169901,0.661,0.366,2.39215252936958e-59
"MAPK11",1.31352625818386e-63,0.650519158008928,0.967,0.929,2.50371240072426e-59
"DAZL",1.3795399301864e-63,-0.898303182782957,0.724,0.868,2.62954106092829e-59
"TOB2",1.4421896039897e-63,0.438013165443871,0.999,0.999,2.74895760416478e-59
"SOBP",1.53177244746391e-63,-0.991491156786228,0.728,0.872,2.91971146211097e-59
"HSD17B8",1.67302712372297e-63,0.457734568496448,0.997,1,3.18895700052835e-59
"KNTC1",1.92951421422454e-63,0.468202958710972,0.998,0.993,3.67784704373339e-59
"UBXN10",2.25418254418268e-63,1.67296074913771,0.683,0.428,4.29669734746662e-59
"MEGF6",2.33476548762986e-63,-0.487573996723619,0.95,0.979,4.45029649597127e-59
"MICU2",2.37544308232366e-63,0.307672045697037,1,1,4.52783205921713e-59
"RWDD2B",2.97489060252484e-63,0.426542892761287,0.998,0.999,5.67043897747259e-59
"RBM47",3.33276522776727e-63,0.598120258255092,0.988,0.99,6.35258380064719e-59
"ILDR1",3.58420594012271e-63,0.859385131177071,0.889,0.821,6.8318549424679e-59
"HCN2",3.85786943370058e-63,0.397709087034245,0.986,0.967,7.35348492757668e-59
"RALGDS",3.90471447496129e-63,0.384668375613274,1,1,7.44277626072371e-59
"SCX",4.1511559084839e-63,0.329871806425434,0.999,1,7.91251827716117e-59
"LINC01126",4.31283565396076e-63,-0.402046326373439,0.955,0.98,8.22069604001461e-59
"KIF22",4.89939866161654e-63,0.359324037028367,0.999,1,9.33874378890729e-59
"PEA15",5.15925499263516e-63,0.366690466955936,0.986,0.998,9.83405594146187e-59
"LINC01471",7.3805342136441e-63,0.314350740988942,0.863,0.75,1.4068036264627e-58
"ADAM8",7.92437824297796e-63,0.338139596139229,1,1,1.51046573689403e-58
"PCDHGA10",9.87498198786901e-63,0.606913358080029,0.948,0.88,1.88227031670771e-58
"CLIP1",1.13592446607717e-62,0.300155227234022,1,1,2.16518562478969e-58
"LPP-AS2",1.20388815746844e-62,-0.452992882605539,0.973,0.987,2.2947312169506e-58
"NFXL1",1.23955179757277e-62,0.398817599283707,1,1,2.36270968135346e-58
"PROM2",1.25597796951636e-62,-0.843862103946121,0.718,0.873,2.39401960769514e-58
"NINL",1.47675459860895e-62,0.535099926718661,0.921,0.853,2.81484194040852e-58
"S100A10",1.59529863494529e-62,0.736277196519847,0.996,0.999,3.04079872806922e-58
"CD151",1.85945321497461e-62,0.752501250115866,0.982,0.976,3.54430377306311e-58
"BORCS6",2.02298847471134e-62,0.445704711507083,0.992,0.996,3.85601833164728e-58
"ADGRE5",2.15851765115342e-62,0.629011589181944,0.986,0.979,4.11435049486354e-58
"DYNLL1",2.20085079100607e-62,0.570253533791646,0.998,0.999,4.19504169273667e-58
"PNMA6A",2.29324787883749e-62,0.488177071481092,0.891,0.751,4.37115978185214e-58
"POLR2L",2.38610064684697e-62,0.396158442169189,0.996,0.999,4.54814644295502e-58
"ZNF347",2.65344131837428e-62,-0.315979726443681,0.995,0.996,5.05772449695322e-58
"PYGL",2.81090540477521e-62,-0.929793352730395,0.749,0.899,5.35786679204202e-58
"KCTD7",2.81652600247179e-62,0.452329566432897,0.999,0.999,5.36858021331148e-58
"MAP7D3",2.99215591039519e-62,0.301852082959732,1,1,5.70334838080428e-58
"BMPR1A",3.07699084891986e-62,0.436969718004565,0.97,0.935,5.86505225712614e-58
"FAM83D",3.16512481418099e-62,0.713999451396115,0.845,0.669,6.03304440831039e-58
"JAZF1-AS1",3.80856865124766e-62,-0.360125950799433,0.975,0.999,7.25951270614316e-58
"ASAP3",3.92763524498141e-62,0.651424140222579,0.84,0.708,7.48646554045906e-58
"LPCAT4",4.20088270752263e-62,0.448881068431632,0.998,1,8.00730252880888e-58
"BAG2",4.4930674386611e-62,0.328374503448299,0.999,0.998,8.56423584483193e-58
"CDHR3",4.65461479589279e-62,-0.723460439815531,0.789,0.924,8.87216126245125e-58
"RPP25",5.21029560427145e-62,0.593895556638802,0.95,0.884,9.9313444513018e-58
"ACTG1",5.40521844942752e-62,0.392228268600807,1,1,1.03028868864538e-57
"MCPH1-AS1",6.09333994600001e-62,-0.396439910546624,0.958,0.988,1.16145152710706e-57
"FAM167A",6.3518185086721e-62,0.369276919586523,0.995,0.997,1.21072012593799e-57
"KLK1",6.35543412335113e-62,0.65177428003834,0.947,0.903,1.21140929825196e-57
"KAT2A",6.64764418464361e-62,0.345094485055462,0.997,1,1.26710745803492e-57
"PLD5",7.02080846934261e-62,-0.963000724956084,0.727,0.854,1.3382363023414e-57
"CYB5R2",7.87555933492676e-62,0.340191057690819,0.997,0.997,1.50116036483039e-57
"CR2",8.01561128775525e-62,-0.404791112074016,0.93,0.973,1.52785566755903e-57
"IRS1",8.72417449884749e-62,-0.326534949060663,0.981,0.996,1.66291490122532e-57
"GATM",8.76891904065353e-62,0.301781239221455,0.999,0.999,1.67144365833897e-57
"LNX2",8.8590952574495e-62,0.459290463327888,0.983,0.977,1.68863214702245e-57
"MAP7",9.13520536971144e-62,0.581758848092956,0.88,0.757,1.7412614955207e-57
"ERO1A",1.15639095141138e-61,0.314085737496007,0.999,1,2.20419679248522e-57
"FUCA1",1.18228469760183e-61,0.395292146367947,0.993,0.993,2.25355286209885e-57
"DUSP4",1.24992927688024e-61,1.26921072478561,0.808,0.624,2.38249019466142e-57
"MME",1.72568707273413e-61,-0.390625463682718,0.957,0.986,3.28933212933852e-57
"IFFO2",1.86242411887252e-61,0.72600540923237,0.89,0.775,3.5499666129829e-57
"KCNK7",1.90405479004432e-61,1.32570231228086,0.702,0.46,3.62931883530348e-57
"LINC00884",2.18515807297207e-61,0.396913313158573,0.996,0.996,4.16512980289206e-57
"DCUN1D2",2.32433424490561e-61,0.50301630069384,0.959,0.872,4.43041350421457e-57
"PTTG1",2.95329268622025e-61,0.517661922441769,0.999,1,5.62927118920443e-57
"CTF1",3.35233492406706e-61,-0.719871674933509,0.789,0.934,6.38988559876422e-57
"ITGAM",3.57762796985766e-61,0.579464340823238,0.937,0.926,6.8193166733457e-57
"AC135050.5",3.9519699613124e-61,0.551672957927114,0.797,0.6,7.53284994325756e-57
"DOK1",4.04463491464824e-61,0.429704122453019,0.997,0.998,7.709478610811e-57
"PNMT",4.09061976286493e-61,0.331128231768922,0.91,0.858,7.79713032999685e-57
"BPNT1",4.29922101160339e-61,0.388179937109284,0.998,1,8.19474517021722e-57
"RASGRP1",4.95706473138717e-61,0.329587644015975,1,1,9.44866108449708e-57
"IGHV4-34",5.10770085770415e-61,-0.609651114632385,0.872,0.94,9.73578860486987e-57
"GRAMD1C",5.34074041206146e-61,0.749108813851036,0.98,0.984,1.01799852994303e-56
"KEAP1",5.51854888431058e-61,0.747745404567265,0.935,0.85,1.05189060283844e-56
"ENDOG",5.95558692077272e-61,0.38443447762682,0.996,0.998,1.13519442296849e-56
"ZNF433",6.62221993259523e-61,-0.564595217881537,0.908,0.971,1.26226134135198e-56
"ZFP57",7.17457481462592e-61,3.48308975113756,0.611,0.356,1.36754570541585e-56
"NEAT1",7.2355382713927e-61,0.596505399343336,1,1,1.37916594991016e-56
"ZNF154",7.92775294332024e-61,-0.351967645131415,0.979,0.989,1.51110898852627e-56
"CDR2",8.22369677324776e-61,0.434506263185316,0.995,0.999,1.56751884194876e-56
"RARG",8.25621680173086e-61,0.334142550287628,0.996,0.995,1.57371748457792e-56
"SLC16A1",8.75721164181957e-61,0.337149763515019,1,0.999,1.66921211104723e-56
"LAMTOR2",9.85464962482424e-61,0.485051016707127,0.999,0.999,1.87839476498775e-56
"ZNF772",1.0119089647122e-60,-0.981072990740971,0.687,0.861,1.92879967763792e-56
"MUC16",1.05320290466464e-60,0.520810191290108,0.687,0.424,2.00751005658128e-56
"C1orf162",1.05379636156168e-60,-0.463212014358426,0.892,0.963,2.00864124477271e-56
"RAD52",1.08206694000696e-60,-0.310642694830101,0.975,0.993,2.06252779434727e-56
"PSMA5",1.12494507914834e-60,0.424132242794176,1,1,2.14425781536464e-56
"LINC01625",1.13576661876666e-60,0.31437976247604,0.987,0.995,2.16488475203113e-56
"NAAA",1.51852017852001e-60,0.423387504161849,0.994,0.999,2.89445131227698e-56
"DDIAS",1.52536942295833e-60,-0.507057821702195,0.941,0.991,2.90750665710088e-56
"BCL9",1.76058428277671e-60,0.364392690822847,0.998,0.997,3.35584970140069e-56
"RMI1",1.83847196413048e-60,-0.449456782450381,0.935,0.981,3.50431141082911e-56
"MLKL",1.93931322248957e-60,0.477025225582006,0.999,0.997,3.69652493338736e-56
"SHISA8",2.04681407691896e-60,0.587327611687771,0.992,0.994,3.90143231201523e-56
"LINC01176",2.06994663519482e-60,-0.435501793838834,0.976,0.996,3.94552528134485e-56
"ZAR1L",2.55239698707475e-60,-0.943919320899951,0.641,0.827,4.86512389706317e-56
"SEC24D",2.74179065180207e-60,0.583857972474463,1,1,5.22612716139993e-56
"UBAP1",2.83649533914824e-60,0.311366393257122,0.998,0.997,5.40664376595047e-56
"AGRP",2.84446645209986e-60,-0.504315261260635,0.95,0.99,5.42183750434754e-56
"CDYL2",3.03834859451702e-60,0.932618153861921,0.844,0.639,5.79139625600888e-56
"TRANK1",3.3041770059811e-60,0.355316238924845,0.998,0.996,6.29809179110057e-56
"SLC38A10",3.33022692999672e-60,0.430338085946785,1,1,6.34774555126674e-56
"AC009158.1",3.54016749761027e-60,-1.46596404146783,0.301,0.548,6.74791326719494e-56
"KLHDC1",4.43993861988235e-60,-0.334897584805385,0.996,0.999,8.46296700335774e-56
"REEP3",5.19972787444777e-60,0.446081651456242,0.995,0.999,9.91120130148489e-56
"DOCK6",5.55488663730081e-60,1.01256943675721,0.829,0.645,1.05881694193591e-55
"CLPTM1L",5.57669895554777e-60,0.428639281003223,1,1,1.06297458791696e-55
"PTCH1",6.50462013872708e-60,1.44189987305159,0.74,0.51,1.23984564464277e-55
"BLVRA",6.77578739600412e-60,0.497546724812343,0.989,0.967,1.29153283555235e-55
"MGLL",8.88169827542109e-60,0.876911261968078,0.814,0.621,1.69294050827801e-55
"SLC45A1",9.23602875809355e-60,0.317734196039445,0.964,0.954,1.76047944158021e-55
"GGACT",1.0429357523046e-59,0.334873765843783,0.989,0.991,1.9879398374678e-55
"LDLRAD2",1.14392364838168e-59,0.480555660297649,0.934,0.868,2.18043286618032e-55
"AIFM2",1.19684332882972e-59,0.364635300918098,1,1,2.28130306908234e-55
"GUCY2C",1.28799853219429e-59,1.07900936701675,0.802,0.58,2.45505400221553e-55
"SPATA13-AS1",1.56879853394524e-59,0.874670286550048,0.584,0.342,2.99028688555303e-55
"C17orf67",2.18692109422305e-59,0.388577969174867,0.987,0.994,4.16849029769855e-55
"NSMCE1",2.24367672897441e-59,-0.458323888283485,0.942,0.978,4.27667221309812e-55
"IRF5",2.31797945732113e-59,0.386238276660436,0.999,1,4.4183006435998e-55
"IGLV1-41",2.56589884027286e-59,-1.69478262702125,0.428,0.653,4.8908597794441e-55
"PSENEN",3.2813228976332e-59,0.411264119106218,0.997,0.997,6.25452957517863e-55
"TPRA1",3.57271607065603e-59,0.436017521224557,0.996,0.996,6.80995410227747e-55
"DPPA4",3.72483214785735e-59,-2.77784427626108,0.471,0.712,7.09990255703089e-55
"AC016831.7",4.16276002733905e-59,0.657554202103602,0.933,0.874,7.93463688811096e-55
"RRAGD",5.02249702291336e-59,0.829233740044143,0.788,0.564,9.57338157537516e-55
"GALK1",5.17824164972808e-59,0.322829872606062,0.999,0.999,9.87024640854669e-55
"KMO",5.34769578277323e-59,-0.615003775571394,0.811,0.944,1.01932429315441e-54
"DENND6B",5.55341350286745e-59,0.697498917613986,0.907,0.801,1.05853614778156e-54
"TRAF2",5.9095673504471e-59,0.366324149043932,1,0.999,1.12642263266872e-54
"FAM227A",5.99877551095931e-59,-0.883627570493188,0.723,0.891,1.14342660014395e-54
"KLHL42",6.26409570224138e-59,0.326808335164693,1,1,1.19399928180423e-54
"GPR150",7.25592593117816e-59,0.470833069651592,0.978,0.98,1.38305204174187e-54
"KIF5C",7.53054658723281e-59,0.55983206298267,0.975,0.938,1.43539748499245e-54
"SLC16A9",8.21529935316395e-59,-2.282425457786,0.344,0.589,1.56591820970658e-54
"BTN3A2",8.68343104350895e-59,0.392234775309907,0.998,0.999,1.65514879120324e-54
"PARP3",8.85347889489744e-59,0.317351069271247,0.999,0.999,1.6875616121564e-54
"RAB33A",1.03331321796798e-58,0.757537156097347,0.926,0.82,1.96959832476876e-54
"PRELID3A",1.18276373458754e-58,0.538870450108128,0.87,0.732,2.25446595449731e-54
"PRCD",1.35074375652158e-58,-0.334454889913902,0.958,0.986,2.57465267430578e-54
"RORA",1.52804660091541e-58,0.63831819313035,0.982,0.966,2.91260962600487e-54
"TREML2",1.56654314266454e-58,-0.950039847028722,0.669,0.863,2.98598788423288e-54
"ZSCAN2",1.69728187326506e-58,0.300454416499166,0.999,1,3.23518897863052e-54
"BID",1.71709678726933e-58,0.421328387259992,0.997,0.996,3.27295818621408e-54
"OTUD6A",1.78088489258161e-58,-0.635402191665665,0.855,0.947,3.39454469374981e-54
"MXRA7",1.82068758679294e-58,0.355109065187322,0.996,0.999,3.47041260918602e-54
"SP6",1.83178785247785e-58,-0.475493098908057,0.942,0.98,3.49157082560804e-54
"KIAA1958",2.00661475220282e-58,-0.525122526953966,0.918,0.976,3.8248083791738e-54
"GLMP",2.07594721518418e-58,0.423456408824965,0.997,0.996,3.95696298686256e-54
"TRG-AS1",2.21695071851287e-58,0.531972796802498,0.994,0.989,4.22572976455738e-54
"CLVS1",2.33955958480873e-58,-0.787082455322905,0.712,0.888,4.45943452460392e-54
"TP73",2.46279757685987e-58,0.361373051233787,0.993,0.997,4.6943384612526e-54
"ROBO1",2.5046060879037e-58,0.449674594327162,0.932,0.865,4.77402966415324e-54
"QDPR",2.67829137109995e-58,0.319814064625177,0.992,0.996,5.10509118245362e-54
"TPI1",2.80998130591953e-58,0.385670838559438,1,1,5.35610536721322e-54
"CADM1",2.84978856369402e-58,0.975766823314272,0.922,0.821,5.43198198125718e-54
"PRELID1",2.8647619522626e-58,0.311740820003072,1,1,5.46052275720774e-54
"SNED1",2.95137455985201e-58,0.341767827442012,0.998,0.999,5.62561504853392e-54
"SKAP1",3.328370207857e-58,-0.351294905891017,0.978,0.993,6.34420645319624e-54
"LINC01219",3.37363009398531e-58,-0.348659829536224,0.989,0.996,6.4304763221454e-54
"PLBD1-AS1",3.64829044410484e-58,1.35757196724779,0.509,0.277,6.95400641550824e-54
"HIST1H1A",5.20858708246162e-58,0.678928905106176,0.816,0.611,9.9280878378801e-54
"HERC5",5.73193706298418e-58,0.302733530261673,1,0.999,1.09256452357541e-53
"KLHDC9",5.76038836008039e-58,0.302032422555616,0.985,0.995,1.09798762531492e-53
"RGS20",5.77943400292078e-58,-1.2830665323694,0.515,0.733,1.10161791529673e-53
"HK1",5.8917904263471e-58,0.398775887528082,0.989,0.993,1.12303417316602e-53
"OXSM",7.17763969686249e-58,0.37592433627997,0.995,0.994,1.36812990261896e-53
"CLIP4",7.35334621461815e-58,0.489937007603883,0.998,0.988,1.40162132196837e-53
"FBXO15",7.82447267873165e-58,-1.00683960860744,0.684,0.845,1.49142273729304e-53
"AC008937.3",8.56691733093455e-58,0.523209987798058,0.798,0.608,1.63294011244943e-53
"RAB44",9.44670847960273e-58,-0.584969878304747,0.875,0.96,1.80063710329708e-53
"LINC01446",9.76846540752887e-58,-0.678650052475996,0.805,0.911,1.86196719132908e-53
"LINC01485",9.88174150809573e-58,-0.337143146937567,0.981,0.987,1.88355874885813e-53
"LMNB1",1.03140566740031e-57,0.665832113476603,0.964,0.906,1.96596234263174e-53
"BTBD6",1.05835976333818e-57,0.324121588592611,0.999,1,2.01733954489891e-53
"DNASE2",1.33114921942345e-57,0.426532888107718,1,0.999,2.53730352714304e-53
"WNT7B",1.34287991557613e-57,0.573736790030095,0.889,0.767,2.55966340707965e-53
"EMC9",1.67345113672678e-57,0.31816854798695,1,1,3.18976521171492e-53
"GTSF1",1.74794646203812e-57,0.576747590091959,0.984,0.949,3.33176075129085e-53
"DYNC2LI1",1.92272013895377e-57,0.374587612954587,0.997,0.997,3.66489685685978e-53
"THEM4",1.94282875735635e-57,0.32406839449994,0.999,1,3.70322589439695e-53
"MYO1G",1.95028988636994e-57,0.333026542227018,1,1,3.71744755240975e-53
"RBMXL2",2.04711812665509e-57,-0.546861695034153,0.912,0.964,3.90201186121727e-53
"LINC00707",2.87616224851753e-57,-1.24224440366384,0.535,0.767,5.48225286189927e-53
"NKPD1",2.90937463699543e-57,0.632683731714909,0.673,0.438,5.545558995577e-53
"SLC36A2",3.43899419616792e-57,0.530782491389278,0.574,0.325,6.55506683731567e-53
"PRTFDC1",3.69210286171206e-57,0.38207091673907,0.961,0.94,7.03751726470936e-53
"TRIP6",4.00838178025823e-57,0.445576485619467,0.968,0.952,7.64037651135021e-53
"CAPG",5.27456637653729e-57,0.450628295162133,0.996,0.999,1.00538509703177e-52
"NUDT7",6.2374272227591e-57,-0.583865653918425,0.868,0.947,1.18891600293011e-52
"ADPRHL1",6.61921070786508e-57,0.778453466265512,0.795,0.612,1.26168775302616e-52
"LINC00539",6.99752672984345e-57,1.19307246972384,0.774,0.559,1.33379856997546e-52
"GSN",7.38127490678699e-57,0.780683454259179,0.937,0.907,1.40694480998267e-52
"FCGR2A",8.32534441545411e-57,0.809586282130274,0.9,0.775,1.58689389902971e-52
"PLEKHH3",8.66760643774707e-57,1.11489653833554,0.752,0.537,1.65213246309897e-52
"ELL3",9.28798054471968e-57,-0.962327048582063,0.66,0.836,1.77038197162902e-52
"MPP2",9.92553159168193e-57,-4.93841135974246,0.346,0.584,1.89190557669049e-52
"LINC00844",1.06703177172267e-56,-0.558067361796686,0.875,0.946,2.03386926008057e-52
"B3GALT5-AS1",1.06935593169807e-56,0.529061466535881,0.821,0.651,2.0382993414097e-52
"LINC00996",1.16784507875007e-56,0.506450774355057,0.907,0.862,2.22602950460551e-52
"FAM118B",1.17421251311422e-56,0.63027434315183,0.972,0.925,2.23816647124702e-52
"FGD6",1.32915214913213e-56,0.537174948175465,0.939,0.925,2.53349691146076e-52
"TIGAR",1.6580483596299e-56,0.40517085999673,1,1,3.16040597829055e-52
"CACYBP",2.27261727068168e-56,0.314444107479157,1,1,4.33183577964635e-52
"SRXN1",2.56261997844661e-56,0.413124667615132,0.992,0.988,4.88460994091708e-52
"COL5A2",2.65523617139514e-56,-1.12416532689423,0.537,0.764,5.06114566629628e-52
"TRADD",3.44001645598061e-56,0.406432380416403,0.999,0.999,6.55701536674463e-52
"SLFN11",3.88347550304532e-56,0.57796652623147,0.945,0.889,7.40229265635468e-52
"TRHDE",3.88347550304532e-56,-0.314577664518712,0.975,0.988,7.40229265635468e-52
"PGBD4",4.7671830854366e-56,-0.316074930539575,0.994,0.998,9.08672767915071e-52
"ARHGAP8",4.81901819735974e-56,0.847617828663914,0.851,0.7,9.18553058598741e-52
"PYCARD",5.06204687074901e-56,0.459631054475659,0.998,0.999,9.64876754033469e-52
"BTN1A1",6.18915801284175e-56,0.73412254247279,0.753,0.54,1.17971540882777e-51
"GPD1L",6.43112241529777e-56,0.411394176154228,0.99,0.983,1.22583624357991e-51
"PTCH2",6.77699166511312e-56,0.555748552377437,0.945,0.869,1.29176238128721e-51
"NRN1",6.88394875533332e-56,0.462595828624714,0.903,0.829,1.31214947225408e-51
"NLGN4Y",6.92495706346855e-56,0.302114254694501,1,1,1.31996606586774e-51
"AC144652.1",7.02285560364305e-56,-0.308348845740855,0.992,0.999,1.3386265066104e-51
"RNF32",7.74366187693869e-56,0.405352228231795,1,1,1.47601939036328e-51
"PCGF1",7.82769778516352e-56,0.532664187997914,0.972,0.952,1.49203747483002e-51
"GMPPB",8.32434282993884e-56,0.437283153496703,1,1,1.58670298681464e-51
"MPV17L2",8.81424620304785e-56,0.427176412794482,0.998,1,1.68008346876295e-51
"OR4K17",9.33789407949682e-56,-0.745207500175258,0.732,0.895,1.77989599049289e-51
"TTC30A",9.72329721943454e-56,-4.53896171970931,0.428,0.675,1.85335768299642e-51
"EGR1",1.07372584222733e-55,0.533333442833389,0.966,0.978,2.04662882786952e-51
"DSCAML1",1.18564909421439e-55,-0.769807669303665,0.762,0.905,2.25996573848204e-51
"LILRA6",1.3014544175825e-55,-0.757578286625527,0.716,0.859,2.48070226535401e-51
"MLX",1.37272291790089e-55,0.351147949366367,1,1,2.61654715381088e-51
"ZNF608",1.52548673839761e-55,-0.522279025176235,0.899,0.975,2.90773027205968e-51
"DNAH7",1.55449568812032e-55,0.688162752339215,0.776,0.563,2.96302423112614e-51
"DTX3",1.6555155657091e-55,0.658516201263229,0.957,0.913,3.15557821979811e-51
"ZNF215",2.32050968669662e-55,0.367422925903726,0.995,0.996,4.42312351381242e-51
"EMP3",2.80647725867806e-55,0.328033503881437,1,1,5.34942630276625e-51
"SLC29A1",3.22333776801913e-55,0.811662262258952,0.837,0.691,6.14400411962126e-51
"CHORDC1",3.5406437417152e-55,0.304160611476143,0.999,1,6.74882103608335e-51
"CPEB3",3.54064380234682e-55,0.414858218953193,0.997,0.996,6.74882115165328e-51
"CIDEB",4.28993809497873e-55,0.357110679436782,0.955,0.973,8.17705100283895e-51
"MIR1-1HG",4.59209065530439e-55,-0.5169894647058,0.925,0.969,8.75298399807569e-51
"LTK",4.64903553094042e-55,0.898746543443957,0.927,0.835,8.86152662552554e-51
"EFNA2",4.90228395614188e-55,-1.00336127017223,0.639,0.817,9.34424344880204e-51
"SLC25A2",5.35812346038793e-55,-0.549565251822166,0.909,0.962,1.02131191278454e-50
"WNT3",6.40885632900191e-55,0.305454840239923,0.999,0.999,1.22159210487105e-50
"MPRIP-AS1",6.75208147105492e-55,0.342254479835661,0.999,0.997,1.28701424919778e-50
"SACS",6.78285723697084e-55,0.441957050558258,0.987,0.991,1.29288041793901e-50
"FAM217B",6.89075560200231e-55,0.317805455720352,0.996,0.999,1.31344692529766e-50
"VWA5A",7.19973963562091e-55,0.331357605313209,0.995,0.993,1.3723423719457e-50
"CCDC74A",7.26939105970713e-55,-0.848192176539612,0.728,0.875,1.38561862989078e-50
"DNAH8",9.36080491403164e-55,0.889518065235584,0.866,0.754,1.78426302466357e-50
"FGF22",9.72790563387125e-55,0.831189326468921,0.86,0.8,1.8542360928722e-50
"PTPRD-AS2",1.13999934290807e-54,3.48035826340654,0.549,0.309,2.17295274751707e-50
"ARL6IP5",1.14060812980208e-54,0.373483301545969,0.995,0.998,2.17411315621574e-50
"PVRIG",1.18656854426247e-54,0.485229951428684,0.895,0.802,2.2617183022187e-50
"MKRN3",1.20122578463908e-54,-0.438009550076974,0.94,0.978,2.28965646810055e-50
"TRERF1",1.39703539751131e-54,0.822834073551939,0.865,0.73,2.66288917119631e-50
"CEP97",2.1081729096761e-54,0.417378060941831,1,0.999,4.01838838313361e-50
"TOX",2.39296694102506e-54,0.838839923238537,0.889,0.78,4.56123428628787e-50
"SPCS1",2.44706207091127e-54,0.346655716178563,1,1,4.66434501336398e-50
"PLEKHO1",2.45097228912213e-54,0.304416911260593,1,1,4.67179828029569e-50
"HABP4",2.47456465981579e-54,0.31759436842452,0.999,0.999,4.71676769807488e-50
"KIAA2013",2.61954997174992e-54,0.32789604650351,1,1,4.99312420115252e-50
"TTC39C",2.74510720505254e-54,0.376952747567062,0.996,0.999,5.23244884355064e-50
"ST3GAL4",3.14631348935301e-54,-1.5697216585064,0.538,0.764,5.99718814205577e-50
"MYOM1",3.23536740329097e-54,-0.526664427712708,0.879,0.96,6.16693380741291e-50
"NHLH1",3.5394370558166e-54,-1.1622094701939,0.609,0.818,6.74652097209203e-50
"RNF122",3.96036155425225e-54,0.510263433387578,0.973,0.936,7.54884515856022e-50
"PRR5",4.36109373439513e-54,0.546344946391058,0.993,0.993,8.31268076713057e-50
"NCR3",4.51901619785127e-54,0.311313701561357,0.979,0.993,8.6136967747243e-50
"NAV2-AS3",4.57210332082256e-54,-0.487649274736777,0.939,0.98,8.71488613981989e-50
"TAS2R20",4.98262144224059e-54,-0.57502352570504,0.865,0.963,9.49737473105479e-50
"EGOT",5.23327672249716e-54,-0.364733715867506,0.979,0.997,9.97514876075184e-50
"CXCR3",5.51986113794344e-54,0.666180184584412,0.922,0.806,1.0521407315034e-49
"SCG5",6.01826487874247e-54,0.390889606539583,0.736,0.512,1.1471414685371e-49
"SLC29A3",6.22269108542869e-54,0.39262285976127,0.992,0.988,1.18610714779356e-49
"ARL14EPL",6.37630909350569e-54,0.665794180050774,0.639,0.405,1.21538827631312e-49
"TUBB",7.07807044676827e-54,0.308817870118094,0.978,0.994,1.3491510078585e-49
"RHOXF1-AS1",7.18957978479242e-54,0.402572665371613,0.77,0.594,1.37040580277928e-49
"MRPL34",7.63516459901049e-54,0.338101619670345,0.997,1,1.45533872421739e-49
"LDHB",9.63563644644744e-54,0.336540165626895,0.996,0.999,1.83664866305735e-49
"HIST1H4D",9.71500042079971e-54,-0.856013119167711,0.675,0.845,1.85177623020863e-49
"B4GAT1",1.00602886722246e-53,0.667386132918369,0.922,0.845,1.91759162381273e-49
"UBTD1",1.12542302911369e-53,0.841263129344032,0.714,0.473,2.14516883579361e-49
"EPHA4",1.13079268763202e-53,0.375860426409287,0.996,0.999,2.1554039418954e-49
"WDYHV1",1.1617060085097e-53,0.33375595635518,0.994,0.999,2.21432782282034e-49
"ECH1",1.49955539197229e-53,0.340291858801329,1,1,2.85830253263838e-49
"SGPP1",1.64606280318526e-53,0.401624891570235,0.988,0.993,3.13756030915142e-49
"FRZB",1.8847421367416e-53,0.472137821287515,0.983,0.991,3.59250698684317e-49
"FTCD",1.94332079486909e-53,1.16554973407088,0.306,0.158,3.70416376709998e-49
"ZNF80",2.35341784256599e-53,0.985372377329467,0.766,0.565,4.48584974971503e-49
"UBL4A",2.37585900526759e-53,0.353780801007094,0.997,1,4.52862484994056e-49
"AP1S1",2.3771120489373e-53,0.389067648132438,0.999,0.999,4.53101327647938e-49
"PRRG3",2.55513860709722e-53,0.454736335282933,0.956,0.884,4.87034969898802e-49
"ANKRD36",3.65844534622165e-53,0.487650931624693,0.989,0.983,6.97336267443309e-49
"PTPN6",3.73529051078441e-53,0.368759574390446,1,1,7.11983724260616e-49
"SSR3",3.89793541933437e-53,0.531476138885978,0.996,1,7.42985470279324e-49
"HHLA1",5.25462827768824e-53,0.39772564212856,0.672,0.436,1.00158469601016e-48
"PPP1R18",5.50329697706281e-53,0.335642031670383,0.997,0.999,1.04898343679794e-48
"CASP10",5.50908266805115e-53,0.494538941550104,0.995,0.991,1.05008624735723e-48
"DYNLRB1",5.77883922619905e-53,0.357606322718311,0.996,0.999,1.1015045449058e-48
"GSTK1",6.91922279063795e-53,0.413277654681328,1,1,1.3188730561235e-48
"PTCHD1",7.08087072920863e-53,1.050547815034,0.81,0.616,1.34968476969446e-48
"RTN3",7.58474452521665e-53,0.356617495924425,0.995,0.999,1.44572815395155e-48
"AC023481.1",7.76187083286155e-53,0.78104404493199,0.622,0.405,1.47949019945174e-48
"SCIMP",7.86021506995367e-53,0.464400188817391,0.965,0.98,1.49823559448387e-48
"SUV39H2",1.24139146729385e-52,-0.610348710521396,0.79,0.939,2.3662162758088e-48
"SLC4A8",1.25972405925419e-52,-0.450134006564216,0.948,0.987,2.40116002934441e-48
"EMB",1.39144942595944e-52,0.327908479553542,1,1,2.65224175082128e-48
"ITGA3",1.45245457258879e-52,0.755015901340641,0.899,0.819,2.7685236608115e-48
"SLC3A1",1.53929820360137e-52,-0.318146270997807,0.997,1,2.93405630588456e-48
"PTPRD-AS1",1.54737133730364e-52,0.670152079112395,0.831,0.663,2.94944450603447e-48
"ATRNL1",1.61941050914348e-52,0.611804830727825,0.875,0.812,3.0867583714784e-48
"BCL6B",1.8993666033449e-52,-0.884966857498577,0.628,0.842,3.62038268263571e-48
"ADGRG5",2.17573567127622e-52,0.546259735500331,0.923,0.862,4.1471697630196e-48
"IQCG",2.25675391123852e-52,0.4456030237623,0.997,0.995,4.30159863021175e-48
"PHACTR1",2.39205187904017e-52,-0.3009677006882,0.972,0.991,4.55949008663846e-48
"IFI27L1",2.48562601182454e-52,0.839412504760953,0.927,0.801,4.73785174113875e-48
"JSRP1",2.60926650912093e-52,1.12334832775805,0.898,0.895,4.97352289303541e-48
"SLC9A3R2",2.75479684330006e-52,0.5568088680311,0.916,0.844,5.25091826301425e-48
"SLITRK4",2.87221872368237e-52,-0.398001941323344,0.936,0.975,5.47473610921096e-48
"MGAT4A",3.51085618602939e-52,0.427028608469213,0.991,0.996,6.69204297619062e-48
"ZNF341",3.69677208493239e-52,0.410308549895069,0.999,0.998,7.04641727108962e-48
"MICA",4.03706812708209e-52,0.434154622092787,0.967,0.948,7.69505555703117e-48
"ACO1",4.73697359744205e-52,-0.337364508463662,0.952,0.986,9.0291453740843e-48
"ZNF528",4.73697375021403e-52,-0.447677035771669,0.943,0.979,9.02914566528296e-48
"WFDC3",4.90765772696885e-52,0.32249194073667,0.858,0.735,9.35448639337532e-48
"DFFB",4.99788293220986e-52,0.597202500963608,0.92,0.822,9.52646465708521e-48
"PARM1",5.06333889307199e-52,0.52463508834452,1,1,9.65123026408451e-48
"KYNU",5.22393675639603e-52,0.391380255417156,0.996,1,9.95734585136648e-48
"COLCA2",5.32826165767834e-52,0.3740192855854,0.978,0.975,1.01561995457007e-47
"FAM229B",5.64796835875292e-52,-0.479785252698441,0.912,0.977,1.07655924886189e-47
"CBR1",6.33262014228788e-52,0.377604217522974,0.999,1,1.20706072532149e-47
"ISL2",6.82843355272436e-52,1.15960677743646,0.704,0.499,1.30156771948479e-47
"CFAP70",7.07408518711222e-52,0.651208940394558,0.914,0.854,1.34839137751546e-47
"APOBEC3G",7.18897422663842e-52,0.346832992270094,1,1,1.37029037733955e-47
"RAC2",7.63164233665827e-52,0.336981116563094,1,1,1.45466734579043e-47
"LINC01209",8.19880384782739e-52,-0.965316381107257,0.641,0.816,1.56277400143438e-47
"KREMEN2",9.62055145614415e-52,0.883729487616876,0.838,0.723,1.83377331305564e-47
"EPS8",1.03723884849298e-51,0.569247959278252,0.963,0.941,1.97708096911248e-47
"LRRC20",1.05898973933185e-51,0.653531237673856,0.887,0.801,2.01854034214043e-47
"ETV2",1.12642061765777e-51,0.461474481931888,0.934,0.882,2.14707033931748e-47
"LINC00235",1.12963847400664e-51,-0.519266893348215,0.912,0.968,2.15320389530407e-47
"RIBC2",1.26515844141123e-51,-0.420905543280131,0.952,0.985,2.41151850517395e-47
"KIAA0408",1.32214813332694e-51,0.574339265389037,0.86,0.811,2.52014655693448e-47
"VLDLR-AS1",1.6962669201054e-51,7.72083580557312,0.488,0.238,3.23325437641291e-47
"ZFP2",1.69890368575866e-51,-0.354999772158592,0.942,0.979,3.23828031542458e-47
"NOP14-AS1",1.74661725585656e-51,0.33635130040851,0.993,0.998,3.32922715138818e-47
"KDELR2",1.80591822476242e-51,0.546336842775343,1,1,3.44226072821964e-47
"RELL2",2.1026453372513e-51,0.304683078969844,0.996,1,4.0078522773347e-47
"KCNQ5-AS1",2.35966156639284e-51,-0.401552052825616,0.949,0.987,4.49775091170138e-47
"EGR3",2.73273259809121e-51,0.507489976668205,0.979,0.957,5.20886160522166e-47
"ZNF613",2.99360374761207e-51,0.381958899202519,0.962,0.939,5.70610810332338e-47
"TFCP2L1",3.22802622367458e-51,0.872934741850404,0.701,0.454,6.15294078494611e-47
"NETO2",3.52865318247564e-51,0.325620876952194,0.994,0.992,6.72596583111681e-47
"L3HYPDH",3.58371118559321e-51,0.312768624027113,0.979,0.987,6.83091189085922e-47
"EBI3",3.71169630215287e-51,0.74527563917952,0.954,0.952,7.07486432153359e-47
"COL11A2",3.8264230736785e-51,-0.665516126614316,0.807,0.91,7.29354502073859e-47
"B9D1",3.88811127668115e-51,0.977525821356425,0.935,0.849,7.41112890448194e-47
"ACTA2-AS1",3.94875202953898e-51,0.753125251608742,0.534,0.297,7.52671624350425e-47
"GYS1",4.07077268525685e-51,0.340973607564965,0.994,0.991,7.75929981536809e-47
"TTC28",4.85824982941177e-51,-0.737854487097743,0.758,0.937,9.26030999984178e-47
"CDC14A",5.26219901988883e-51,0.322015203679374,1,1,1.00302775518101e-46
"LINC01572",5.58911007776448e-51,-0.387152365485177,0.948,0.978,1.06534027192269e-46
"COPZ2",5.88146733433602e-51,0.520271788392474,0.935,0.897,1.12106648859779e-46
"VIM-AS1",6.46088374732549e-51,0.364800021206267,1,1,1.23150905107771e-46
"AL357140.1",7.71788555832338e-51,-0.863658197327856,0.608,0.801,1.47110616627202e-46
"FOXO4",8.87185890380902e-51,-0.30375666235206,0.987,0.997,1.69106502565504e-46
"DIRAS1",8.90841682371384e-51,-0.442992508532166,0.888,0.96,1.69803333076809e-46
"HIST1H2AH",8.93593354801053e-51,0.441401948667789,0.92,0.842,1.70327829358629e-46
"LRRC37A",9.42656207565549e-51,-0.311596987046316,0.959,0.979,1.79679699724069e-46
"OR2A25",1.14349220459637e-50,-0.671490683047558,0.797,0.921,2.17961049118115e-46
"CD72",1.15588835098453e-50,-0.59535445108749,0.727,0.909,2.20323878581161e-46
"BATF",1.17202303412159e-50,0.447249035730626,0.963,0.978,2.23399310533917e-46
"PRSS21",1.28612949071447e-50,0.414145241374905,0.978,0.986,2.45149142225086e-46
"FOXN2",1.45764267624618e-50,0.340765026862473,1,0.998,2.77841270519285e-46
"ABI3BP",1.76031137071099e-50,-2.15759277546948,0.467,0.665,3.35532950371222e-46
"MYT1",1.89802201799322e-50,0.614407779682423,0.738,0.553,3.61781976849688e-46
"ITPRIPL1",1.99267145009043e-50,0.886973134929651,0.828,0.677,3.79823105101737e-46
"IL3RA",2.06329213611177e-50,-1.14950924731107,0.712,0.874,3.93284114064265e-46
"HOXB3",2.11355435607571e-50,0.348370005252315,0.874,0.748,4.02864595811592e-46
"TTC38",2.23600527410032e-50,0.96205241772922,0.813,0.661,4.26204965296263e-46
"LPIN1",2.67596106944471e-50,0.365482674442474,1,0.999,5.10064939446856e-46
"WDR62",2.72151402985134e-50,2.51266000305182,0.512,0.299,5.18747789229963e-46
"RNF19B",2.8279349554403e-50,0.424570456484184,0.995,0.991,5.39032681856475e-46
"YIF1A",3.159752570204e-50,0.326314697364221,1,0.999,6.02280437406585e-46
"PPP1R32",3.26148563020926e-50,1.39542381770835,0.68,0.444,6.21671775974187e-46
"HMOX2",3.69075022052204e-50,0.403465461080914,1,0.999,7.03493899533707e-46
"GNB3",3.80172169178491e-50,0.845738380243667,0.7,0.45,7.24646171671121e-46
"IGHV1-18",3.86041774830402e-50,-0.307156116929384,0.991,0.996,7.3583422700423e-46
"AC009495.3",3.99070597419405e-50,-0.527205978533763,0.866,0.953,7.60668465741127e-46
"KLHL32",4.27109529835186e-50,-0.56901738378219,0.842,0.936,8.14113474818848e-46
"SMYD4",5.18761125458589e-50,0.357778183176273,0.991,0.993,9.88810581236617e-46
"CLIP2",5.38300589635719e-50,0.379013547633541,1,0.999,1.02605475390464e-45
"MESP1",5.49532934978223e-50,0.563993264105096,0.986,0.983,1.04746472736199e-45
"PRR11",5.72410471480645e-50,0.748247353497745,0.918,0.869,1.09107159968926e-45
"HYOU1",5.99588293576557e-50,0.417306979595779,1,1,1.14287524638627e-45
"GEN1",6.06813017483721e-50,0.382240317908875,1,1,1.15664629262572e-45
"NODAL",6.16947696349337e-50,0.3576079855467,0.997,0.997,1.17596400401147e-45
"ZNF763",6.23585689378334e-50,-0.913303216375008,0.67,0.855,1.18861668252404e-45
"RNF208",6.73113338289431e-50,-1.30125712268077,0.491,0.739,1.28302133411348e-45
"CLDN11",7.36239442106998e-50,0.755233947911428,0.459,0.253,1.40334600060015e-45
"PLXND1",8.75351025543035e-50,0.64790337216547,0.902,0.799,1.66850658978758e-45
"ZNF681",9.79007860861361e-50,-0.356922650262148,0.941,0.979,1.86608688358784e-45
"DPPA3",1.00524244146926e-49,-0.643582880436593,0.796,0.901,1.91609261768456e-45
"MCAM",1.03375243470193e-49,0.939522573528589,0.792,0.643,1.97043551578534e-45
"TSSK6",1.16728672760874e-49,-0.428161805018355,0.937,0.968,2.22496523149503e-45
"RNF11",1.17442657403212e-49,0.32889452900396,0.995,1,2.23857449276262e-45
"APOL2",1.30930918505008e-49,0.562242348120995,0.976,0.929,2.49567423762395e-45
"BHMT2",1.48652510669513e-49,-3.75683140612129,0.471,0.696,2.83346550587159e-45
"AXDND1",1.53249394900842e-49,-0.758033619176276,0.705,0.871,2.92108671620495e-45
"CCNE1",1.54029183025572e-49,0.389426926915221,0.998,0.999,2.93595025765043e-45
"CIB1",1.76107076467254e-49,0.364677834273709,1,1,3.35677698454232e-45
"DPY30",1.78898012704878e-49,0.334370528285993,1,0.999,3.40997502016767e-45
"NIFK-AS1",1.91866169681353e-49,-0.348119652954907,0.967,0.99,3.65716106029628e-45
"HACE1",2.04833255868087e-49,-0.510963493801101,0.915,0.966,3.90432669010162e-45
"KIAA0319",2.7270824200212e-49,0.359514407280079,0.905,0.897,5.19809180080241e-45
"NKAPL",2.94665965602788e-49,-0.491070494128346,0.914,0.967,5.61662797035473e-45
"TMEM71",2.94964349801486e-49,-0.398510184439819,0.859,0.957,5.62231547156612e-45
"CLLU1OS",3.21539199210945e-49,-1.36149690493514,0.517,0.761,6.12885867615982e-45
"CSNK2A3",3.45831058745314e-49,-0.69008523693128,0.834,0.926,6.59188581074442e-45
"TSEN54",3.53343636865525e-49,0.330188264012185,0.998,0.999,6.73508306229377e-45
"SYNPO",3.53522345632169e-49,0.321345776969027,0.996,1,6.73848943009476e-45
"BCAR3",3.89555941429916e-49,1.18809798147429,0.754,0.567,7.42532579959563e-45
"SESN2",4.37342538734705e-49,0.358467276568486,0.994,0.989,8.3361861308222e-45
"FOS",4.50913724874497e-49,-0.405418276550145,0.942,0.975,8.59486650983278e-45
"TUBB4B",4.61861890420268e-49,0.382391971489036,0.999,0.999,8.80354949330072e-45
"JCHAIN",4.66550432101801e-49,1.0019089783604,1,1,8.89291778629244e-45
"GLIPR1L2",4.77514655637505e-49,-0.795624911023689,0.746,0.909,9.10190685110647e-45
"AIFM1",4.92450712623099e-49,0.387566552743154,0.999,1,9.3866030333089e-45
"RSPH6A",5.19913113533366e-49,-0.556495057006682,0.872,0.93,9.91006385705949e-45
"ACVR1C",6.14569858831704e-49,2.42085567133003,0.62,0.395,1.17143160791911e-44
"AC002306.1",6.84251876325965e-49,2.18066855491583,0.612,0.397,1.30425250146492e-44
"EFCAB5",8.59690541110992e-49,-0.595911115630329,0.834,0.938,1.63865614041166e-44
"MKRN2",8.99094013397645e-49,0.321355452210142,1,0.999,1.71376309893725e-44
"FGF12",9.64260377432616e-49,0.506187788852669,0.853,0.765,1.83797670542431e-44
"CHI3L2",9.78930516454363e-49,-0.395926008643171,0.931,0.982,1.86593945741366e-44
"GRN",1.02971332497968e-48,0.303571640573826,1,0.999,1.96273656874377e-44
"NKD1",1.04853507989927e-48,0.61066114040938,0.885,0.77,1.998612715796e-44
"GGH",1.11126418940455e-48,0.459222509095229,0.998,0.999,2.11818067142402e-44
"NDST1",1.28442901898269e-48,0.510572132819793,0.95,0.902,2.4482501530829e-44
"GDF7",1.42166558982969e-48,0.395158836419626,0.984,0.988,2.70983678077438e-44
"TRAV41",1.59537145938018e-48,0.326650618500887,0.897,0.828,3.04093753872456e-44
"OPTN",1.71197787263816e-48,0.325607181764168,1,1,3.26320102303559e-44
"LINC00971",1.75460906682408e-48,-0.746753224753272,0.765,0.9,3.34446034227337e-44
"CCND2",2.07264986561319e-48,0.451879847100876,0.989,0.981,3.95067790884531e-44
"ST14",2.09880170803504e-48,0.306015182067787,0.98,0.991,4.0005259356856e-44
"AC123023.1",2.31322282869018e-48,-0.415543699180102,0.953,0.989,4.40923403376634e-44
"THAP3",2.68311212104508e-48,0.380525171983444,1,0.999,5.11428001392403e-44
"GJA3",2.74153411461138e-48,1.17984157228508,0.583,0.341,5.22563817586074e-44
"C4BPB",2.97025783520799e-48,-0.365056559672633,0.982,0.993,5.66160845968995e-44
"AC233755.1",3.1368561119048e-48,-1.30851028433675,0.543,0.744,5.97916143490174e-44
"NQO2",3.17954092407213e-48,0.452442559258874,0.982,0.939,6.06052295537389e-44
"ARSA",3.54427243325148e-48,0.340985959480766,1,1,6.75573768502065e-44
"PSAP",3.81090485251691e-48,0.312762968965241,1,1,7.26396573938248e-44
"PEBP4",3.93780664565156e-48,0.578936506431684,0.981,0.966,7.50585324727644e-44
"ALAS1",4.70241631348576e-48,0.46050273141019,0.983,0.953,8.9632757351352e-44
"KRTAP5-AS1",5.25390974525923e-48,0.454327765232312,0.934,0.959,1.00144773654386e-43
"FOXC1",5.28680964506148e-48,0.669669038429683,0.845,0.717,1.00771878644517e-43
"MYL9",5.90795724746719e-48,1.261928621985,0.855,0.727,1.12611573093972e-43
"WDR66",6.19017731596839e-48,-2.1792452880921,0.494,0.71,1.17990969819674e-43
"HAS3",8.29530281582846e-48,0.432581511668012,0.854,0.718,1.58116766972506e-43
"LINC01013",8.75829826535516e-48,-0.802767048929658,0.594,0.841,1.66941923235935e-43
"ETV7",8.96132620110125e-48,0.759793996927908,0.913,0.853,1.70811838719191e-43
"PXDC1",9.19419158557567e-48,0.529361635942132,0.967,0.962,1.75250485812658e-43
"LINC01465",1.02204654344093e-47,-0.305710604750058,0.979,0.994,1.94812291645275e-43
"ERN1",1.09472130595005e-47,0.751276074919637,0.974,0.939,2.08664828127139e-43
"STXBP1",1.13127475059032e-47,-0.614608106749388,0.735,0.91,2.15632280210021e-43
"CUBN",1.1638196423944e-47,-0.314508449044788,0.97,0.985,2.21835662036796e-43
"SLC7A2",1.1996811901796e-47,-0.792575853022482,0.739,0.902,2.28671231660133e-43
"RPA1",1.2722035026158e-47,0.304521744361069,0.994,1,2.42494709633597e-43
"PLPP7",1.41152382051329e-47,-0.734518088783602,0.776,0.91,2.69050555428038e-43
"IL2RA",1.41714830079528e-47,0.417735542723447,0.932,0.947,2.70122637614589e-43
"RAB9A",1.50835920224197e-47,0.343569248474826,0.998,0.997,2.87508347539343e-43
"ARL4D",1.68968864025083e-47,0.373015178043067,0.991,0.997,3.2207155171821e-43
"ECHS1",1.72744838816546e-47,0.316782143699627,1,1,3.29268937268218e-43
"LRRC66",1.72873571674753e-47,0.446101744687507,0.597,0.391,3.29514314969246e-43
"HCG27",1.92300715267235e-47,0.578031857659363,0.903,0.806,3.66544393370877e-43
"SDR16C5",1.95913602210305e-47,1.53430491643685,0.681,0.46,3.73430917173062e-43
"COL7A1",1.96595451574131e-47,2.00653774982127,0.381,0.196,3.74730590245451e-43
"DLGAP3",2.10008761746759e-47,-1.10527431074592,0.659,0.84,4.00297700765498e-43
"RPL39L",2.18294953657691e-47,0.314332107050423,0.995,0.999,4.16092011166924e-43
"GFOD2",2.21897869350453e-47,0.38973416832352,0.991,0.992,4.22959528768898e-43
"PRNCR1",2.26344469160296e-47,-0.45418511944675,0.89,0.957,4.3143519266644e-43
"NRROS",2.28714321619533e-47,0.306682326362583,0.995,1,4.35952368438993e-43
"TRIQK",2.29623600919916e-47,-0.354105413775809,0.957,0.986,4.37685545713452e-43
"MMP14",2.45887315378471e-47,-1.01100245530684,0.584,0.784,4.68685811842903e-43
"TRPV2",2.53185832454281e-47,0.430947068014691,0.996,0.995,4.82597515241104e-43
"ZNF808",2.57680790589378e-47,-0.382648328580569,0.924,0.977,4.91165354942413e-43
"ICAM1",2.66315752416952e-47,0.519467027689435,0.95,0.94,5.07624455681952e-43
"SLC2A12",2.66579863579708e-47,0.481162750941021,0.73,0.536,5.08127877969282e-43
"MOG",2.72456718464744e-47,-0.309301623540791,0.978,0.986,5.19329751065649e-43
"PLPP3",2.79430044776379e-47,1.2573328206261,0.727,0.507,5.32621608348256e-43
"AC003005.2",2.8249271917249e-47,-0.593371139568937,0.827,0.913,5.38459372014683e-43
"SLC25A15",2.87007253340405e-47,0.472028586263282,0.972,0.953,5.47064525592145e-43
"JOSD2",2.95959496588556e-47,0.319964690910175,0.994,1,5.64128396447447e-43
"MEIG1",3.39137372835315e-47,0.338310638314864,0.908,0.895,6.46429746361394e-43
"KHDRBS3",3.6872538014801e-47,-0.611155858402532,0.821,0.936,7.02827447100122e-43
"WNT16",3.76096352771976e-47,0.722038809842288,0.896,0.806,7.16877258018664e-43
"RHEBL1",4.06673424403771e-47,0.52387458102139,0.982,0.966,7.75160214256028e-43
"PCNA",5.03746873794737e-47,0.357721047071863,0.961,0.987,9.60191916140149e-43
"AC023347.1",5.54961903414872e-47,-0.476536439870411,0.924,0.967,1.05781288409909e-42
"GCHFR",5.9703938365608e-47,0.341945098877784,0.985,0.987,1.13801676918685e-42
"SSC5D",6.86875777773504e-47,-0.983736396092571,0.643,0.809,1.30925392001408e-42
"ZSCAN20",7.38900215496239e-47,-1.5052151603491,0.559,0.781,1.40841770075738e-42
"ZIK1",7.42553586245051e-47,-0.300853145611225,0.987,0.999,1.41538139074169e-42
"SH3BP2",7.68635494150259e-47,-0.408529555278903,0.954,0.975,1.46509611539981e-42
"LDHAL6A",1.06666317878031e-46,-0.967251780163689,0.648,0.814,2.03316668507315e-42
"PPM1M",1.10678423511398e-46,0.339380201696162,1,1,2.10964143055076e-42
"AP000253.1",1.11388969080043e-46,-0.357490846224236,0.968,0.983,2.12318513963469e-42
"LINC00920",1.25971494431153e-46,-0.580273220518391,0.76,0.924,2.40114265535221e-42
"C12orf75",1.26281741388145e-46,0.459786240631988,0.991,0.993,2.40705627259944e-42
"FAM83A-AS1",1.5786575169927e-46,-0.470081816223122,0.93,0.978,3.00907909313978e-42
"RGMA",1.60525528927948e-46,-4.33784664177046,0.442,0.664,3.05977710689561e-42
"MRPS34",1.62669440318202e-46,0.331927743404159,1,1,3.10064220190524e-42
"HYAL3",1.70693227836712e-46,0.608671490961463,0.777,0.61,3.25358361579556e-42
"APOBEC3B",1.74594140003525e-46,1.11807052709675,0.709,0.53,3.3279389026072e-42
"ZNF14",1.88172223913382e-46,0.424284593990559,0.971,0.927,3.58675076001298e-42
"RASL11B",1.93655370082202e-46,0.370894053271064,0.901,0.839,3.69126500913686e-42
"HHAT",2.21203847948335e-46,0.332845002427993,0.991,0.993,4.21636654574321e-42
"MATN1-AS1",2.28707780299123e-46,-0.339638424770476,0.946,0.98,4.35939900028158e-42
"OPRM1",2.39852353752489e-46,-0.487097520597743,0.89,0.951,4.5718257148762e-42
"MTHFD1",2.48533482199839e-46,0.322705275797477,1,1,4.73729670421113e-42
"AP005530.1",2.9152562501952e-46,0.720915015148465,0.737,0.579,5.55676993849708e-42
"TMEM255B",2.95552629439806e-46,0.688919034131269,0.941,0.892,5.63352866975214e-42
"BHLHE40-AS1",2.97295389861314e-46,0.492297743092417,0.864,0.785,5.6667474261465e-42
"RMI2",3.45023569466242e-46,-0.841448547305816,0.629,0.867,6.57649425759603e-42
"CADM3",3.92419974963823e-46,-1.0238950603121,0.496,0.697,7.47991714278544e-42
"SNX24",4.77557071039029e-46,0.387325923872052,0.997,0.993,9.10271533107493e-42
"RHOBTB1",4.88058179031561e-46,-0.918095166532641,0.711,0.86,9.30287695052058e-42
"IL10",5.65104201511475e-46,0.94495212102714,0.76,0.569,1.07714511850102e-41
"PDXP",6.29496717804177e-46,0.32329455128973,1,1,1.19988369380654e-41
"PLCG1-AS1",6.5937346433327e-46,0.311237326188659,0.992,0.995,1.25683176036565e-41
"TP53RK",7.12915092592126e-46,0.414391498988375,0.985,0.963,1.35888745798985e-41
"LYPLAL1",7.77956368983407e-46,0.488887613280932,0.994,0.995,1.48286263491927e-41
"NDOR1",9.08399971185811e-46,0.36048047062419,0.989,0.979,1.73150118507727e-41
"LINC01340",9.97469457037103e-46,-0.43749022903394,0.932,0.987,1.90127653205842e-41
"SAP130",1.04597450375626e-45,0.450526302669761,0.96,0.89,1.99373200160981e-41
"HID1",1.18739172984251e-45,0.890352384415965,0.832,0.724,2.26328737625282e-41
"IGHV3-21",1.2345257231563e-45,0.899169512535388,0.788,0.637,2.35312948090822e-41
"HMCES",1.32089064225427e-45,-0.360988492003322,0.908,0.975,2.51774965320086e-41
"VANGL2",1.36596940314558e-45,-0.436697871975305,0.959,0.982,2.60367427933579e-41
"EDEM2",1.58274849426333e-45,0.373511118544841,1,1,3.01687690491533e-41
"LINC01094",1.5951026359736e-45,0.306895604962611,0.854,0.688,3.04042513442929e-41
"CKS2",1.68922671420256e-45,0.364310445079406,0.983,0.983,3.21983503994149e-41
"CHODL",1.81072760384822e-45,1.36883563943831,0.587,0.368,3.4514278856951e-41
"HLX-AS1",2.11811988382619e-45,0.378881572428517,0.946,0.96,4.03734831056109e-41
"LAMA5-AS1",2.13462905827804e-45,0.803705645116549,0.672,0.47,4.06881644798378e-41
"RRP36",2.28687379718467e-45,0.304021026177199,1,1,4.35901014481369e-41
"PHPT1",2.31927005529677e-45,0.350910822989729,1,0.999,4.42076065240117e-41
"JAKMIP2",2.35440572849172e-45,0.569289730004566,0.851,0.711,4.48773275907807e-41
"LINC01231",2.54867031194593e-45,-0.469919675336839,0.901,0.965,4.85802048160013e-41
"DCPS",2.774969296088e-45,0.540876501882877,1,0.999,5.28936897527333e-41
"MAGI2",4.72569561394921e-45,-0.342229313797918,0.984,0.996,9.00764840974859e-41
"IQGAP2",4.79471573860094e-45,0.498585124853342,0.986,0.98,9.13920766934724e-41
"SGCB",5.28119340276796e-45,0.331329996662248,1,0.998,1.0066482745016e-40
"SH3RF3-AS1",5.31703062516301e-45,-2.02766572972831,0.35,0.579,1.01347920746232e-40
"RAB31",5.39724790033406e-45,0.323121131103293,0.997,0.999,1.02876942228268e-40
"FNDC5",5.56399925701746e-45,0.515280825724639,0.956,0.941,1.0605538983801e-40
"ATP2A1",5.63022260520458e-45,-0.500148527969023,0.941,0.981,1.07317673077805e-40
"DACT3",6.50604064777482e-45,-0.349800453473184,0.917,0.969,1.24011640787236e-40
"SPIRE1",8.27425243518164e-45,0.688655760125641,0.682,0.478,1.57715525666997e-40
"CHAC1",8.94824211583136e-45,0.450696552553428,0.996,0.998,1.70562442969862e-40
"CEP112",9.05231059713047e-45,-1.32345144284648,0.663,0.853,1.72546092291904e-40
"OR4D11",9.06977233877195e-45,-0.820338591052744,0.694,0.86,1.72878930549332e-40
"IGLV5-45",9.57714907331746e-45,0.523143859246819,0.937,0.858,1.82550038486504e-40
"TRIM25",1.2795804550182e-44,0.467253101335469,0.968,0.959,2.43900830531019e-40
"FHL2",1.30820290177419e-44,0.370616393405117,0.842,0.681,2.49356555107179e-40
"MGAT5B",1.34455504753113e-44,-0.500785135352466,0.918,0.967,2.56285637609909e-40
"STK31",1.4597524159689e-44,0.559818533918312,0.778,0.627,2.78243408007832e-40
"OR8G1",1.51259974956784e-44,-0.639641583137927,0.801,0.904,2.88316638265125e-40
"GVQW2",1.55310742463394e-44,-0.428804209937116,0.927,0.981,2.96037806209476e-40
"PCOLCE",1.72042690642849e-44,-0.746630012930916,0.714,0.863,3.27930572634334e-40
"CASKIN1",1.75969741179892e-44,-0.748884000390875,0.703,0.872,3.35415923662993e-40
"CPM",1.9309914800022e-44,-1.04197595153277,0.648,0.814,3.68066286003219e-40
"TAB3-AS1",2.00849457376821e-44,-2.21761044314936,0.316,0.509,3.82839150705958e-40
"ZNF233",2.1270151694335e-44,-2.10246179471917,0.43,0.654,4.05430361445719e-40
"TALDO1",2.16978223953433e-44,0.312336292275869,0.998,1,4.13582192677639e-40
"AREG",2.35126782987979e-44,-0.310565026092601,0.965,0.996,4.48175161053388e-40
"POU5F1",2.46910270652291e-44,0.684691127359399,0.806,0.623,4.70635666890331e-40
"SLC1A1",2.60526697924042e-44,0.385584294537802,0.599,0.391,4.96589938913017e-40
"RTEL1",2.70707668858657e-44,0.312866792288919,0.977,0.984,5.15995887611485e-40
"ARV1",2.8034276489142e-44,0.438748082356313,0.988,0.973,5.34361344159536e-40
"OR2M4",3.1577192567176e-44,-0.672007423634149,0.785,0.897,6.01892867522942e-40
"LINC01535",3.16983659771665e-44,-0.682758313693087,0.752,0.916,6.04202553890771e-40
"ZNF732",3.54463879813699e-44,-0.880695401987113,0.578,0.746,6.75643601312892e-40
"CISD1",3.71478768077885e-44,0.334971989954175,0.995,0.998,7.08075679833256e-40
"C19orf81",3.76848071881469e-44,-0.585870873630628,0.853,0.952,7.18310109813269e-40
"GLUD2",4.03908221073248e-44,-0.566985076742867,0.909,0.952,7.69889460187718e-40
"GLRA1",4.09254261328369e-44,-0.303553851467433,0.978,0.996,7.80079547518004e-40
"CCR7",4.48057391690127e-44,-0.343669469689013,0.979,0.992,8.5404219430055e-40
"PTGIR",4.60429738720935e-44,-0.871132848802193,0.661,0.818,8.77625124975975e-40
"WDSUB1",4.92750188674323e-44,-0.317619102163588,0.983,0.99,9.39231134632128e-40
"AIMP2",5.12187346983958e-44,0.354244136584259,1,1,9.76280302086123e-40
"SEMA3D",5.46031353671192e-44,-0.5790203817657,0.809,0.94,1.04079036323266e-39
"SAMD13",5.88243642998757e-44,-2.33407628262179,0.448,0.672,1.12125120791993e-39
"AC011043.1",6.66884823580024e-44,0.484581772193716,0.958,0.962,1.27114916222588e-39
"AP001595.1",6.95135647884894e-44,-0.982570228488756,0.625,0.792,1.3249980584334e-39
"TNFSF13",7.64311634351151e-44,-0.398719539839747,0.951,0.983,1.45685440623673e-39
"NXPH4",7.64311634351151e-44,0.313110095889882,0.998,0.999,1.45685440623673e-39
"LMNA",7.82370302253862e-44,0.74859082935745,0.942,0.941,1.49127603312609e-39
"AC007952.6",8.15485792172407e-44,0.307932113654203,0.807,0.682,1.55439746845982e-39
"JAKMIP3",8.91035500543654e-44,1.59149934496326,0.526,0.301,1.69840276758626e-39
"SMUG1",1.02709479775129e-43,0.359435001151381,0.997,0.999,1.95774539399373e-39
"AC084809.2",1.12614185733639e-43,1.30957766180443,0.387,0.173,2.14653899426889e-39
"SLC52A2",1.1331270102666e-43,0.493860711113144,0.998,0.999,2.15985339426916e-39
"MB21D2",1.15269628024057e-43,0.749400985456572,0.811,0.718,2.19715437976654e-39
"STON1",1.16426658099393e-43,0.368178615846815,0.995,0.997,2.21920853003254e-39
"SLC29A4",1.20740115085012e-43,0.544449392808572,0.821,0.707,2.30142733363542e-39
"PRKD1",1.3068562083782e-43,0.390673098141432,0.8,0.641,2.49099861878968e-39
"GH2",1.49565449341789e-43,-1.16085671347149,0.442,0.645,2.85086702990385e-39
"MYO7B",1.61295862897188e-43,-0.624069156204021,0.762,0.901,3.07446044268331e-39
"KMT5C",1.91256438806168e-43,0.346756188937927,0.997,0.987,3.64553898008438e-39
"ACSS3",1.92074718012299e-43,-0.308770494662324,0.974,0.991,3.66113620003243e-39
"ASMT",1.92530821556559e-43,0.433037601288405,0.908,0.916,3.66982998968957e-39
"COL5A3",2.2836601145243e-43,0.976026421330374,0.678,0.493,4.35288454429476e-39
"SLC5A10",2.49406062464901e-43,-0.390652602973018,0.946,0.978,4.75392895664347e-39
"SLFN13",2.68913497020618e-43,0.372071614966123,0.993,0.993,5.12576016671001e-39
"ABALON",2.95619873321351e-43,-0.699281004936898,0.756,0.879,5.63481040537826e-39
"EFNA4",3.27587362984626e-43,0.41162826242623,0.98,0.966,6.24414272584996e-39
"CPEB2",3.28907220755137e-43,0.513808220075986,0.967,0.942,6.26930053481367e-39
"TRIM47",3.47374952050629e-43,1.12721623614706,0.752,0.595,6.62131396103705e-39
"ITGB1BP2",3.578793435811e-43,-0.854675349718864,0.686,0.837,6.82153816799935e-39
"TBC1D24",3.63851036250741e-43,0.476643841339792,0.967,0.957,6.93536460197538e-39
"APOL4",3.70446869102736e-43,-1.7423389809906,0.512,0.711,7.06108777196724e-39
"CLEC11A",3.78054127385984e-43,-0.494685234162839,0.915,0.974,7.20608972210425e-39
"TYRO3",3.89665261028722e-43,-0.324852037237298,0.973,0.991,7.42740954046847e-39
"ZFP69B",4.24057994027717e-43,0.307241896759447,0.99,0.973,8.08296942416231e-39
"CDKN2A",4.28083571202816e-43,0.530227163515758,0.999,0.998,8.15970095069687e-39
"FAM135B",4.32555626254153e-43,-1.0556754079077,0.583,0.765,8.24494279203041e-39
"SRGN",4.41326844930243e-43,0.558272175034011,0.994,0.986,8.41213099121537e-39
"ANKRD33B",5.15125067226988e-43,0.389023550791247,0.995,0.993,9.81879890641362e-39
"CFAP45",5.65035475641208e-43,0.792670699749138,0.776,0.633,1.07701412011971e-38
"SLC38A5",6.28285991139813e-43,0.646999026037711,0.999,1,1.1975759277116e-38
"IGHV3-20",6.57991868134468e-43,-0.339565987890072,0.973,0.997,1.25419829985111e-38
"KLHDC7B",6.84886049265789e-43,0.347145017164832,0.989,0.983,1.30546129850552e-38
"PAK6",7.21319559333774e-43,1.19280510582445,0.579,0.385,1.37490721204611e-38
"RAPGEFL1",7.44624402280628e-43,0.358649875959893,0.942,0.922,1.41932857318711e-38
"BTNL9",7.62548307322932e-43,0.323021787129718,0.996,0.999,1.45349332858824e-38
"B3GNT7",8.04603782929734e-43,0.454569481791036,0.939,0.962,1.53365527064237e-38
"FLRT3",8.28436543043259e-43,-1.10786825722485,0.43,0.63,1.57908289469476e-38
"MPZL3",8.91554910393065e-43,0.37860150510536,0.989,0.989,1.69939281470022e-38
"ACER2",8.99138905596922e-43,0.446787852583602,0.633,0.432,1.71384866795829e-38
"DSCAM-AS1",9.96715370163736e-43,-2.94080230788531,0.364,0.551,1.8998391670691e-38
"RIC8B",1.10585871946072e-42,0.334754456544903,0.94,0.959,2.10787730516408e-38
"DKKL1",1.20375952060073e-42,-1.29707806538465,0.556,0.745,2.29448602221706e-38
"DPEP2",1.20545748230982e-42,-0.338387576268512,0.983,0.989,2.29772250703076e-38
"SHCBP1",1.21769614416329e-42,1.22693626426088,0.708,0.535,2.32105062038965e-38
"CHRNA1",1.22400549307515e-42,0.70304306091315,0.843,0.775,2.33307687035054e-38
"F8",1.29498328720789e-42,1.37744118706433,0.669,0.463,2.46836764374697e-38
"LRRC19",1.309662680898e-42,-0.770839433436635,0.675,0.858,2.49634803605968e-38
"SYNPO2L",1.35852344322734e-42,-0.352371038346116,0.951,0.984,2.58948153513563e-38
"GRHL1",1.65840187333057e-42,2.61319663147965,0.661,0.469,3.1610798107554e-38
"UBE2QL1",1.83518389801825e-42,0.651444506634757,0.838,0.786,3.49804402801259e-38
"GSG1",2.08370996150076e-42,1.05975555921946,0.584,0.358,3.97175955761659e-38
"BRWD1-AS2",2.32397301532652e-42,-0.665211846503871,0.746,0.897,4.42972496451388e-38
"ID3",3.24255492776241e-42,0.870081232910362,0.88,0.818,6.18063394780793e-38
"PRDX1",3.38264038598589e-42,0.346320906664877,1,1,6.4476508397277e-38
"RYR3",3.54444065880627e-42,-0.425681175756543,0.973,0.993,6.75605833975064e-38
"ACOT1",3.89240265411122e-42,2.56886693018467,0.424,0.204,7.4193086990014e-38
"ELK3",4.06134424491123e-42,0.368973830233533,0.998,1,7.7413282652253e-38
"PWP2",4.10135510989121e-42,-1.04500561625444,0.604,0.772,7.81759297496363e-38
"MGST1",4.2139097104863e-42,-1.10688439076418,0.702,0.852,8.03213329915794e-38
"GADL1",4.36503933690928e-42,-1.2029102811114,0.397,0.596,8.32020148008277e-38
"KCNMA1",5.08314772314156e-42,1.05818179708892,0.871,0.818,9.68898787508012e-38
"RAP2B",5.41082900947836e-42,0.372163894096569,0.999,0.997,1.03135811749667e-37
"STAM-AS1",5.54874379879064e-42,-0.535814252521811,0.829,0.952,1.05764605548748e-37
"PCDHGA6",5.9393802826415e-42,1.06539522681532,0.716,0.543,1.1321052756743e-37
"LINC01358",5.96155845506235e-42,0.741431960542211,0.959,0.944,1.13633265711944e-37
"MPP4",5.99777380246461e-42,-1.58743027392022,0.517,0.72,1.14323566448778e-37
"NCF2",6.20234936168095e-42,0.406870228279659,0.98,0.991,1.18222981183001e-37
"MYEOV",6.72584655939373e-42,0.987599804459058,0.72,0.552,1.28201361268604e-37
"CCDC136",7.37175546679495e-42,1.04816267276027,0.674,0.462,1.40513030952579e-37
"BUB1B",8.29252410973734e-42,0.568440137292216,0.876,0.82,1.58063802055703e-37
"PRKCI",8.70340969207424e-42,1.1153903940768,0.701,0.491,1.65895692140627e-37
"MEI1",9.16430941003551e-42,0.411937473181346,1,1,1.74680901664687e-37
"TCF7",9.18136402495523e-42,0.355344377677691,0.995,0.998,1.75005979679672e-37
"APOBEC2",1.11750877296077e-41,-0.812350771276737,0.597,0.767,2.13008347214052e-37
"FUT7",1.21095818940785e-41,2.934851979224,0.567,0.322,2.30820740483031e-37
"RAB3C",1.23651401747584e-41,0.969065640600322,0.592,0.387,2.35691936871069e-37
"HIST1H2BM",1.52279197130678e-41,0.360781825717261,0.81,0.679,2.90259377650786e-37
"SLC10A7",1.71379835483651e-41,0.332605859234114,0.999,0.999,3.26667104415388e-37
"THSD4",1.75680078070768e-41,0.327499229602203,0.882,0.802,3.3486379681069e-37
"GNPDA1",1.77479383131982e-41,0.887346501353299,0.782,0.608,3.38293452187872e-37
"C1orf194",1.89322987793531e-41,0.703868851030752,0.565,0.368,3.60868547033249e-37
"HOXA-AS2",1.91704496380673e-41,0.408674881447011,0.883,0.795,3.65407940551201e-37
"ZDHHC21",1.92727865983669e-41,0.308300582472927,1,1,3.67358585351472e-37
"PDE4D",1.95921373679159e-41,0.455586664406351,0.994,0.996,3.73445730369845e-37
"MID1IP1",1.98753080651165e-41,-0.306927190648314,0.979,0.996,3.78843247029186e-37
"BMP8B",2.10687690187409e-41,0.932821160326252,0.932,0.93,4.0159180626622e-37
"STS",2.15120585619384e-41,-0.330657258283351,0.986,0.991,4.10041348249108e-37
"CPAMD8",2.26246275459806e-41,0.550238029376795,0.896,0.8,4.31248025653937e-37
"DNM2",2.41379517610406e-41,0.317695126814168,1,1,4.60093498517195e-37
"FMNL2",2.57162290389998e-41,3.4186607447892,0.502,0.303,4.90177041712375e-37
"ENPP7",2.6378343795855e-41,0.385548411574241,0.79,0.633,5.02797611092791e-37
"MTHFD1L",2.67961034754918e-41,0.424879336336552,0.987,0.987,5.1076052834635e-37
"GLTPD2",2.75112783158025e-41,-1.74681723243142,0.381,0.568,5.24392475977511e-37
"LARP6",2.80957623772331e-41,-0.867137943757223,0.661,0.846,5.3553332667244e-37
"RNF24",3.16439919462191e-41,-0.720736394238253,0.744,0.885,6.03166130486883e-37
"KIAA1324",3.87856759780988e-41,0.313489758328842,0.981,0.991,7.39293769818541e-37
"SKA2",4.41402653621015e-41,0.503441945839726,0.996,0.998,8.41357598067016e-37
"LST1",4.84569649448186e-41,-0.337051355329579,0.909,0.966,9.23638208813187e-37
"C16orf54",4.88154182461061e-41,0.534574466149424,0.985,0.977,9.30470687189027e-37
"LINC01270",5.02063769410806e-41,-0.963817175664044,0.565,0.758,9.56983750873938e-37
"MMP25-AS1",5.0647624577242e-41,0.313516573933793,0.997,0.995,9.65394372066809e-37
"ELF3",5.24273716720725e-41,0.364494908346081,0.934,0.879,9.99318131441374e-37
"SFXN3",5.26814501540361e-41,0.484685979264531,0.948,0.943,1.00416112138608e-36
"SLC22A4",5.99001190636068e-41,0.400768841651331,0.903,0.843,1.14175616947141e-36
"C12orf77",6.2102942797703e-41,-0.770655675418801,0.696,0.835,1.18374419266702e-36
"MRC2",6.66304917041501e-41,0.628320738772985,0.783,0.652,1.2700438023728e-36
"PCDH1",7.35695086651836e-41,-0.707068860029761,0.69,0.853,1.40230840466707e-36
"CALHM2",7.92730777520445e-41,0.552138348737507,0.969,0.983,1.51102413503172e-36
"HOXC8",8.3266623853318e-41,0.309875629271174,0.737,0.589,1.58714511726809e-36
"LINC01623",8.61449273483122e-41,0.42290342769771,0.763,0.591,1.64200846018618e-36
"CNTLN",9.36733801416871e-41,0.416848066056087,0.997,0.993,1.7855082988807e-36
"ELAC2",9.51684187664317e-41,0.325253331376109,1,0.999,1.81400523010696e-36
"SAC3D1",1.00141405121637e-40,0.537576953550041,0.965,0.962,1.90879532302353e-36
"ELF4",1.07570186714604e-40,0.814631466032895,0.818,0.728,2.05039532896706e-36
"SPAG4",1.21856951814933e-40,0.556015625572282,0.921,0.881,2.32271535854444e-36
"GSN-AS1",1.30288250853324e-40,-0.348977557699758,0.978,0.993,2.48342434951521e-36
"SCG2",1.38599471208521e-40,-0.708183522623751,0.768,0.896,2.64184452070561e-36
"PPA1",1.38853608541803e-40,0.377776409599486,0.997,0.999,2.64668863241531e-36
"SMIM10L2B",1.46865099638658e-40,-2.10338060566222,0.402,0.623,2.79939566421247e-36
"ENG",1.65310867753564e-40,-0.389600555384693,0.919,0.97,3.15099045025068e-36
"CHDH",1.68981359730319e-40,0.575295089208177,0.853,0.758,3.22095369781961e-36
"SUN3",1.81479393791851e-40,-0.434065877930036,0.941,0.976,3.45917872506647e-36
"PLEKHA7",1.841966440749e-40,0.337022580646202,0.998,0.999,3.51097223271166e-36
"CCDC146",1.92373553771461e-40,0.684903975704986,0.883,0.821,3.66683230843781e-36
"SHISA3",2.0354541739969e-40,0.690688891920974,0.565,0.355,3.87977920105548e-36
"FIRRE",2.07869520844154e-40,-0.638032503030079,0.811,0.908,3.96220093681043e-36
"HOXA10",2.44796729530445e-40,0.570496068067374,0.669,0.492,4.66607046157981e-36
"FANCE",2.47042125230016e-40,0.405971613676845,0.916,0.883,4.70886994900933e-36
"SLF2",2.55179962920219e-40,0.308458758311907,0.997,0.998,4.86398527322229e-36
"RORB",2.76646564419868e-40,-0.480444712401817,0.899,0.965,5.27316016440711e-36
"IGHV3-13",2.86536918980774e-40,0.401772296152489,0.923,0.819,5.46168021269253e-36
"CCDC167",3.04594218716351e-40,0.517513576160179,0.997,0.999,5.80587040295236e-36
"RAB39A",3.04872132371458e-40,0.442087213128925,0.833,0.746,5.81116771513236e-36
"ASB2",3.08437660304996e-40,1.97138069388781,0.505,0.279,5.87913024307352e-36
"CCDC27",3.1247176075424e-40,-0.440505480984902,0.956,0.983,5.95602423173657e-36
"HHIP-AS1",3.27493510377731e-40,-0.982801123529699,0.641,0.825,6.24235380130992e-36
"ARHGAP11A",3.83411032974342e-40,0.581381414751849,0.942,0.882,7.30819769952393e-36
"FGD1",4.14266548738248e-40,-0.444240305101715,0.933,0.969,7.89633468549975e-36
"CTSC",4.74428028341415e-40,0.362854851742471,0.998,0.999,9.04307264821572e-36
"AC114763.1",5.09077152458398e-40,-0.419595701379908,0.949,0.978,9.70351960300952e-36
"GMNN",5.73980398632395e-40,0.391341982883003,1,0.999,1.09406403783321e-35
"SPTBN2",6.07242939729628e-40,-0.400802319471891,0.971,0.991,1.15746576741864e-35
"ZNF473",6.63167885218034e-40,-0.883008555106306,0.673,0.832,1.2640643060141e-35
"TLR9",6.69824714097817e-40,0.672182722960126,0.893,0.814,1.27675288754185e-35
"TSPAN7",6.74401506627531e-40,-1.83066292721833,0.444,0.649,1.28547671178274e-35
"SERTAD3",6.86135726847056e-40,0.318502728376057,0.993,0.999,1.30784330894317e-35
"PHF19",7.24869264510435e-40,0.334595496233637,0.995,1,1.38167330508334e-35
"HEATR4",8.10814752342186e-40,-0.810195232948884,0.707,0.861,1.54549399943944e-35
"GLIPR1L1",8.20803314912945e-40,-0.541811607160792,0.881,0.955,1.56453319855556e-35
"NIPAL4",8.21920680473736e-40,-0.784647511055181,0.736,0.84,1.56666300905099e-35
"XG",8.40767684520581e-40,-1.59361791409234,0.391,0.591,1.60258728346468e-35
"BOP1",8.75781614783449e-40,0.359755851120058,1,1,1.66932733593873e-35
"SNAI3",9.05654172073735e-40,0.376584699230278,0.993,0.999,1.72626741738975e-35
"MARS2",9.06886361170223e-40,0.450813921112082,0.922,0.888,1.72861609302656e-35
"RECQL4",9.07297450125829e-40,0.735386681257559,0.723,0.567,1.72939966968484e-35
"SRPX2",9.11005710058574e-40,-0.66966536691052,0.789,0.879,1.73646798394265e-35
"ZNF516",9.18467479297328e-40,-0.387014651785885,0.902,0.976,1.75069086228864e-35
"KIF21A",9.84396395066095e-40,0.659307525720215,0.925,0.869,1.87635796863548e-35
"ID4",1.07674662965211e-39,-0.964778863589203,0.523,0.706,2.05238675077988e-35
"IFI27L2",1.12228579664394e-39,0.315394525837703,1,0.999,2.13918895698301e-35
"SP7",1.12253984675222e-39,-2.90746939088229,0.194,0.357,2.13967320189441e-35
"DPYSL2",1.15919969639983e-39,0.48363544748493,0.967,0.977,2.20955054130772e-35
"FOXO6",1.19677897033318e-39,-0.779138766955899,0.641,0.83,2.28118039535208e-35
"COX5A",1.24004937439726e-39,0.35358422852102,0.996,0.999,2.36365811253862e-35
"ACTL10",1.47986861159993e-39,0.836050720203482,0.801,0.696,2.82077756057063e-35
"AC002480.2",1.58436695859727e-39,-0.476475226932652,0.892,0.963,3.01996185978226e-35
"INTS7",1.6009152687838e-39,0.378073370041928,0.991,0.996,3.0515045938288e-35
"ELL2",1.69084579511165e-39,0.440196293784969,1,1,3.22292117006231e-35
"IGLV6-57",1.85900523638441e-39,1.09820030612233,0.718,0.558,3.54344988107233e-35
"HSPA6",1.86068417727817e-39,0.893417764122668,0.793,0.649,3.54665011030993e-35
"JDP2",2.04747541586754e-39,0.436375718447488,0.966,0.934,3.90269289018512e-35
"AK8",2.11506403536353e-39,1.75652056254992,0.608,0.398,4.03152355780642e-35
"BCL2L14",2.19672579689095e-39,0.42400435456365,0.864,0.742,4.18717904145383e-35
"SOAT1",2.25798549770108e-39,0.303637609404896,0.998,0.999,4.30394615716803e-35
"ATP6AP1",2.45712084950354e-39,0.324445941742837,1,0.998,4.6835180512387e-35
"IGHV5-78",2.46766266322885e-39,-0.453011134650891,0.901,0.978,4.70361180238051e-35
"IGHV2-26",2.54272496329961e-39,-0.351871354063448,0.995,0.996,4.84668805254539e-35
"IDI2",2.56747557528467e-39,-0.36479528403462,0.934,0.975,4.8938651940501e-35
"RMRP",2.82472473141524e-39,0.429380714884996,0.986,0.986,5.3842078105506e-35
"ABCG5",2.83109159726454e-39,-1.51090939779333,0.301,0.473,5.39634369354595e-35
"LINC01163",2.94816617990311e-39,0.75042597535422,0.546,0.343,5.61949955551332e-35
"PRIM1",3.03775210137974e-39,0.337640198400801,0.98,0.988,5.79025928043993e-35
"TET1",3.06177389929508e-39,0.540945456672508,0.889,0.803,5.83604722944635e-35
"SCGB2B2",3.13991998067893e-39,-0.862206524211496,0.648,0.803,5.98500147517212e-35
"TMEM181",3.32083290789097e-39,0.417559016234551,0.993,0.992,6.32983960573099e-35
"CHML",3.65551647459372e-39,-0.302297827716759,0.976,0.994,6.96777995222309e-35
"AC008914.1",3.72687569906227e-39,-0.545145831737884,0.73,0.878,7.1037977699826e-35
"S100A11",3.82532623953055e-39,0.736790238364701,0.957,0.931,7.29145434516918e-35
"PDE6A",3.84601601608735e-39,0.604672820461056,0.822,0.66,7.33089112826409e-35
"TRAJ13",3.85293727208188e-39,0.663690670795026,0.498,0.296,7.34408373431528e-35
"SLC6A13",4.00297698050853e-39,-3.27705003837643,0.345,0.544,7.63007442254731e-35
"CIPC",4.02281372538867e-39,0.326076162266817,0.992,1,7.66788524196335e-35
"CHST15",4.04093188350398e-39,0.399852947893426,0.999,0.999,7.70242026314693e-35
"SUCLG2-AS1",4.11606846611127e-39,-0.441610691954275,0.869,0.94,7.8456381032547e-35
"HMOX1",4.60936659815298e-39,0.426377700477664,0.992,0.991,8.78591367273939e-35
"IGF2BP3",5.07413468103359e-39,0.466512662614201,0.962,0.948,9.67180811551813e-35
"LINC01115",5.0855332523189e-39,-0.338480906567233,0.959,0.988,9.69353493224507e-35
"TRIB1",5.36927623384489e-39,0.865471897696833,0.949,0.902,1.02343774293317e-34
"FAM83A",5.48614730740962e-39,-0.606171740803962,0.763,0.915,1.04571453826535e-34
"RGS10",5.56296714669262e-39,0.433827258858695,0.98,0.968,1.06035716783108e-34
"NLRC3",6.05772197354102e-39,0.489733520571289,0.967,0.967,1.15466238537665e-34
"GOLGA8S",6.28172191091502e-39,-0.983989076608145,0.462,0.681,1.19735901343951e-34
"ARHGAP18",6.28172191091502e-39,0.47687884168488,0.963,0.921,1.19735901343951e-34
"C3orf14",8.40621652120124e-39,0.305981388018891,0.992,0.996,1.60230893110617e-34
"ATXN7L1",1.07428112239948e-38,0.417863264208694,0.996,0.999,2.04768724740565e-34
"FRY",1.12336625915315e-38,0.346007543043063,0.976,0.973,2.14124842657182e-34
"OR1L8",1.22449146388334e-38,-0.725632908062448,0.715,0.884,2.33400317930803e-34
"NDFIP1",1.25437177706118e-38,0.310619043627387,0.998,1,2.39095804425632e-34
"SLCO4A1",1.35748796357759e-38,0.338529324440653,0.988,0.969,2.58750780737524e-34
"HMGB3",1.53328697338176e-38,0.490409880201513,0.992,0.992,2.92259829996297e-34
"SUB1",1.64372058994194e-38,0.408006875043689,1,1,3.13309581648834e-34
"NEK3",1.64445343329824e-38,0.388593430691631,0.999,1,3.13449268920977e-34
"USP27X-AS1",1.87586783228393e-38,-2.08123791000632,0.437,0.614,3.5755916751164e-34
"TWF2",1.97531687437881e-38,0.411344120556346,0.999,0.999,3.76515149425344e-34
"MIR194-2HG",2.03286350632914e-38,0.393506074197179,0.963,0.933,3.87484112941397e-34
"FADS1",2.03286353026219e-38,-0.334229874009576,0.99,0.999,3.87484117503276e-34
"KSR1",2.08696122237855e-38,0.313230309563489,0.983,0.99,3.97795678597575e-34
"NFE2L3",2.2034055002789e-38,0.749373292042792,0.797,0.7,4.19991122408161e-34
"ZNF350-AS1",2.41862708474785e-38,0.346966103560879,0.91,0.874,4.61014508623787e-34
"WASF3-AS1",2.49565323443814e-38,0.483359300976169,0.661,0.472,4.75696463016253e-34
"CNTNAP3",2.73497704639089e-38,0.555684761125553,0.826,0.679,5.21313974812568e-34
"SEC61A1",2.85036746920778e-38,0.505883919565223,1,1,5.43308543305695e-34
"L1CAM",3.350455114476e-38,0.453799306835438,0.942,0.926,6.38630249370271e-34
"CCDC114",3.36984417160916e-38,0.789365533530763,0.699,0.555,6.42325997550422e-34
"KRTAP5-8",3.5282431705425e-38,-0.462791063613285,0.927,0.978,6.72518430737106e-34
"DSEL",3.64682046082997e-38,-0.849212604381069,0.569,0.751,6.95120448038801e-34
"NT5DC4",3.75350807366837e-38,0.473987214413347,0.671,0.502,7.15456173921927e-34
"PAQR6",3.77354079913768e-38,0.721129187157715,0.963,0.96,7.19274611723632e-34
"SNX30",4.12533539794895e-38,-0.329594326806111,0.959,0.988,7.86330180203049e-34
"OR7A17",4.53777743359765e-38,-0.778132098684605,0.719,0.841,8.64945756618048e-34
"SLAMF7",4.8089150460119e-38,1.03811799836739,0.898,0.803,9.16627296920328e-34
"COL4A2",5.15173486020982e-38,-0.996120607922681,0.477,0.65,9.81972181704595e-34
"LINC01067",5.37182926596642e-38,-0.814817968632935,0.628,0.789,1.02392437638586e-33
"HSF4",6.87866693317935e-38,0.393514077791833,0.993,0.999,1.31114270413332e-33
"PRSS16",6.97972893030004e-38,0.686441340069634,0.86,0.774,1.33040613140449e-33
"IRF4",7.34034342603047e-38,0.443259634544762,1,1,1.39914286043567e-33
"DAD1",7.78968604271411e-38,0.330651655991173,0.998,0.999,1.48479205660174e-33
"EFHD2",8.58623516172444e-38,0.331614096937441,1,1,1.6366222841763e-33
"RAB13",9.38677867907631e-38,-1.13326788019674,0.743,0.877,1.78921388401874e-33
"ECHDC3",9.97151798240284e-38,-0.578750638490861,0.806,0.908,1.9006710426258e-33
"MED20",1.08524118863631e-37,1.23181872792544,0.668,0.493,2.06857822965967e-33
"RPS6KL1",1.08859493188418e-37,0.348411486671556,0.994,0.997,2.07497079966444e-33
"ERICD",1.18340586997126e-37,-0.414160896563258,0.935,0.975,2.25568992875221e-33
"KLHL21",1.37605928101905e-37,0.357639634335818,0.989,0.993,2.62290659555041e-33
"LINC01060",1.44558766623739e-37,-0.447728859744879,0.934,0.976,2.75543465061509e-33
"SV2A",1.46157795523698e-37,0.312487522694432,0.918,0.858,2.78591374047721e-33
"PLEKHH1",1.52195095702621e-37,1.48281894541129,0.506,0.298,2.90099071918767e-33
"TNF",1.53810395330976e-37,0.378785198150286,0.967,0.965,2.93177994540373e-33
"POLR3G",1.68172855846518e-37,0.52785487531749,0.929,0.845,3.20554280529048e-33
"KCND3",1.74115808017073e-37,-1.06142472364091,0.578,0.754,3.31882141661342e-33
"MYL3",1.86717145699461e-37,-0.394131916289023,0.957,0.983,3.55901551417742e-33
"MEI4",2.00576665811889e-37,-0.745381697746598,0.717,0.835,3.82319182704042e-33
"SOX5",2.37402268241163e-37,0.771719213557064,0.908,0.826,4.5251246349448e-33
"WDR37",2.43734134337149e-37,0.356692850489114,0.99,0.994,4.64581633460039e-33
"CHRNA10",2.49138708423191e-37,-0.520446502486719,0.842,0.927,4.74883292125445e-33
"ZNF582-AS1",2.9243523595306e-37,-0.31341983588636,0.962,0.988,5.57410803250127e-33
"TRAK2",2.95009235068135e-37,-0.320338199482937,0.991,0.998,5.62317102963373e-33
"MAFA",2.95980283111819e-37,0.588615920152803,0.814,0.689,5.64168017639438e-33
"ARRDC5",2.96629410541726e-37,-0.310897561778375,0.945,0.986,5.65405319433583e-33
"OR1I1",3.00685702629328e-37,-1.1466919414596,0.539,0.727,5.73137017781762e-33
"ABHD15-AS1",3.07344595481669e-37,-0.632332847123729,0.819,0.901,5.85829533447609e-33
"PKD1L1",3.2378817857356e-37,-2.03659715518708,0.293,0.5,6.17172647179063e-33
"MYO18A",3.62344389102973e-37,0.519800513905493,0.91,0.848,6.90664640069176e-33
"ADAM23",3.68903979053464e-37,-1.83314254227697,0.415,0.632,7.03167874473809e-33
"MARC2",3.87261179200842e-37,0.412726801765839,0.983,0.986,7.38158533674725e-33
"ACSM1",3.94614045093003e-37,-1.69277780266225,0.474,0.652,7.52173831351773e-33
"MFSD3",3.94959391151516e-37,1.85838462519642,0.599,0.402,7.52832095473904e-33
"AP2S1",3.99214394195007e-37,0.300153561509432,1,1,7.60942556775102e-33
"MCF2",4.24510247077262e-37,0.673703552196326,0.591,0.402,8.09158981953969e-33
"USP5",4.35982876148862e-37,0.32183944230986,1,0.996,8.31026960227346e-33
"AKNAD1",4.57055936150068e-37,0.715336003378416,0.524,0.332,8.71194319895644e-33
"NCAPH",4.68582850486026e-37,0.98941992779995,0.652,0.465,8.93165771311414e-33
"AC005498.3",4.75180264764076e-37,-0.927947031299674,0.637,0.787,9.05741102666805e-33
"IL6R",5.12367312404736e-37,0.849724300989965,0.877,0.814,9.76623334174667e-33
"OR8S1",5.17313377890361e-37,-2.61015644108037,0.338,0.535,9.86051029596817e-33
"QRFP",6.42465811160398e-37,-1.31702322416631,0.482,0.665,1.22460408265283e-32
"ASPM",6.57200438115695e-37,1.27770019625432,0.634,0.437,1.25268975509233e-32
"WDR11-AS1",6.69638180985282e-37,-0.350867799039072,0.904,0.963,1.27639733677605e-32
"RNF149",7.2224449516769e-37,0.320164496777976,0.999,1,1.37667023223913e-32
"CXCL16",7.26822645293543e-37,-0.310124081922278,0.926,0.98,1.38539664419402e-32
"SH3D19",7.41861324780726e-37,-0.686902016122797,0.765,0.91,1.41406187116454e-32
"NUCB1",8.4247282888334e-37,0.340176586839566,1,1,1.60583745913453e-32
"CLDND1",8.48731284963438e-37,0.317954945203822,1,1,1.61776670226881e-32
"KLHL30",8.73850117762604e-37,0.533186357979517,0.372,0.183,1.6656457094673e-32
"MEIKIN",8.93075687342368e-37,-0.67997206540814,0.758,0.885,1.70229156764329e-32
"ST6GALNAC3",9.04418534807646e-37,-0.543958089501067,0.8,0.928,1.72391216919685e-32
"MNDA",9.31377498496754e-37,0.354511763385508,0.943,0.975,1.77529864988466e-32
"ABCC8",9.54140969382985e-37,-1.16407934871676,0.46,0.658,1.81868810174091e-32
"STMN1",1.02602524718202e-36,-0.318984280311032,0.947,0.991,1.95570672365364e-32
"SLFN12L",1.05704458560118e-36,0.566566977828732,0.925,0.84,2.01483268461441e-32
"LRMP",1.06511758912445e-36,0.384885851421036,1,1,2.03022063663011e-32
"FADS6",1.16285856303246e-36,-0.578294066829543,0.802,0.92,2.21652470699617e-32
"CD38",1.30641942334716e-36,0.602189927105191,0.755,0.901,2.49016606284203e-32
"FKBP11",1.40312424841469e-36,0.762572735025114,1,1,2.67449512990325e-32
"OR2T11",1.45363857296133e-36,-0.398741698244514,0.883,0.972,2.7707804839216e-32
"FDXR",1.48680885439472e-36,0.646670763545107,0.939,0.902,2.83400635736178e-32
"ITM2C",1.55070732009643e-36,0.680448601611897,0.997,0.997,2.95580322283581e-32
"SLC35B3",1.61278199667549e-36,0.335086214694483,0.998,0.999,3.07412376386315e-32
"SLC9A5",1.68973315232074e-36,0.415564251524255,0.858,0.773,3.22080036163857e-32
"KNDC1",1.68973315232074e-36,0.392491080247853,0.875,0.824,3.22080036163857e-32
"FRK",1.82525306130941e-36,0.315345054146784,0.839,0.69,3.47911486016187e-32
"STX11",1.86927204248412e-36,0.335325041948483,0.998,0.999,3.56301944017897e-32
"TTK",2.0357751013198e-36,0.504986919559258,0.847,0.801,3.88039092062567e-32
"RAB26",2.08754738609091e-36,0.430813016533776,0.894,0.84,3.97907407262788e-32
"WASF1",2.65867999020888e-36,-0.317968617690066,0.947,0.986,5.06770992933715e-32
"SPIN4",3.07146662311739e-36,1.73038743341894,0.61,0.41,5.85452253032405e-32
"LSMEM1",3.32689776185764e-36,0.702614430162724,0.783,0.624,6.34139982387686e-32
"AC103563.9",3.83520869436232e-36,0.332015000039233,0.812,0.684,7.31029129232403e-32
"C11orf96",4.4858721980388e-36,0.611837612503181,0.87,0.777,8.55052099668175e-32
"ADORA2A",4.81842229984916e-36,0.313400887948114,0.993,1,9.18439474574248e-32
"STK39",4.87688125286726e-36,0.644493056659687,0.913,0.89,9.29582335609028e-32
"NPIPB15",5.17991813692035e-36,0.753338295640822,0.979,0.978,9.87344196078389e-32
"CAPN5",5.34988213919254e-36,-0.90759097097011,0.568,0.753,1.01974103455149e-31
"CORO2A",5.45098873557454e-36,0.388160183932007,0.989,0.978,1.03901296288786e-31
"ARMC12",7.26004247505104e-36,-0.926873519308373,0.582,0.779,1.38383669616948e-31
"ESCO2",8.10026764280364e-36,0.78097441903607,0.745,0.624,1.5439920153948e-31
"ZNF133",8.66493400305239e-36,0.365280692908188,0.969,0.932,1.65162307032182e-31
"SIAH2-AS1",8.83387570882418e-36,-0.775522854031109,0.658,0.829,1.68382504885898e-31
"PPCDC",9.91424898622145e-36,0.609707497475864,0.991,0.986,1.88975499926367e-31
"PIK3R5",1.07554982154221e-35,0.377936506011424,1,0.999,2.05010551484161e-31
"RIMKLA",1.08946609743437e-35,-1.54540306379547,0.473,0.671,2.07663132831966e-31
"PPP1R9A",1.22829202153059e-35,0.443938129749309,0.958,0.96,2.34124742223945e-31
"SELP",1.25111534556089e-35,-0.316902832041586,0.909,0.968,2.38475096017362e-31
"CDC7",1.30081476516807e-35,0.557212614284432,0.861,0.772,2.47948302388685e-31
"ATP8B2",1.3571133973552e-35,0.450631211591041,0.997,0.999,2.58679384669875e-31
"AFAP1L2",1.43473322723333e-35,0.956080310934496,0.744,0.571,2.73474500442945e-31
"ERCC6L",1.61929272546954e-35,-1.09048130879881,0.577,0.763,3.0865338640175e-31
"KRTAP16-1",1.95246933413168e-35,-1.0946145223608,0.449,0.64,3.7216017977884e-31
"NDFIP2",1.98440140330496e-35,1.31634438109983,0.592,0.405,3.78246751483959e-31
"PAX6",2.04371558446169e-35,-0.368038635919104,0.962,0.989,3.89552627554244e-31
"MON1A",2.04720760623853e-35,0.52289593944487,0.954,0.915,3.90218241825127e-31
"FNTB",2.11649944067851e-35,0.584965715446683,0.869,0.792,4.03425958387731e-31
"AQP8",2.20122891936501e-35,-0.414226185685138,0.94,0.97,4.19576244320165e-31
"SIGLEC11",2.40593144627338e-35,-0.347243868932156,0.983,0.99,4.58594592974168e-31
"LRP8",2.42705182504711e-35,0.349550838969773,0.986,0.967,4.6262034837223e-31
"MOK",2.43638227054146e-35,-1.09766738189878,0.645,0.814,4.64398824587907e-31
"GLRX",2.60222751501923e-35,0.734572111038485,0.971,0.96,4.96010586637816e-31
"ARPC1B",2.63851697866457e-35,0.305633552384146,1,1,5.02927721303254e-31
"C19orf73",2.70453343260603e-35,-0.536909422264173,0.844,0.91,5.15511117589036e-31
"MCUR1",2.92377550705121e-35,0.311299731341985,1,1,5.57300849399031e-31
"LRP4-AS1",3.02765969289212e-35,-0.417754052009096,0.947,0.978,5.77102214062168e-31
"LITAF",3.29246763486497e-35,0.36025887155761,0.999,1,6.27577255881612e-31
"AC009506.1",3.44141863632614e-35,-0.587994039725311,0.839,0.921,6.55968806270125e-31
"PTCSC2",3.85519156919031e-35,-0.508582766437142,0.866,0.96,7.34838065003364e-31
"AKAP3",3.95561361364575e-35,-0.534312326618036,0.838,0.941,7.53979510897017e-31
"CATIP-AS2",4.15283596220598e-35,-0.88058598032174,0.592,0.765,7.91572062756082e-31
"INSL6",4.80097253467284e-35,-1.60849512671118,0.422,0.656,9.1511337483399e-31
"GRPR",5.7046030689145e-35,-0.74457123978025,0.66,0.825,1.08735439096579e-30
"LRRCC1",6.23040886136164e-35,0.384790479994373,0.924,0.858,1.18757823306414e-30
"PROX2",6.72412099521303e-35,0.375091008006649,0.571,0.389,1.28168470289755e-30
"ITIH1",6.92351756692112e-35,-0.543537954186833,0.833,0.914,1.31969168343083e-30
"FAM72B",7.03582749161643e-35,0.411700700582774,0.673,0.514,1.34109907817701e-30
"FIGNL1",7.53528350551573e-35,-0.326306698902619,0.948,0.986,1.43630038898635e-30
"VEGFA",8.30545496817265e-35,0.378070191263992,0.942,0.926,1.58310277148339e-30
"AUH",8.63133266958292e-35,0.370785326459667,0.993,0.996,1.6452183201492e-30
"ACOT4",8.7637303508546e-35,0.497678792843456,0.95,0.921,1.6704546421764e-30
"TRERNA1",1.13975639175127e-34,-0.5001162981149,0.843,0.952,2.1724896583171e-30
"CARMN",1.27245284025436e-34,-0.364952261448328,0.93,0.97,2.42542235880884e-30
"SERPINB5",1.28974398004948e-34,-1.88029171451098,0.389,0.598,2.45838100037232e-30
"UBR7",1.37743931541286e-34,0.337197111528203,1,1,2.62553707910846e-30
"OPRK1",1.65940113163971e-34,-3.75312599013553,0.369,0.556,3.16298449701845e-30
"SEC61B",1.74906740370492e-34,0.352412860006986,1,1,3.33389737820195e-30
"FAM222A",1.85170866975782e-34,0.507489449617854,0.742,0.562,3.52954189542538e-30
"ZNF70",1.89466023221372e-34,0.585218128849093,0.819,0.676,3.61141186862257e-30
"TSPEAR-AS1",2.05228641388902e-34,-0.985023047563121,0.526,0.72,3.91186313351387e-30
"PADI4",2.12293716021474e-34,-0.537633631045334,0.79,0.92,4.04653052108531e-30
"BMP3",2.44640651269668e-34,-1.22759211254105,0.502,0.708,4.66309545385114e-30
"DISC1",2.76547935479294e-34,-3.49716304299866,0.386,0.598,5.27128019817082e-30
"MIR22HG",3.3301429924253e-34,0.395043289391841,0.998,0.999,6.34758555786186e-30
"CYP2J2",3.95914955304448e-34,2.96072246791302,0.338,0.159,7.54653496305808e-30
"GPLD1",4.02685175901187e-34,0.726023214906133,0.887,0.802,7.67558213785252e-30
"PPIL1",4.09913418942654e-34,0.675471617328061,0.868,0.758,7.81335967846593e-30
"UNC5B",4.30665161287915e-34,-1.06293260313082,0.452,0.638,8.20890863930895e-30
"ADHFE1",4.54546883122545e-34,0.486682827773915,0.918,0.822,8.66411813919884e-30
"RUVBL1",4.6415314179428e-34,0.372924024203195,1,0.999,8.84722303574077e-30
"MTRNR2L6",4.93579239499274e-34,-0.33562224495375,0.938,0.977,9.40811388409566e-30
"IGSF10",5.36611478067131e-34,-0.489835330416703,0.532,0.34,1.02283513834376e-29
"FRMD3",5.56010081275706e-34,-0.881688580539842,0.587,0.771,1.05981081591962e-29
"SMPDL3A",6.34170060353035e-34,6.95482504394919,0.57,0.382,1.20879155203892e-29
"TMC1",6.70082347358837e-34,-1.15679978100624,0.405,0.592,1.27724396230068e-29
"MYO3A",6.9022697142772e-34,-0.521691802554891,0.85,0.931,1.31564163023838e-29
"CEP170B",6.93401336069403e-34,0.307688389945801,0.781,0.637,1.32169228668189e-29
"EARS2",7.94024421706276e-34,0.417607353536867,0.959,0.917,1.51348995021433e-29
"CDCA7",8.06026406846829e-34,0.844244534956711,0.783,0.671,1.53636693409074e-29
"CD320",8.18549561446933e-34,0.467409183073401,0.994,0.988,1.560237319074e-29
"HFE",8.29881831855022e-34,0.374561514801248,0.946,0.895,1.58183775969886e-29
"EVI2A",8.6176567080914e-34,0.639629920349505,0.902,0.79,1.6426115451293e-29
"PITPNM3",8.93748839074283e-34,-1.07972915022408,0.576,0.751,1.70357466215949e-29
"AMHR2",9.04230366776046e-34,-1.16964717230683,0.501,0.671,1.72355350211182e-29
"CEND1",9.78245936844047e-34,0.910128296157705,0.654,0.478,1.86463458021844e-29
"AC008277.1",1.07759768352979e-33,-0.406553854554314,0.976,0.988,2.05400894457613e-29
"ACTR8",1.33118603864482e-33,0.304751356637333,0.999,0.998,2.53737370826089e-29
"LGALS3",1.33201556868943e-33,1.16164876883661,0.763,0.697,2.53895487547892e-29
"RAB37",1.38187839005249e-33,0.309385907003986,0.999,0.999,2.63399839927906e-29
"SOGA3",1.49776246696601e-33,0.625834508021466,0.81,0.694,2.85488503828391e-29
"SRGAP1",1.63817317516098e-33,-0.340058550210345,0.936,0.975,3.12252188917434e-29
"ARL4C",1.70894883850787e-33,0.390120043147417,1,1,3.25742738107985e-29
"P3H1",1.74981426015988e-33,0.370965973054372,0.989,0.986,3.33532096129075e-29
"BHLHE40",1.7519917563444e-33,0.466801971642514,0.943,0.905,3.33947148676805e-29
"DACH2",1.76804251310792e-33,-1.22923032341514,0.437,0.606,3.370065834235e-29
"HIST1H3F",1.86128032523072e-33,0.517978129151688,0.737,0.624,3.54778642792227e-29
"KRBOX1",1.86282350185454e-33,-0.310357467986214,0.986,0.995,3.55072787688494e-29
"CHST1",2.13919526171562e-33,-0.789174412276692,0.57,0.762,4.07752008835615e-29
"ISM1",2.41794791766342e-33,0.564448597535996,0.737,0.556,4.60885052585824e-29
"HIST1H2BI",2.67242755429399e-33,-0.431449471409255,0.934,0.984,5.09391416123977e-29
"HOXB4",2.94678716148581e-33,0.426423335550651,0.867,0.762,5.61687100850811e-29
"HIST1H3C",2.9473958982804e-33,0.891737100377158,0.499,0.293,5.61803132171226e-29
"CDC14B",2.97368874571939e-33,0.324421777143962,0.951,0.957,5.66814811821574e-29
"MMRN1",3.0958778576156e-33,-1.12705449401376,0.623,0.771,5.9010527844011e-29
"CD36",3.31959840511895e-33,-2.17694249002967,0.545,0.731,6.32748651999723e-29
"HK2",3.64255226500757e-33,-0.463261147443974,0.85,0.952,6.94306887233093e-29
"MC2R",3.69704449494499e-33,-0.599892552542224,0.795,0.923,7.04693651181464e-29
"GTDC1",3.75389404519902e-33,0.314138814451211,0.991,0.996,7.15529743955386e-29
"TRAJ5",4.41400206559143e-33,-1.11707810937777,0.452,0.639,8.41352933722383e-29
"SCNN1B",4.43404925370268e-33,0.815138664043904,0.751,0.647,8.45174128248268e-29
"GPA33",5.01086834089457e-33,-1.49612595021395,0.494,0.699,9.55121614457914e-29
"JRK",5.39167181752827e-33,0.615850754273598,0.865,0.794,1.02770656513906e-28
"IGHV4-4",5.90832132430491e-33,0.441462536967226,0.988,0.985,1.12618512762576e-28
"BAALC",6.019879273081e-33,-0.409814061265836,0.857,0.723,1.14744918824197e-28
"DGCR9",6.18797037003275e-33,-0.633772488177437,0.761,0.882,1.17948903223194e-28
"AGPS",6.86017456963917e-33,0.428845116429249,0.973,0.972,1.30761787471892e-28
"KLHL23",6.96807639770745e-33,-0.300545260907771,0.988,0.999,1.32818504216702e-28
"TP53I3",7.16244575919976e-33,0.716636147954878,0.904,0.891,1.36523378616107e-28
"DCBLD2",8.03471916012529e-33,-0.354290908985284,0.978,0.996,1.53149781911148e-28
"ZNF862",8.21469685198269e-33,-0.389105466155425,0.869,0.952,1.56580336695642e-28
"CRHBP",9.62123973453735e-33,-0.669699995249326,0.782,0.616,1.83390450580016e-28
"ZYX",9.91944523215924e-33,0.463760082673646,0.963,0.952,1.89074545570187e-28
"FBN1",1.09394529046323e-32,0.531080080783681,0.655,0.473,2.08516911815196e-28
"TEX29",1.10973234455572e-32,0.43924974226706,0.943,0.918,2.11526082195765e-28
"ANKLE1",1.25108401177942e-32,0.890976529043929,0.679,0.485,2.38469123485275e-28
"LINC00309",1.25723956848275e-32,0.510726904856501,0.847,0.83,2.39642434148496e-28
"INHBC",1.26549378711207e-32,-1.13610558098292,0.498,0.671,2.41215770761432e-28
"UNC80",1.29480961785728e-32,-0.413740348414319,0.959,0.975,2.46803661259776e-28
"AC068831.6",1.38885028038268e-32,-0.405633019268903,0.914,0.967,2.64728751943743e-28
"RNF150",1.43354250074634e-32,0.533268548635897,0.5,0.32,2.7324753606726e-28
"P3H4",1.58702600298437e-32,0.317538305697294,0.954,0.916,3.02503026428851e-28
"HSD17B1",1.71362283015555e-32,0.486567439318038,0.932,0.897,3.26633647655949e-28
"TMEM169",1.90693774544777e-32,0.336689709615587,0.891,0.827,3.63481403659799e-28
"IGKV2-28",1.98387480174564e-32,0.412771900792766,0.55,0.341,3.78146375960736e-28
"MUC1",2.19130757070143e-32,9.62754087069102,0.505,0.285,4.17685136051399e-28
"ZNF575",2.28520837360803e-32,1.77915398853864,0.599,0.451,4.35583568093426e-28
"ZFYVE21",2.3001491733234e-32,0.375172374730424,0.986,0.979,4.38431433927173e-28
"LINC01117",2.47204546308476e-32,-0.778156410133333,0.639,0.809,4.71196585718586e-28
"ACTR3B",2.65345074837953e-32,-0.317416573579042,0.932,0.98,5.05774247148622e-28
"TSEN15",2.67730874444333e-32,0.324179910277301,1,1,5.10321819778343e-28
"EGR2",2.69698726833987e-32,0.470991956716142,0.95,0.963,5.14072743218262e-28
"FHOD1",2.80724346820864e-32,0.343534340243008,0.994,0.987,5.3508867747525e-28
"OGFR-AS1",2.82499639505854e-32,-0.587202367471521,0.803,0.903,5.38472562862109e-28
"PSD2",2.91603981278693e-32,0.812540222520566,0.465,0.295,5.55826348715316e-28
"CYB561",3.20962791299507e-32,0.678034694507138,0.86,0.816,6.11787176495991e-28
"TNFRSF1B",3.88770352247353e-32,0.548888098933392,0.984,0.992,7.4103516841868e-28
"MRS2",4.09161371502163e-32,0.333600104656886,0.997,0.999,7.79902490220272e-28
"PRKG2",4.1366716370064e-32,-0.368497769062779,0.835,0.755,7.8849098072979e-28
"NCKIPSD",4.24201126456981e-32,0.458499353777832,0.932,0.916,8.08569767139651e-28
"THEM6",4.27482276457008e-32,0.397998930371966,0.964,0.926,8.14823967154702e-28
"ZNF491",4.38365493764913e-32,-0.716207523285835,0.749,0.871,8.35568467665302e-28
"LRRC75B",4.50435835605656e-32,0.565914798216168,0.675,0.509,8.58575746247941e-28
"RHOBTB3",4.90447633692926e-32,0.620959879203562,0.775,0.604,9.34842234582086e-28
"THRA1/BTR",5.10308636157611e-32,-0.89604056357271,0.644,0.798,9.72699291380023e-28
"SLC45A4",5.2583305628366e-32,0.599700226442642,0.856,0.732,1.00229038858228e-27
"FSD1L",5.37674433424761e-32,0.414615415645344,0.967,0.984,1.02486123755094e-27
"MFSD9",5.91803271694426e-32,0.445577292137594,0.964,0.962,1.12803621617675e-27
"PLOD3",6.06834932453371e-32,0.809152290625783,0.846,0.788,1.15668806474937e-27
"OAS3",6.17981853031507e-32,0.554007540432053,0.898,0.813,1.17793521006335e-27
"IGKV6-21",6.52393265370133e-32,0.692705806081518,0.609,0.453,1.24352680312201e-27
"SKOR1",8.15378482102794e-32,-1.96144604340435,0.368,0.553,1.55419292473614e-27
"RGS16",8.4793450805908e-32,0.353934996234925,0.982,0.956,1.61624796581141e-27
"NFIL3",9.18078344037664e-32,0.361194452531316,0.978,0.966,1.74994913157019e-27
"RASL10A",1.04113493398455e-31,-0.828687039210726,0.608,0.79,1.98450729766795e-27
"TMEM143",1.14405091554406e-31,0.457098992984008,0.913,0.871,2.18067545011853e-27
"CYFIP1",1.24999785868629e-31,0.301463841291146,0.908,0.901,2.38262091844193e-27
"ALDOA",1.28312495529779e-31,0.355864717839992,0.96,0.93,2.44576447729312e-27
"LINC00345",1.32136932397884e-31,-1.05663402527168,0.497,0.669,2.51866206843607e-27
"FAM83G",1.42200346385428e-31,0.335060101278123,0.97,0.939,2.71048080245265e-27
"FLNB-AS1",1.51799273617506e-31,0.310893058404732,0.813,0.73,2.89344595442329e-27
"CYGB",1.72102907231169e-31,-0.44104977656844,0.845,0.95,3.2804535147333e-27
"IGF2BP2-AS1",1.75980912265817e-31,-0.599601077872984,0.811,0.91,3.35437216869874e-27
"SLC16A3",1.78041637450448e-31,0.349447245262859,0.99,0.996,3.393651651443e-27
"GALNTL5",1.78973173161703e-31,-0.795883716585342,0.636,0.806,3.41140765363522e-27
"MTRNR2L7",2.06865899318617e-31,-1.57889271825269,0.446,0.611,3.94307090691217e-27
"PARP9",2.2557637240983e-31,0.333011318140406,0.985,0.991,4.29971123450376e-27
"SSR4",2.3320471369971e-31,0.356993024531895,1,1,4.44511504783017e-27
"LINC01483",2.88616349244468e-31,-0.51188976789595,0.827,0.918,5.50131623294881e-27
"UQCRC1",3.26116386591433e-31,0.322268031063981,1,0.999,6.21610444481931e-27
"SBSPON",3.43231032396622e-31,0.321483987100807,0.854,0.755,6.54232670851201e-27
"CAV1",3.46261124740593e-31,0.718689344433796,0.779,0.9,6.60008329868045e-27
"TRAIP",3.47647203904574e-31,-0.439182318153568,0.87,0.938,6.62650335362508e-27
"JPH4",3.71329172843214e-31,-0.537902687902749,0.847,0.923,7.0779053635645e-27
"NUPR1",4.18897232683478e-31,1.0194023871779,0.634,0.466,7.98460015217976e-27
"TNNT3",4.19733662779825e-31,-0.530284331534303,0.872,0.941,8.00054334624624e-27
"C9orf139",4.33085071383855e-31,1.78454313183185,0.585,0.397,8.25503454564766e-27
"KPNA2",4.48822380940808e-31,0.374692945501865,0.989,0.986,8.55500340311274e-27
"C12orf71",4.63184331409352e-31,-2.00829215193953,0.347,0.522,8.82875654099367e-27
"DBNDD2",6.00765270718363e-31,0.548365204028864,0.89,0.802,1.14511868251627e-26
"PIGU",6.07737515191309e-31,0.321343331237552,0.984,0.985,1.15840847770615e-26
"JAM2",6.28389526568015e-31,-0.617269867514087,0.792,0.907,1.19777327659129e-26
"IGFALS",6.60418052951241e-31,-0.729865866999944,0.711,0.84,1.25882285073036e-26
"LMOD3",7.55969005563796e-31,0.557282872592427,0.87,0.824,1.44095252150515e-26
"LRAT",8.92072459358178e-31,-1.05757786036881,0.662,0.815,1.70037931478262e-26
"SLAMF9",1.05476420430618e-30,-7.94361285855994,0.261,0.405,2.01048604982801e-26
"ALG13-AS1",1.16664152993944e-30,-1.48192424991846,0.47,0.639,2.22373542021757e-26
"RGS13",1.17452106324206e-30,1.30621676309329,0.588,0.417,2.23875459864568e-26
"SIX5",1.23459258727161e-30,0.55342416343809,0.931,0.882,2.35325693059841e-26
"CCDC65",1.25131839824385e-30,0.768358084101356,0.78,0.664,2.38513799889261e-26
"SHROOM3",1.32468660563763e-30,-2.24902200360743,0.369,0.535,2.52498513900589e-26
"GLB1L2",1.56087978849113e-30,-0.361463466929023,0.903,0.961,2.97519296484294e-26
"TXNDC12-AS1",1.63536417354229e-30,-0.669405448855258,0.741,0.865,3.11716765118896e-26
"ERICH3",1.65289715000318e-30,0.463540258412331,0.932,0.918,3.15058725762106e-26
"CDK5",1.80146687855492e-30,0.626285961515139,0.905,0.868,3.43377601721352e-26
"CHD5",1.80360123868297e-30,1.08792047570459,0.366,0.188,3.43784432105361e-26
"CABP7",1.86145269803933e-30,0.462165219856429,0.712,0.592,3.54811498773277e-26
"LINC01363",1.89779240291792e-30,-0.548832501975955,0.826,0.941,3.61738209920184e-26
"TMEM187",1.9447839588633e-30,0.589634771413769,0.835,0.723,3.70695270398933e-26
"MSRB2",2.0438705970973e-30,0.331203611365152,0.978,0.96,3.89582174512717e-26
"ANO9",2.54644929330607e-30,0.52788653370129,0.882,0.832,4.85378699797071e-26
"XXYLT1",2.57416642874466e-30,0.322742362605792,0.953,0.896,4.90661862983019e-26
"STEAP1",2.63101988672071e-30,-0.82943146190801,0.312,0.473,5.01498700607835e-26
"CEP19",2.65912720774256e-30,-0.382663532487243,0.925,0.965,5.06856237067808e-26
"LINC00266-1",3.41729771834887e-30,-0.826128432028344,0.672,0.796,6.51371118094478e-26
"ASAP2",3.8641618326313e-30,-0.994398368600569,0.613,0.749,7.36547886917851e-26
"IFNE",3.92683762354754e-30,-0.415389474026059,0.325,0.17,7.48494519424396e-26
"MLF1",4.09198711948194e-30,1.71289552829165,0.612,0.413,7.79973664844453e-26
"ITGB5",4.11290792939827e-30,-0.586656788199589,0.493,0.666,7.83961380422603e-26
"PLA2G7",4.21250124197934e-30,-0.848644732195135,0.715,0.853,8.02944861733681e-26
"NCKAP1",4.21746059254331e-30,0.324626362612816,0.98,0.978,8.03890163544681e-26
"HCST",4.6145372372369e-30,0.480841671324507,0.984,0.983,8.79576942789725e-26
"DHRS11",4.97410251546074e-30,0.370570214195081,0.95,0.912,9.48113680471972e-26
"GPR55",4.99362445560756e-30,0.516918911200085,0.932,0.908,9.51834757483357e-26
"ROPN1L",5.74042180502586e-30,0.939159917146249,0.65,0.49,1.09418180025598e-25
"NPPC",6.01869021434918e-30,-1.13621613999912,0.395,0.59,1.1472225417571e-25
"DSG3",6.52101484081929e-30,-0.791083923468948,0.664,0.794,1.24297063880857e-25
"WNT6",6.73866716421173e-30,0.469479210017592,0.79,0.685,1.2844573481704e-25
"ZBP1",6.84483010344032e-30,0.455525999510343,1,0.999,1.30469306601676e-25
"PHLDB1",7.69276530458128e-30,0.388252397763522,0.868,0.785,1.46631799470624e-25
"PLCD1",7.90279421362297e-30,0.502815230160487,0.936,0.921,1.50635160505867e-25
"IQCE",7.96162088887e-30,0.448885396735927,0.898,0.821,1.51756455762751e-25
"RASA3",8.53094735922714e-30,0.304972473797554,0.999,0.999,1.62608387614228e-25
"CCR9",9.05904600402936e-30,0.989487051944845,0.783,0.684,1.72674475882804e-25
"EIF4E3",9.58962413746098e-30,0.451616026984062,0.993,0.993,1.82787825684144e-25
"EPS8L1",1.10419365079895e-29,0.327157363933008,0.883,0.828,2.10470351778787e-25
"WNK3",1.22510826668374e-29,-0.445848027556909,0.88,0.955,2.33517886712588e-25
"GLT8D1",1.33091628690054e-29,0.460972339943765,0.987,0.99,2.53685953446112e-25
"CCDC42",1.40562375087995e-29,-0.386389650075704,0.985,0.992,2.67925943155227e-25
"ZNF385A",1.41851928354925e-29,-0.390587707956792,0.883,0.942,2.70383960637322e-25
"R3HCC1",1.57109888070863e-29,0.539929079964211,0.964,0.938,2.99467157651871e-25
"KDM8",1.72851206171338e-29,-0.576338674410441,0.737,0.879,3.29471684083188e-25
"NHLRC1",1.93953666691436e-29,-0.420209981805671,0.91,0.961,3.69695084080547e-25
"STKLD1",2.00839212003293e-29,0.920482403910448,0.636,0.492,3.82819621999477e-25
"RGS6",2.03030447508827e-29,-0.767585582891622,0.402,0.592,3.86996335996575e-25
"CCNE2",2.04610124010301e-29,0.309748283071852,0.949,0.939,3.90007357376034e-25
"IL17D",2.18539300821029e-29,3.8900155589415,0.378,0.225,4.16557761294963e-25
"CADPS",2.3917077420399e-29,0.378314982785552,0.976,0.954,4.55883412710225e-25
"OR1L3",2.48319287580956e-29,-0.980179817098184,0.448,0.614,4.7332139405806e-25
"OR2G6",2.57814933379427e-29,-0.451003283002255,0.846,0.951,4.91421044514526e-25
"YBX2",2.58613976128989e-29,-0.325111201858968,0.397,0.236,4.92944099899467e-25
"GABRA2",2.60420811134904e-29,-0.769788549088855,0.593,0.745,4.96388108104241e-25
"C2orf66",2.63358223991705e-29,-0.391094298200469,0.364,0.226,5.01987110750588e-25
"PRR5L",2.72737982191521e-29,-0.454429758481393,0.745,0.882,5.19865867855259e-25
"ZFYVE28",3.04790633646653e-29,0.317455409892852,0.987,0.975,5.80961426793885e-25
"FBXL8",3.26480726887654e-29,0.380433553907475,0.956,0.977,6.22304913520558e-25
"TCEAL7",3.34002796091444e-29,-1.41950135382397,0.404,0.548,6.36642729629902e-25
"FMR1NB",3.89737442856305e-29,-1.03337832820718,0.525,0.703,7.42878539828404e-25
"BRIP1",3.98090095447949e-29,0.737720518443364,0.706,0.594,7.58799530933335e-25
"KRT18",4.51547151056597e-29,-0.718535335643194,0.709,0.859,8.6069402462898e-25
"LINC00957",4.80240402644228e-29,0.33970008993978,0.952,0.931,9.15386231480163e-25
"MAP2",4.97550686934544e-29,-0.649171478412295,0.681,0.827,9.48381364365934e-25
"ITGB3",5.53815626351979e-29,-0.468902606932964,0.645,0.819,1.05562796538951e-24
"GGT1",5.59487550758e-29,-1.05320630119875,0.291,0.426,1.06643922049982e-24
"ZNF852",6.95646873869748e-29,-0.319533648787431,0.958,0.992,1.32597250628313e-24
"AC005253.2",7.04784395150972e-29,1.05934095234805,0.667,0.497,1.34338953559727e-24
"ANKRD45",7.23418151781988e-29,-0.779694690101906,0.671,0.829,1.37890733911165e-24
"C9orf152",7.65093378767393e-29,-0.926433620781962,0.577,0.751,1.45834448926853e-24
"STAC3",8.08839348020819e-29,0.701507564575792,0.878,0.809,1.54172868126248e-24
"SUMF1",8.40445950031506e-29,0.377671942318889,0.95,0.947,1.60197402535505e-24
"SLC25A4",8.73277523134253e-29,0.395657271177255,1,1,1.6645542868462e-24
"TMEM74B",8.95297163213214e-29,0.873679824132799,0.562,0.387,1.70652592280071e-24
"OR4D9",9.12959011123551e-29,-0.7538883792813,0.669,0.81,1.7401911711026e-24
"OR2A1",9.22802251038075e-29,-0.907939270906631,0.607,0.759,1.75895337070368e-24
"PARD6G-AS1",9.60293486331502e-29,0.316288564684269,0.74,0.585,1.83041541429648e-24
"HLF",9.88264532918331e-29,0.436560550325702,0.731,0.618,1.88373102619563e-24
"EVA1C",1.13549263344606e-28,1.02667432514737,0.65,0.493,2.16436250861153e-24
"GALNT14",1.19380454978665e-28,0.525100394827499,0.741,0.616,2.27551085234833e-24
"EVPL",1.2422053598993e-28,0.814833696966632,0.409,0.257,2.36776763650406e-24
"GLDC",1.24982246625534e-28,1.34244336432113,0.577,0.4,2.38228660292931e-24
"FOXD2",1.31697000710766e-28,-0.738314871229694,0.697,0.837,2.5102765305479e-24
"KLF5",1.71617604965094e-28,-0.455369672072221,0.868,0.923,3.27120316823966e-24
"LINC01091",1.91298779109389e-28,-0.314455475929867,0.963,0.987,3.64634602860406e-24
"SPDYE1",2.09119541230846e-28,-0.368749018451076,0.94,0.968,3.98602757540116e-24
"ACVR2B",2.38710453619343e-28,0.357867449048662,0.941,0.91,4.5500599564383e-24
"OXGR1",2.45332789801562e-28,-3.44338613417143,0.25,0.371,4.67628830640758e-24
"AC233755.2",2.51181177542878e-28,-0.45119443389618,0.446,0.639,4.7877644251448e-24
"ERVW-1",2.81706428589995e-28,-0.338920359733394,0.935,0.972,5.3696062353539e-24
"SMIM2-AS1",2.95280749963317e-28,-0.310656681555558,0.929,0.967,5.62834637505079e-24
"KIF11",3.43516937268994e-28,0.485142094338854,0.96,0.964,6.54777634128429e-24
"KRT8",3.45999404427607e-28,-0.653312971114762,0.805,0.89,6.59509464779461e-24
"GPR135",3.88374090556607e-28,0.43584356619041,0.82,0.753,7.40279854009948e-24
"PPIB",3.92587384896772e-28,0.58650010064806,1,1,7.48310814351737e-24
"GPRC5D",4.18598624616057e-28,1.36047850929216,0.616,0.453,7.97890838380666e-24
"HIST1H2BH",4.18598628168386e-28,0.460821501148864,0.933,0.895,7.9789084515176e-24
"PLK1",4.2273699674549e-28,0.541773242434926,0.773,0.702,8.05778989496578e-24
"SLC22A14",4.74600586882514e-28,-1.80657267891106,0.264,0.388,9.04636178656761e-24
"HIGD1B",4.88523455596971e-28,-0.797655741255696,0.67,0.84,9.31174558713387e-24
"AC159540.1",5.06474076696069e-28,0.531375474515974,0.81,0.728,9.65390237590378e-24
"ADAMTS15",5.19849282583443e-28,-0.88974412154044,0.467,0.645,9.908847175323e-24
"NAT1",5.70449307004151e-28,0.545141493517729,0.886,0.814,1.08733342408061e-23
"HSD17B13",5.74337987260746e-28,0.303751069727475,0.891,0.846,1.09474563751771e-23
"TLCD2",6.52440430940618e-28,0.532121825063947,0.795,0.663,1.24361670541591e-23
"TGFB1I1",6.96928046684862e-28,0.358147101166214,0.907,0.858,1.32841454978602e-23
"TMEM200A",6.99559169061555e-28,0.580705710101956,0.688,0.581,1.33342973214823e-23
"SYNJ1",7.67768567944237e-28,0.440214972417784,0.907,0.861,1.46344366735851e-23
"PIGV",7.76782338899801e-28,0.740769570463904,0.798,0.68,1.48062481617691e-23
"HSPA1B",7.82653306752073e-28,0.849816520147305,0.767,0.652,1.49181546800013e-23
"RNF212",7.92287618690859e-28,-0.62955337036848,0.702,0.863,1.51017942998665e-23
"C20orf197",8.01737733480739e-28,0.499923823048942,0.851,0.806,1.52819229378764e-23
"PCGF3",8.28111098260612e-28,0.377831093893909,0.974,0.969,1.57846256439455e-23
"POP1",9.855980958293e-28,-0.555608941694327,0.7,0.861,1.87864853046023e-23
"IGHV1-67",1.31536162249684e-27,0.991977581677641,0.301,0.15,2.50721078864123e-23
"CCDC187",1.36918581133818e-27,-0.413241666186551,0.838,0.93,2.6098050749917e-23
"CD96",1.3694423734867e-27,0.712626153755142,0.849,0.776,2.61029410810299e-23
"LINC01180",1.38830161859543e-27,-0.845841884799233,0.601,0.74,2.64624171520475e-23
"FBXL16",1.39979300742736e-27,0.802832756105984,0.778,0.697,2.6681454514573e-23
"OSBPL1A",1.43000684598926e-27,-2.06711548039323,0.49,0.658,2.72573604914012e-23
"INHBE",1.50191911085206e-27,-1.17222003381281,0.471,0.636,2.86280801719511e-23
"SRRM2-AS1",1.52915691631803e-27,-0.410018918295933,0.874,0.969,2.9147259981938e-23
"NPY",1.64802029042206e-27,-1.03005154649438,0.516,0.674,3.14129147557349e-23
"FRMPD3",1.7880354088267e-27,-0.442268586496664,0.755,0.882,3.40817429276457e-23
"CYP1A1",1.99273200052996e-27,-0.655004412734828,0.72,0.829,3.79834646621016e-23
"CLMP",2.11071209031511e-27,0.911373933235579,0.611,0.442,4.02322831534963e-23
"ACACB",2.20783596598216e-27,0.329008171976676,0.934,0.923,4.20835613475859e-23
"ACP7",2.43865903198984e-27,0.312313079038788,0.567,0.396,4.64832798087583e-23
"OLFML1",2.54551069648689e-27,-0.448930599083115,0.889,0.936,4.85199793857366e-23
"GP1BB",3.05075669419303e-27,-0.391958346879741,0.63,0.765,5.81504733480133e-23
"XPNPEP2",3.22111742615487e-27,-0.785201298367566,0.55,0.742,6.13977192599379e-23
"CPEB1",3.31596428588109e-27,-1.84278030287462,0.47,0.623,6.32055952531794e-23
"NREP",3.52844644723205e-27,-0.731519930210666,0.834,0.93,6.725571773069e-23
"ADARB2",3.71141720442392e-27,-0.470493459640634,0.878,0.947,7.07433233335243e-23
"ZFP90",3.97107292773294e-27,0.305036366832542,0.949,0.941,7.56926210755175e-23
"FGFR4",4.26057777456156e-27,-0.389640472099313,0.899,0.971,8.1210872960918e-23
"LINC01565",4.32030076927653e-27,-0.506519166066619,0.828,0.926,8.234925296318e-23
"OR2AP1",4.78260888868975e-27,-0.869626800029927,0.637,0.777,9.11613080273153e-23
"ERI2",4.79681950448289e-27,-0.321269335760327,0.964,0.986,9.14321765749483e-23
"MIR3945HG",4.97249098624493e-27,1.09103856573656,0.607,0.446,9.47806506888146e-23
"DEXI",5.23540126771376e-27,0.3469551162872,0.99,0.976,9.97919835638919e-23
"GOLGA8R",5.7647204019265e-27,-0.315299466619759,0.93,0.979,1.09881335581121e-22
"CGNL1",5.84640325955346e-27,-0.81910106899428,0.619,0.765,1.11438292530348e-22
"RUNX2",6.5765138927152e-27,0.431344475409149,0.915,0.882,1.25354931309044e-22
"EWSAT1",6.80160407458006e-27,-1.97255929053253,0.318,0.464,1.29645375265571e-22
"TMEM121",6.85208925492988e-27,0.30879535082856,0.992,0.994,1.30607673288218e-22
"SLC9A3R1",7.02004344863641e-27,0.719228833476754,0.944,0.938,1.33809048174459e-22
"MAP3K15",7.6160156214248e-27,-1.11996864302077,0.541,0.717,1.45168873759978e-22
"ISOC2",7.98176545230652e-27,0.514434877570075,0.996,0.998,1.52140431286415e-22
"KCNE4",8.31259661953282e-27,-0.621743240496672,0.758,0.885,1.58446404164915e-22
"EDRF1-AS1",8.3187358919035e-27,-0.423870467790953,0.879,0.942,1.58563424835573e-22
"ZNF221",8.70185753701421e-27,-0.784890304726497,0.689,0.82,1.65866106513028e-22
"ADGRE3",9.08401954817236e-27,-0.991919644765899,0.587,0.749,1.73150496607713e-22
"SMIM18",9.33880383493416e-27,-0.383412260831966,0.971,0.985,1.7800693989768e-22
"PABPC3",9.73791201340367e-27,-1.37527803967378,0.57,0.724,1.85614340887487e-22
"PRR27",1.00998121499709e-26,-1.54029970789633,0.357,0.486,1.92512519390595e-22
"ANKRD53",1.05797560901199e-26,-1.43236516619864,0.463,0.641,2.01660730833776e-22
"PKHD1L1",1.08441037274941e-26,0.382639628709287,0.964,0.983,2.06699461149765e-22
"AC093802.1",1.17676827797286e-26,0.409392122363791,0.784,0.68,2.24303801464407e-22
"TMED6",1.18895749973648e-26,0.494249888283123,0.635,0.483,2.2662718902477e-22
"C5orf34",1.29203599181593e-26,-0.308118069823603,0.934,0.975,2.46274980400034e-22
"PYHIN1",1.33403696975108e-26,0.702509226339869,0.809,0.684,2.54280786804253e-22
"HTR2A",1.43843356547233e-26,-1.23176700989808,0.379,0.523,2.7417982191468e-22
"ABHD4",1.67243818620596e-26,-0.460279058704135,0.813,0.929,3.18783442672718e-22
"NPIPA2",1.7106055256723e-26,1.09277562150078,0.617,0.468,3.26058519248396e-22
"CRADD",1.73589197825395e-26,0.363232558244261,0.978,0.962,3.30878369974986e-22
"POMK",1.78038506162756e-26,0.571579181022814,0.776,0.677,3.3935919659683e-22
"GABRR2",1.79151959116167e-26,0.579926948898919,0.752,0.635,3.41481549271325e-22
"CPED1",1.79316281996474e-26,0.48060565088712,0.88,0.822,3.4179476511348e-22
"EGR4",1.84959198207932e-26,0.421944757539647,0.683,0.54,3.52550727704139e-22
"TRIM2",1.99610611823275e-26,1.00198881141962,0.649,0.501,3.80477787196345e-22
"ARC",2.07590045616429e-26,-0.99359028268994,0.474,0.641,3.95687385949476e-22
"C4orf33",2.1703475759851e-26,0.314934032996258,0.99,0.988,4.1368995145852e-22
"REPS2",2.29452183661514e-26,-1.09061672645267,0.577,0.709,4.37358807277212e-22
"SRRM4",2.39006429833159e-26,-0.480067200929463,0.864,0.926,4.55570155904985e-22
"LINC01448",2.6837797900804e-26,-1.55807497748122,0.264,0.415,5.11555265787224e-22
"C4orf47",2.69705289213524e-26,0.466648295075323,0.74,0.642,5.14085251769899e-22
"TNFSF10",2.81227675033154e-26,0.529329937720666,0.944,0.921,5.36048071380695e-22
"LINC00486",2.85158519897124e-26,0.300737941242136,0.616,0.448,5.43540654775907e-22
"LINC00102",2.93559292141611e-26,-0.740959057005902,0.719,0.87,5.59553366751124e-22
"FSTL3",2.97715313635568e-26,-1.47212599302369,0.521,0.727,5.67475159320757e-22
"PTGFRN",3.30349302122671e-26,0.378276360098825,0.53,0.379,6.29678804776024e-22
"C4B-AS1",3.31798552574316e-26,-0.566016252175944,0.818,0.902,6.32441221061904e-22
"NOMO3",3.33375686850309e-26,0.499066855136562,0.987,0.99,6.35447396705373e-22
"PITPNC1",3.65592121426177e-26,0.440105520021641,0.987,0.991,6.96855142650435e-22
"AC092171.4",3.7136651576181e-26,-0.781684780625177,0.561,0.733,7.07861715693585e-22
"RGPD8",3.86271419073622e-26,0.560747507106885,0.682,0.536,7.3627195189623e-22
"PLBD1",3.97114034505664e-26,-2.13785162959079,0.496,0.685,7.56939061171246e-22
"SPTBN4",4.12291602544987e-26,0.62930610002393,0.706,0.59,7.85869023611001e-22
"STARD5",4.36221837496857e-26,0.625838067008724,0.86,0.794,8.3148244445276e-22
"THNSL2",4.89177500681577e-26,-0.364668252304045,0.894,0.967,9.32421234049155e-22
"NBPF3",5.08577828243576e-26,0.584973431741379,0.77,0.649,9.69400198415081e-22
"NAPSA",5.67750636694274e-26,0.946722397637795,0.74,0.63,1.08218948860295e-21
"OR10K2",5.9821651755727e-26,-0.804836333704937,0.579,0.741,1.14026050411591e-21
"AC099850.1",6.08727623853234e-26,0.636435463856115,0.715,0.586,1.16029572382665e-21
"SLC27A4",6.10497185646932e-26,0.453974115910715,0.907,0.884,1.16366868556162e-21
"PLEKHG4B",6.73549324035114e-26,-0.930575062474794,0.547,0.709,1.28385236654333e-21
"PRAME",7.11696911946144e-26,0.484228937774976,0.445,0.243,1.35656548386054e-21
"AJ239322.1",7.9080207600392e-26,5.1135112630979,0.451,0.272,1.50734783707107e-21
"PHACTR2",8.06704027519999e-26,0.592246571898661,0.901,0.836,1.53765854685587e-21
"IGF1",8.41289253421447e-26,1.3232723301074,0.599,0.449,1.60358144594662e-21
"CITED1",9.03750113169897e-26,-0.379203891199221,0.937,0.976,1.72263809071314e-21
"GRIN2D",9.10638517469016e-26,0.892097470265684,0.293,0.17,1.73576807814769e-21
"MT1F",9.36005761073599e-26,0.711741999936132,0.844,0.759,1.78412058118239e-21
"ARMT1",1.05643113569251e-25,0.404224673586555,0.992,0.994,2.0136633877435e-21
"BVES",1.07334851679499e-25,-0.341326944792486,0.953,0.976,2.04590960786292e-21
"PLA1A",1.10839289648665e-25,1.08197892100743,0.434,0.248,2.1127076999932e-21
"HIC1",1.29481432829025e-25,0.810181157620821,0.723,0.595,2.46804559115405e-21
"SULT1E1",1.34863023371241e-25,-0.917821532287691,0.433,0.579,2.57062408847923e-21
"UCKL1-AS1",1.4001161035094e-25,1.01253681995222,0.654,0.517,2.66876130489927e-21
"PLD1",1.66954069035401e-25,-1.73195552619474,0.527,0.691,3.18231150988377e-21
"YJEFN3",1.74503275307198e-25,0.347119363045907,0.865,0.771,3.3262069306305e-21
"SLC6A11",1.86834618346583e-25,-2.09629588636684,0.422,0.574,3.56125466030422e-21
"TM4SF5",2.01470506865379e-25,-1.11345500309026,0.439,0.598,3.84022933136099e-21
"IGHV3-43",2.17944435116805e-25,0.606279919809167,0.526,0.702,4.15423887776142e-21
"XBP1",2.24772687958959e-25,0.716462681868195,0.999,0.999,4.28439220518572e-21
"ATP1A2",2.38386938326043e-25,-0.436755337329728,0.871,0.952,4.5438934314327e-21
"DLL1",2.45937672872716e-25,-0.397415902744631,0.888,0.953,4.68781798262685e-21
"FAM81A",2.46290475036263e-25,-0.366074750710316,0.912,0.976,4.6945427446662e-21
"OR4D1",2.65344150319166e-25,0.368302190357594,0.859,0.833,5.05772484923361e-21
"SEMA3G",2.96589843915233e-25,1.16588850327894,0.626,0.494,5.65329901486825e-21
"CCDC85C",3.26422052119332e-25,0.475807698395246,0.898,0.837,6.22193073544659e-21
"RASGRP3",3.4489031511574e-25,0.329199028654728,1,1,6.57395429642112e-21
"EPHA1-AS1",3.569230682395e-25,0.302013095991229,0.98,0.974,6.80331060371311e-21
"DNAJC1",3.65109876233798e-25,0.457231161905446,1,1,6.95935935089243e-21
"NRTN",3.90245923513552e-25,-0.351293442770983,0.886,0.958,7.43847754809182e-21
"KCNN3",4.31545154599516e-25,0.661862430493976,0.93,0.9,8.22568219182137e-21
"LDHA",4.68079012019269e-25,0.334622126026765,0.997,0.999,8.92205404809928e-21
"PSCA",4.75982758205912e-25,-0.313230237396219,0.96,0.985,9.07270735416289e-21
"E2F1",4.80411711421705e-25,0.471240550040095,0.955,0.958,9.15712763140912e-21
"AC064834.1",4.89915646337001e-25,-0.582956487198436,0.76,0.9,9.33828213482958e-21
"ANKRD65",4.91838670862423e-25,-0.638213205053038,0.776,0.889,9.37493690530864e-21
"SDS",5.31152147176395e-25,-0.450817103732083,0.849,0.938,1.01242910773293e-20
"VAC14-AS1",5.65676156069839e-25,-0.302719676541434,0.93,0.97,1.07823532108472e-20
"HGF",5.66481519572787e-25,-0.718432542326898,0.744,0.852,1.07977042445769e-20
"DRAIC",5.82622292996718e-25,-0.372422895429738,0.765,0.875,1.11053635268105e-20
"ST5",6.08664404904479e-25,0.401472313190185,0.679,0.525,1.16017522218843e-20
"GNAL",6.13442461445009e-25,-0.894807071571936,0.578,0.728,1.16928267576033e-20
"A4GALT",6.20899928975455e-25,-3.29276479874661,0.362,0.489,1.18349735462012e-20
"FAAH2",6.20899928975455e-25,0.476007991204042,0.864,0.798,1.18349735462012e-20
"LRRC8C",6.35294876855388e-25,0.454082579297839,0.974,0.983,1.21093556477406e-20
"LUZP2",8.32550170033148e-25,0.415422463730701,0.365,0.236,1.58692387910018e-20
"IGKV1-39",8.75667751409234e-25,0.613389642581016,0.764,0.671,1.66911030096114e-20
"MTMR7",8.97651444288888e-25,-1.16634632276137,0.547,0.703,1.71101341795905e-20
"WDR93",9.36948770036229e-25,-0.484894734785524,0.854,0.936,1.78591805056606e-20
"MT1X",1.04041244969158e-24,0.622145451053538,0.893,0.889,1.98313017035713e-20
"GLYATL3",1.06988954071063e-24,-1.17743364820408,0.387,0.527,2.03931645354853e-20
"ZBTB20-AS4",1.15681817721222e-24,-0.540440045017268,0.766,0.89,2.20501112758422e-20
"AC007880.1",1.31410551086176e-24,-0.581841151512142,0.788,0.898,2.50481651425359e-20
"PDIA6",1.34175311121941e-24,0.377220688803403,1,1,2.55751560529531e-20
"TMEM236",1.39091656360914e-24,1.12822193829291,0.575,0.404,2.65122606189537e-20
"ERLIN1",1.49676876373993e-24,0.975530248726193,0.65,0.501,2.85299094056468e-20
"AARS",1.59422578252439e-24,0.386099384997449,0.999,1,3.03875376406974e-20
"VPREB1",1.62484195555956e-24,-0.434419055366897,0.86,0.938,3.09711125149208e-20
"ZSCAN22",1.65079983825812e-24,0.316189836934615,0.955,0.923,3.1465895717038e-20
"CASP1",1.6878324054755e-24,0.333658297558376,0.973,0.975,3.21717734807686e-20
"SSTR2",1.69796554822079e-24,-1.51122928477079,0.487,0.675,3.23649213146364e-20
"MFAP3",1.71659901713883e-24,0.984772624391407,0.6,0.46,3.27200938656832e-20
"LAMB2",1.72447320229352e-24,0.525302484558752,0.447,0.298,3.28701837089167e-20
"GHR",1.7730994147643e-24,-0.458463290966696,0.893,0.964,3.37970479448224e-20
"BACE1",1.85022321387785e-24,-0.637423379104179,0.797,0.918,3.52671046797257e-20
"CD68",1.8645985874033e-24,0.454933360539907,0.875,0.812,3.55411136744944e-20
"WDR97",1.88769681972263e-24,-0.676178213509267,0.746,0.823,3.59813890807331e-20
"OTUD7B",2.04525936737127e-24,5.58154220106633,0.518,0.339,3.89846888014639e-20
"CDCA2",2.06113511948042e-24,0.626304210881221,0.675,0.578,3.92872965124162e-20
"FUT5",2.07713294113216e-24,0.367362474860363,0.384,0.223,3.95922309909201e-20
"DUSP7",2.2662060387415e-24,0.383794719765947,0.964,0.953,4.31961533044517e-20
"CDH3",2.72071535787514e-24,-0.4128622122427,0.875,0.952,5.1859555436458e-20
"KCNA7",2.77464616691948e-24,-1.26183296052001,0.506,0.683,5.28875305876523e-20
"GPRIN3",2.79318365341917e-24,0.613461502223932,0.932,0.897,5.32408736178228e-20
"CA3-AS1",3.05417617672044e-24,-1.00813850064952,0.605,0.739,5.82156521044682e-20
"CITED2",4.256572003676e-24,0.509333338880523,0.984,0.988,8.11345189620683e-20
"NEUROD1",4.35576239879298e-24,-0.747865928715596,0.643,0.781,8.3025187083393e-20
"GXYLT2",4.54121730491483e-24,-0.904091025809407,0.57,0.715,8.65601430489816e-20
"DCAF8L1",4.68113407287191e-24,-0.323942936395325,0.41,0.245,8.92270965630116e-20
"C19orf71",4.86755979415826e-24,-0.373387366214681,0.888,0.947,9.27805572364505e-20
"DMTN",4.95832417649643e-24,0.339138669052865,0.976,0.973,9.45106171281985e-20
"CLEC1A",5.18269434024976e-24,-2.66983362145583,0.35,0.504,9.87873368195006e-20
"LINC00398",5.40580891213837e-24,-0.987749918176988,0.429,0.6,1.0304012367427e-19
"CFAP73",5.77549747398756e-24,-0.565148719542435,0.814,0.916,1.10086757351677e-19
"RACGAP1",5.80977052488906e-24,0.391634683150192,0.934,0.923,1.1074003597491e-19
"PYDC1",5.94888881056501e-24,0.328791577372177,0.448,0.27,1.1339176961818e-19
"FGL2",5.9737792988109e-24,0.718950654926839,0.817,0.765,1.13866207214634e-19
"GABRB2",5.9841808142784e-24,-0.817800621469031,0.654,0.784,1.14064470500961e-19
"RSPH14",6.76101068946004e-24,0.416967623294223,0.707,0.607,1.28871624751798e-19
"LINC01235",7.70951165271919e-24,-0.362393716892356,0.888,0.936,1.4695100161248e-19
"ZNF571-AS1",8.26637901277355e-24,-0.379246660753239,0.927,0.962,1.57565450362477e-19
"FARP1-AS1",8.33258712035034e-24,-0.660924396611685,0.712,0.839,1.58827443100998e-19
"AC007389.3",8.41098007317857e-24,-0.548586165275854,0.791,0.9,1.60321691174857e-19
"KLHL10",8.66557702028775e-24,-1.36099779647452,0.478,0.622,1.65174563583705e-19
"NRARP",9.26987519155323e-24,-0.945647615897713,0.6,0.724,1.76693091026196e-19
"OR4F17",9.96751461961868e-24,-1.53669798814696,0.326,0.441,1.89990796164552e-19
"AC083949.1",1.06782497266839e-23,0.321232336344114,0.722,0.612,2.03538118040322e-19
"TCHP",1.11212359397584e-23,0.495920302973913,0.914,0.902,2.11981878247734e-19
"GPR4",1.11424116149792e-23,-0.997803409477898,0.331,0.458,2.12385507793118e-19
"PANK1",1.18210778835637e-23,-1.41201568210841,0.566,0.721,2.25321565538608e-19
"CENPI",1.22367639729111e-23,0.415990761734889,0.649,0.512,2.33244958087658e-19
"PPP1R14A",1.23642693508279e-23,0.413269125985018,0.998,0.995,2.35675338096131e-19
"CAPN13",1.26800549350295e-23,-0.323467146552797,0.647,0.502,2.41694527116598e-19
"DSTN",1.30352989675878e-23,0.382276748400984,0.992,0.996,2.48465833621192e-19
"KIAA1211",1.39671115292397e-23,-0.411309387234359,0.682,0.547,2.66227112858838e-19
"DPAGT1",1.43977263606423e-23,0.390402994935924,0.999,0.995,2.74435062160204e-19
"DSCR8",1.44176090899537e-23,-0.36467782353229,0.49,0.329,2.74814046863608e-19
"ADCK1",1.47343726600132e-23,-0.427008725668505,0.761,0.897,2.80851877272512e-19
"VPS9D1-AS1",1.51048340766556e-23,0.33764526656053,0.73,0.616,2.87913242335133e-19
"SOX21-AS1",1.51674681298116e-23,-1.05554420771711,0.388,0.517,2.89107110022338e-19
"FKBP7",1.53887195327035e-23,-0.85526565187838,0.577,0.729,2.93324383012861e-19
"GBA",1.78276633984032e-23,0.4604591903166,0.956,0.916,3.39813092036963e-19
"ESRP2",1.83823048388203e-23,-1.84706723142611,0.416,0.563,3.50385112532754e-19
"RAD54B",1.87206789803992e-23,0.407486769389244,0.702,0.561,3.56834862045389e-19
"SYT9",1.93427059952954e-23,-1.0213950846071,0.416,0.572,3.68691318976326e-19
"PCYOX1",2.31598636781262e-23,0.32828519595836,0.942,0.947,4.41450161568764e-19
"BMS1P14",2.32914624239358e-23,0.462279432395041,0.868,0.754,4.4395856526264e-19
"LRRC1",2.42169862149206e-23,-2.33636097443362,0.468,0.619,4.61599974242602e-19
"ARAP1-AS1",2.43670737997052e-23,-0.337570547441947,0.925,0.952,4.64460793696181e-19
"INPP4A",2.50969687961044e-23,0.460345601501952,0.994,0.991,4.78373322222545e-19
"TPPP",2.78930999928679e-23,0.5824052917157,0.707,0.614,5.31670378964054e-19
"ADAM21",2.93946235759101e-23,-0.83431623336678,0.605,0.715,5.60290919980422e-19
"LINC01179",2.97695919199066e-23,-0.927205335248706,0.446,0.603,5.67438191585339e-19
"PPOX",3.09019766030617e-23,0.427003425484831,0.998,0.999,5.89022576030959e-19
"PGAP1",3.24413812568912e-23,0.341859446022586,0.942,0.938,6.18365168137604e-19
"C3orf80",3.34103644692668e-23,-0.547744070012408,0.783,0.655,6.36834957148694e-19
"RNF182",3.67680776233815e-23,-0.657883383452523,0.283,0.174,7.00836327579276e-19
"BTNL8",3.7299756154275e-23,1.00543081566032,0.56,0.417,7.10970652056637e-19
"PDLIM7",3.86426762906142e-23,0.595644629038756,0.915,0.939,7.36568052775398e-19
"FAH",4.24333817448167e-23,-1.63160954468639,0.487,0.647,8.08822689437952e-19
"ACOX3",4.29653731353564e-23,0.356661552125026,0.966,0.967,8.18962977333029e-19
"COL1A1",4.63778725850521e-23,-0.491895172224974,0.808,0.931,8.84008629343678e-19
"AP000350.5",4.7255988760144e-23,-0.925233616385507,0.553,0.712,9.00746401757104e-19
"C5orf30",7.92202007956893e-23,0.458060505131401,0.984,0.991,1.51001624736663e-18
"DISP2",8.31853514856842e-23,2.42754393633744,0.526,0.386,1.58559598466863e-18
"IFIT3",8.94739440895769e-23,0.427867907054764,0.939,0.905,1.70546284829142e-18
"OLR1",9.22909426999282e-23,-1.42893744724934,0.537,0.689,1.75915765880333e-18
"SLC25A10",9.94789654298277e-23,2.07221522814714,0.421,0.271,1.89616856005795e-18
"C1orf53",1.01967252587447e-22,0.731502727289673,0.688,0.567,1.94359780156932e-18
"OR2L8",1.02001762986523e-22,-1.17935997380017,0.399,0.559,1.94425560428611e-18
"LDB3",1.04977801363473e-22,-0.334274246641415,0.954,0.975,2.00098187178915e-18
"IGKV2-24",1.082409127067e-22,-0.446339762818248,0.886,0.95,2.0631800371024e-18
"ITGAX",1.27666992993458e-22,0.716650026523841,0.851,0.82,2.43346055344831e-18
"TIMP1",1.28336823800877e-22,0.581304714187567,0.882,0.817,2.44622819846851e-18
"PRADC1",1.3076390733203e-22,0.535562682461864,0.942,0.931,2.49249083765583e-18
"LINC00881",1.34796650143915e-22,0.310838996502449,0.569,0.417,2.56935894839316e-18
"FSIP2-AS1",1.35892681685779e-22,-0.847992422519125,0.623,0.778,2.59025040561263e-18
"PACRG-AS3",1.53380306133681e-22,-0.839850984190017,0.507,0.645,2.9235820152141e-18
"TUBB2B",1.60625852202732e-22,0.921858622165177,0.459,0.322,3.06168936883627e-18
"TXNDC15",1.70748947864228e-22,0.384075043127728,1,1,3.25464569524005e-18
"NUTM2E",1.89169483805735e-22,-0.774255793548495,0.599,0.743,3.60575953082111e-18
"LINC00544",1.89774760700625e-22,0.493916429525243,0.764,0.708,3.61729671371462e-18
"IGHV3OR16-15",1.96825130074159e-22,-0.618946768432751,0.279,0.383,3.75168380434354e-18
"HIST1H2AD",2.03791976964595e-22,0.416851920216077,0.755,0.636,3.88447887292215e-18
"MYO1F",2.14360133523171e-22,0.486950151691408,0.989,0.999,4.08591850508517e-18
"SGMS2",2.18576163412527e-22,-0.462573528670237,0.841,0.897,4.16628025080619e-18
"IGKV5-2",2.1982737591295e-22,0.452744155613646,0.78,0.689,4.19012961227674e-18
"HS3ST4",2.21234177425916e-22,-0.813713809974965,0.587,0.706,4.21694465591539e-18
"TCP10L2",2.21271320151082e-22,-3.4134962612646,0.262,0.363,4.21765263339978e-18
"PTOV1-AS2",2.2832633192676e-22,2.39212438625858,0.39,0.244,4.35212821285598e-18
"CDK5R2",2.29555718415491e-22,-0.496498275322891,0.815,0.916,4.37556154871767e-18
"SAG",2.458166784739e-22,-0.5565870308787,0.755,0.879,4.685511708391e-18
"LINC01150",2.46642452836642e-22,-0.700033432029842,0.757,0.858,4.70125179351923e-18
"FAM90A26",2.55994976931383e-22,-0.926932101935583,0.543,0.711,4.87952025528908e-18
"IZUMO2",2.70549677648608e-22,-0.446900917099432,0.824,0.896,5.15694740566012e-18
"CENPBD1",2.75673271327812e-22,-0.673396968472567,0.626,0.812,5.25460822477943e-18
"PRTN3",2.77061892434344e-22,-0.455270392544595,0.903,0.944,5.28107673169104e-18
"DENND5B-AS1",2.82118491680748e-22,-0.339663455505107,0.455,0.288,5.37746056992674e-18
"FAM72A",2.84776281388344e-22,0.554528567975677,0.76,0.712,5.42812069954323e-18
"OR5AN1",3.33831204924221e-22,-0.771132198116064,0.653,0.795,6.36315659706058e-18
"LIMD1",3.59540132383138e-22,0.345581909841845,1,1,6.85319446335499e-18
"FAM181B",4.536776648714e-22,-0.398677626924368,0.964,0.988,8.64754997011376e-18
"NDC80",4.62069077045813e-22,0.370277271271091,0.987,0.983,8.80749867757025e-18
"ACER1",5.09938123512125e-22,-0.687693771501172,0.649,0.818,9.71993057226462e-18
"IL19",5.10957536530523e-22,-0.810412781565764,0.648,0.758,9.73936160380831e-18
"ROPN1B",5.33901886656179e-22,-0.935306357131067,0.523,0.678,1.01767038615534e-17
"GPR176",5.52327310978855e-22,-0.788260442598583,0.585,0.715,1.05279108745679e-17
"TRAV22",5.68161437368536e-22,-0.526044836690861,0.82,0.93,1.08297251576817e-17
"CHRD",6.01189462413185e-22,-0.342206592945873,0.533,0.371,1.14592723430577e-17
"OLFML2A",6.17792923208317e-22,-0.419639926098288,0.884,0.949,1.17757509092737e-17
"DNAH9",6.71933694955585e-22,-0.304123171178885,0.982,0.998,1.28077281595484e-17
"TMPRSS9",6.97607355999423e-22,-0.791870653469125,0.708,0.822,1.3297093812705e-17
"C8orf37-AS1",7.5215108083205e-22,-0.459194934567176,0.882,0.928,1.43367517517397e-17
"RIMS1",7.69551695028295e-22,1.38501074590961,0.349,0.206,1.46684248589343e-17
"AC017002.1",8.03158489089641e-22,-0.518598599979526,0.82,0.936,1.53090039605376e-17
"LCP2",8.31031056302987e-22,0.560694363090392,0.89,0.845,1.58402829641912e-17
"RASSF8-AS1",8.47846774989167e-22,-2.39950039156209,0.415,0.553,1.61608073780685e-17
"FILIP1L",9.90636641392585e-22,-0.547917318743073,0.812,0.892,1.88825250215841e-17
"SORBS2",1.00116997512507e-21,2.15661909963079,0.464,0.316,1.9083300895859e-17
"C1orf112",1.01181411297838e-21,-0.439557415023368,0.79,0.861,1.9286188807481e-17
"HSPA2",1.05030482692983e-21,-0.317486332250821,0.923,0.975,2.00198603061094e-17
"TAS2R42",1.0727438395098e-21,-0.302001781237154,0.479,0.347,2.04475703248963e-17
"ASTN2",1.18813063550951e-21,0.512723624344545,0.817,0.759,2.26469580434468e-17
"FAM3B",1.19540407410627e-21,-0.309327909604757,0.955,0.984,2.27855970565395e-17
"TNNC2",1.2060984844069e-21,0.414312281022586,0.893,0.918,2.298944321128e-17
"UPK3A",1.24551121980145e-21,-2.83509446056354,0.477,0.632,2.37406893606355e-17
"METRNL",1.26600578919881e-21,0.362271667504494,0.989,0.995,2.41313363479186e-17
"KIF1B",1.36862294195487e-21,0.378310530436075,0.954,0.939,2.60873218966019e-17
"ROR1",1.38472073664943e-21,-0.534756552438381,0.786,0.895,2.63941619612748e-17
"IQCJ-SCHIP1",1.40817551200213e-21,-0.336669332691331,0.951,0.983,2.68412334342726e-17
"NLRP6",1.53905272182726e-21,0.373590847464607,0.587,0.447,2.93358839307494e-17
"MFAP4",1.65181644566238e-21,-0.575981452405276,0.383,0.23,3.14852732707706e-17
"OR56A4",1.67863849201536e-21,-1.14849151448293,0.434,0.576,3.19965282963048e-17
"KIFC3",1.68582657545556e-21,-0.930981489423049,0.487,0.639,3.21335403547585e-17
"LINC00575",1.76983819973614e-21,-0.925236032434485,0.447,0.587,3.37348859251706e-17
"DUS2",1.77799648224333e-21,0.301052185261208,0.998,0.999,3.38903909480402e-17
"RNF175",1.87391798631557e-21,-0.879504767162327,0.554,0.717,3.57187507371611e-17
"AMIGO3",1.97366042183182e-21,0.513218155119896,0.633,0.522,3.76199413005363e-17
"SLC7A8",2.01554104588798e-21,0.394663497874845,0.675,0.581,3.84182278756707e-17
"FAM207A",2.13880314869996e-21,0.356105261375347,1,0.999,4.07677268173699e-17
"CPNE8",2.16703364204347e-21,-0.409992650191553,0.851,0.945,4.13058282509905e-17
"WFDC2",2.20211876851625e-21,0.512889019046401,0.544,0.389,4.19745858466882e-17
"LINC01475",2.31798298937485e-21,-1.20621598616958,0.41,0.547,4.4183073760474e-17
"CHST3",3.20562503732039e-21,-0.834107319009922,0.606,0.707,6.1102418836364e-17
"PHYHIP",3.24563204976056e-21,-1.32799862044052,0.442,0.585,6.1864992500486e-17
"TAB3-AS2",3.25730490584125e-21,-0.342139161529646,0.992,0.998,6.20874888102401e-17
"MCEMP1",3.29364786354148e-21,-2.44093967341862,0.508,0.676,6.27802219269642e-17
"IFNAR2",3.66073261011324e-21,0.30218885216071,1,1,6.97772242813685e-17
"PTGDR",3.76478405286093e-21,2.94570991050841,0.535,0.361,7.17605488315823e-17
"ARMC9",3.7875467190705e-21,-0.460039826794937,0.818,0.925,7.21944280122028e-17
"RAB17",3.79186847694075e-21,-1.07914501949261,0.474,0.599,7.22768050389677e-17
"RASL11A",3.96362951289996e-21,-0.361525633939219,0.885,0.934,7.55507421453861e-17
"TMPRSS11E",4.02869301171021e-21,0.783590932983826,0.412,0.252,7.67909174962083e-17
"NAV2",4.72338903032292e-21,0.522273327343191,0.79,0.741,9.00325183069852e-17
"COMTD1",5.07998091006349e-21,0.372538230872218,0.999,0.999,9.68295161267203e-17
"CPSF4L",5.22385078413499e-21,-0.379394940940587,0.498,0.358,9.9571819796397e-17
"CHN1",5.2869813080551e-21,0.763022407671703,0.722,0.596,1.00775150712838e-16
"BIK",5.33525680039124e-21,1.02591748918149,0.775,0.722,1.01695329872257e-16
"RFPL1",5.56336040767842e-21,-1.13818864997077,0.4,0.543,1.06043212730758e-16
"FBXO32",5.57691495320059e-21,0.451944023052437,0.972,0.977,1.06301575922956e-16
"NLGN3",5.7430712499676e-21,0.358114285523582,0.712,0.614,1.09468681095633e-16
"MLEC",6.77296330856067e-21,0.395661642137221,1,1,1.29099453624475e-16
"ALDH1L1",6.83574499344845e-21,1.3251244911613,0.573,0.44,1.30296135320121e-16
"ACR",7.35797028318427e-21,-0.425242867159886,0.523,0.379,1.40250271567775e-16
"TK1",8.86178748530606e-21,0.503450755698098,0.98,0.986,1.68914531257419e-16
"CYP51A1-AS1",9.3660581503268e-21,-1.82802064332895,0.393,0.533,1.78526434403379e-16
"TNFRSF17",1.08107131322467e-20,1.21752404028191,0.698,0.594,2.06063003013754e-16
"PERM1",1.14557928542343e-20,-0.650819350784822,0.696,0.786,2.18358867594559e-16
"SYCE1",1.2523580793254e-20,-0.428198735917205,0.788,0.906,2.38711973500215e-16
"CDH12",1.37513908793569e-20,-0.421531324915922,0.302,0.163,2.62115261551421e-16
"GPR83",1.41683320312106e-20,-0.555970113988986,0.801,0.87,2.70062576846905e-16
"RHPN2",1.57360563919364e-20,-0.325554620516685,0.907,0.974,2.999449708867e-16
"PTMS",1.64322316632764e-20,0.488829772448432,0.883,0.857,3.13214767733711e-16
"XIST",1.71918666144323e-20,0.626551881692743,0.81,0.706,3.27694169537693e-16
"HGH1",1.77800112301651e-20,0.335471774697302,0.991,0.965,3.38904794058177e-16
"ARHGEF37",1.82005917681489e-20,-0.753379902121697,0.617,0.774,3.46921479692686e-16
"PRUNE2",1.94785753548583e-20,-0.323903669908916,0.933,0.979,3.71281124838954e-16
"LEMD1-AS1",2.0143998361e-20,-2.22287826875701,0.231,0.34,3.83964752759021e-16
"KRT23",2.26729858406349e-20,0.644121176666086,0.678,0.552,4.32169783108342e-16
"MAP1B",2.37854864447292e-20,0.356020032596231,0.704,0.598,4.53375157122984e-16
"SYN1",2.40565773802137e-20,-2.168639786992,0.386,0.51,4.58542421444254e-16
"SRGAP3",2.40988498158171e-20,0.395934385388388,0.851,0.77,4.5934817633929e-16
"RANBP17",2.54747822005171e-20,0.846457049594202,0.464,0.322,4.85574823524056e-16
"BLMH",2.65447373449351e-20,0.388936938862633,0.987,0.996,5.05969238531807e-16
"CERS3",2.72826007884639e-20,-0.313764450691322,0.93,0.97,5.2003365362891e-16
"EFNB1",2.7694383668602e-20,-1.08259763036602,0.522,0.674,5.27882647107223e-16
"WNT2B",2.79159143208528e-20,-0.498117666565021,0.814,0.895,5.32105242869775e-16
"TCEAL1",3.03649072911279e-20,-0.44376986410199,0.819,0.918,5.78785497876189e-16
"MFSD2B",3.09209193096468e-20,2.12666909243321,0.577,0.424,5.89383642961177e-16
"NTHL1",3.3502155058649e-20,0.39669406590885,0.998,0.999,6.38584577572909e-16
"TRIM60",3.42344426378572e-20,1.85518692907013,0.463,0.309,6.52542711120195e-16
"S100A16",3.48604459085479e-20,-2.53197463227767,0.198,0.277,6.64474959462832e-16
"TRAV9-1",3.86889094849873e-20,-1.16551622547647,0.362,0.495,7.37449303693342e-16
"P4HB",4.25462110561941e-20,0.360784582613146,1,1,8.10973328942116e-16
"LIMD1-AS1",4.88115289635367e-20,0.403856126149815,0.766,0.682,9.30396553573973e-16
"HSP90B1",5.26555114197958e-20,0.49516776341276,1,1,1.00366670317273e-15
"ANKRD13B",5.46320411255404e-20,-0.32486322512819,0.942,0.97,1.04134133589393e-15
"OR2L13",5.47184928010336e-20,-1.72711061751392,0.337,0.467,1.0429891912805e-15
"NPB",5.49612766448301e-20,-1.2009818157612,0.389,0.512,1.04761689412711e-15
"PLEKHA5",5.53187035462872e-20,0.792809343861081,0.642,0.525,1.05442980829578e-15
"SERPINF2",5.56256418576865e-20,-2.43616994894459,0.568,0.691,1.06028035944936e-15
"ZDHHC9",5.67805071689035e-20,0.479413873946072,0.669,0.566,1.08229324714647e-15
"TMPRSS11B",5.72309685643883e-20,-0.917660606465526,0.273,0.168,1.0908794918058e-15
"RPL34-AS1",5.77944506579406e-20,-1.44259941591133,0.483,0.621,1.10162002399101e-15
"MKNK1-AS1",5.78492712725964e-20,-0.303224327489461,0.481,0.335,1.10266495972696e-15
"NBAT1",6.02558173143505e-20,-2.37266150330501,0.252,0.336,1.14853613382884e-15
"LINC01119",6.42649835652627e-20,-0.539305584411894,0.812,0.909,1.22495485173747e-15
"RGS18",6.47740906669569e-20,1.37805158288865,0.353,0.479,1.23465894220287e-15
"AGBL3",6.54109236528035e-20,-0.49380758766493,0.752,0.872,1.24679761574609e-15
"LTBR",7.12032856402906e-20,-0.610897842360057,0.694,0.808,1.35720582758958e-15
"USHBP1",7.12931354580581e-20,-0.631615538192525,0.762,0.877,1.35891845496605e-15
"FOCAD-AS1",7.3529791215824e-20,-0.398867941836542,0.36,0.224,1.40155135036482e-15
"ZNF616",7.78446041789039e-20,0.894985978774375,0.585,0.436,1.48379600025409e-15
"IGKV1-8",7.86826009816056e-20,-0.608110307695057,0.565,0.691,1.49976905731039e-15
"GGT5",8.3584886853421e-20,1.68766277890057,0.537,0.387,1.59321152831306e-15
"FRMD4B",8.40728920140203e-20,1.10997205521224,0.579,0.455,1.60251339467924e-15
"AC226118.1",8.61209367637034e-20,-0.677190986005355,0.706,0.834,1.64155117565295e-15
"DRP2",8.94614389852751e-20,-1.31743260618227,0.311,0.411,1.70522448849833e-15
"AASS",9.49670146424572e-20,-0.336348225512364,0.914,0.977,1.81016626609988e-15
"PIWIL1",9.72160224093959e-20,-0.860719834255461,0.618,0.726,1.85303460314549e-15
"GPSM1",1.0570058227065e-19,-0.622152942878138,0.737,0.87,2.01475879866086e-15
"GTSE1",1.0690144069321e-19,1.36900664543203,0.482,0.332,2.03764836105328e-15
"PCDHGB7",1.0760815765517e-19,-2.03903274191016,0.276,0.405,2.0511190930652e-15
"IFI27",1.10793813111599e-19,0.463697842952366,0.86,0.808,2.11184087172019e-15
"CENPE",1.13466204819497e-19,0.810009673608632,0.713,0.635,2.16277933006443e-15
"DLGAP1",1.17043084131433e-19,0.357155889251569,0.754,0.679,2.23095822662924e-15
"MET",1.21909710987541e-19,0.51028256510526,0.541,0.39,2.32372100113352e-15
"GDF5",1.23756721242701e-19,-1.84082275035283,0.336,0.488,2.35892686360713e-15
"CCDC183",1.24339563205542e-19,-0.359137434051143,0.919,0.966,2.37003641426083e-15
"GLCE",1.25042555208113e-19,-0.411984570090311,0.841,0.946,2.38343614482185e-15
"PTGFR",1.25788863006715e-19,-1.34519743037359,0.246,0.369,2.397661517771e-15
"VWA5B1",1.3556114127798e-19,-0.657002257740595,0.645,0.764,2.58393091389958e-15
"ZNF232",1.46953275310418e-19,-0.311383601456569,0.875,0.946,2.80107638069187e-15
"LINC01122",1.578049777039e-19,-2.54715198558751,0.499,0.641,3.00792068001404e-15
"ALG14",1.68340928135181e-19,0.302036036368144,1,0.999,3.20874643118469e-15
"POC1A",1.98776637706883e-19,0.447749593229092,0.788,0.699,3.78888149133089e-15
"CD247",1.99272591339742e-19,0.373480644006444,0.991,0.988,3.79833486352682e-15
"IL12RB1",2.10236309630808e-19,0.305430898231275,0.999,0.999,4.00731429787283e-15
"FGF9",2.16814899205256e-19,0.346692103230871,0.893,0.933,4.13270879375138e-15
"IGHV3-36",2.42271603474583e-19,-0.304966120868555,0.638,0.486,4.61793903382902e-15
"SMCR2",2.428746540594e-19,-0.544066584877827,0.377,0.251,4.62943378102622e-15
"LINC01376",2.58442430621915e-19,-0.635188770341177,0.736,0.88,4.92617117008433e-15
"C2orf88",2.59850617821606e-19,0.8212492243624,0.938,0.914,4.95301262629763e-15
"RAPGEF3",2.90786165178792e-19,-0.829759671207452,0.633,0.785,5.54267509447295e-15
"CKB",3.01433724108486e-19,0.633860434460026,0.656,0.536,5.74562821523184e-15
"FITM2",3.28340974162445e-19,0.512862727824654,0.771,0.65,6.25850730851037e-15
"AC144450.1",3.33566546404691e-19,-0.517049325983912,0.746,0.842,6.35811194101982e-15
"GATA3",3.51912083854476e-19,0.70070594396814,0.786,0.692,6.70779623035018e-15
"OSR2",3.54315348824243e-19,-0.717868963289922,0.635,0.79,6.7536048639389e-15
"RNF144B",3.63866515637332e-19,-0.607964973297472,0.743,0.858,6.93565965456318e-15
"KBTBD11",3.89713615346223e-19,-0.323776801271601,0.854,0.913,7.42833122211436e-15
"NPIPB6",4.02065361300217e-19,1.49799808462419,0.445,0.27,7.66376785174344e-15
"ZDHHC16",4.31521537235133e-19,0.315689109393164,0.988,0.996,8.22523202123886e-15
"PRSS51",4.41079923273699e-19,-0.972528304580655,0.488,0.636,8.40742441751997e-15
"GSTA4",4.74525704124109e-19,-0.600114498087583,0.762,0.871,9.04493444630964e-15
"MLXIPL",5.23045277620369e-19,0.854979104680599,0.645,0.511,9.96976603672185e-15
"COPB2",5.39230950092846e-19,0.348569653420825,1,1,1.02782811397197e-14
"WNT8A",5.40893123765406e-19,-0.373278759259355,0.527,0.407,1.03099638320924e-14
"STAU2-AS1",6.17931550326811e-19,0.751202857608595,0.57,0.457,1.17783932807793e-14
"SPDYE3",6.28655248623497e-19,0.514812678734834,0.76,0.659,1.19827976940125e-14
"AIRE",6.39366327196201e-19,0.885831008108735,0.733,0.686,1.21869615626868e-14
"NR4A3",6.68476397231094e-19,0.682795582645166,0.805,0.748,1.27418286076219e-14
"F2R",6.781901075661e-19,0.425996753201446,0.796,0.708,1.29269816403174e-14
"MIR181A1HG",7.06006478862189e-19,-0.365305546789078,0.78,0.908,1.34571894935922e-14
"VPS26B",7.11005255253384e-19,0.506534749281754,0.89,0.847,1.35524711703847e-14
"OVOL1",7.27549725698342e-19,-0.825864413861209,0.519,0.666,1.38678253215361e-14
"OR7A10",7.387900390485e-19,-0.537525060528603,0.327,0.184,1.40820769343035e-14
"TRIM74",7.64360255783989e-19,-1.0061631959755,0.427,0.566,1.45694708354986e-14
"ITPKA",8.44103871552399e-19,0.611073734548993,0.438,0.34,1.60894638956603e-14
"HUNK",8.6132813372984e-19,-0.394333111097258,0.85,0.915,1.64177755570245e-14
"RASIP1",8.77555987749583e-19,1.53470486875107,0.324,0.193,1.67270946824948e-14
"TRPC1",9.00397797578596e-19,-0.388579658355606,0.865,0.925,1.71624824196456e-14
"APLN",9.05091492981934e-19,-3.91484577513708,0.223,0.296,1.72519489477286e-14
"DGUOK-AS1",9.41792465046397e-19,-0.861857345933362,0.582,0.742,1.79515061762494e-14
"ISG15",9.52213127121543e-19,0.385367480505483,0.997,0.996,1.81501344160637e-14
"SPINK2",9.58344351274663e-19,-0.931204714499895,0.844,0.933,1.82670016796463e-14
"CCDC74B",1.01934846407297e-18,-0.941563958502726,0.548,0.668,1.94298010736949e-14
"AC011518.1",1.02028277555005e-18,-1.17446780578445,0.35,0.457,1.94476099847595e-14
"TMEM151B",1.05191515913819e-18,-0.351664416076916,0.627,0.514,2.0050554848333e-14
"FAM106A",1.0628892826801e-18,1.23484857100485,0.567,0.434,2.02597326171654e-14
"NT5C1A",1.56091688508732e-18,-0.37387977057872,0.586,0.459,2.97526367466493e-14
"SHMT1",1.58287983016727e-18,0.539873861091198,0.992,0.993,3.01712724428183e-14
"TMEM231",1.5901074275632e-18,0.366659836393253,0.845,0.79,3.03090376767821e-14
"TRBV14",1.6002808441596e-18,-0.405794815176608,0.796,0.906,3.05029531705262e-14
"TSSK3",1.77476411117061e-18,-0.51331885870753,0.764,0.874,3.3828778723023e-14
"SFTA2",1.7855617295651e-18,-2.88024630771532,0.371,0.512,3.40345921272404e-14
"KCTD14",1.79587954205124e-18,-1.18819251511918,0.262,0.129,3.42312599510386e-14
"AP4B1-AS1",1.79860452686e-18,-0.345099863871509,0.864,0.929,3.42832008864784e-14
"SLIT1",1.88056944324834e-18,-0.494851031520994,0.837,0.936,3.58455341577567e-14
"PCDH8",1.92030420857671e-18,-0.841964895222835,0.554,0.702,3.66029185196806e-14
"LAMA4",1.93490451167534e-18,-0.624914912296912,0.686,0.801,3.68812148970437e-14
"DEFB108B",1.96890251769005e-18,-0.369796686008055,0.373,0.215,3.75292508896901e-14
"CISH",2.07259260932391e-18,-1.19034510213231,0.522,0.707,3.9505687726323e-14
"CILP",2.13886377135027e-18,-0.986551082593273,0.487,0.615,4.07688823457075e-14
"GCKR",2.15967269316064e-18,-0.783463570437512,0.603,0.744,4.11655212043349e-14
"TRAPPC3L",2.27740146949719e-18,2.11293423530421,0.52,0.387,4.3409549410086e-14
"ANXA10",2.43801327934973e-18,-0.404443180105584,0.888,0.959,4.64709711176852e-14
"PDE4A",2.67599275556192e-18,0.374741876381573,0.919,0.889,5.10070979137657e-14
"TAPT1-AS1",2.75254708688081e-18,-1.35699771806916,0.483,0.648,5.24663000230352e-14
"LOX",2.81211992520492e-18,-0.820090661257399,0.356,0.22,5.36018178943311e-14
"FAM234B",2.82657168329026e-18,-0.350799266484288,0.889,0.956,5.38772828551956e-14
"ZNF114",3.09121430717223e-18,-0.755181245039651,0.607,0.783,5.89216359090099e-14
"LPCAT2",3.1155139317193e-18,-1.87352110262306,0.519,0.628,5.93848110525016e-14
"CCDC169",3.17709115477021e-18,-0.715401460766733,0.733,0.847,6.0558534501075e-14
"LINC00392",3.24865805358188e-18,-0.745711474365185,0.591,0.72,6.19226711593242e-14
"AC159540.2",3.31382933300297e-18,0.309096187136039,0.922,0.9,6.31649009163696e-14
"SIM2",3.44495884116862e-18,-0.857212385559079,0.576,0.701,6.5664360471515e-14
"OR2T2",3.51295961089546e-18,-0.529491666932516,0.772,0.9,6.69605231432783e-14
"RAD51",3.69935898920876e-18,0.335129896969266,0.922,0.957,7.05134816933082e-14
"IGHV3-64",3.7802554567195e-18,-0.321114787775803,0.86,0.921,7.20554492605303e-14
"IGLV4-3",3.84149462855087e-18,0.878774004672731,0.389,0.262,7.32227291148082e-14
"DUBR",4.02027411186696e-18,0.369966597936813,0.541,0.416,7.66304448462962e-14
"CALD1",4.50361731545293e-18,0.362298851871505,0.891,0.841,8.58434496498483e-14
"NEK2",4.77959077418472e-18,0.345766961725772,0.656,0.543,9.1103779746735e-14
"FER1L5",4.95000644039655e-18,-0.449607999268096,0.84,0.934,9.43520727603987e-14
"RIBC1",5.05330529093504e-18,0.803548609313223,0.486,0.357,9.63210521505127e-14
"OPRD1",5.29634346934376e-18,1.02709062084164,0.618,0.474,1.00953602869161e-13
"TRPM4",5.29792788129262e-18,0.478904016646478,0.771,0.68,1.00983803345319e-13
"STBD1",5.33769059523623e-18,0.370006031423214,0.976,0.959,1.01741720435798e-13
"SYDE2",5.39466025441469e-18,0.555830446019033,0.773,0.655,1.02827619109398e-13
"GNRH1",5.51123003014604e-18,0.304156577731101,0.673,0.561,1.05049555604614e-13
"POU4F1",5.88924265813396e-18,0.497509822356198,0.74,0.665,1.12254854306691e-13
"CENPW",5.95646475220728e-18,0.316623915517781,0.99,0.993,1.13536174641823e-13
"GPX8",6.14617296417681e-18,-1.59921653829285,0.509,0.648,1.17152202870174e-13
"NTS",6.69168128995585e-18,-0.491152708030409,0.436,0.3,1.27550137067848e-13
"LTBP2",6.74979851071516e-18,-1.09596273036384,0.499,0.647,1.28657909412742e-13
"C11orf88",7.07740692856672e-18,-0.38216877000314,0.426,0.285,1.3490245346541e-13
"RPL3L",7.66548286116703e-18,-1.43558847856803,0.506,0.62,1.46111768816705e-13
"CCDC180",7.88766067395369e-18,0.397873404017206,0.954,0.947,1.50346700106231e-13
"IDH2",8.18285239768936e-18,0.355753353751056,1,1,1.55973349552357e-13
"TRAV35",8.68289391221468e-18,-1.66838365483282,0.37,0.486,1.65504640860724e-13
"CALN1",8.69322215294973e-18,-1.87463362445303,0.516,0.66,1.65701507457375e-13
"RFESD",8.93149294952954e-18,-0.899542508953404,0.595,0.755,1.70243187110983e-13
"BICC1",8.98471789915664e-18,-0.507571750580803,0.803,0.893,1.71257707875825e-13
"MT3",9.33839155321654e-18,-0.627207460841502,0.643,0.752,1.77999081395861e-13
"NPM3",9.35226524089875e-18,0.313202178062375,0.921,0.9,1.78263527756771e-13
"IGSF9B",9.40237960941161e-18,0.736641307779731,0.653,0.542,1.79218757734995e-13
"ZNF385D-AS1",9.42193998641011e-18,-0.541960841911697,0.823,0.906,1.79591598080963e-13
"RBL1",9.74331440865727e-18,0.385281225371259,0.931,0.944,1.85717315943416e-13
"UCHL1",1.01444726037605e-17,0.873987209850746,0.492,0.38,1.93363792300279e-13
"SEMA4C",1.08442375407118e-17,0.350271741462419,0.903,0.873,2.06702011763507e-13
"CST2",1.08860930593327e-17,-0.662858845401683,0.716,0.852,2.07499819803941e-13
"RGS12",1.17818819498426e-17,-0.30031896169328,0.917,0.967,2.2457445184595e-13
"ZNF771",1.42823453808472e-17,-0.557533610113576,0.716,0.838,2.72235785304329e-13
"MAMDC2-AS1",1.45033026776698e-17,-0.728874007357417,0.633,0.766,2.76447452339064e-13
"PTPN14",1.53895593564416e-17,0.976644787284309,0.664,0.54,2.93340390893134e-13
"CA5A",1.64912335438278e-17,2.34025719401829,0.537,0.399,3.14339402578901e-13
"PLXNB1",1.67829210841117e-17,-1.44087043431675,0.481,0.597,3.19899258784254e-13
"DACT3-AS1",1.72999406483482e-17,-3.57730613038066,0.275,0.361,3.29754168698165e-13
"PSMC3IP",1.84900805070812e-17,0.330737963628506,0.914,0.857,3.52439424545475e-13
"WEE2-AS1",1.98657805622648e-17,-0.416817921663021,0.847,0.937,3.7866164329733e-13
"FOXL2",2.10930948808024e-17,-0.669576305455934,0.666,0.77,4.02055481522975e-13
"SH3BP4",2.1658061251792e-17,-0.442718709523946,0.81,0.908,4.12824305520406e-13
"FERMT1",2.16771483753072e-17,-0.88757002926733,0.655,0.775,4.1318812518173e-13
"IGLV3-1",2.17217495638499e-17,0.964293375894325,0.566,0.491,4.14038268436543e-13
"VN1R1",2.21467514370733e-17,-0.30153327283328,0.932,0.973,4.22139229142055e-13
"PTENP1-AS",2.22118573754455e-17,-0.673096725819734,0.709,0.835,4.23380213433366e-13
"TRAV11",2.24148882107955e-17,-0.404496333532911,0.469,0.343,4.27250184185973e-13
"AP000233.2",2.28331575636114e-17,-1.27937207211305,0.282,0.389,4.35222816319996e-13
"SHANK1",2.33206148896769e-17,-0.902691336192422,0.475,0.602,4.44514240412132e-13
"TCN1",2.47799759695953e-17,-2.23477748762478,0.421,0.558,4.72331121956456e-13
"SENP8",2.55543098305565e-17,-2.49937667299021,0.465,0.597,4.87090699680237e-13
"SLC1A6",2.57497078662105e-17,-0.351060753621754,0.886,0.951,4.90815181637838e-13
"ZBTB20-AS1",2.73508665688838e-17,1.53898929374763,0.448,0.306,5.21334867669493e-13
"TACR1",2.78272774872583e-17,-0.383827124283513,0.525,0.381,5.3041573618463e-13
"MYOC",2.80890845763686e-17,-0.710533522397379,0.656,0.796,5.35406041110162e-13
"MFSD13A",2.86535198314158e-17,0.524318543451104,0.797,0.767,5.46164741506617e-13
"APOC1",2.89483849398699e-17,-1.4478167995594,0.495,0.652,5.51785165338861e-13
"CARD14",3.01404502470901e-17,-0.528146622355074,0.784,0.874,5.74507122159784e-13
"UGT3A2",3.09347989351411e-17,-0.772396697886238,0.557,0.702,5.89648202502724e-13
"CTAG1A",3.13488407690625e-17,-0.307020803802681,0.97,0.983,5.97540253899101e-13
"PCP2",3.15463844570889e-17,-0.508254390191325,0.744,0.865,6.01305634136571e-13
"ALPL",3.32200348344162e-17,0.536468458881096,0.739,0.661,6.33207083978808e-13
"NUTM2B",3.59222156233765e-17,-1.2008736020764,0.399,0.535,6.84713351997179e-13
"LINC00222",3.64923698403938e-17,-0.385206472109699,0.373,0.25,6.95581061527747e-13
"PERP",3.69312180988959e-17,1.00248973314699,0.753,0.729,7.03945948183054e-13
"OIP5",3.75718816601584e-17,-3.29933218976695,0.289,0.4,7.16157636324279e-13
"TRAC",3.84917520011524e-17,0.525758453695725,0.947,0.915,7.33691284893965e-13
"CD276",4.04928621886449e-17,-0.440499587925604,0.859,0.928,7.71834446177761e-13
"DLGAP1-AS3",4.07649408304494e-17,0.640210404257028,0.569,0.444,7.77020537169197e-13
"SFN",4.2757951244854e-17,0.321436382077282,0.725,0.654,8.15009308678162e-13
"CTTN",4.38029333515526e-17,0.694273719433388,0.437,0.576,8.34927712613944e-13
"PRSS1",4.5928979103835e-17,-0.706950870334417,0.711,0.833,8.75452270698199e-13
"MARC1",4.63851139446051e-17,-1.20186492300737,0.554,0.659,8.84146656898117e-13
"DSC1",4.79473582976765e-17,-1.81436086455316,0.34,0.473,9.13924596512012e-13
"MYCBP",4.82267376110715e-17,0.327562807351875,0.996,0.999,9.19249845604634e-13
"TEX38",4.84513966279981e-17,-0.642100192348893,0.719,0.817,9.23532071126271e-13
"CHRNE",4.84654720407691e-17,0.53570655308976,0.836,0.77,9.238003625691e-13
"CFH",5.07997556117592e-17,1.18907377207824,0.601,0.474,9.68294141715743e-13
"KCNQ2",5.18273443559824e-17,-0.71176834991903,0.612,0.771,9.8788101076938e-13
"GALNTL6",5.68015023559443e-17,0.479827581223875,0.742,0.684,1.08269343640665e-12
"DAGLA",6.23450839894224e-17,-1.13569380190673,0.519,0.65,1.18835964592238e-12
"AC104653.1",6.33729866642499e-17,-0.428598901012065,0.688,0.822,1.20795249880727e-12
"EAF1-AS1",6.38700811990512e-17,0.363744221211672,0.793,0.707,1.21742761773511e-12
"LINC01239",6.58210076654027e-17,-0.819178426978626,0.485,0.623,1.25461422711024e-12
"CKM",6.71282693120037e-17,-2.5570718484594,0.197,0.265,1.2795319413561e-12
"APOL6",6.96789715145972e-17,0.369765102787889,0.982,0.98,1.32815087603974e-12
"HTR1F",7.12056341489406e-17,-0.778112299441863,0.712,0.601,1.35725059251296e-12
"HACD4",7.3962407162515e-17,0.360909614321757,0.986,0.994,1.4097974429247e-12
"PLAUR",7.45736201542619e-17,-0.568744878635003,0.616,0.71,1.42144777376039e-12
"AC083843.2",7.66029579607851e-17,-0.823143766353949,0.591,0.726,1.46012898169052e-12
"GDPD1",8.0060672424971e-17,-0.988249394296062,0.537,0.684,1.52603647709237e-12
"CLIC2",8.0176229275436e-17,-1.50232125554812,0.467,0.623,1.52823910621909e-12
"IGKV2D-24",8.07331958119673e-17,-0.639664598624826,0.674,0.814,1.53885544537191e-12
"PON2",8.65544097371493e-17,-0.610274521439595,0.678,0.822,1.6498136039998e-12
"PGM5",8.73939305465303e-17,-3.11172729517987,0.266,0.163,1.66581571014741e-12
"CTXN2",9.387721376823e-17,-1.23271899223702,0.299,0.418,1.78939357163623e-12
"PGLYRP2",9.41884622193729e-17,0.486041505474192,0.706,0.616,1.79532627836347e-12
"AC124944.3",9.95950980068846e-17,0.347751605149474,0.776,0.742,1.89838216310923e-12
"IGSF11",1.00284878113439e-16,-0.388622070248228,0.399,0.27,1.91153006172026e-12
"AC002454.1",1.05595408342673e-16,-1.46217887393918,0.561,0.426,2.01275407841968e-12
"IGKV3-15",1.19625377992344e-16,0.381912816469179,0.97,0.951,2.28017932991207e-12
"ARHGAP29",1.3736505416544e-16,-2.12243597692182,0.423,0.534,2.61831529744746e-12
"TBC1D3B",1.38331944417217e-16,-1.09639511374032,0.271,0.374,2.63674519253657e-12
"TDRD1",1.38411169778401e-16,-1.80654598356648,0.337,0.444,2.6382553071461e-12
"LINC01543",1.48207893483022e-16,-1.20404751909527,0.355,0.465,2.82499065767988e-12
"YIF1B",1.48994113918654e-16,0.513675453661132,0.997,0.999,2.83997680540347e-12
"PRKCQ",1.64902984420444e-16,0.533309518481684,0.841,0.808,3.14321578603808e-12
"GNB1L",1.71774463829066e-16,0.424572022073751,0.896,0.845,3.27419305504582e-12
"CACNA1B",1.78240362541633e-16,-0.693776476255097,0.621,0.742,3.39743955040607e-12
"FRMD1",1.80620160432616e-16,-0.981217179803416,0.344,0.461,3.44280087800609e-12
"AC009299.3",1.81731061141056e-16,-0.314116835892559,0.715,0.855,3.46397575640966e-12
"IGKV4-1",1.91681765762272e-16,0.449443450751199,0.978,0.983,3.65364613719466e-12
"WNT11",1.9615691789067e-16,0.428620726763823,0.835,0.84,3.73894701191406e-12
"CSTA",1.98687456683807e-16,-1.64452773511635,0.488,0.616,3.78718161185004e-12
"FRG2",2.02745676141706e-16,-0.640743295701643,0.635,0.775,3.86453533293707e-12
"SVOPL",2.0361344477227e-16,-0.309738174322826,0.767,0.691,3.88107587080423e-12
"RNF39",2.06297497012792e-16,-0.790708376381335,0.567,0.704,3.93223659056083e-12
"SDF2L1",2.06356231660484e-16,0.580583111805679,0.996,0.999,3.93335613168048e-12
"IGHV3-7",2.0860040531155e-16,0.554199392217594,0.998,1,3.97613232564346e-12
"ABCB9",2.08897475726922e-16,1.12012368931267,0.821,0.801,3.98179478483086e-12
"CCIN",2.15600917630731e-16,-1.95011308754506,0.291,0.361,4.10956909095937e-12
"RNASE2",2.24741850682148e-16,-1.58962354864406,0.589,0.697,4.28380441585242e-12
"CDKN2C",2.24869685847981e-16,0.50115479761961,0.962,0.919,4.28624108194836e-12
"CLRN3",2.28478286789114e-16,-0.540599177754391,0.36,0.259,4.35502462448731e-12
"KCNN1",2.29585006800043e-16,-0.700933580928428,0.636,0.786,4.37611981461561e-12
"OAS2",2.48592346237568e-16,0.43793841146576,0.979,0.978,4.73841871163429e-12
"MPST",2.58522721429405e-16,0.386427644616095,0.995,0.998,4.92770159316588e-12
"FAM225A",2.61547676863869e-16,-0.879005346775115,0.527,0.691,4.98536026870221e-12
"CXCL13",2.63857977842847e-16,-1.54326403278598,0.391,0.507,5.02939691566251e-12
"SPIC",2.74389015802462e-16,-0.861955294772381,0.522,0.637,5.23012903021074e-12
"USP44",2.78227094300029e-16,-0.308805995554452,0.853,0.952,5.30328664445286e-12
"ADAM22",2.79888139456432e-16,0.388328166337116,0.648,0.543,5.33494782617906e-12
"HEYL",2.89979495083725e-16,-0.426088763101028,0.332,0.205,5.52729915579089e-12
"LILRA1",3.10634083121606e-16,-0.518232840495717,0.711,0.83,5.92099625838093e-12
"ZNF284",3.14971378593584e-16,0.431681997550669,0.768,0.715,6.0036694473723e-12
"MSH2",3.17836057954471e-16,0.32744413988165,0.926,0.905,6.05827310067017e-12
"LINC00395",3.18736525378062e-16,-0.732830402500031,0.576,0.69,6.07543691023124e-12
"ANXA4",3.25662746681173e-16,0.431704904418092,0.966,0.986,6.20745761448984e-12
"PPM1J",3.71493273527989e-16,-0.617510222288293,0.736,0.847,7.081033286717e-12
"TRAF1",3.73649166599477e-16,0.441118065115804,0.882,0.875,7.12212676455262e-12
"CACNA1F",3.74811066789785e-16,0.310137563408299,0.713,0.663,7.1442737440801e-12
"TAF1L",3.86028239412177e-16,-0.893196926651381,0.572,0.71,7.35808427143551e-12
"MPP1",3.97295920815193e-16,-0.84299282544598,0.589,0.736,7.5728575466584e-12
"SLC39A7",4.13990245709107e-16,0.39000100492595,0.999,0.999,7.89106807346128e-12
"LINC00691",4.48973960053735e-16,-0.308122515272528,0.887,0.959,8.55789265258424e-12
"GPC3",4.71107469256686e-16,-0.349456992888976,0.908,0.963,8.97977947150169e-12
"AC016549.1",4.84273293511139e-16,0.584087163400483,0.688,0.588,9.23073324761582e-12
"MS4A6A",4.90922492021616e-16,-2.1055699703162,0.534,0.665,9.35747362042403e-12
"E2F2",4.96543795472722e-16,0.842038018154462,0.703,0.653,9.46462128550556e-12
"PLAT",5.04421071734175e-16,1.10242117929136,0.563,0.445,9.61477004832510e-12
"CCDC87",5.06836662084596e-16,-1.19287263343732,0.339,0.45,9.66081361599448e-12
"ACVR1",5.10266324984066e-16,0.36816664790192,0.935,0.942,9.72618642052128e-12
"TBX21",5.36803518540548e-16,0.743042909014835,0.692,0.594,1.02320118669014e-11
"MRM1",5.54182006129854e-16,0.394862087244732,0.784,0.694,1.05632632188411e-11
"IFT74-AS1",5.79300469882899e-16,-0.897292281592948,0.518,0.65,1.10420462564379e-11
"F2RL2",5.80438893089259e-16,-0.870512847766451,0.511,0.654,1.10637457411744e-11
"LRG1",5.82804070090779e-16,0.600408121975537,0.724,0.641,1.11088283800003e-11
"MAFTRR",6.31179536010366e-16,-1.06570196191041,0.553,0.702,1.20309131358936e-11
"ARHGEF39",6.36862288446973e-16,0.807355776033571,0.582,0.467,1.21392320800877e-11
"CLEC4M",6.51473044302033e-16,1.14636229467735,0.495,0.37,1.24177276974411e-11
"MYCN",6.52385687813644e-16,-0.620285850167258,0.654,0.539,1.24351235954159e-11
"CEP128",6.88400511938066e-16,0.571974437045665,0.985,0.986,1.31216021580515e-11
"SPCS2",7.08323010633614e-16,0.323079372003225,1,0.999,1.35013449056873e-11
"AC010884.1",7.11698213317619e-16,-0.596719953335366,0.296,0.193,1.35656796440471e-11
"SLC16A12",7.56199227543174e-16,-0.789678764698138,0.621,0.754,1.44139134762004e-11
"TRPM2",7.91860857486561e-16,-0.748537576644484,0.661,0.773,1.50936598045513e-11
"C1QTNF1",8.0681013161557e-16,-0.80515266459158,0.6,0.741,1.53786079187244e-11
"SPATA7",8.75763263861642e-16,0.348374095876444,0.663,0.549,1.66929235724668e-11
"NTM-AS1",9.03782960221421e-16,-0.862550341359414,0.507,0.612,1.72270070047805e-11
"RGS5",9.47344356150738e-16,-0.700667805917623,0.63,0.76,1.80573307725892e-11
"AF131216.5",9.50779645504233e-16,-0.626308119250664,0.668,0.777,1.81228108229562e-11
"BTC",9.5555646847488e-16,-1.59700029955011,0.26,0.343,1.82138618455997e-11
"MARVELD1",9.78162771534238e-16,0.365031902580808,0.642,0.527,1.86447605882141e-11
"KAZALD1",9.93801986793756e-16,-0.323644115563807,0.868,0.938,1.89428596702758e-11
"GRIN3A",1.0341296357879e-15,-0.447530933818566,0.306,0.199,1.97115449877532e-11
"TMEM217",1.0759189266564e-15,-0.696254776884686,0.707,0.803,2.05080906609975e-11
"SULT1A1",1.08930655292847e-15,0.531997853878011,0.75,0.683,2.07632722053696e-11
"EPHX1",1.09598567450407e-15,-0.547416599474454,0.719,0.817,2.08905829417222e-11
"AC106053.1",1.11193342224664e-15,-0.346135259786736,0.449,0.314,2.11945629614433e-11
"TOB1",1.14993279146183e-15,0.338042692608962,0.977,0.989,2.19188689380539e-11
"MIR3681HG",1.19682489179156e-15,0.961409273664398,0.645,0.553,2.2812679262439e-11
"CACHD1",1.20682859690674e-15,1.75591126048767,0.392,0.276,2.30033598856393e-11
"PREB",1.25391677456816e-15,0.55303141899407,1,1,2.39009076400436e-11
"ART4",1.2767184944547e-15,-0.956745759012357,0.604,0.707,2.43355312228011e-11
"AL365181.2",1.29489458963606e-15,-0.388199920707217,0.837,0.932,2.4681985773053e-11
"BMX",1.31059896852256e-15,-0.461835196062994,0.472,0.339,2.49813269390085e-11
"HOXA3",1.32502171679117e-15,-0.697784713166353,0.489,0.353,2.52562389437564e-11
"SPON2",1.36186038608265e-15,0.362896404893346,0.978,0.99,2.59584208191214e-11
"MYBL1",1.41216104932143e-15,0.630303750921419,0.766,0.683,2.69172017611158e-11
"FUT9",1.43620369099006e-15,-0.385752583858039,0.342,0.223,2.73754785539615e-11
"AGBL1",1.55656340774368e-15,-0.30414240752935,0.451,0.298,2.96696551150022e-11
"ARNTL2",1.57778506893421e-15,0.570690029208189,0.707,0.624,3.00741611989551e-11
"HOXB6",1.58171378612134e-15,0.31007344029029,0.813,0.781,3.01490464772588e-11
"FUCA2",1.62467298743781e-15,0.613211494059214,0.844,0.868,3.09678918135521e-11
"RPN2",1.63367240717565e-15,0.333439270827185,1,1,3.11394297531751e-11
"LEKR1",1.65821684261974e-15,-0.389521872132515,0.83,0.942,3.16072712371748e-11
"ANKDD1A",1.72831753750187e-15,0.342575808037545,0.929,0.931,3.29434605823232e-11
"GRHL2",1.77323735224831e-15,-1.29846070525117,0.318,0.41,3.3799677171205e-11
"AC104695.4",1.87687169890707e-15,0.326949182848863,0.973,0.971,3.57750514528676e-11
"TRBV3-1",1.89715276384169e-15,1.70807106484363,0.489,0.359,3.61616288315865e-11
"HMCN1",1.91448212091552e-15,-0.681538008974982,0.689,0.814,3.64919437067707e-11
"CLSTN2-AS1",1.94264093239222e-15,-0.604374479639793,0.729,0.854,3.70286788123280e-11
"MID1",1.9592998269596e-15,-0.345325323897415,0.901,0.971,3.7346214001677e-11
"HSD17B3",2.35641362609151e-15,-1.04829235274713,0.296,0.384,4.49156001269302e-11
"RGCC",2.44405869428665e-15,0.539107204824091,0.853,0.845,4.65862027717978e-11
"FOXL2NB",2.4778316401881e-15,-1.77095363377061,0.233,0.302,4.72299488936254e-11
"LINC00412",2.52450138910921e-15,-0.409542732688678,0.885,0.944,4.81195209778107e-11
"PIEZO2",2.63775420336035e-15,-0.562367345708079,0.335,0.226,5.02782328702516e-11
"TRBV7-4",2.6428216182653e-15,-1.16462466079934,0.338,0.429,5.0374822865755e-11
"DRICH1",2.65225797740509e-15,-3.12625629012168,0.317,0.37,5.05546893073185e-11
"RPN1",2.74131989564723e-15,0.340585942594255,1,1,5.22522985309319e-11
"ZNF30",2.7795144290382e-15,-1.49467795693405,0.486,0.628,5.29803245318971e-11
"RORC",2.7909599374998e-15,0.780244425564744,0.628,0.529,5.31984873686838e-11
"PROK1",2.82557563998707e-15,-1.06050427204697,0.439,0.55,5.38582972737935e-11
"MBOAT2",2.89965047520824e-15,-0.737780869998645,0.671,0.776,5.52702377079443e-11
"SCML4",2.94001604437912e-15,0.334763918042575,0.969,0.986,5.60396458219105e-11
"AMPD2",2.99278699205357e-15,0.337532445702621,0.897,0.879,5.70455128555331e-11
"ATP6V1C2",3.32230087191267e-15,-0.324835192764406,0.922,0.959,6.33263769195273e-11
"NPDC1",3.38921834615688e-15,1.37906098405032,0.566,0.432,6.46018908960962e-11
"ABCC11",3.46124075396615e-15,-0.600318535178573,0.304,0.229,6.59747100113488e-11
"GPT2",3.56091486100872e-15,0.465759005834132,0.959,0.959,6.78745981656871e-11
"LINC01605",3.6985577178833e-15,0.307711616225397,0.709,0.657,7.04982086605736e-11
"PATE4",3.74218913721252e-15,-0.364691757495384,0.552,0.425,7.13298671444078e-11
"NEBL-AS1",3.80599300517175e-15,-0.368134977546296,0.512,0.371,7.25460326715787e-11
"G6PC",3.88249081650007e-15,-0.321550512505061,0.6,0.477,7.40041574533079e-11
"GLI3",3.89202625016756e-15,-0.351528883500183,0.904,0.96,7.41859123544438e-11
"LINC01029",4.06212457879938e-15,-1.07075470559482,0.368,0.475,7.7428156596495e-11
"IL5RA",4.21766740873851e-15,1.58075029031913,0.569,0.453,8.03929584779648e-11
"FNDC1",4.32107619963811e-15,-0.452317394955767,0.449,0.332,8.23640334413021e-11
"MCM8-AS1",4.34347342761691e-15,-0.358578276905179,0.55,0.431,8.2790947003806e-11
"BCL2L15",4.54531446013856e-15,-0.406502433433397,0.858,0.942,8.66382389247011e-11
"AC016910.1",4.80704717620206e-15,-0.379258193351738,0.421,0.279,9.16271262255875e-11
"NSG1",4.97844420876192e-15,0.313441223443645,0.975,0.978,9.4894125063211e-11
"KIF25",4.98385390262354e-15,-1.25137280763607,0.35,0.426,9.49972392379073e-11
"AGAP5",5.07808718198875e-15,0.358968053537952,0.765,0.712,9.67934197758875e-11
"INPP5J",5.08360344524715e-15,-0.428124485907134,0.556,0.436,9.68985652698559e-11
"HSD11B2",5.15865287463695e-15,-1.01144021343662,0.333,0.462,9.83290824434548e-11
"ZNF713",5.31347959774122e-15,-0.321941244934172,0.878,0.952,1.01280234612545e-10
"TENM1",5.46250186833206e-15,0.590089905040466,0.728,0.629,1.04120748112277e-10
"CEBPB-AS1",5.60651282858526e-15,-0.926186616644962,0.564,0.698,1.06865741025664e-10
"LOXHD1",6.36557883617234e-15,-1.04388366409828,0.485,0.611,1.21334298196281e-10
"TAS2R3",6.43133513738349e-15,-0.779929825412996,0.515,0.648,1.22587679053667e-10
"CATSPERD",6.77943154263694e-15,-1.02866790983956,0.516,0.64,1.29222744634203e-10
"ELMOD1",7.08266892049305e-15,-0.51141972072789,0.772,0.87,1.35002752293518e-10
"ZNF2",7.12871389816572e-15,-0.727775185439075,0.603,0.71,1.35880415612937e-10
"RAB32",7.39525466867424e-15,-0.640675635588251,0.541,0.686,1.409609492396e-10
"TPBGL",7.41723709181491e-15,0.990851871244502,0.438,0.285,1.41379956207084e-10
"CD163",7.59952447098863e-15,-1.26230236898745,0.547,0.667,1.44854535941514e-10
"ABCD2",7.71724628557088e-15,1.03996506173347,0.567,0.46,1.47098431449267e-10
"IGLV8-61",8.01405890662595e-15,0.361005428763363,0.974,0.953,1.52755976819197e-10
"CD300C",8.07040524500338e-15,-0.396073467013819,0.723,0.829,1.53829994375009e-10
"C9orf147",8.08128569300665e-15,-0.389644446075314,0.894,0.956,1.540373865944e-10
"SYTL3",8.33555888458314e-15,0.575051789316507,0.802,0.757,1.58884087899039e-10
"ARAP3",8.59423110495273e-15,-0.300381949442977,0.86,0.905,1.63814639091504e-10
"TPSAB1",8.82985954000516e-15,-1.39490462467912,0.537,0.41,1.68305952692038e-10
"ZNF443",8.83223579496107e-15,-0.312766391561749,0.86,0.932,1.68351246487753e-10
"FAM182B",9.03653130833292e-15,-0.649751599138296,0.675,0.773,1.72245323268134e-10
"ZNF99",9.12077174079119e-15,-0.415556767778833,0.899,0.949,1.73851030151221e-10
"GOLGA6D",9.43378168546682e-15,-0.802465215190512,0.562,0.693,1.79817312706683e-10
"NRGN",9.68032934943718e-15,0.948023849884419,0.707,0.802,1.84516757729622e-10
"HSDL2",9.76916009618545e-15,0.30575669973492,0.989,0.998,1.86209960593391e-10
"IGLV2-14",9.85349801751378e-15,0.406357591226881,0.719,0.578,1.8781752571183e-10
"CILP2",9.91988519445104e-15,-0.843938140744674,0.475,0.614,1.89082931691431e-10
"CCNJL",1.0048584760416e-14,-0.455790035807399,0.743,0.866,1.9153607411829e-10
"GATA1",1.01013370151069e-14,-1.56531275971325,0.524,0.62,1.92541584844953e-10
"CACNA1D",1.06455061488758e-14,-0.583330219306509,0.615,0.743,2.02913992703721e-10
"KRT14",1.17052314438136e-14,-0.558431876126274,0.799,0.878,2.2311341655053e-10
"IQCC",1.1847168274886e-14,-0.502655241211541,0.729,0.797,2.25818874487602e-10
"PLEKHN1",1.24486934650369e-14,1.91789696851392,0.44,0.29,2.37284546137068e-10
"HHIPL2",1.30400849531864e-14,-2.18179593538276,0.236,0.325,2.48557059292686e-10
"DND1",1.38390972716161e-14,-0.305680996552134,0.881,0.96,2.63787033094274e-10
"FCGR3A",1.40589282851912e-14,0.627320399667417,0.773,0.689,2.6797723204403e-10
"CD1E",1.42441087189658e-14,-1.19985206420684,0.563,0.702,2.71506956292207e-10
"CRYBA1",1.47904673166955e-14,-0.542854504697697,0.339,0.23,2.81921097523533e-10
"NME9",1.50131360976588e-14,-0.546290414990452,0.698,0.798,2.86165387157474e-10
"CHAF1B",1.50894311930729e-14,0.420977638258662,0.872,0.882,2.87619647971163e-10
"NCAM2",1.5109572170277e-14,-0.372149023265795,0.573,0.47,2.88003555137649e-10
"HES4",1.56030494957702e-14,0.560220609717243,0.793,0.714,2.97409726438876e-10
"LILRB5",1.57304485165953e-14,-1.56403510235359,0.513,0.669,2.99838079174823e-10
"TEPP",1.6224398160686e-14,-0.459051681821607,0.702,0.812,3.09253253340836e-10
"CCL8",1.67737576626255e-14,-1.37248907822119,0.297,0.392,3.19724594807304e-10
"METTL24",1.686782851403e-14,-0.947718712883473,0.439,0.567,3.21517679305926e-10
"TRBV7-9",1.73045185864269e-14,-3.80528135927418,0.314,0.388,3.29841428775882e-10
"AC008269.2",1.77240073674794e-14,-1.19090363428245,0.353,0.465,3.37837304431525e-10
"NUTM2F",1.81197277159325e-14,-0.871263334979297,0.511,0.636,3.45380129993389e-10
"GABRG3",1.82115297286565e-14,-1.49169440181961,0.291,0.386,3.47129968157922e-10
"TAOK2",1.82697455371211e-14,0.43831264446835,0.831,0.802,3.48239619683066e-10
"AC005262.2",1.98334886769386e-14,-1.12807705416478,0.438,0.546,3.78046127671126e-10
"NFIB",2.02916459338776e-14,-0.805801382528271,0.569,0.691,3.86779063145641e-10
"TMEM249",2.17698719047983e-14,-0.807445019190823,0.531,0.674,4.14955528377359e-10
"PLA2G1B",2.19146766173889e-14,-3.23009807702182,0.343,0.462,4.17715651004051e-10
"HTRA4",2.22956177272349e-14,-0.567143409725025,0.616,0.761,4.24976769498824e-10
"WNT5B",2.24260212115571e-14,0.569169402621899,0.677,0.572,4.27462390313489e-10
"GNG3",2.25990635912926e-14,0.41010317061965,0.917,0.899,4.30760751113629e-10
"SH2D1B",2.29521383625479e-14,1.62850425455064,0.493,0.367,4.37490709328525e-10
"SFTPD-AS1",2.36621075518886e-14,0.390470244893697,0.581,0.473,4.51023432046549e-10
"IGHV4-28",2.49717568169106e-14,-0.944580435597189,0.448,0.566,4.75986656687132e-10
"FRMPD2",2.52374417373016e-14,-0.381381100573709,0.814,0.923,4.81050876954705e-10
"HOXD1",2.5485674531927e-14,-0.739322637827991,0.551,0.663,4.85782442253061e-10
"MAF",2.70620348834343e-14,0.993641836320926,0.641,0.558,5.15829446913141e-10
"IGHV1-46",2.82079994854995e-14,-0.342574573346289,0.891,0.937,5.37672678193106e-10
"GDF6",2.82303552057659e-14,-0.841026126417599,0.539,0.647,5.38098800577104e-10
"LPAR6",2.97764165184101e-14,-1.45635592953358,0.516,0.66,5.67568275257415e-10
"DMRTC2",3.01956702871014e-14,-0.831236261669547,0.512,0.619,5.75559671342439e-10
"AC005387.2",3.0275423248735e-14,-0.417459464553785,0.645,0.536,5.77079842544138e-10
"ADAM29",3.04757131360646e-14,-0.831812456430612,0.526,0.652,5.80897568086527e-10
"TCF7L1",3.1141854736712e-14,0.48357205399847,0.851,0.908,5.93594893136468e-10
"SYN2",3.14180994083181e-14,-0.695669013641275,0.451,0.59,5.98860392821951e-10
"EDN3",3.14222407947019e-14,-0.533127102067855,0.683,0.806,5.98939331787813e-10
"OR2A7",3.32186350541215e-14,-0.557049404176672,0.759,0.865,6.33180402766611e-10
"PAQR4",3.44296365830651e-14,0.401998965859738,0.894,0.934,6.56263302909804e-10
"LINC00167",3.6118395749598e-14,0.363022649872573,0.711,0.608,6.88452741383087e-10
"PDE11A",3.69541801992495e-14,-0.4813742884189,0.785,0.882,7.04383628777895e-10
"IFT172",3.91946050478899e-14,0.496137482166187,0.623,0.5,7.47088366817829e-10
"LINC00929",4.05023603540096e-14,-2.41732204560844,0.223,0.331,7.72015490707777e-10
"ATP1A3",4.12641744695947e-14,0.323803078645772,0.972,0.977,7.86536429564945e-10
"CST11",4.21228685754174e-14,-0.426829096992449,0.524,0.408,8.02903997916032e-10
"KLRC3",4.44665233849726e-14,3.49573377775032,0.513,0.391,8.47576402240963e-10
"ATP6V0D2",4.62367592702981e-14,-0.793838529920649,0.583,0.689,8.81318868451152e-10
"LINC01618",4.65039406718435e-14,-0.688543020112986,0.396,0.288,8.86411613146009e-10
"TRAJ8",4.7725164295253e-14,-0.654120041992536,0.28,0.165,9.09689356631817e-10
"FREM3",4.82653665319505e-14,-0.700052045461634,0.614,0.742,9.19986151465509e-10
"TRBV20-1",5.14330376588577e-14,4.42084355289603,0.398,0.259,9.80365130815487e-10
"SPNS2",5.22051715188e-14,-0.349630468431428,0.489,0.35,9.95082774319846e-10
"PRR34",5.5077512238649e-14,-0.326108854404232,0.871,0.941,1.04983246078089e-09
"TMEM198",5.58888069414129e-14,0.526790919289047,0.669,0.582,1.06529654911027e-09
"SYT13",5.76520185866964e-14,-0.361768574215636,0.449,0.338,1.09890512628102e-09
"LINC01436",5.96718639152083e-14,-0.30290667965305,0.646,0.544,1.13740539808779e-09
"SPSB1",6.01405332265106e-14,0.727689223870139,0.788,0.791,1.14633870383052e-09
"GLYATL1",6.02818386758979e-14,-0.448650662213028,0.83,0.936,1.14903212700129e-09
"ADGRG6",6.05180730424228e-14,-0.635194763899751,0.69,0.587,1.15353499026162e-09
"TPBG",6.3922497022327e-14,-1.00508328033992,0.501,0.621,1.21842671574257e-09
"ITGA5",6.96924921611648e-14,-1.01534755824613,0.455,0.587,1.32840859308396e-09
"ZNF750",7.00013393836143e-14,-0.472380521150916,0.475,0.366,1.33429552999107e-09
"TOX2",7.14914814642489e-14,0.584574522961784,0.966,0.968,1.36269912819005e-09
"TAS2R50",7.51981782967659e-14,-0.369714420763744,0.544,0.436,1.43335247651466e-09
"HSPA1L",7.56782839868592e-14,0.515378875741762,0.742,0.687,1.44250377107352e-09
"MAP7D2",7.90936282778419e-14,-0.526955971429366,0.802,0.889,1.50760364860394e-09
"LIPH",7.92991825200144e-14,-0.480201404807454,0.759,0.857,1.51152171801399e-09
"LINC01443",7.99190010559023e-14,-0.462555473551676,0.841,0.879,1.52333607912655e-09
"MNX1-AS2",8.33924554876997e-14,-0.308123657207604,0.424,0.326,1.58954359405104e-09
"SPA17",8.47219181618272e-14,-0.53064871028938,0.737,0.868,1.61488448208259e-09
"USP54",8.53391182280939e-14,-0.342420011179312,0.857,0.947,1.6266489325457e-09
"NR6A1",8.79663014434578e-14,-0.634645690540509,0.548,0.692,1.67672567181375e-09
"CAMK4",9.22834671482909e-14,0.396376929664578,0.967,0.965,1.75901516731357e-09
"SOHLH2",9.84244178728243e-14,-1.69590271693152,0.292,0.395,1.8760678290739e-09
"GPR85",9.94091039117047e-14,-0.695709973823067,0.623,0.723,1.894836929661e-09
"IGKV3D-11",1.06909030584211e-13,-2.29709141569788,0.433,0.539,2.03779303196564e-09
"AC018685.2",1.1015893484495e-13,-0.754019643354161,0.537,0.627,2.09973945707959e-09
"RIMBP2",1.14004704054905e-13,-1.43822279796625,0.403,0.495,2.17304366399055e-09
"LINC01137",1.16832160695644e-13,0.308353483341768,0.85,0.809,2.22693781501967e-09
"TMEM37",1.19605140596531e-13,-0.513927879303344,0.664,0.798,2.27979358491048e-09
"ADAM12",1.28053975038495e-13,0.586495607019998,0.812,0.801,2.44083681820876e-09
"ACTL7B",1.3323048962606e-13,-0.602841423199996,0.685,0.767,2.53950636276232e-09
"PCDHB14",1.35860370091495e-13,-0.512426205177757,0.461,0.33,2.58963451431398e-09
"AADAC",1.4033325641292e-13,-1.19672632287749,0.34,0.453,2.67489220048667e-09
"IL18R1",1.40622083674916e-13,0.566574832856925,0.708,0.603,2.68039753692758e-09
"LINC01405",1.41746820145057e-13,-0.368507325315864,0.415,0.328,2.70183613878494e-09
"ZNF781",1.42075008706557e-13,-0.423346417303808,0.799,0.911,2.70809174095568e-09
"SEMA3F",1.4906547402082e-13,-0.798498883692718,0.568,0.668,2.84133700031084e-09
"DNTT",1.49448668295102e-13,-0.436506493313766,0.635,0.524,2.84864106637293e-09
"PGPEP1L",1.49794370606956e-13,-1.48247943916191,0.438,0.536,2.85523049813919e-09
"CCDC134",1.52549268315604e-13,0.346981138746285,0.918,0.92,2.90774160336373e-09
"H2AFB3",1.53373594768659e-13,-0.395861430485205,0.503,0.38,2.9234540898854e-09
"AC007349.4",1.59676653110988e-13,-0.587955205667638,0.411,0.298,3.04359668494854e-09
"PRSS36",1.63760326618408e-13,-1.04964558636956,0.506,0.628,3.12143558567348e-09
"CTRC",1.67045344617926e-13,-0.362872820530418,0.404,0.24,3.18405131376229e-09
"DHH",1.78317732864142e-13,-4.77620369555304,0.304,0.378,3.39891430612341e-09
"GRID1",1.8056784875137e-13,-0.692755813840066,0.589,0.73,3.44180376504986e-09
"OCSTAMP",1.83924836730537e-13,-0.408758736362843,0.461,0.329,3.50579131292077e-09
"LINC00504",1.84584668650372e-13,-0.325039285505732,0.821,0.925,3.51836836914475e-09
"PTPRD",1.90921389531709e-13,-0.391731768744693,0.482,0.358,3.63915260586391e-09
"MAMLD1",2.04817104473151e-13,-0.845714529438469,0.564,0.68,3.90401882836273e-09
"WASIR1",2.0602332791192e-13,-0.769930736872643,0.6,0.706,3.9270106533291e-09
"PCDH20",2.24403904176599e-13,-0.363195712677568,0.537,0.435,4.27736281751016e-09
"ANKRD34C-AS1",2.34577032841801e-13,-0.363467811442465,0.615,0.512,4.47127282299757e-09
"IGHV1OR16-3",2.43275728390704e-13,-0.380007924729144,0.413,0.284,4.63707865885522e-09
"UPP2",2.44641816195187e-13,-0.98075463359099,0.372,0.46,4.66311765849646e-09
"TNIK",2.44704088882451e-13,0.397018455633628,0.943,0.927,4.66430463818841e-09
"NFATC4",2.46140688406742e-13,-1.02237849959907,0.575,0.682,4.69168766172091e-09
"IGHV1-12",2.54094355529146e-13,-1.0386136631986,0.453,0.543,4.84329251074105e-09
"C10orf55",2.66466525097589e-13,-0.507474336252931,0.357,0.249,5.07911843488515e-09
"CLDN23",2.68778734383842e-13,0.775137915185468,0.505,0.415,5.12319145609041e-09
"EDNRB",2.71593209065932e-13,-0.768394156208602,0.543,0.672,5.17683815800574e-09
"LANCL3",2.84043350304255e-13,-0.888806618690969,0.609,0.725,5.41415030014941e-09
"SIM1",2.94502688887469e-13,-0.906323346103287,0.4,0.512,5.61351575288405e-09
"CFTR",3.06386847387235e-13,-0.861628172225432,0.445,0.552,5.84003969804808e-09
"RORA-AS2",3.10530630970051e-13,-0.320363976872237,0.475,0.353,5.91902435692013e-09
"SERPINB11",3.16809576713311e-13,-2.98935123470117,0.322,0.417,6.03870734173242e-09
"C6orf58",3.33352796913865e-13,-0.382432928645175,0.838,0.93,6.35403766197518e-09
"ALPK3",3.55026700026542e-13,-0.439015920901465,0.642,0.749,6.76716392920592e-09
"B3GNT9",3.57729657017014e-13,0.506550770904578,0.716,0.681,6.8186849924013e-09
"AC007009.1",3.59633741198211e-13,-0.4380458220755,0.574,0.462,6.8549787409791e-09
"CLDN2",3.80765809550397e-13,-0.889772255876721,0.438,0.556,7.25777709584012e-09
"CXCL9",3.93518619174791e-13,-0.852850908522642,0.539,0.623,7.50085840009070e-09
"TRIML2",3.9386636264031e-13,-1.24560143596458,0.469,0.569,7.50748673828694e-09
"BEX5",3.97059742026651e-13,1.54741781560639,0.437,0.339,7.56835574277e-09
"PRDM7",4.21409160956883e-13,-0.826688171253801,0.555,0.67,8.03248001699915e-09
"SLCO2A1",4.27022062933936e-13,-0.352542714301419,0.48,0.369,8.13946754158375e-09
"CLDND2",4.34456061914167e-13,-0.558364092074171,0.558,0.702,8.28116699614594e-09
"AC245100.1",4.40960823054168e-13,-0.586711468629451,0.698,0.775,8.4051542482355e-09
"ETV1",4.41071893324422e-13,-0.349966397989368,0.42,0.304,8.4072713586568e-09
"FREM2",4.47786622293366e-13,-0.348088019570893,0.949,0.985,8.53526080753384e-09
"C12orf54",4.48350692463266e-13,-0.467589118329306,0.734,0.823,8.54601254904232e-09
"UTS2",4.6070632732026e-13,4.04365927256409,0.495,0.369,8.78152330505147e-09
"CDCA5",4.97933495442499e-13,-0.361329200337821,0.86,0.944,9.49111035662947e-09
"AC079790.2",4.9805864046171e-13,-1.2935539800548,0.325,0.432,9.49349574584066e-09
"NT5DC2",4.99562789752317e-13,1.16100648902856,0.654,0.585,9.52216633546892e-09
"DUSP6",5.09769088016476e-13,-0.548271253149921,0.636,0.722,9.71670858668205e-09
"DUOXA1",5.12143412846142e-13,-0.727110510845151,0.491,0.613,9.76196559226032e-09
"IGKV1-16",5.23849955056179e-13,0.526068607035675,0.889,0.862,9.98510399332584e-09
"ZNF878",5.33002516760679e-13,-0.397506343235081,0.592,0.478,1.01595609719753e-08
"ASB11",5.36088119575809e-13,-0.701555802093184,0.715,0.84,1.02183756472345e-08
"AC009478.1",5.47095088452837e-13,-0.388752261108307,0.379,0.275,1.04281794809995e-08
"HPSE2",5.47369653468601e-13,-0.339585288751239,0.501,0.383,1.0433412964765e-08
"SEC14L5",5.5268147114564e-13,-0.3526351396166,0.776,0.879,1.0534661521507e-08
"AC133644.2",5.58393864422089e-13,1.29556521536156,0.585,0.467,1.06435454497494e-08
"NOMO1",5.69350459239078e-13,0.372295678386514,0.997,0.998,1.08523891035561e-08
"FOXA3",5.77109217775649e-13,-0.42213349106709,0.487,0.372,1.10002788000216e-08
"TSPYL6",5.99360166548206e-13,-0.804885728727037,0.488,0.608,1.14244041345753e-08
"TNFRSF4",6.04939591565211e-13,0.621459020618405,0.721,0.645,1.15307535548245e-08
"DOCK9",6.3115811207856e-13,0.321415439194033,0.953,0.97,1.20305047743294e-08
"C15orf54",6.32818463392614e-13,-0.547728996904697,0.672,0.785,1.20621527307266e-08
"PNCK",6.37267060564438e-13,-0.399001586079434,0.503,0.379,1.21469474414188e-08
"CCDC24",6.76340672765899e-13,0.367639270876962,0.884,0.863,1.28917295635908e-08
"CCL24",6.87071370324655e-13,-0.471117993475806,0.55,0.46,1.30962673897582e-08
"ADGRL3",7.2641449031248e-13,-0.778873506842226,0.586,0.736,1.38461865998462e-08
"C1QL1",7.39767784555362e-13,-2.10278797301008,0.262,0.327,1.41007137414098e-08
"GPR143",7.44953277340466e-13,-0.730137536679653,0.566,0.676,1.41995544193866e-08
"CCL20",7.53549859671084e-13,0.377092116602014,0.729,0.645,1.43634138751905e-08
"ALOX12",7.55243153157559e-13,-1.22367059631669,0.444,0.532,1.43956897423362e-08
"CLEC5A",7.72960684166886e-13,-0.354756241261492,0.845,0.905,1.4733403600905e-08
"ITK",7.74696783620889e-13,0.355724873788578,0.974,0.978,1.47664953925978e-08
"CST3",7.78180467028441e-13,-0.805099146648514,0.62,0.743,1.48328978820291e-08
"GAS2L2",7.91086024966691e-13,-0.91844865568951,0.446,0.546,1.50788907218901e-08
"OR2B3",7.95236222906787e-13,-0.300970211656715,0.549,0.444,1.51579976448263e-08
"TRBJ1-1",8.12962398841666e-13,-0.983883876725885,0.475,0.574,1.5495876284321e-08
"CHST5",8.20998722052327e-13,-1.18570285154898,0.421,0.524,1.56490566410394e-08
"NMBR",8.57764112390814e-13,-1.04095956460708,0.238,0.31,1.63498417462813e-08
"AC012507.3",8.79587184249178e-13,-1.29271640056594,0.372,0.46,1.67658113189736e-08
"ADORA2B",8.84412511805919e-13,-0.367106859072544,0.808,0.895,1.68577868875326e-08
"OR2T29",8.94363562474578e-13,-0.826256966942655,0.539,0.655,1.70474638643279e-08
"PIH1D3",8.94585937188113e-13,-0.835903760539027,0.545,0.648,1.70517025487426e-08
"COLEC12",9.10740576957737e-13,-1.14971297160133,0.57,0.672,1.73596261373914e-08
"C16orf96",9.36673391174417e-13,-0.62054329596134,0.736,0.845,1.78539315091756e-08
"ASIC3",9.58796863445104e-13,-0.385766148664015,0.769,0.885,1.82756270141271e-08
"FGF13-AS1",9.64287668465671e-13,-1.51436008285346,0.366,0.449,1.83802872486242e-08
"ORM1",1.02498016289043e-12,-0.568643605700842,0.721,0.819,1.95371468848546e-08
"AC003956.1",1.0813510385543e-12,-0.376476924411131,0.429,0.342,2.06116321458836e-08
"SMIM11A",1.10135433995049e-12,-0.311893597578304,0.828,0.936,2.09929150737963e-08
"DAB1",1.1110789551644e-12,0.355864779506277,0.42,0.283,2.11782759643886e-08
"DOCK5",1.1506847379494e-12,-0.825224535706094,0.481,0.6,2.19332017900536e-08
"FAM71D",1.18917272796958e-12,0.315258859883247,0.653,0.564,2.26668213678282e-08
"OR5B21",1.20605170749023e-12,-0.380760134697882,0.636,0.54,2.29885515964713e-08
"NOTCH4",1.24297260596245e-12,-0.826364104376848,0.706,0.845,2.36923008422503e-08
"CA6",1.25330332336866e-12,-1.26665133391179,0.448,0.547,2.38892146467299e-08
"CCDC85A",1.26809592617419e-12,-0.41853751892107,0.375,0.259,2.41711764488062e-08
"CHRM3",1.29084560757335e-12,-0.46829053816456,0.684,0.608,2.46048081259556e-08
"LMAN1",1.29228067918238e-12,0.408295973290548,1,1,2.46321620258954e-08
"FNDC3B",1.35666310056486e-12,0.702356581389991,0.893,0.897,2.58593553598667e-08
"CDA",1.379098742213e-12,-0.556777414341525,0.632,0.747,2.62870011253221e-08
"CLDN24",1.38489235412442e-12,-0.384644176261737,0.392,0.268,2.63974331619656e-08
"CTNNA2",1.38728489205091e-12,-1.68703419190382,0.289,0.38,2.64430373273824e-08
"PRKAR2B",1.49151798752409e-12,0.528584484835774,0.397,0.51,2.84298243601966e-08
"CRELD2",1.58538649198734e-12,0.407523145428712,1,1,3.02190519237708e-08
"AQP3",1.60263547990506e-12,1.04260378142155,0.776,0.749,3.05478348824704e-08
"ADH6",1.61728271123536e-12,-0.368395975336226,0.632,0.546,3.08270257588572e-08
"LRP3",1.62006854524614e-12,-0.568551364687753,0.724,0.825,3.08801265409367e-08
"TRAJ55",1.66120022672112e-12,-0.447521783455997,0.446,0.351,3.16641375215313e-08
"OVOL3",1.66283393848047e-12,-0.300862493794638,0.609,0.514,3.16952777013762e-08
"RBP1",1.71511047641989e-12,-0.664724678963275,0.661,0.737,3.26917207910395e-08
"SPDYE2",1.79391853406424e-12,-0.636416218387772,0.702,0.816,3.41938811777985e-08
"FPGT",1.84027741761402e-12,0.528404999487236,0.69,0.635,3.50775278571409e-08
"ERLEC1",1.84411789379478e-12,0.385615379954228,1,1,3.51507311736223e-08
"ABHD1",1.94082346873327e-12,0.342137893826694,0.825,0.79,3.69940361375248e-08
"SLC27A6",1.97342572264472e-12,-0.773563707478436,0.506,0.637,3.7615467699331e-08
"LHCGR",2.02135824957199e-12,-0.304273048273213,0.544,0.478,3.85291095950917e-08
"FAM20A",2.08160843540437e-12,-1.52552944951223,0.455,0.546,3.96775383872427e-08
"ADGB",2.10980847729651e-12,-1.67943540352248,0.249,0.33,4.02150593857488e-08
"DSG2",2.11109915428016e-12,-0.307414629911811,0.746,0.67,4.02396609797342e-08
"ENTPD2",2.21338349285871e-12,-0.809794619051605,0.462,0.555,4.21893027573799e-08
"GPX3",2.36023450953891e-12,0.718790893590215,0.512,0.407,4.49884299863212e-08
"NRIP2",2.39826908191615e-12,-0.323967853885544,0.9,0.962,4.57134069704037e-08
"DCTN1-AS1",2.40941404844181e-12,-2.30049719683086,0.205,0.323,4.59258411773494e-08
"KCNJ2-AS1",2.64360906521233e-12,-6.97303225159602,0.364,0.46,5.03898323920122e-08
"SLC12A5",2.75599596926256e-12,-3.81852691322695,0.429,0.514,5.25320391701137e-08
"IL2",2.81427559445774e-12,1.76059714513088,0.452,0.338,5.3642907105959e-08
"FZD7",2.83971966493364e-12,0.484084185627616,0.508,0.404,5.41278965333e-08
"RGPD4-AS1",3.04785475750362e-12,0.732368606597603,0.558,0.454,5.80951595327765e-08
"GRID2IP",3.06790798369369e-12,-0.381820110675278,0.519,0.395,5.84773940771854e-08
"MSMB",3.07163572857012e-12,-0.700301733109342,0.531,0.657,5.8548448622275e-08
"DIO3OS",3.20416428227583e-12,-0.738153919408626,0.587,0.702,6.10745753844595e-08
"LINC01496",3.33258422689882e-12,-2.98921455029465,0.249,0.341,6.35223879489185e-08
"HSPA1A",3.33743618142568e-12,0.614801576743599,0.724,0.67,6.36148710541549e-08
"PTCRA",3.38715935342158e-12,-1.17758917419156,0.529,0.642,6.45626444355687e-08
"LINC01098",3.40279474346108e-12,-0.394023590136646,0.533,0.437,6.48606706051117e-08
"LINC01348",3.42679578956724e-12,-0.315055242170521,0.95,0.978,6.53181545449412e-08
"ACKR4",3.44135940902454e-12,-1.99246486563843,0.339,0.452,6.55957516954167e-08
"LAD1",3.47782384292112e-12,-1.13623776583213,0.455,0.554,6.62908002699195e-08
"FAM153B",3.65748557544162e-12,-0.339033603036897,0.693,0.804,6.97153325534927e-08
"MDC1-AS1",3.73259334981971e-12,-1.70816057271013,0.298,0.4,7.11469618409135e-08
"PDZK1",3.81105566861573e-12,-0.576220523670562,0.657,0.762,7.26425320994845e-08
"MYBPHL",3.92135032064366e-12,-0.531741354139488,0.385,0.296,7.47448584617888e-08
"MDK",3.96710599938674e-12,-0.88281447482477,0.597,0.52,7.56170074543106e-08
"SPACA7",3.98825189150049e-12,-0.74034893322548,0.581,0.692,7.60200693038908e-08
"RAMP2",4.03867334694077e-12,-1.74465093748303,0.265,0.327,7.6981152666038e-08
"LRFN2",4.09960845130644e-12,-1.09160287857076,0.476,0.587,7.8142636690352e-08
"LRP1-AS",4.26105529706777e-12,-1.44109641566957,0.26,0.311,8.12199750174087e-08
"SGCZ",4.3388633626807e-12,-0.583456157642816,0.503,0.398,8.27030745560568e-08
"LIPJ",4.35144123543783e-12,-0.40829675432515,0.467,0.356,8.29428213886804e-08
"ADGRG3",4.37142933903074e-12,-1.42457111516687,0.418,0.525,8.33238146312649e-08
"MIXL1",4.42979839460302e-12,1.08591260713493,0.632,0.559,8.44363871995282e-08
"TBC1D16",4.51062543248794e-12,-0.523006746869093,0.761,0.829,8.59770313686527e-08
"MYH14",4.53788769948611e-12,-0.668657066831358,0.333,0.23,8.64966774399048e-08
"LILRA5",4.62398824992149e-12,-3.13543449892248,0.491,0.596,8.81378400317535e-08
"SPRN",4.68114855600953e-12,-0.304229379502097,0.424,0.314,8.92273726260976e-08
"UBXN10-AS1",4.73044980028468e-12,0.729087651839635,0.612,0.527,9.01671036432264e-08
"SPATA13",5.06445781872399e-12,0.408779285136912,0.911,0.906,9.6533630482698e-08
"NPAP1",5.1529011344148e-12,-1.17845502488447,0.458,0.562,9.82194485230805e-08
"ACTRT3",5.16406244652321e-12,-0.555249595154155,0.402,0.256,9.84321942931789e-08
"AC091132.1",5.52471643587873e-12,-0.504577704403385,0.77,0.827,1.05306619984284e-07
"LGALS7B",5.54398188893121e-12,-1.9841741309762,0.287,0.363,1.05673838784918e-07
"SHANK3",5.55663980053221e-12,-0.580784455768015,0.527,0.395,1.05915111237944e-07
"AGBL2",5.68615109931997e-12,-0.577918835898386,0.683,0.798,1.08383726104138e-07
"KIFC1",5.69639282662291e-12,0.837193057789483,0.511,0.377,1.08578943668259e-07
"TUBB3",5.74236059641795e-12,-0.501952882489881,0.665,0.785,1.09455135328323e-07
"TFAP2A",5.82839624870923e-12,0.363061759558803,0.52,0.459,1.11095060896647e-07
"IGHV3OR16-12",5.86133563057974e-12,-0.467800316866112,0.471,0.344,1.11722918454481e-07
"VWA1",6.04180685037377e-12,-0.398376706997968,0.91,0.974,1.15162880374974e-07
"BEGAIN",6.19128125796057e-12,-0.739462878881797,0.661,0.795,1.18012012057986e-07
"S100P",6.25837242144197e-12,-0.493766697289197,0.734,0.836,1.19290836725105e-07
"PCAT5",6.35806347502936e-12,-0.322533866351982,0.912,0.967,1.21191047897535e-07
"AC061992.2",6.60308313258759e-12,-0.346817312316945,0.879,0.941,1.25861367590252e-07
"PAQR9",6.61256778974629e-12,-0.656483433743039,0.625,0.751,1.26042154640354e-07
"ENPEP",6.87869202216832e-12,-0.393421211986771,0.877,0.941,1.3111474863455e-07
"RSPH10B",6.9381354197606e-12,-3.7462112603506,0.317,0.4,1.32247799236057e-07
"TPRG1",7.45792024464755e-12,3.9986307877917,0.344,0.215,1.42155417783227e-07
"MYOZ1",7.62798539100594e-12,-0.82356517792595,0.517,0.638,1.45397029537964e-07
"AGBL5-AS1",7.70846014536686e-12,-1.29673846911704,0.448,0.526,1.46930958830838e-07
"NTRK3",8.25023498699869e-12,-0.379344225179956,0.884,0.967,1.57257729087182e-07
"IGKV1-9",8.86292888395717e-12,1.23184836831213,0.46,0.348,1.68936287457108e-07
"BST1",9.36316305469067e-12,-0.330639499048313,0.855,0.931,1.78471250985459e-07
"PRDX4",9.39435363030979e-12,0.415691168440603,1,1,1.79065774547335e-07
"ABCA12",9.43796738780936e-12,-0.343779795795887,0.466,0.34,1.79897096379034e-07
"SERPINA11",9.54503789649273e-12,-0.770733369627331,0.542,0.647,1.81937967345048e-07
"RYR1",9.57000236044375e-12,4.21669664633929,0.455,0.331,1.82413814992418e-07
"NLRP4",9.77667420221271e-12,-0.81133376099948,0.55,0.66,1.86353186968376e-07
"FOXN4",9.79060673822162e-12,-0.453213625382205,0.479,0.384,1.86618755037242e-07
"WDR86",1.0640415916216e-11,-0.403939635784444,0.792,0.888,2.02816967778992e-07
"FAM66E",1.06555532514187e-11,-0.916790745751509,0.398,0.491,2.03105500525291e-07
"OR51B5",1.06934889450985e-11,-0.929663100784285,0.405,0.496,2.03828592782522e-07
"SYCP1",1.07799670150394e-11,-0.823226300751799,0.455,0.564,2.05476951273666e-07
"ZNF556",1.07952988055162e-11,-1.01419978047335,0.502,0.631,2.05769190531944e-07
"CHST7",1.09342496474341e-11,0.497818550276707,0.916,0.952,2.08417732529742e-07
"ASCL2",1.13940043234541e-11,0.665885131775853,0.743,0.699,2.17181116409359e-07
"FBLN1",1.18222617787441e-11,-0.941637649083892,0.482,0.587,2.25344131764642e-07
"WDR87",1.20053202981772e-11,-0.69556120379425,0.618,0.717,2.28833410203555e-07
"MAGEA8-AS1",1.22373286473977e-11,-0.48760603090513,0.484,0.379,2.33255721348048e-07
"ZNF497",1.22517931857617e-11,-0.491051569284449,0.655,0.771,2.33531429913804e-07
"LDLR",1.25535160984877e-11,1.24163565962078,0.52,0.426,2.39282570353275e-07
"AC007391.2",1.26308224253596e-11,-0.68664164656785,0.602,0.687,2.40756106249778e-07
"ELAVL4",1.33857216227415e-11,-0.897371597783852,0.551,0.621,2.55145239851077e-07
"SLC26A3",1.34902921094394e-11,-0.743021870676857,0.566,0.666,2.57138457898024e-07
"STK24-AS1",1.34934733702825e-11,-1.78420989849965,0.382,0.479,2.57199095910955e-07
"CD3E",1.36470410452303e-11,0.510253732156664,0.923,0.934,2.60126249363136e-07
"IGLV2-23",1.4148050493306e-11,0.622812447429327,0.594,0.507,2.69675990452906e-07
"SLC7A9",1.45227588660194e-11,-0.891427364519576,0.496,0.605,2.76818306745195e-07
"LINC01476",1.45398644402217e-11,-0.608275936753829,0.601,0.694,2.77144356095066e-07
"ADAMTS12",1.49493326710264e-11,-1.26541801726761,0.283,0.345,2.84949230042433e-07
"PRKCA",1.50092469464736e-11,0.359402631157348,0.942,0.933,2.86091256046734e-07
"GAD1",1.5344807175099e-11,-0.407386027445051,0.637,0.532,2.92487369564561e-07
"IGLCOR22-2",1.61325913111246e-11,-0.316078897275144,0.279,0.319,3.07503322981347e-07
"E2F7",1.64000322237408e-11,0.697186340430834,0.446,0.29,3.12601014216724e-07
"IGLV3-12",1.65625756658543e-11,-0.434067869029745,0.477,0.337,3.15699254766849e-07
"TRAJ7",1.66171065804359e-11,-0.915491403063662,0.429,0.531,3.16738668529689e-07
"FGF14-AS2",1.67896365482754e-11,-0.42165389685759,0.798,0.876,3.20027262246677e-07
"IGKV2-18",1.68725975911784e-11,-0.731450534209561,0.557,0.648,3.21608582685451e-07
"KDF1",1.69400504234782e-11,0.4792449602635,0.659,0.594,3.22894301121919e-07
"SMCO1",1.70357276990465e-11,-1.83985190321538,0.262,0.333,3.24718005671525e-07
"ZNF630-AS1",1.72529404659063e-11,-0.696419772812957,0.6,0.708,3.28858298220641e-07
"CCDC172",1.73707086889576e-11,-0.830008657304878,0.503,0.622,3.31103078320221e-07
"GLP1R",1.74728645446556e-11,-0.421419908962132,0.453,0.356,3.3305027108568e-07
"BRINP2",1.75756086145988e-11,-0.929384293105931,0.444,0.529,3.35008675802867e-07
"PDZD4",1.77204448212721e-11,0.823477947194105,0.595,0.49,3.37769398738268e-07
"ENHO",1.79041836402416e-11,-1.11005495539185,0.529,0.676,3.41271644366645e-07
"SAMD3",1.79419956875204e-11,0.5595784095796,0.744,0.687,3.41992379799826e-07
"KIAA0895",1.80305283402046e-11,-0.773012668048125,0.594,0.709,3.4367990069264e-07
"INTU",1.81152427204197e-11,-0.531959875296176,0.717,0.783,3.45294641493921e-07
"SMC2-AS1",1.82131461313887e-11,-1.67803177440382,0.445,0.525,3.47160778410399e-07
"LINC01423",1.82858423308658e-11,-0.941815097706845,0.407,0.512,3.48546440668633e-07
"IGKV1D-13",1.86012511970368e-11,0.580030338231808,0.584,0.493,3.54558449066719e-07
"HEPACAM2",1.86492380868857e-11,-2.90647535577563,0.294,0.362,3.55473127174128e-07
"IGLV9-49",2.04168650312371e-11,1.02544005072297,0.522,0.437,3.8916586436041e-07
"ZAP70",2.09045445987419e-11,0.306174616116401,0.994,0.999,3.98461524596619e-07
"COL6A2",2.10515842384031e-11,0.851928978769747,0.636,0.547,4.01264247168201e-07
"C11orf86",2.12839842991335e-11,-0.671746291978147,0.66,0.755,4.05694024725784e-07
"LRRC34",2.18785827938532e-11,-0.66707829702641,0.732,0.879,4.17027666633637e-07
"BMP7",2.22026657543094e-11,-0.862845488013059,0.521,0.621,4.23205011942892e-07
"GSDMA",2.24684567522244e-11,-1.81691504662085,0.398,0.499,4.28271254154149e-07
"NMNAT2",2.28756609011098e-11,-1.06266041322141,0.322,0.402,4.36032972436054e-07
"H3F3C",2.31520345155517e-11,-0.317296919685741,0.838,0.915,4.41300929900931e-07
"LRRC39",2.35356778138088e-11,-0.339597359830861,0.84,0.939,4.4861355480901e-07
"NXNL1",2.37838031591357e-11,-0.819430199651487,0.537,0.631,4.53343072016287e-07
"PHACTR3",2.40232924451509e-11,-0.902240880368083,0.425,0.509,4.57907977297021e-07
"KLHDC8A",2.40372885468277e-11,-1.55825776500885,0.28,0.35,4.58174756991083e-07
"NXPE1",2.42256093378398e-11,-0.420568120554618,0.463,0.348,4.61764339588565e-07
"APOBEC3H",2.59173767333109e-11,0.726592985103541,0.677,0.633,4.9401111791364e-07
"GFRA2",2.60927816930053e-11,-0.489471329922482,0.734,0.844,4.97354511850374e-07
"NKAIN2",2.65333089962731e-11,-0.701348726125289,0.708,0.613,5.05751402777962e-07
"LMOD1",2.6601249742622e-11,-0.36597987534571,0.418,0.298,5.07046421344119e-07
"OR2V2",2.71005130655932e-11,-0.343982384812701,0.545,0.449,5.16562879543273e-07
"SVIL",2.74905462999717e-11,0.345062913845537,0.918,0.923,5.2399730302376e-07
"ZNF541",2.79638955058489e-11,-0.38800141602457,0.829,0.863,5.33019812236987e-07
"MYDGF",2.91063697571145e-11,0.471840106259537,0.996,0.999,5.5479651394036e-07
"TRBC1",2.92247940446876e-11,0.781509376499939,0.749,0.683,5.57053799285789e-07
"SHROOM4",3.0562532086134e-11,0.426293605095955,0.613,0.531,5.825524240938e-07
"LPL",3.12573136582559e-11,-1.42256025400054,0.342,0.42,5.95795655640015e-07
"SCHIP1",3.18124569458757e-11,-1.66592631172954,0.354,0.235,6.06377241845337e-07
"C17orf77",3.22052956805812e-11,-0.6138463589569,0.654,0.759,6.13865140967559e-07
"PRR23C",3.27352105104346e-11,-0.676505755074402,0.266,0.163,6.23965847539394e-07
"OR2T33",3.33430144951821e-11,-0.383850215142635,0.39,0.273,6.35551199292666e-07
"RORB-AS1",3.35674669730972e-11,-0.408923302558481,0.492,0.376,6.39829487974206e-07
"IGKV1D-42",3.534354002659e-11,-0.613192296180335,0.527,0.653,6.73683216446832e-07
"SPCS3",3.59737524598015e-11,0.319347981226225,1,1,6.85695695636277e-07
"AC092316.1",3.75739340878014e-11,-0.493772955036937,0.348,0.191,7.16196757647582e-07
"ZNF285",3.77956834759852e-11,-0.902454603655068,0.586,0.67,7.20423522735755e-07
"FOXG1-AS1",3.84863938484446e-11,-0.593180966746466,0.386,0.263,7.33589153145203e-07
"ABRA",3.87625471390059e-11,-1.34111029314955,0.383,0.465,7.38852911016591e-07
"FAM178B",4.0024808011424e-11,-0.38865372634465,0.843,0.908,7.62912865505752e-07
"METTL7A",4.00894277914175e-11,0.390574185963177,0.996,0.999,7.64144583132209e-07
"YAP1",4.0432689016473e-11,-0.49629912931494,0.773,0.845,7.70687485342993e-07
"ACTBL2",4.0544633346496e-11,-0.703685045816957,0.628,0.768,7.72821256217561e-07
"ARSI",4.13844058031e-11,-0.645710244755142,0.65,0.739,7.88828159012888e-07
"TRGV4",4.20568358442769e-11,0.685816607227132,0.622,0.537,8.01645348027763e-07
"ANO7",4.21440629934717e-11,0.380538611743152,0.43,0.329,8.03307984718565e-07
"P3H2",4.54780037351309e-11,-0.958185275980398,0.633,0.775,8.6685622919533e-07
"TRBV5-7",4.57137700148911e-11,-0.378642696005123,0.526,0.442,8.71350170253839e-07
"EFCAB6",4.65564277580498e-11,0.39755106857989,0.467,0.356,8.87412069496186e-07
"CDX2",4.77036473058684e-11,-0.691545358177784,0.594,0.712,9.09279221297158e-07
"TNFRSF10C",4.805538022915e-11,-0.386458202555012,0.717,0.83,9.15983602547828e-07
"GIMAP8",4.8226661441203e-11,1.44301324124414,0.538,0.42,9.1924839373077e-07
"PRR4",4.84986158636255e-11,0.394751473926886,0.817,0.819,9.24432116976566e-07
"LRRIQ3",4.85654452396898e-11,0.739818017711352,0.571,0.475,9.25705951713727e-07
"SCHLAP1",4.88336648194189e-11,-0.345446486888033,0.958,0.98,9.30818485122944e-07
"CHPF",5.19289981183078e-11,1.27399692235679,0.533,0.439,9.89818633133066e-07
"ZNF479",5.27444205474004e-11,-0.622817895768391,0.661,0.773,1.005361400054e-06
"RTN4RL1",5.33397557860825e-11,-0.491926311735778,0.407,0.306,1.01670908503852e-06
"HNRNPCL3",5.4838169037343e-11,-0.369026785392117,0.897,0.941,1.0452703400208e-06
"SOST",5.60947018316839e-11,-0.851148336337708,0.472,0.569,1.06922111161373e-06
"LRP4",5.90426246005573e-11,-0.409355452964894,0.629,0.527,1.12541146751122e-06
"LRRC74B",5.91641813033575e-11,0.458372579937494,0.557,0.468,1.1277284598233e-06
"LINC01514",6.06005561476844e-11,-0.761644399555543,0.521,0.631,1.15510720073101e-06
"CCDC160",6.07738084499242e-11,-0.472073640591066,0.418,0.321,1.15840956286401e-06
"EDA2R",6.16614404323858e-11,-0.524234268262935,0.751,0.887,1.17532871608171e-06
"GCSAML-AS1",6.52958278502528e-11,-0.349487100423699,0.481,0.365,1.24460377465367e-06
"FASN",6.58039727157565e-11,0.34408931578122,0.874,0.88,1.25428952393503e-06
"CALML4",6.63764767688019e-11,0.348751499529751,0.972,0.968,1.26520202369013e-06
"PEX11A",6.6596213680334e-11,-1.79061446969074,0.481,0.557,1.26939042896085e-06
"OGDHL",7.02182951789874e-11,-0.42862302956768,0.443,0.322,1.33843092440668e-06
"CBX2",7.25245195604651e-11,-0.392929160879058,0.56,0.438,1.38238986734203e-06
"C20orf202",7.47856586514595e-11,-0.404916988227614,0.394,0.279,1.42548943955547e-06
"TMIGD1",7.48366811912139e-11,-0.802490152304049,0.554,0.634,1.42646198018573e-06
"NOVA1",7.94805635895811e-11,-1.40439920307974,0.417,0.511,1.51497902258101e-06
"CAMK1",8.09094989038006e-11,-1.27537323291443,0.529,0.635,1.54221595860534e-06
"RBMS3-AS2",8.16750430104532e-11,-0.595967038069697,0.577,0.699,1.55680799482225e-06
"PCSK1N",8.37291315005797e-11,0.308667137698889,0.885,0.891,1.59596097553255e-06
"RNF185-AS1",8.48663729301886e-11,-0.800024728629744,0.612,0.721,1.61763793442232e-06
"ARHGEF38",9.44818614434688e-11,-1.14697825808765,0.341,0.418,1.80091876097396e-06
"KRTAP4-3",9.69269021693151e-11,-0.649855127027838,0.627,0.72,1.84752368224932e-06
"OIT3",1.01705019168755e-10,-0.363235888765518,0.514,0.421,1.93859937037563e-06
"FAM189A1",1.01773934461128e-10,-0.643905050500921,0.682,0.79,1.93991296476355e-06
"LINC00992",1.02627652423058e-10,-1.22399315655214,0.473,0.561,1.95618568283592e-06
"AC097713.3",1.03745616434612e-10,-0.453040274126675,0.82,0.923,1.97749519486014e-06
"CSNK1G2-AS1",1.04261987951695e-10,-1.57285632825819,0.35,0.419,1.98733775234727e-06
"PCDH7",1.06496745935771e-10,-0.493290441825742,0.396,0.305,2.02993447428173e-06
"OLFML3",1.10209842174103e-10,-0.391998038128172,0.464,0.377,2.10070980168057e-06
"TNNI1",1.10458512962322e-10,-0.320943848500693,0.537,0.446,2.10544971557483e-06
"CYP8B1",1.17993035965125e-10,-1.03109365666461,0.3,0.374,2.24906525853125e-06
"ZBTB20-AS3",1.19408585434241e-10,-0.659793476674057,0.36,0.215,2.27604704696207e-06
"VCX3B",1.21112822020338e-10,-0.988470108996555,0.369,0.457,2.30853150052966e-06
"PTAFR",1.24508935305526e-10,0.310976613060218,0.902,0.928,2.37326481585863e-06
"SCUBE2",1.25661522442997e-10,-0.323878386724756,0.952,0.975,2.39523427928596e-06
"SLC26A10",1.26483057693649e-10,-0.444956672330072,0.441,0.337,2.41089356269864e-06
"CYP2S1",1.27052689632049e-10,-2.24188860746451,0.404,0.509,2.42175131707649e-06
"RTBDN",1.27138350401735e-10,-0.787349706827779,0.589,0.697,2.42338409700748e-06
"CFAP74",1.29661772467085e-10,-0.599328028982965,0.636,0.731,2.4714830449951e-06
"CD34",1.31140357661744e-10,-1.16115760359054,0.681,0.59,2.49966635739051e-06
"SIAH3",1.32650302892051e-10,-0.39267580506589,0.838,0.868,2.52844742342538e-06
"SOX6",1.32993120423328e-10,1.51172943464658,0.571,0.472,2.53498186838905e-06
"PACRG",1.38333527668031e-10,-0.915584243496665,0.278,0.158,2.63677537088035e-06
"HM13",1.39267155797557e-10,0.46682306322514,1,1,2.65457125665724e-06
"NOS1",1.40805341041614e-10,-0.508247653467729,0.689,0.815,2.6838906055942e-06
"SMARCA1",1.45503895519765e-10,-0.654571189300587,0.749,0.838,2.77344975250223e-06
"SLC38A4",1.45618001633946e-10,-0.916023926507625,0.421,0.52,2.77562472914464e-06
"ABCC2",1.46140742223394e-10,-0.36803364516037,0.81,0.886,2.78558868752011e-06
"WNT7A",1.46173474329635e-10,0.471520401071185,0.744,0.67,2.78621259419718e-06
"LINC00523",1.48349707354623e-10,-0.566193200592613,0.388,0.28,2.82769377188647e-06
"TAS2R41",1.51673543429282e-10,-0.377156574783085,0.473,0.392,2.89104941130554e-06
"ARFGEF3",1.52763395382185e-10,-1.45492328318082,0.481,0.565,2.91182307937983e-06
"TRBV21OR9-2",1.53860899605546e-10,-0.541761676029571,0.414,0.309,2.93274260738131e-06
"CD93",1.59447215060504e-10,-0.48652760599552,0.598,0.689,3.03922336626827e-06
"IPO9-AS1",1.59929034065881e-10,-0.329862371456462,0.752,0.853,3.04840731832976e-06
"C17orf107",1.63542631692122e-10,-0.370626575624164,0.734,0.831,3.11728610268353e-06
"IGHV3-29",1.71545836987808e-10,-0.394400815786186,0.419,0.345,3.26983519882461e-06
"WNT4",1.71929031643421e-10,0.342977982532098,0.722,0.67,3.27713927215524e-06
"HDAC11-AS1",1.78194965661793e-10,-1.891631045374,0.232,0.307,3.39657424047943e-06
"C5orf52",1.82150318333086e-10,-0.4861112979537,0.503,0.4,3.47196721774695e-06
"KCTD12",1.89348059616667e-10,-0.861563455537124,0.545,0.657,3.60916336435329e-06
"TRAV21",1.90404789493069e-10,-0.63495482463772,0.578,0.721,3.62930569252739e-06
"DLX2",1.96124173892779e-10,-1.4836188450676,0.234,0.26,3.73832287857027e-06
"AC129492.1",2.02460833171399e-10,-1.07591869796837,0.504,0.6,3.85910594108004e-06
"LINC01375",2.11942075152997e-10,-2.1111176620105,0.271,0.342,4.03982789449128e-06
"HOXD11",2.12649151679871e-10,-0.643251430333763,0.631,0.744,4.05330548017003e-06
"PKLR",2.16171259573796e-10,-1.0078200640545,0.36,0.449,4.12044037873613e-06
"DCAF12L1",2.1882589576237e-10,-0.51077111340337,0.462,0.336,4.17104039912653e-06
"AC073218.1",2.24081917810662e-10,-1.29920497139223,0.334,0.409,4.27122543538903e-06
"AC018359.1",2.29257843950267e-10,-0.860845075751975,0.471,0.564,4.36988376353603e-06
"PPP1R14D",2.37793694460749e-10,-0.568847533061849,0.395,0.297,4.53258561011634e-06
"NRXN2",2.40148438535222e-10,-0.301003225767751,0.88,0.928,4.57746938691986e-06
"UCP1",2.42204055666532e-10,-0.392853786372111,0.645,0.561,4.61665150505976e-06
"EMID1",2.4295580512388e-10,-1.01683260802832,0.589,0.486,4.63098060146627e-06
"OAS1",2.4381773810775e-10,0.602957379774865,0.919,0.941,4.64740990607182e-06
"SYTL2",2.45604917936942e-10,1.16447831524859,0.546,0.442,4.68147534079606e-06
"COX8C",2.4833717081488e-10,-0.462405425419863,0.794,0.843,4.73355481290243e-06
"NCKAP5",2.51154646447589e-10,-0.346393619025225,0.84,0.903,4.78725871593749e-06
"CSNK1A1L",2.53134234043748e-10,0.326031695804176,0.678,0.61,4.82499163510787e-06
"PKN2-AS1",2.65365064798295e-10,0.521744047649742,0.334,0.195,5.05812350012029e-06
"PCSK6-AS1",2.65540973246935e-10,-0.37802139181229,0.905,0.958,5.06147649105983e-06
"COL16A1",2.76245522737453e-10,-0.349220125644942,0.903,0.959,5.2655159088986e-06
"CFAP61",2.81599353385275e-10,-0.368486462267612,0.532,0.445,5.36756527487674e-06
"ELOVL4",2.82127829281568e-10,1.53485001435498,0.478,0.364,5.37763855393597e-06
"ERICH5",2.83468892268504e-10,-1.33180404164438,0.267,0.293,5.40320055552996e-06
"BMP2",2.87624643766188e-10,-0.371991137570207,0.589,0.488,5.48241333482731e-06
"BOK-AS1",2.88195927786202e-10,-3.2596027930711,0.258,0.325,5.49330257953279e-06
"SOX7",2.93905274354405e-10,0.393071899051322,0.758,0.746,5.60212843446932e-06
"PROM1",2.97423052717518e-10,-1.03761590158681,0.632,0.533,5.66918080784862e-06
"LINC00402",3.02776935943559e-10,0.399965776091621,0.794,0.733,5.77123117602019e-06
"GAL",3.0727647164363e-10,-0.44580042178718,0.482,0.394,5.85699682599923e-06
"TRBJ2-3",3.11361278338669e-10,-0.5272630693563,0.424,0.325,5.93485732641337e-06
"CDO1",3.19128591790248e-10,-0.906659755958815,0.483,0.576,6.08291008811391e-06
"S100A12",3.35124510962202e-10,-0.641945292629803,0.599,0.686,6.38780830345052e-06
"SMAD5-AS1",3.37081041400225e-10,-2.97154458372709,0.355,0.42,6.42510173012969e-06
"TRBV29OR9-2",3.41327292610152e-10,-0.810618270989194,0.504,0.587,6.50603952444211e-06
"ADAMTS8",3.64391481962568e-10,-0.843728041950479,0.271,0.172,6.94566603768851e-06
"SBK1",3.72466849076023e-10,0.411231530081012,0.827,0.78,7.09959061023807e-06
"LINC01566",3.81175723052332e-10,-0.858246775550288,0.479,0.581,7.2655904571005e-06
"AMIGO1",3.85498868695756e-10,-0.578667919269337,0.576,0.708,7.3479939362098e-06
"SLC16A12-AS1",3.96625682216856e-10,-0.894459666420607,0.428,0.515,7.56008212873549e-06
"AL513412.1",3.98190818810877e-10,-0.65561454658717,0.58,0.686,7.58991519735413e-06
"SCAANT1",4.12010303254238e-10,-0.382161101394365,0.793,0.89,7.85332839032903e-06
"ADAP1",4.13002232023949e-10,0.373041814640009,0.99,0.99,7.87223554460849e-06
"TIMM8B",4.16719999767882e-10,0.323345328651804,0.995,0.999,7.94309991557561e-06
"SMAD7",4.35186371843951e-10,0.430335399269667,0.874,0.861,8.29508743371755e-06
"AKR1C4",4.43094146116692e-10,-0.361765093075308,0.579,0.471,8.44581751913027e-06
"SYT4",4.45518008722146e-10,-0.483995887168295,0.401,0.271,8.49201876425282e-06
"CNTD2",4.61239466382208e-10,-1.2830979657886,0.456,0.54,8.79168546871128e-06
"P4HA2",4.73049522933517e-10,-0.316044384127455,0.926,0.947,9.01679695663577e-06
"LINC00310",4.73152605904757e-10,-0.515253738816467,0.733,0.838,9.01876182115057e-06
"SLC18A3",4.76047846687732e-10,-0.456461126072412,0.515,0.417,9.07394800571486e-06
"LINC01318",4.96480012039679e-10,-0.314710342816973,0.632,0.54,9.46340550948832e-06
"CADM2-AS1",4.96912402176719e-10,-0.771865532836379,0.534,0.648,9.47164729789044e-06
"EDEM3",4.9799498601577e-10,0.404934453660141,0.996,0.999,9.4922824284466e-06
"TEX36-AS1",4.99949440309574e-10,-0.778280268551356,0.518,0.621,9.52953628174078e-06
"MAGEL2",5.10611336788722e-10,-0.443906425116717,0.532,0.42,9.73276269052983e-06
"OR2B11",5.13730051066579e-10,-0.522060884616758,0.692,0.772,9.79220850338006e-06
"SLC6A4",5.14848376427426e-10,-1.01155765312553,0.46,0.557,9.81352490308317e-06
"ESRRB",5.18104971882138e-10,-1.0274864456439,0.314,0.389,9.87559886904544e-06
"SEMA4A",5.42412308815229e-10,0.717798789502854,0.843,0.912,1.03389210183271e-05
"ZSWIM2",5.45365039457624e-10,-0.844180678922877,0.431,0.534,1.03952030171018e-05
"AQP4-AS1",5.60608802096284e-10,-0.905349508149669,0.278,0.2,1.06857643767573e-05
"SYNGR4",5.68447468001941e-10,-2.46643523153303,0.315,0.368,1.0835177187585e-05
"IGHV3-11",5.70176378078338e-10,0.404977158484577,0.917,0.94,1.08681319425512e-05
"LINC01016",5.84066984557142e-10,-0.772614144233689,0.514,0.615,1.11329007926437e-05
"LINC01167",5.91968857897504e-10,-0.652351014929172,0.662,0.782,1.12835184003843e-05
"FRMD5",5.97898847794252e-10,-0.571357853498215,0.314,0.185,1.13965499378062e-05
"SLC5A9",6.01797417263319e-10,-0.402075030442019,0.834,0.931,1.14708605704561e-05
"CIDEA",6.05065162504404e-10,-0.89405067524206,0.516,0.624,1.15331470624965e-05
"CTRB2",6.06508449113363e-10,-0.360569922404268,0.65,0.559,1.15606575485498e-05
"AC114730.3",6.09801149766692e-10,-0.76560032932303,0.486,0.594,1.16234197157029e-05
"FOXG1",6.19784247409704e-10,-0.553690751535678,0.465,0.35,1.18137075398764e-05
"LRFN5",6.21261779691563e-10,-0.368110657726294,0.619,0.522,1.18418707827009e-05
"RGL3",6.28973298164195e-10,-0.461684921165338,0.763,0.879,1.19888600363077e-05
"ARHGEF10",6.30199412837698e-10,0.345460266331478,0.871,0.832,1.20122310080994e-05
"ZPBP2",6.39539065432431e-10,0.338742441768996,0.529,0.428,1.21902541262076e-05
"FAM3D-AS1",6.43980791974705e-10,-0.409213377803111,0.41,0.29,1.22749178758298e-05
"PITX1",6.46632292326722e-10,-0.472651613488951,0.741,0.819,1.23254581240396e-05
"RAB38",6.5422642300109e-10,-0.974604915036943,0.545,0.647,1.24702098488238e-05
"TMEM52B",6.55642260651684e-10,-1.08392819217697,0.501,0.59,1.24971971302817e-05
"TTYH1",6.56067594562642e-10,2.54838755016084,0.458,0.366,1.25053044199585e-05
"DAB2",6.61335564826616e-10,-0.351093182137497,0.806,0.887,1.26057172011601e-05
"SPATA18",6.69098091126231e-10,-0.59495199839091,0.321,0.252,1.27536787149571e-05
"LUCAT1",6.81055880268671e-10,-0.43622002721382,0.516,0.617,1.29816061338011e-05
"SLC25A52",6.81938985874877e-10,-0.3169101449064,0.94,0.976,1.2998439009761e-05
"ESYT3",6.96071179620834e-10,-0.506271355104566,0.362,0.272,1.32678127547527e-05
"HRH1",6.9727421780254e-10,-0.825710268575406,0.586,0.685,1.32907438655342e-05
"TRH",6.98630060389343e-10,-0.864472958055753,0.488,0.587,1.33165875810813e-05
"C1orf167",7.24885172359249e-10,0.782023317908912,0.302,0.371,1.38170362703396e-05
"HHIPL1",7.73790606606942e-10,-0.965010040860465,0.503,0.579,1.47492227525349e-05
"CDK15",7.89096673906137e-10,-1.16358572390421,0.447,0.527,1.50409717013249e-05
"UGT2A3",7.99005862239078e-10,-0.470144366854933,0.559,0.474,1.52298507401391e-05
"LINC01563",8.15148594848147e-10,-0.813839852077017,0.507,0.627,1.55375473664005e-05
"CYP4F2",8.19013586360026e-10,-0.420055465851478,0.872,0.937,1.56112179696084e-05
"MOXD1",8.38788440162037e-10,0.561793393667859,0.933,0.923,1.59881464579286e-05
"PCDHB5",8.57554148574266e-10,-1.12988733157011,0.321,0.397,1.63458396259741e-05
"CTTNBP2NL",8.63838072763342e-10,-0.333723295882217,0.801,0.905,1.64656175049421e-05
"ADM",8.6923336034539e-10,0.328022952586545,0.783,0.738,1.65684570815435e-05
"CXorf58",8.71475493744487e-10,-0.473966906309192,0.805,0.906,1.66111943862637e-05
"IGHVIII-76-1",8.7222412422572e-10,-0.428361870068446,0.493,0.391,1.66254640318665e-05
"SLPI",9.09490392718546e-10,-0.512535112221032,0.661,0.744,1.73357963756082e-05
"OR6C6",9.45265371699701e-10,-0.339809730121477,0.627,0.568,1.8017703249968e-05
"AIPL1",9.58723703378635e-10,-0.412502265734483,0.681,0.796,1.82742325101002e-05
"ACOT12",9.67385192362984e-10,-0.654023287111242,0.653,0.736,1.84393291516308e-05
"TMEM52",9.76750035168616e-10,0.658435010708905,0.426,0.311,1.8617832420349e-05
"CRHR2",9.83884266630105e-10,-0.805094341274041,0.526,0.629,1.87538180062364e-05
"STPG2-AS1",1.00172856199462e-09,-1.18413590928245,0.256,0.326,1.90939481201795e-05
"STOML3",1.01967023243157e-09,-0.854895294171543,0.389,0.475,1.94359343003781e-05
"CES3",1.02601257312454e-09,-1.28681426066772,0.265,0.313,1.95568256563269e-05
"SLC39A12-AS1",1.05807967318739e-09,-0.920049768781691,0.469,0.561,2.01680566506248e-05
"UROC1",1.0860105754612e-09,-1.42641818568909,0.293,0.368,2.07004475788659e-05
"IFI35",1.08856397869678e-09,0.335882672157563,1,0.999,2.07491179979394e-05
"IGKV1D-33",1.11656407012035e-09,-1.15890441692066,0.313,0.374,2.12828277405639e-05
"LINC01140",1.13723528268669e-09,-0.619101179065154,0.439,0.342,2.16768417232911e-05
"CYP3A4",1.16025621704e-09,-0.441868467355876,0.766,0.884,2.21156437529995e-05
"IGHV4-31",1.16919253156893e-09,-0.348045901080924,0.374,0.46,2.22859788442354e-05
"TNFRSF25",1.17156189055638e-09,0.371296319468633,0.96,0.982,2.23311411958952e-05
"MAB21L2",1.18448802590344e-09,-0.423510528124844,0.859,0.926,2.25775262617455e-05
"TNFSF4",1.18474038986776e-09,-1.10061530068181,0.495,0.589,2.25823365712694e-05
"ODF3L1",1.19271674177487e-09,-0.545287712981606,0.766,0.858,2.27343738149707e-05
"F7",1.24419833150976e-09,-1.30441889926104,0.256,0.168,2.37156643969076e-05
"CYP11A1",1.26259608771628e-09,-1.06340397095541,0.479,0.566,2.40663440279601e-05
"CD160",1.31045440720812e-09,1.08047408429104,0.582,0.485,2.49785714557939e-05
"TTC29",1.31296292336355e-09,-0.475931139017371,0.627,0.546,2.50263862822327e-05
"RAB3B",1.33859118441232e-09,-2.38668588168677,0.451,0.557,2.55148865660832e-05
"GSTM5",1.34086739519844e-09,-0.446077151214395,0.603,0.527,2.55582734198775e-05
"TAF7L",1.40899180938696e-09,-0.34284516394481,0.899,0.961,2.68567928787249e-05
"LMO7DN",1.41513134385647e-09,-0.808916727211356,0.258,0.165,2.69738185452483e-05
"TSPAN15",1.42295557917675e-09,1.74571988174317,0.489,0.375,2.7122956294688e-05
"LINC00472",1.44270110954395e-09,-1.09863167278788,0.419,0.509,2.74993258490172e-05
"SEMA6B",1.49719891488403e-09,-1.86051977102033,0.429,0.504,2.85381085166046e-05
"AC147651.1",1.52535651202196e-09,-1.51680768885803,0.425,0.486,2.90748204756506e-05
"LANCL1-AS1",1.5573213611578e-09,-0.782452344931482,0.493,0.592,2.96841024650289e-05
"MAGI3",1.58389823937593e-09,0.384927271145548,0.679,0.622,3.01906843407445e-05
"PLEKHG6",1.6345809022097e-09,-0.661024599460479,0.621,0.703,3.11567465770191e-05
"EPHA3",1.65665770782737e-09,-0.905040305002828,0.466,0.557,3.15775525688974e-05
"RUSC1-AS1",1.67920227448995e-09,0.500510664465635,0.574,0.493,3.2007274554053e-05
"PGM5P3-AS1",1.76401796187773e-09,-0.632482370108255,0.313,0.206,3.36239463713514e-05
"LINC01564",1.84774091035488e-09,-0.691424309786424,0.524,0.634,3.52197894922744e-05
"CAP2",1.84929842521164e-09,-0.359954010043355,0.552,0.47,3.5249477282959e-05
"FOSL2",1.85827899096809e-09,0.49385766195167,0.779,0.739,3.54206558468428e-05
"EOMES",1.88190701993749e-09,1.24455596264733,0.529,0.418,3.58710297070284e-05
"SLC4A9",1.88627048044893e-09,-0.600961724862737,0.35,0.239,3.5954201627837e-05
"ZNF691",1.89263491248107e-09,-0.458665207172109,0.682,0.782,3.60755140668016e-05
"TCTEX1D1",1.93981495344288e-09,-0.599131343935037,0.804,0.757,3.69748128275747e-05
"INSM1",1.9402230992206e-09,-0.592500074766075,0.32,0.216,3.69825924942438e-05
"C1R",1.96321328480547e-09,-0.351895390916109,0.707,0.832,3.7420808421677e-05
"CD177",1.99421022876023e-09,-0.56359603631719,0.706,0.824,3.80116411703987e-05
"SLC30A10",1.99441986930327e-09,-0.984362744727875,0.338,0.415,3.80156371287895e-05
"TDO2",2.02653535354051e-09,-0.331449013453382,0.514,0.439,3.86277903738356e-05
"PPP1R17",2.04406945920848e-09,-0.688339455748791,0.577,0.701,3.89620079619728e-05
"LINC01257",2.04707782056324e-09,-0.490802490661386,0.381,0.29,3.9019350337756e-05
"BEST1",2.22191029263717e-09,-0.493975577734316,0.682,0.744,4.23518320879571e-05
"DMRTA2",2.23756870103739e-09,-0.549441862877265,0.715,0.803,4.26502970104737e-05
"VCAN",2.36701319814384e-09,-0.352512624376119,0.671,0.743,4.51176385698198e-05
"PCYT1B",2.39116046700457e-09,-0.690471131714277,0.643,0.742,4.55779096615741e-05
"ADH4",2.45502040182419e-09,-0.740520119818679,0.517,0.607,4.67951438791709e-05
"SEC14L4",2.49433902047797e-09,-0.859259030402244,0.574,0.69,4.75445960693306e-05
"NUTM1",2.50531108545806e-09,-0.440319240622557,0.49,0.39,4.7753734599916e-05
"CEBPD",2.54594560275136e-09,0.396367508019769,0.861,0.829,4.85282691340437e-05
"ZNF177",2.55340234410046e-09,-0.8217387621388,0.548,0.654,4.86704020808989e-05
"C7orf33",2.59994828017636e-09,-0.466221152730263,0.495,0.392,4.95576141684416e-05
"UPK1A-AS1",2.62093004025503e-09,-0.474719093300052,0.703,0.797,4.9957547497301e-05
"SLC5A8",2.68458954395857e-09,-1.18941418136359,0.319,0.368,5.11709612973943e-05
"TTC34",2.71216923591777e-09,-0.53494989523201,0.724,0.809,5.16966578058285e-05
"UQCRHL",2.74889408073408e-09,0.437621798645637,0.922,0.92,5.23966700728723e-05
"NPAS2",2.78784556972521e-09,-0.49608925342929,0.686,0.767,5.31391244045322e-05
"HIST2H2AB",2.80766860163475e-09,-0.427853523397605,0.747,0.87,5.351697121576e-05
"FCGR3B",2.86080620752428e-09,0.718051753979403,0.803,0.766,5.45298271216204e-05
"SYT6",2.89858389245964e-09,-0.906716635054336,0.432,0.505,5.52499075741731e-05
"LINC00640",2.96756452591751e-09,-1.07466987217179,0.259,0.165,5.65647474285136e-05
"AC097532.2",2.97498311015811e-09,-0.88390259967921,0.495,0.602,5.67061530627237e-05
"CLDN9",2.99797093721091e-09,-3.45310188951904,0.291,0.34,5.71443240341771e-05
"LYPD8",3.07500062518356e-09,-0.323180385772359,0.55,0.47,5.86125869166238e-05
"FGFR3",3.09745276732225e-09,-0.968404895272432,0.385,0.469,5.90405471979294e-05
"SMAD1-AS2",3.13175588667117e-09,-0.573881693427328,0.358,0.262,5.96943989558392e-05
"PRKCH",3.1716947891763e-09,0.48289470504584,0.824,0.825,6.04556743764894e-05
"AC008937.2",3.18225239333646e-09,-0.439361642742291,0.412,0.322,6.06569128693863e-05
"TRAJ26",3.18291337847213e-09,-1.13948505996762,0.396,0.453,6.06695119070573e-05
"BCL11B",3.21212943333179e-09,0.486745065111287,0.923,0.933,6.12263991287373e-05
"LINC00313",3.24227951080142e-09,-0.463779038398313,0.818,0.887,6.1801089755386e-05
"SERPINE3",3.25644366756011e-09,-0.540524298290409,0.691,0.783,6.20710727473632e-05
"WFS1",3.27066806110931e-09,0.706089835362882,0.747,0.691,6.23422039128045e-05
"SPATA25",3.37824540537616e-09,-0.500269610356503,0.386,0.307,6.43927356718749e-05
"HBB",3.43011724970032e-09,-1.13862890052329,0.706,0.777,6.53814648965378e-05
"CHST9",3.44686512513315e-09,-0.477082483387345,0.389,0.275,6.5700696150163e-05
"TFPI",3.45043875814712e-09,-1.16448982329564,0.56,0.463,6.57688131690422e-05
"FLRT1",3.55713045928593e-09,-0.708724298097449,0.29,0.193,6.78024636844491e-05
"FREM1",3.59489101102296e-09,-1.02071807838281,0.443,0.533,6.85222175611086e-05
"DLK2",3.6053247289568e-09,-0.36612961402485,0.843,0.931,6.87210946586455e-05
"LINC00525",3.61354332489566e-09,-0.690007802391793,0.676,0.802,6.88777493158362e-05
"LINC00906",3.67690774030709e-09,-0.665264402920325,0.586,0.709,7.00855384379934e-05
"OR7D4",3.73555475900224e-09,-1.14369215673492,0.315,0.396,7.12034092613417e-05
"RNF151",3.7990366088808e-09,-0.403053843200402,0.902,0.964,7.24134368018768e-05
"PDIA2",3.87756302882392e-09,-0.724216645487408,0.566,0.649,7.39102288924128e-05
"ETS2",3.91458549676259e-09,-0.545273102880732,0.75,0.829,7.46159141537916e-05
"GLRA3",3.9202494191748e-09,3.56254989587238,0.472,0.339,7.4723874178891e-05
"LINC00621",3.92186915005158e-09,-0.414372027807971,0.41,0.309,7.47547478691332e-05
"CYP7B1",3.95032011907171e-09,-1.68107461899664,0.321,0.395,7.52970517896259e-05
"LINC01364",4.07790908847014e-09,-0.606885182263865,0.439,0.334,7.77290251353293e-05
"KLHL35",4.1792390258716e-09,-0.49408899667856,0.66,0.783,7.96604750721385e-05
"ACSM2B",4.21384661588768e-09,-1.01141748266262,0.547,0.621,8.03201303454351e-05
"CLEC14A",4.2155842971517e-09,-0.494219301361936,0.422,0.343,8.03532522880086e-05
"LINC01293",4.315793352419e-09,-0.522991026618014,0.46,0.376,8.22633370904585e-05
"GRTP1",4.35419047652674e-09,-0.791923118297081,0.627,0.707,8.29952246730762e-05
"CREB5",4.39201547707213e-09,-0.820392792219639,0.549,0.625,8.37162070084718e-05
"OR6J1",4.40288125450036e-09,-0.644212430165094,0.309,0.202,8.39233195920314e-05
"CLEC19A",4.42378045678861e-09,-0.551047266279058,0.341,0.22,8.43216792868478e-05
"DCANP1",4.48244412382312e-09,-0.539253806896976,0.408,0.326,8.54398674441925e-05
"RUSC2",4.69282441446491e-09,-0.68129574759187,0.573,0.662,8.94499261641156e-05
"PARD3B",4.80208027188887e-09,-0.555587472329059,0.674,0.784,9.15324520624738e-05
"HPGDS",4.85863008257828e-09,-1.68218793056536,0.497,0.4,9.26103480040245e-05
"C11orf44",4.89367419242771e-09,-0.370442400255282,0.521,0.428,9.32783237818646e-05
"TUBB6",4.95178125567768e-09,0.467494469733675,0.917,0.893,9.43859025144722e-05
"MAST1",5.02188109597449e-09,0.450039001684718,0.654,0.587,9.57220755703697e-05
"PLPPR4",5.09869432482332e-09,-0.65402555733462,0.591,0.675,9.71862125254574e-05
"PCP4L1",5.23748682470224e-09,-0.818022119712667,0.491,0.585,9.98317363656494e-05
"ADAMTS4",5.34371292889769e-09,-0.398100337145095,0.76,0.863,0.000101856512137719
"HAVCR1",5.40590505187797e-09,-0.4522093098917,0.774,0.839,0.000103041956193846
"SIRT4",5.56362835237455e-09,-0.54310927464215,0.616,0.728,0.000106048320024611
"LINC00862",5.75339918830809e-09,-1.44599160573806,0.361,0.433,0.00010966554192834
"TUB",5.79707599129304e-09,-0.389520348158454,0.559,0.475,0.000110498065470037
"MANEA",6.09826764690374e-09,0.424038462353255,1,0.999,0.000116239079617632
"TMIGD3",6.22397512179032e-09,-1.20875175393877,0.388,0.47,0.000118635189796445
"CAMK2A",6.30960544658611e-09,-0.490114794951216,0.602,0.726,0.000120267389417378
"AC067969.2",6.33280520382499e-09,-0.579608158637853,0.365,0.244,0.000120709599990108
"PCCA-AS1",6.55070645241105e-09,-0.779270627599534,0.27,0.183,0.000124863015689407
"OR6C75",6.65559545232081e-09,-0.658644801316422,0.532,0.641,0.000126862304916687
"TRDJ3",6.65966209405451e-09,-1.83302701505092,0.277,0.299,0.000126939819174773
"UPK3B",6.74974208997833e-09,-0.386950485501828,0.711,0.776,0.000128656833977077
"SDC1",6.87728792432637e-09,0.794248985823225,0.804,0.802,0.000131087985125585
"SPC24",6.94123089898731e-09,0.581037213790729,0.571,0.491,0.000132306802165597
"RHCE",7.04717919119983e-09,0.606353751251161,0.408,0.311,0.00013432628256346
"RBP4",7.17581094821598e-09,-0.465264018894995,0.458,0.358,0.000136778132483945
"GNA11",7.29115992259068e-09,-0.596287718284794,0.584,0.712,0.000138976799284501
"KIAA2012",7.46416182438914e-09,-0.56012438561361,0.527,0.643,0.000142274388534681
"MGARP",7.61253165326971e-09,-0.490546520650883,0.656,0.791,0.000145102465842974
"GLT8D2",7.68700856055341e-09,-0.539921726234025,0.69,0.769,0.000146522070172709
"TECR",7.74176081326116e-09,0.301475237253865,1,1,0.000147565702861571
"LDHC",7.74490094068134e-09,-0.699123668314421,0.644,0.691,0.000147625556830327
"GRAPL",7.83809386030212e-09,0.476631966848332,0.609,0.552,0.000149401907071219
"NHS-AS1",8.01151698486149e-09,-0.480221014022487,0.494,0.392,0.000152707525248445
"COL3A1",8.26276456789709e-09,-0.915135038034352,0.454,0.522,0.000157496555428686
"ARHGEF16",8.41206607305584e-09,-0.387265283584934,0.505,0.434,0.000160342391418517
"TOX3",8.47526047564973e-09,-0.838251951163393,0.394,0.485,0.00016154693992636
"ADRB2",8.49327791925481e-09,0.362838369364916,0.858,0.855,0.000161890370418916
"MOGAT1",8.57872021985542e-09,-0.558142153111962,0.371,0.281,0.000163518986110664
"P4HA3",8.78401001214387e-09,-0.31813808716893,0.852,0.892,0.000167432014841474
"MDS2",8.94697410092134e-09,0.468999257431047,0.774,0.775,0.000170538273337662
"ALDH1A1",9.15712610061288e-09,-2.9632407971796,0.462,0.548,0.000174543980603782
"LINC01550",9.28644900107338e-09,0.703564132364062,0.648,0.577,0.00017700900440946
"OR2B2",9.50338773931886e-09,-2.09218418850391,0.274,0.349,0.000181144073699157
"RAET1E",9.66371620440484e-09,-0.387314714248552,0.555,0.458,0.000184200094572161
"AC023469.1",9.90416194230833e-09,-0.304890293800147,0.565,0.479,0.000188783230782339
"USH1C",1.00852569669991e-08,-0.398640929131307,0.672,0.615,0.000192235083047969
"LINC01519",1.01688190109495e-08,-0.510318710866823,0.469,0.361,0.000193827859167708
"HEY1",1.02551167967357e-08,-0.483886577676698,0.63,0.735,0.00019547278126258
"ADAM15",1.02881790269174e-08,0.463999877574273,0.838,0.86,0.000196102980432072
"FSTL1",1.08206057099895e-08,-0.725312009664556,0.675,0.793,0.000206251565438109
"TRBV6-7",1.11525910258658e-08,-0.529458147613973,0.513,0.409,0.000212579537544027
"SCRG1",1.16896863997285e-08,-0.317453987323549,0.812,0.882,0.000222817112465226
"LINC01151",1.17319364395951e-08,-0.389500460087268,0.617,0.721,0.000223622440475122
"GLIS1",1.1771975590513e-08,-1.06646511241052,0.397,0.468,0.000224385626730768
"GYG2",1.1819250424671e-08,-0.557035204715421,0.424,0.298,0.000225286732344655
"LINC00588",1.18310979279511e-08,-0.704384435770853,0.604,0.717,0.000225512557604676
"BRCA1",1.1883364180168e-08,0.786320794879009,0.581,0.519,0.000226508804638183
"C1orf147",1.21724263827433e-08,-0.444212882174847,0.426,0.319,0.000232018619281469
"DNMBP-AS1",1.25609500797207e-08,-0.783485224175545,0.56,0.65,0.000239424269469556
"FAM87A",1.26314956339279e-08,-0.481828532611676,0.503,0.391,0.0002407689382783
"RHOC",1.27456795687722e-08,0.301103109798024,0.969,0.988,0.000242945398260367
"DCDC2",1.28069871289435e-08,-1.00396583748849,0.453,0.534,0.000244113981664791
"AVP",1.29900375405312e-08,-3.95706457944698,0.381,0.292,0.000247603105560066
"TRAV8-5",1.31152274289539e-08,-0.498387834832304,0.4,0.33,0.00024998935002329
"CCDC26",1.32760152098392e-08,-0.443126682394404,0.729,0.846,0.000253054125914745
"SLAMF8",1.35275424116643e-08,-0.405616229785483,0.708,0.816,0.000257848485908734
"ZNF385C",1.35681057132707e-08,-0.552914337554647,0.796,0.895,0.000258621663000653
"LINC01505",1.36414175700685e-08,-0.737158897345742,0.503,0.594,0.000260019060303076
"PRSS56",1.46316657429355e-08,-0.477982007837566,0.495,0.402,0.000278894180726094
"TEX15",1.46856741766589e-08,-0.576531909950148,0.685,0.759,0.000279923635481296
"LINC00837",1.49095854708616e-08,-0.502608413588588,0.37,0.244,0.000284191608660092
"DYDC1",1.51398236044732e-08,-2.10274885151192,0.235,0.266,0.000288580177724864
"IRX3",1.54409233022691e-08,0.302932778578112,0.394,0.29,0.000294319439064551
"PTHLH",1.62209534057125e-08,-0.852114910511204,0.47,0.552,0.000309187592866287
"EFHB",1.63016763473095e-08,-0.317766785051971,0.797,0.889,0.000310726252856066
"CD300LG",1.65199425065877e-08,-1.5063505298493,0.241,0.289,0.000314886624118068
"ETV4",1.66714373411235e-08,-0.741145311652673,0.625,0.729,0.000317774267159156
"CHRNA7",1.66747456454985e-08,-0.683694163168481,0.299,0.212,0.000317837326748848
"C4B",1.67244467870421e-08,-0.408761888495029,0.563,0.491,0.000318784680207809
"LINC01527",1.70967331489984e-08,-1.11407801778788,0.337,0.407,0.000325880830553058
"IGKV1OR22-5",1.760216731157e-08,-0.344497076439385,0.54,0.462,0.000335514911125835
"MYPOP",1.77386791564713e-08,0.402862796283848,0.684,0.644,0.000338116963401499
"SLC9A3",1.80773134726115e-08,-1.17671999490534,0.389,0.457,0.000344571672101448
"LINC01149",1.82083903130674e-08,-1.24319163127115,0.331,0.373,0.000347070127757377
"AC034110.1",1.86237509303968e-08,-0.909030655939262,0.413,0.499,0.000354987316484292
"AC083843.1",1.93556580369295e-08,-0.824210873884276,0.526,0.608,0.000368938197841913
"ACTL6B",1.98159503761047e-08,-0.776884819511073,0.495,0.59,0.000377711830118933
"CHST13",1.99553104554165e-08,-0.781992256873735,0.562,0.453,0.000380368172590694
"CPB2",2.05648703524802e-08,-1.2673523955753,0.25,0.331,0.000391986993788625
"GATA3-AS1",2.05932797818337e-08,0.445004544454317,0.536,0.462,0.000392528505921532
"ARG1",2.13181273435296e-08,-3.58302709019788,0.478,0.573,0.000406344825295018
"LCA5",2.15524639133453e-08,-1.47880236843118,0.369,0.429,0.000410811514652274
"LINC01220",2.16844409698523e-08,-0.485396110688294,0.669,0.743,0.000413327129326355
"BPIFC",2.24885103954694e-08,-0.432901307001423,0.463,0.374,0.000428653496648042
"CDH5",2.3280282368924e-08,-0.868755388580752,0.413,0.493,0.00044374546223406
"OSR1",2.33260726383882e-08,-0.430009749988868,0.657,0.586,0.000444618270560317
"SLC25A20",2.42366554581275e-08,0.63246783464167,0.603,0.525,0.000461974889687368
"PKD1L3",2.54546521473619e-08,-0.754934261405499,0.614,0.694,0.000485191124580864
"KIR2DL3",2.5763264292624e-08,0.450114315173663,0.726,0.708,0.000491073580681706
"TSSK4",2.60397822099095e-08,-1.11734029886085,0.397,0.469,0.000496344288703084
"AC125421.1",2.63991707335499e-08,-0.682211551467368,0.605,0.726,0.000503194593352194
"LINC01600",2.70159206327185e-08,-0.891362762729081,0.43,0.512,0.000514950463180248
"SERPINC1",2.72707826597692e-08,0.481664399120399,0.318,0.176,0.00051980838827786
"ZNF205",2.75710709389112e-08,-2.80398624101787,0.27,0.272,0.000525532183166586
"FUT3",2.77766626606147e-08,-0.361075589694966,0.847,0.921,0.000529450966973976
"LINC00838",2.782013428888e-08,-0.441228727923113,0.586,0.508,0.000530279579680342
"MMP10",2.80165749234332e-08,-0.434844323725486,0.529,0.445,0.000534023934615561
"RGPD4",2.86251855555068e-08,-0.803914735591592,0.489,0.582,0.000545624661873516
"PDC",2.88440306225182e-08,-1.45560169523153,0.334,0.379,0.000549796067695819
"SLC12A8",2.94844487105555e-08,0.945534174579382,0.42,0.303,0.000562003076871899
"BDKRB1",2.95391558126866e-08,-0.350276841326687,0.494,0.411,0.00056304584894562
"LINC01269",2.96141776911727e-08,-0.350916549567986,0.926,0.964,0.000564475840971442
"LINC01511",3.10812764386004e-08,-6.92749758243473,0.265,0.311,0.000592440210196163
"TRGVA",3.11176301846773e-08,-0.639403514931423,0.325,0.2,0.000593133148950135
"MIR2052HG",3.16001520538231e-08,-0.315498334281973,0.915,0.965,0.000602330498297922
"PCSK1",3.24037112337e-08,-0.614966177323817,0.421,0.308,0.000617647139825556
"FAM27C",3.26124357789031e-08,0.613068579850764,0.793,0.767,0.000621625638381672
"REC114",3.30273809907995e-08,-0.863907077737634,0.372,0.448,0.00062953490906563
"LINC00114",3.37281776857501e-08,-0.838822575112342,0.441,0.523,0.000642892794868083
"ADCYAP1",3.38134991935664e-08,-0.489466984263581,0.662,0.598,0.000644519108128569
"ERVFRD-1",3.39253894197684e-08,-1.03271398133916,0.486,0.555,0.000646651847730206
"DGKI",3.40012833474466e-08,-0.530754836357284,0.527,0.436,0.00064809846188568
"AF067845.2",3.45304646804403e-08,-0.782219015705289,0.455,0.551,0.000658185187273873
"OR2B6",3.47119972003464e-08,-1.49560569473452,0.36,0.416,0.000661645378635803
"DENND2A",3.67852117530301e-08,-0.403440103401484,0.762,0.873,0.000701162921224506
"UBQLNL",3.70212547056728e-08,-0.323168288630145,0.85,0.934,0.00070566213594483
"GNAT2",3.80096338130806e-08,-0.511983841877194,0.479,0.392,0.00072450163011113
"GPR137B",3.81202002379738e-08,0.992434511510316,0.621,0.571,0.000726609136736018
"FOXR1",3.86477946758559e-08,-0.484009794457211,0.504,0.402,0.00073666561431649
"VTN",3.9281138856569e-08,-0.472881937777419,0.377,0.285,0.000748737787745062
"DPPA5",3.9739677587153e-08,-0.322949630116099,0.759,0.695,0.000757477994488724
"MIF-AS1",4.04841554180631e-08,0.338403096892075,0.94,0.926,0.000771668486423701
"KRTAP5-1",4.13059330840925e-08,-0.369998177498768,0.562,0.471,0.000787332390515888
"KCND1",4.14497961739007e-08,-0.485945822467919,0.322,0.187,0.000790074564870721
"DDX4",4.17228645148168e-08,-0.455459041690453,0.584,0.504,0.000795279520516923
"F8A2",4.1940954631551e-08,-0.321637481834632,0.575,0.507,0.000799436536231994
"NFE2",4.21276063972734e-08,-0.861588859532901,0.677,0.765,0.000802994305538428
"IGHV1OR21-1",4.37006306237136e-08,-0.794319832442453,0.454,0.524,0.000832977720318606
"AC000124.1",4.40135121756454e-08,-0.360419443678145,0.409,0.262,0.000838941555579978
"DUXA",4.41494840922643e-08,-0.946424109370986,0.27,0.158,0.000841533316282649
"GJA10",4.4628600013194e-08,-1.14512888761713,0.289,0.35,0.00085066574485149
"LINC01586",4.49176195194953e-08,-0.383048855918846,0.452,0.376,0.0008561747456611
"OR52N1",4.50780043383918e-08,-0.349625832936423,0.85,0.938,0.000859231840694086
"SEC14L6",4.58132480260681e-08,-0.41175543398027,0.772,0.827,0.000873246320624883
"CPN1",4.66228802944605e-08,-0.783258632707174,0.559,0.669,0.000888678721292712
"STH",4.73460879662137e-08,-0.532942321859045,0.345,0.27,0.000902463782723999
"TRBJ2-5",4.86940736256702e-08,-0.657362262140461,0.317,0.25,0.000928157737378899
"CD163L1",4.92634928570763e-08,-0.610995446852293,0.292,0.158,0.00093901143734873
"RAB3D",4.9448396138998e-08,0.46833455854603,0.74,0.737,0.000942535878805442
"LINC01108",4.94864083114795e-08,-0.462808793872895,0.499,0.434,0.00094326042882511
"LINC01354",4.96435071498169e-08,-0.494042519201871,0.373,0.274,0.000946254889782659
"LINC01185",5.10793223814016e-08,-1.28608429920872,0.374,0.446,0.000973622963911896
"NAALADL2",5.27016714323313e-08,-0.32904435101767,0.389,0.285,0.00100454655917167
"GUCA1C",5.4729147990035e-08,-0.450382104523689,0.566,0.486,0.00104319228983806
"KLRF1",5.52450653678695e-08,0.684199387763294,0.723,0.715,0.00105302619097696
"LRRC9",5.52768049104659e-08,-0.829570610780278,0.424,0.498,0.00105363117839839
"CA14",5.58297709236031e-08,-1.11921689925853,0.496,0.576,0.0010641712635748
"GPAT3",5.59688478062885e-08,-0.456261615531241,0.712,0.814,0.00106682220803567
"BCAN",5.61834680463682e-08,-0.745912381994584,0.292,0.203,0.00107091308443182
"AC147651.4",5.87769939582636e-08,0.315362795728037,0.928,0.944,0.00112034828183846
"VWF",5.90133144305853e-08,-0.408273816715313,0.538,0.646,0.00112485278636139
"TGM5",5.92845223885835e-08,-0.540605997746304,0.382,0.288,0.00113002228124879
"CCDC140",6.07630838441165e-08,-0.592971819890938,0.445,0.34,0.00115820514115271
"PHOX2A",6.24557789628121e-08,-0.372264099877258,0.573,0.506,0.00119046960281016
"RBPMS2",6.3210617332555e-08,0.424121066103211,0.918,0.944,0.00120485757697583
"LOR",6.41941203440784e-08,-0.806716870284674,0.457,0.548,0.00122360412787848
"IL21",6.48456535758509e-08,-0.61941019792363,0.678,0.777,0.00123602300280929
"PYGO1",6.49321826095562e-08,-0.722626436879231,0.519,0.611,0.00123767233272075
"OR2T35",6.61553976082956e-08,-1.32353956726594,0.256,0.354,0.00126098803381172
"TUSC3",6.64709983950794e-08,-1.25171512294245,0.372,0.419,0.00126700370040861
"SMOC1",6.65342933444673e-08,-5.53661873050064,0.345,0.371,0.00126821016543889
"PANX3",6.84605261062061e-08,-0.816729156668197,0.463,0.535,0.00130492608811039
"LINC01427",6.86822106149618e-08,-1.11625902192856,0.316,0.348,0.00130915161653179
"PSAT1",6.88391122936076e-08,0.351476436818864,0.989,0.996,0.00131214231942845
"GNG13",6.88783919318816e-08,-1.1044769147475,0.225,0.258,0.0013128910286136
"AIF1",6.92197257034732e-08,-0.734422674191351,0.541,0.633,0.0013193971916339
"TXNDC5",6.93778169501429e-08,0.579693104408641,1,1,0.00132241056888667
"LINC00870",6.94041995690514e-08,-0.489849370460746,0.323,0.202,0.00132291344798569
"KLHL13",6.98674689030546e-08,-0.760186256325204,0.425,0.32,0.00133174382476112
"CLDN16",7.11400644333476e-08,-0.586443802012393,0.632,0.694,0.00135600076816404
"STK4-AS1",7.41036011850316e-08,-1.24645496305301,0.358,0.431,0.00141248874218789
"LYAR",7.5386490879806e-08,0.429307853745696,0.861,0.839,0.00143694190265998
"MYO16-AS1",7.58811896149851e-08,-0.793056922351171,0.488,0.58,0.00144637135525123
"FAM223A",7.62127337922894e-08,-0.446964193792263,0.517,0.431,0.00145269091881483
"PRIMPOL",7.68509056957795e-08,-0.434518053145725,0.651,0.735,0.00146485511346725
"LINC01486",7.70550434930462e-08,-0.526737920793607,0.448,0.359,0.00146874618402095
"PHEX",7.71573092239516e-08,-0.890866814890991,0.617,0.733,0.00147069547111774
"PRG3",8.03023333746198e-08,-0.315774060108415,0.505,0.418,0.00153064277645363
"OTP",8.13882595828376e-08,-0.786096531564398,0.591,0.738,0.00155134161590847
"TP53TG3D",8.24883999896881e-08,-0.355184518983028,0.85,0.924,0.00157231139220345
"DUOXA2",8.54230347848248e-08,-1.21286186669246,0.243,0.289,0.00162824846603354
"LINC00668",8.54795175859558e-08,-0.980442886657782,0.373,0.447,0.0016293250847059
"SYTL4",8.55118098072835e-08,-0.387518702789624,0.673,0.769,0.00162994060673663
"AC003958.2",8.93979468041187e-08,-1.33201238243579,0.336,0.383,0.00170401426403331
"INPP4B",9.17367695801817e-08,0.478837185102521,0.811,0.798,0.00174859456496784
"PCDHB13",9.38692951671377e-08,-0.335946170504908,0.622,0.546,0.00178924263518081
"TBKBP1",9.69392741950699e-08,0.898747230875699,0.566,0.481,0.00184775950543223
"PHGR1",9.82423013976321e-08,-0.857193143456941,0.4,0.48,0.00187259650694027
"FAM138D",1.06803741161185e-07,-0.363157191550508,0.433,0.318,0.00203578611027336
"GZMM",1.08458254617788e-07,0.476843439809135,0.907,0.9,0.00206732279126966
"RNASEH2A",1.10282076779674e-07,0.60682817649434,0.625,0.572,0.00210208666549736
"TUBAL3",1.10395753134326e-07,-0.33682339750605,0.709,0.635,0.00210425345049339
"ANKRD34C",1.18874252892367e-07,-0.410851845796575,0.43,0.35,0.00226586213438141
"LIMS1-AS1",1.19430853143984e-07,-0.643550623733653,0.659,0.779,0.00227647149177748
"OR52A1",1.21296907911676e-07,-0.469014301586357,0.725,0.826,0.00231204036170445
"IGKV1-5",1.22069433524823e-07,0.471623147170344,0.741,0.689,0.00232676547241665
"TRAJ52",1.2534763695412e-07,-0.529073376212517,0.46,0.392,0.00238925130798248
"CD1C",1.26474902120126e-07,0.38793037357886,0.89,0.908,0.00241073810931173
"TMEM26-AS1",1.27160704351771e-07,-0.455427905916284,0.553,0.48,0.00242381018564911
"CDCP2",1.27707173316547e-07,-0.588273630418595,0.685,0.76,0.00243422643058671
"SLC14A2-AS1",1.28375506900864e-07,-0.400430751204448,0.379,0.293,0.00244696553703737
"TRIP13",1.30741425387268e-07,0.385957064727417,0.867,0.902,0.00249206230930672
"KANK2",1.31229422069268e-07,-0.387787313387469,0.754,0.863,0.00250136401406232
"BMPER",1.33372788986268e-07,-0.594474341313937,0.425,0.305,0.00254221873086726
"CYP2C9",1.36232652598939e-07,-0.696563489963117,0.562,0.656,0.00259673059118837
"GRIK1-AS1",1.36460940602887e-07,-0.434348971952891,0.392,0.281,0.00260108198883162
"C16orf90",1.38018008470023e-07,-0.475667516841021,0.845,0.915,0.00263076125944712
"OR10G4",1.39644163154729e-07,-0.388461775512548,0.612,0.551,0.00266175739389228
"LINC00545",1.41393897552092e-07,-0.516861303335828,0.684,0.798,0.00269510908124043
"GFRA3",1.4144645302724e-07,-0.813728875987971,0.382,0.44,0.00269611084115221
"RESP18",1.42263483077305e-07,-1.03259265842429,0.355,0.415,0.00271168425093652
"CLEC10A",1.47207724479476e-07,-0.570300120937819,0.585,0.704,0.00280592643630328
"LINC01197",1.52289735296189e-07,-0.579181817759419,0.505,0.397,0.00290279464448065
"IL7R",1.5325244262732e-07,0.480909224577301,0.96,0.983,0.00292114480891936
"PLAC8L1",1.57249790106816e-07,-0.471365566180692,0.455,0.374,0.00299733824922603
"LPAR4",1.58653446733987e-07,-1.79066081713533,0.4,0.479,0.00302409334819652
"TCHH",1.59507352441499e-07,-0.948227811501985,0.379,0.426,0.00304036964488742
"NECAB1",1.61497197931005e-07,-0.578449940899784,0.668,0.787,0.0030782980897629
"DRD3",1.63874279030383e-07,-0.926547200913788,0.409,0.497,0.00312360763259813
"TACSTD2",1.63934895231053e-07,-0.726578042931918,0.468,0.562,0.00312476303799911
"GINS1",1.66746798011863e-07,0.413369064073613,0.633,0.598,0.00317836071690413
"PPEF1",1.66931793936847e-07,-1.05650589864729,0.424,0.475,0.00318188692423023
"SH2D5",1.67549881350787e-07,-0.314353964029159,0.778,0.768,0.00319366828842736
"PLS1",1.67797735388532e-07,-0.348931985721913,0.568,0.496,0.0031983926342408
"S100A3",1.72798012318459e-07,-1.40089747846927,0.274,0.197,0.00329370291280215
"ANKRD20A1",1.75368050771694e-07,-0.330807273902826,0.606,0.54,0.00334269041575925
"FENDRR",1.75659482120351e-07,-0.713922325495629,0.513,0.613,0.00334824538869602
"SLC4A10",1.75724308198948e-07,0.638797099073948,0.7,0.637,0.00334948103858016
"PTK7",1.75756729911024e-07,-1.02262123508675,0.619,0.728,0.00335009902883403
"LINC00399",1.7889628782582e-07,-0.389856944998405,0.628,0.575,0.00340994214224796
"SPOCK1",1.79590257997494e-07,-0.719585853737032,0.473,0.568,0.00342316990769024
"ZMYND12",1.79722737533481e-07,-0.723701020258588,0.724,0.801,0.00342569510012568
"IGKV2D-18",1.80253601065224e-07,-0.926250215574246,0.358,0.415,0.00343581388990423
"LINC00656",1.81620867303363e-07,-1.5153457564768,0.346,0.392,0.0034618753516694
"LMTK3",1.8192233806539e-07,0.943539448320184,0.514,0.439,0.00346762168586441
"VPS13A-AS1",1.82224292550039e-07,-0.9911483453297,0.513,0.589,0.0034733772402963
"IGKV1OR2-1",1.82358650007693e-07,-0.819703301558789,0.498,0.577,0.00347593822779664
"SMTNL2",1.8374134701703e-07,-0.526490142132339,0.408,0.336,0.00350229381549161
"IL1R1",1.85100083682737e-07,-0.521669525398103,0.605,0.696,0.00352819269507666
"AC116609.1",1.97193127914663e-07,-0.375753891685424,0.542,0.47,0.0037586982111814
"TRAV14DV4",1.97338139398694e-07,-1.4123950076883,0.419,0.478,0.00376146227507851
"MCCD1",2.00997107332462e-07,-0.835929717949202,0.411,0.481,0.00383120586286406
"ABO",2.01773778586996e-07,-2.42604450618513,0.444,0.526,0.00384600999364674
"KCNK15",2.04383687071193e-07,-0.767262864517582,0.519,0.618,0.00389575745926401
"ADAMTS16",2.07672928287636e-07,-0.970994137240384,0.252,0.167,0.00395845368609063
"PCDHAC1",2.1582462603266e-07,-0.8847085208949,0.541,0.629,0.00411383319680853
"AVPR1A",2.16062016488999e-07,-1.32309564564742,0.434,0.498,0.0041183580962968
"KRTAP9-6",2.19492465725131e-07,-0.836035375453834,0.322,0.233,0.00418374588918671
"YIPF7",2.22079454176177e-07,-0.642262615648455,0.581,0.646,0.0042330564760521
"CYP4F11",2.22934711283007e-07,-0.794411033613422,0.552,0.655,0.0042493585317654
"LINC00326",2.25849928806462e-07,-0.787112004333714,0.257,0.194,0.00430492549297997
"UPK2",2.27051216477953e-07,-0.378892172282844,0.622,0.709,0.00432782323728626
"PLOD1",2.3136796399966e-07,0.625035813974564,0.816,0.838,0.00441010476179753
"XACT",2.36151883721458e-07,-0.574298017737918,0.458,0.382,0.00450129105561472
"CEMP1",2.37818319795958e-07,-1.27671564155255,0.39,0.46,0.00453305499363076
"ARR3",2.38361810026363e-07,-0.635472800947415,0.638,0.739,0.0045434144609125
"SIX1",2.45649303875016e-07,-0.487547250044798,0.516,0.627,0.00468232138116167
"WSCD1",2.48669508114569e-07,-0.442547026876202,0.528,0.43,0.00473988949417181
"ZFR2",2.49532492052127e-07,-0.717896688501241,0.562,0.652,0.00475633883100559
"BDKRB2",2.51312953363049e-07,-0.947936088588586,0.261,0.202,0.00479027620405308
"LINC01304",2.58087869153202e-07,-0.532209161291929,0.77,0.882,0.00491941287392918
"C17orf82",2.59265511090878e-07,-0.515529848960146,0.421,0.298,0.00494185990690322
"CYP7A1",2.5978531631845e-07,-0.629996128502075,0.646,0.716,0.00495176791434597
"MST1R",2.61826957880141e-07,-1.0892117298512,0.341,0.414,0.00499068364415336
"CA10",2.64846211468466e-07,-0.715421821196347,0.516,0.592,0.00504823363680043
"CELA2A",2.66829157012176e-07,-0.39266263760134,0.809,0.856,0.00508603056180908
"AC098617.1",2.67460884566199e-07,-0.952052189348384,0.38,0.461,0.00509807192071631
"IL32",2.69413735365602e-07,0.473996891019022,0.956,0.973,0.00513529520980374
"PRH2",2.71232378230136e-07,-0.915598604755584,0.411,0.479,0.00516996036144461
"TRBJ1-3",2.75105199812607e-07,-0.60107135159461,0.666,0.78,0.00524378021362811
"MAK",2.7603155822638e-07,-1.11429067162386,0.429,0.504,0.00526143753135303
"AC096570.1",2.76759730046694e-07,-0.685235717126149,0.531,0.637,0.00527531721442003
"MT1A",2.82652259335191e-07,-0.541660436085882,0.717,0.812,0.00538763471518808
"SHC3",2.87724684276528e-07,-0.96728569510741,0.44,0.501,0.00548432020699491
"PRTG",2.88456454036098e-07,-1.27604851273385,0.313,0.391,0.00549826847038207
"CYP1B1",2.89190019237767e-07,-0.364450989456775,0.728,0.785,0.00551225095669107
"EVI5L",2.92619530764165e-07,0.333786900160709,0.993,0.996,0.00557762087589574
"MCTP1",2.93869069877651e-07,0.747920607230778,0.581,0.526,0.0056014383409379
"KCNE5",2.99705344154208e-07,-0.545183095948767,0.591,0.681,0.00571268356492337
"SYP-AS1",3.01885074237734e-07,-0.320517251554419,0.468,0.38,0.00575423140004545
"HDLBP",3.0325517031239e-07,0.33617525102523,1,1,0.00578034680132446
"SRD5A2",3.07012276028171e-07,-0.792271095029427,0.46,0.526,0.00585196099337296
"EYA1",3.1295872917777e-07,-0.797636717064567,0.45,0.531,0.00596530633685747
"OR5B12",3.16202169336327e-07,-0.634839566227646,0.371,0.257,0.00602712954971973
"UCHL1-AS1",3.26069480521514e-07,-1.25319468040049,0.383,0.444,0.00621521036822057
"MT1E",3.33995802750151e-07,0.438579117137777,0.906,0.928,0.00636629399622062
"BARX1",3.34720038982097e-07,-0.35162942759961,0.591,0.533,0.00638009866303776
"SCG3",3.35082725052017e-07,-0.868907395541282,0.429,0.48,0.0063870118222165
"LINC00161",3.38913905335826e-07,-0.538544702410007,0.43,0.311,0.00646003794960619
"LRRIQ4",3.39403419581869e-07,-0.948854568920861,0.332,0.381,0.00646936858065001
"IGHV2-70",3.58325510458356e-07,-0.334969355142583,0.494,0.417,0.00683004255484673
"HOXC6",3.59359329344684e-07,-0.883146064382922,0.4,0.465,0.00684974817663902
"TRAJ48",3.60720586276882e-07,-1.08097454017828,0.282,0.318,0.00687569509502365
"AICDA",3.64637371272745e-07,0.880258151627647,0.588,0.54,0.0069503529338298
"ZCCHC14",3.6651219200945e-07,0.37361855327705,0.805,0.785,0.00698608889189213
"FFAR3",3.79898890816146e-07,-0.984463582205271,0.426,0.48,0.00724125275784656
"ADRA2C",3.80172062490936e-07,-0.93520743168669,0.432,0.505,0.00724645968313974
"FUT1",3.81369418302115e-07,-0.398663533866049,0.803,0.902,0.00726928248225661
"R3HDML",4.00202931163565e-07,-0.637080846506237,0.62,0.736,0.00762826807090872
"CASP3",4.01101238574586e-07,0.340642264964139,1,1,0.00764539070847018
"CNTN1",4.01137212083706e-07,-0.673794202716842,0.602,0.683,0.00764607639952753
"MIR202HG",4.22988569105512e-07,-0.319139017176186,0.933,0.97,0.00806258511572016
"SLC4A4",4.29857203360005e-07,0.345923967848965,0.588,0.538,0.00819350815324506
"TRBV12-3",4.33409267245692e-07,-1.20854205776643,0.429,0.474,0.00826121404297014
"BMP10",4.40441032396137e-07,-0.735481741321667,0.579,0.692,0.00839524651850276
"QRFPR",4.41781555459674e-07,-0.312912088185666,0.897,0.957,0.00842079822861685
"WFDC10A",4.43126014011687e-07,-0.814245551377029,0.487,0.545,0.00844642495307677
"PMEL",4.44792265706237e-07,-0.344047467626657,0.881,0.933,0.00847818537662659
"SAMHD1",4.47023338941636e-07,0.342200700048306,0.945,0.961,0.00852071186356653
"EBF2",4.47103219457054e-07,-1.50471462758789,0.438,0.486,0.00852223446607091
"IGHV3-66",4.54024698240555e-07,0.449350549702107,0.43,0.366,0.00865416477316322
"PDGFD",4.60555994757554e-07,1.9007960590425,0.41,0.333,0.00877865781607374
"PPIAL4C",4.7153123755426e-07,-0.515069155436551,0.469,0.559,0.00898785691902176
"IGLC7",4.73131629407992e-07,0.541888352744973,0.462,0.442,0.00901836198814574
"SLC46A2",4.77198095361392e-07,-2.64466927110968,0.474,0.553,0.0090958728956835
"OR2J2",4.84654643480251e-07,-0.422188314548832,0.433,0.341,0.00923800215937707
"PIK3R3",4.88816573408153e-07,1.7267820485529,0.462,0.374,0.0093173327057328
"LMAN2",4.89164952562226e-07,0.356466701917932,1,1,0.0093239731607886
"OR2A2",5.15070583999345e-07,-0.693765394699589,0.549,0.64,0.00981776040161151
"MEIS2",5.18653787028139e-07,1.6811283854892,0.346,0.22,0.00988605983454336
"TRBV6-6",5.18976528394226e-07,-0.598960102751331,0.396,0.307,0.00989221160772234
"ZDHHC1",5.25985873291309e-07,-0.36578943566202,0.79,0.862,0.0100258167308056
"SIGLECL1",5.28984187824368e-07,-0.655666409526772,0.34,0.272,0.0100829676041203
"LINC01500",5.42296696093736e-07,-0.431800001951254,0.456,0.368,0.0103367173242427
"FXYD6",5.48246275637466e-07,0.331295537189463,0.417,0.333,0.0104501222599257
"STAC",5.48976126198207e-07,-0.72076372722897,0.585,0.682,0.010464033941464
"PRRG4",5.53669394455989e-07,-0.32824692369848,0.812,0.881,0.0105534923277256
"FAT2",5.54357053235273e-07,-0.766571817497805,0.466,0.548,0.0105665997917175
"SERP2",5.57708839890512e-07,-0.368429134784487,0.805,0.862,0.010630488197153
"LRRC18",5.5929290383339e-07,-0.455670819123936,0.64,0.755,0.0106606820399682
"RHOXF2B",5.78540824145729e-07,-0.712434079329835,0.588,0.684,0.0110275666490417
"PYCR1",5.90436213291439e-07,0.999181369973827,0.62,0.56,0.0112543046615481
"TGFA",6.02034803021772e-07,-0.335101686167368,0.632,0.728,0.011475385380398
"IGLV3-19",6.05235977818475e-07,0.799177555911472,0.427,0.422,0.011536402973198
"SFTPA1",6.08668647008306e-07,-0.59998459527786,0.366,0.267,0.0116018330806253
"CRYBB1",6.11903812162579e-07,0.418473287576386,0.678,0.788,0.0116634985636309
"NTRK2",6.12552830016921e-07,2.12840777942236,0.334,0.218,0.0116758694929525
"CD200R1",6.13636004123568e-07,1.225811058233,0.561,0.5,0.0116965158745993
"SNAP91",6.19079620296506e-07,-1.38682389850881,0.254,0.286,0.0118002766424717
"RCBTB2",6.24459505084111e-07,0.713204514592923,0.702,0.688,0.0119028226264082
"IGLV3-21",6.26889594784286e-07,0.823591758237243,0.547,0.472,0.0119491425661833
"GHRH",6.27775521525181e-07,-0.664787741006668,0.562,0.639,0.0119660292157915
"AC005740.5",6.31777146703105e-07,-3.14167135091777,0.309,0.352,0.0120423041933079
"TRDV2",6.43702984628175e-07,-2.00104779057001,0.372,0.424,0.0122696225899977
"TRAM1L1",6.56539513592206e-07,-0.777265024003077,0.455,0.539,0.012514299668581
"ITLN2",6.71866779055222e-07,-0.75980517555649,0.45,0.524,0.0128064526755716
"AC005009.1",6.7649607646402e-07,-0.47075545023743,0.442,0.345,0.0128946917134807
"SLC2A7",6.80916376283722e-07,-0.710067751208374,0.307,0.216,0.012978947048344
"CFAP100",6.81275996221088e-07,-0.644525305068491,0.611,0.706,0.0129858017639702
"ENC1",6.82115821282167e-07,1.03004715945122,0.562,0.504,0.0130018096694594
"TEK",6.84159551719994e-07,-0.501270507694539,0.414,0.333,0.0130407652153348
"SAA2",6.8542480088364e-07,-0.480621705301193,0.734,0.84,0.0130648821296431
"KRT4",6.89719272934124e-07,-0.422114280857658,0.595,0.531,0.0131467390613973
"UGT2B4",6.90812124795839e-07,-0.420284814025894,0.507,0.421,0.0131675699107335
"CARTPT",6.94711349362558e-07,-0.495129617408431,0.495,0.425,0.0132418930301997
"LINC00686",7.08775415923863e-07,-0.382630863219751,0.538,0.451,0.0135099682029247
"KIAA1257",7.27763112698606e-07,-0.308160753401374,0.866,0.883,0.0138718926911481
"APOH",7.40324690562845e-07,-1.04315767110065,0.485,0.547,0.0141113289268184
"ARHGEF40",7.530289842926e-07,-0.384850580039792,0.746,0.814,0.0143534854696012
"ANKRD55",7.61392456500582e-07,2.5510829585055,0.508,0.431,0.0145129016133576
"IL1F10",7.68093747245628e-07,-0.600894575598002,0.353,0.275,0.0146406349162489
"UCMA",7.7995795013726e-07,-0.53693967034668,0.553,0.479,0.0148667784875663
"BAALC-AS2",7.89921833641034e-07,-0.656630850916509,0.416,0.362,0.0150567000710318
"TRAJ57",7.94219571144514e-07,-0.57050001102589,0.342,0.249,0.0151386192455856
"IRX1",7.98400110798047e-07,-2.02732116675785,0.256,0.317,0.0152183045119216
"TPSB2",8.07248343807852e-07,-1.33206072684001,0.612,0.552,0.0153869606813215
"SHOX2",8.10360394332143e-07,-1.63476763241989,0.274,0.268,0.015446279476365
"LINC00648",8.11069288370589e-07,-1.02463706221862,0.359,0.409,0.0154597917056318
"DEFA1",8.21631011999888e-07,-0.879401704129959,0.595,0.694,0.0156611087197299
"OR10J1",8.23931981622007e-07,-0.583945989323801,0.417,0.324,0.0157049675016971
"RHOV",8.27973620028492e-07,-0.571273971233694,0.702,0.828,0.0157820051713631
"PAM",8.41388163603189e-07,0.394340781836082,0.643,0.585,0.0160376997864404
"LINC00923",8.50694691707885e-07,-0.612419464575582,0.763,0.858,0.016215091518644
"SYT11",8.56131838075977e-07,0.519951428139479,0.829,0.899,0.0163187289655662
"LINC01489",8.72797026784267e-07,-1.88334285909563,0.24,0.339,0.0166363841275349
"ARG2",8.75693829540129e-07,0.470591658758636,0.603,0.548,0.0166916000848644
"ASPDH",8.87528583440688e-07,-0.670199914416553,0.558,0.663,0.0169171823289629
"ANKRD60",9.0896704183507e-07,-0.648248437312297,0.61,0.68,0.0173258207844183
"CCR2",9.17393787844477e-07,-0.359385274298041,0.782,0.871,0.0174864429901036
"OVOL2",9.35774882324014e-07,-0.420841776926833,0.495,0.413,0.017836805031978
"CYP27A1",9.99988055535334e-07,0.536458606414019,0.579,0.512,0.019060772326559
"LINC01309",1.02687895133381e-06,-1.95258691982527,0.377,0.429,0.0195733396913738
"PGA4",1.06271358833041e-06,-0.718282441951462,0.284,0.219,0.020256383707166
"WT1",1.07846366920644e-06,-0.394862742319848,0.733,0.678,0.0205565959987439
"CYP2A7",1.08276392419001e-06,-0.838469833731105,0.475,0.557,0.0206385631589858
"LCA5L",1.09443827042506e-06,-0.470095631360556,0.574,0.639,0.020861087872572
"ERG",1.10165328723829e-06,-2.46821390809799,0.54,0.435,0.020998613308049
"LINC00461",1.11815141595301e-06,-0.495843191574847,0.36,0.248,0.0213130841394803
"ALOX15B",1.12221600011024e-06,-0.396289570867999,0.845,0.934,0.0213905591781013
"IGHV1OR15-9",1.13783077009633e-06,-0.467911856038926,0.478,0.566,0.0216881923088062
"TAC4",1.14908361542791e-06,-0.660283406928915,0.525,0.64,0.0219026827936714
"FAM223B",1.15206264178185e-06,-0.358867790325149,0.656,0.6,0.0219594660150038
"SLC18A2",1.15964280297811e-06,-2.96413894536905,0.39,0.456,0.0221039514675657
"SMC5-AS1",1.16545992891257e-06,-0.601952372553255,0.566,0.635,0.0222148317050026
"PCDHB4",1.18901043494145e-06,-0.645822757848284,0.337,0.28,0.022663727900419
"OR5K1",1.1939397978005e-06,-0.480483394275995,0.551,0.471,0.0227576864858752
"CENPF",1.20842965943649e-06,0.30723826113019,0.926,0.956,0.0230338777385189
"GNAI1",1.21260059749805e-06,-1.30353526194979,0.551,0.473,0.0231133799889103
"LRCH2",1.21552849116023e-06,-0.651521708663443,0.44,0.347,0.0231691885700051
"NPR3",1.22414221405091e-06,-1.1616261856129,0.706,0.641,0.0233333747420243
"OTOP2",1.23770551256128e-06,-0.73835666707056,0.509,0.593,0.0235919047749306
"CCDC168",1.2409052600571e-06,1.39516473600377,0.358,0.268,0.0236528951619484
"FRMD6-AS2",1.24325679753927e-06,-0.742702567299453,0.531,0.632,0.0236977178178961
"PLCB4",1.24518397073084e-06,-1.85796089878334,0.344,0.416,0.0237344516661006
"CCL16",1.26309276995213e-06,-1.12682708063675,0.354,0.436,0.0240758112880576
"SALL2",1.28235094533313e-06,-0.530013114624946,0.487,0.387,0.0244428913689949
"MAEL",1.29130869251835e-06,-0.756642732396871,0.54,0.61,0.0246136349880923
"IP6K3",1.30861813712361e-06,-0.549793315274764,0.436,0.342,0.0249435703117132
"C4orf51",1.32512647383476e-06,-0.788934214228071,0.453,0.514,0.0252582357177644
"HPR",1.37044708440509e-06,-0.543469039376781,0.489,0.392,0.0261220918758454
"GRK7",1.37916814999787e-06,-0.844258128653257,0.524,0.588,0.0262883241071094
"OR2T8",1.4306655305354e-06,-0.497798939102752,0.75,0.811,0.0272699156775353
"SH2D1A",1.43409818424607e-06,0.74334329565568,0.597,0.516,0.0273353454899143
"TMEM176A",1.44098728067049e-06,1.16271514182984,0.543,0.466,0.0274666585568603
"FANCD2OS",1.44989145396616e-06,-1.40921887918739,0.372,0.422,0.027636381004049
"SNAI1",1.46560120917689e-06,-0.513947716164695,0.688,0.74,0.0279358246481206
"PCDHB10",1.50907136007736e-06,-0.69899250674295,0.51,0.597,0.0287644091944346
"FBLN7",1.51165147030575e-06,0.465200636018557,0.62,0.563,0.0288135886754979
"EPHA10",1.51837963011249e-06,-1.07463486430105,0.399,0.443,0.0289418341295741
"ZNF540",1.56228644230746e-06,0.324804478307444,0.703,0.652,0.0297787418768225
"IQCJ-SCHIP1-AS1",1.5662893660482e-06,-0.59733680799669,0.361,0.293,0.0298550416062447
"PTGR1",1.58415471494789e-06,-1.00700404935353,0.63,0.709,0.0301955730216217
"SMCO2",1.5932285956791e-06,-0.942903787519585,0.387,0.457,0.0303685302622394
"USP17L2",1.61565058663709e-06,-0.498011068036288,0.53,0.436,0.0307959158318896
"ACSM6",1.63419586238681e-06,-0.40568722209049,0.759,0.837,0.031149407332955
"VN1R2",1.64760765102796e-06,-0.756236343238292,0.431,0.514,0.0314050494362439
"SYT8",1.65069605655458e-06,-0.436049555940029,0.548,0.488,0.0314639175339868
"ADGRF4",1.65069605655458e-06,-1.34800122687852,0.311,0.354,0.0314639175339868
"LRRTM4",1.65942970362339e-06,-0.402797253231439,0.566,0.501,0.0316303895807654
"CT55",1.66480451872981e-06,-1.09623893191935,0.28,0.319,0.0317328389315089
"MMP7",1.67360989072691e-06,-0.588319936160035,0.37,0.254,0.0319006781271456
"C4A",1.70550737129452e-06,-0.432869753944564,0.603,0.536,0.0325086760042448
"SEC16B",1.73179832930337e-06,-0.882537480897614,0.398,0.469,0.0330098079548514
"ADAM11",1.73946572293263e-06,-2.20311788565759,0.267,0.274,0.0331559561448188
"DNAI1",1.75877720146703e-06,-0.570147872563766,0.36,0.258,0.033524052237163
"ZNF391",1.78706938566575e-06,-0.918488443279564,0.537,0.6,0.0340633295601748
"GP9",1.81072382508514e-06,1.15979120836033,0.554,0.638,0.0345142068299478
"SP5",1.81980659562482e-06,-0.911393870698545,0.314,0.349,0.0346873335192047
"CCNO",1.84810126625791e-06,-0.494974535033153,0.557,0.496,0.035226658236142
"PRSS58",1.8493546369823e-06,-0.417888866821377,0.393,0.288,0.0352505487355197
"LAMP5",1.85972615553031e-06,0.361485029432918,0.744,0.72,0.0354482402505633
"SMO",1.89566575201797e-06,-2.02929151609168,0.289,0.347,0.0361332848992145
"OR2AK2",1.90693219029401e-06,-0.518040877130174,0.397,0.311,0.0363480344791941
"CSTL1",1.99839549379396e-06,-0.328054968291616,0.603,0.556,0.0380914165072067
"FOXD4L3",2.03793691415547e-06,-0.579560141355989,0.332,0.243,0.0388451155207174
"ARSD-AS1",2.05139901795846e-06,-0.640002166499865,0.671,0.762,0.0391017166813062
"LINC01228",2.052784566237e-06,-1.52891770990284,0.413,0.462,0.0391281266170434
"CYP21A2",2.1160730721009e-06,-1.24659389628748,0.263,0.181,0.0403344688273153
"CLPS",2.14950220129568e-06,-0.52926334290024,0.72,0.81,0.0409716614588969
"AWAT2",2.16257818757966e-06,-0.891579144657577,0.485,0.56,0.041220902833456
"SLCO3A1",2.16440032754379e-06,0.666802982873362,0.771,0.801,0.0412556346433122
"PCDHGB2",2.19597287496816e-06,-0.800970563469637,0.349,0.26,0.041857438969768
"GPR63",2.22124985849247e-06,-0.48871238900232,0.43,0.36,0.042339243552725
"IGLV2-11",2.23211452550409e-06,0.59265767691855,0.595,0.523,0.0425463349706335
"AC105393.1",2.23813065004777e-06,-0.8376507639057,0.433,0.475,0.0426610083205605
"OR3A1",2.2551345962606e-06,-0.523313432880688,0.597,0.509,0.0429851205393233
"AC092625.1",2.26959002616488e-06,-0.719111068645949,0.553,0.631,0.0432606554887289
"KCNC2",2.27111681578419e-06,-0.729260541806479,0.483,0.574,0.0432897576256625
"TRAJ21",2.31232642460018e-06,-0.733085004963424,0.579,0.663,0.044075253979304
"TRBV4-2",2.31543619614718e-06,-1.51917628290193,0.288,0.209,0.0441345293347614
"ZNF32-AS2",2.31543619614718e-06,-0.39644438759183,0.817,0.884,0.0441345293347614
"GREM2",2.33339545915734e-06,-0.444935712612303,0.606,0.693,0.044476850846998
"QPRT",2.34321194646359e-06,1.07233754887471,0.405,0.314,0.0446639629115425
"TRPC6",2.43132374668205e-06,-0.403404014784451,0.667,0.621,0.0463434619355065
"AC108066.1",2.43908085407454e-06,-0.410616928695928,0.658,0.581,0.0464913201595148
"C3orf20",2.4961392281392e-06,-0.708975751150337,0.274,0.16,0.0475789098275612
"RASL10B",2.53149542625829e-06,-0.38408986573398,0.879,0.937,0.0482528343199093
"HYAL4",2.53700999258554e-06,-0.670229175142509,0.485,0.574,0.0483579474686729
"ACSM4",2.56175424033796e-06,-0.527706242232899,0.397,0.347,0.0488295975750818
"FIGN",2.59583051069296e-06,-0.938897827703467,0.336,0.377,0.0494791253643186
"HNF4G",2.60452618324219e-06,-0.729548748084992,0.555,0.643,0.0496448735787794
