"category","term","number_of_genes","number_of_genes_in_background","ncbiTaxonId","inputGenes","preferredNames","p_value","fdr","description"
"RCTM","HSA-156842",72,92,9606,"9606.ENSP00000222247,9606.ENSP00000225430,9606.ENSP00000230050,9606.ENSP00000259469,9606.ENSP00000262584,9606.ENSP00000270625,9606.ENSP00000272317,9606.ENSP00000274242,9606.ENSP00000278572,9606.ENSP00000294189,9606.ENSP00000296674,9606.ENSP00000307889,9606.ENSP00000307940,9606.ENSP00000309334,9606.ENSP00000309830,9606.ENSP00000318646,9606.ENSP00000339063,9606.ENSP00000339795,9606.ENSP00000341885,9606.ENSP00000346001,9606.ENSP00000346015,9606.ENSP00000346027,9606.ENSP00000346037,9606.ENSP00000346050,9606.ENSP00000346088,9606.ENSP00000354739,9606.ENSP00000355315,9606.ENSP00000359345,9606.ENSP00000361076,9606.ENSP00000362744,9606.ENSP00000363018,9606.ENSP00000367806,9606.ENSP00000369757,9606.ENSP00000375632,9606.ENSP00000375730,9606.ENSP00000376055,9606.ENSP00000377640,9606.ENSP00000378163,9606.ENSP00000379339,9606.ENSP00000379506,9606.ENSP00000379888,9606.ENSP00000385958,9606.ENSP00000386717,9606.ENSP00000388107,9606.ENSP00000389103,9606.ENSP00000393241,9606.ENSP00000403172,9606.ENSP00000413436,9606.ENSP00000414321,9606.ENSP00000416429,9606.ENSP00000418082,9606.ENSP00000420311,9606.ENSP00000428085,9606.ENSP00000429374,9606.ENSP00000431240,9606.ENSP00000435096,9606.ENSP00000435777,9606.ENSP00000447001,9606.ENSP00000452763,9606.ENSP00000463784,9606.ENSP00000464342,9606.ENSP00000464813,9606.ENSP00000466010,9606.ENSP00000470972,9606.ENSP00000472469,9606.ENSP00000472985,9606.ENSP00000494697,9606.ENSP00000495273,9606.ENSP00000495672,9606.ENSP00000496250,9606.ENSP00000498019,9606.ENSP00000499044","RPL18A,RPL19,RPS12,RPL35,RPL8,RPS11,RPS27A,RPL37,RPS3,RPL29,RPS23,RPL13,EEF2,RPL15,RPL38,RPS15A,EEF1A1,RPL7,RPS2,RPL3,RPL27A,RPL21,RPLP1,RPS3A,RPL22,RPL12,RPL39,RPL5,RPL7A,RPS4X,RPL10A,RPS16,RPS6,RPS9,RPL13A,EEF1B2,RPL24,RPL34,RPS29,RPL14,RPS8,RPS14,RPL31,UBA52,RPL23A,RPS18,RPL6,RPL10,RPS24,RPL32,RPL37A,RPL23,RPL30,RPS20,RPLP2,RPS25,RPS13,RPL18,RPL28,RPL26,RPL36,RPL27,RPS15,RPS19,RPS28,RPS5,RPL9,RPS7,RPL35A,RPL11,RPS17,RPS27",7.22e-34,1.21e-30,"Eukaryotic Translation Elongation"
"RCTM","HSA-156902",71,88,9606,"9606.ENSP00000222247,9606.ENSP00000225430,9606.ENSP00000230050,9606.ENSP00000259469,9606.ENSP00000262584,9606.ENSP00000270625,9606.ENSP00000272317,9606.ENSP00000274242,9606.ENSP00000278572,9606.ENSP00000294189,9606.ENSP00000296674,9606.ENSP00000307889,9606.ENSP00000307940,9606.ENSP00000309334,9606.ENSP00000309830,9606.ENSP00000318646,9606.ENSP00000339063,9606.ENSP00000339795,9606.ENSP00000341885,9606.ENSP00000346001,9606.ENSP00000346015,9606.ENSP00000346027,9606.ENSP00000346037,9606.ENSP00000346050,9606.ENSP00000346088,9606.ENSP00000354739,9606.ENSP00000355315,9606.ENSP00000359345,9606.ENSP00000361076,9606.ENSP00000362744,9606.ENSP00000363018,9606.ENSP00000367806,9606.ENSP00000369757,9606.ENSP00000375632,9606.ENSP00000375730,9606.ENSP00000377640,9606.ENSP00000378163,9606.ENSP00000379339,9606.ENSP00000379506,9606.ENSP00000379888,9606.ENSP00000385958,9606.ENSP00000386717,9606.ENSP00000388107,9606.ENSP00000389103,9606.ENSP00000393241,9606.ENSP00000403172,9606.ENSP00000413436,9606.ENSP00000414321,9606.ENSP00000416429,9606.ENSP00000418082,9606.ENSP00000420311,9606.ENSP00000428085,9606.ENSP00000429374,9606.ENSP00000431240,9606.ENSP00000435096,9606.ENSP00000435777,9606.ENSP00000447001,9606.ENSP00000452763,9606.ENSP00000463784,9606.ENSP00000464342,9606.ENSP00000464813,9606.ENSP00000466010,9606.ENSP00000470972,9606.ENSP00000472469,9606.ENSP00000472985,9606.ENSP00000494697,9606.ENSP00000495273,9606.ENSP00000495672,9606.ENSP00000496250,9606.ENSP00000498019,9606.ENSP00000499044","RPL18A,RPL19,RPS12,RPL35,RPL8,RPS11,RPS27A,RPL37,RPS3,RPL29,RPS23,RPL13,EEF2,RPL15,RPL38,RPS15A,EEF1A1,RPL7,RPS2,RPL3,RPL27A,RPL21,RPLP1,RPS3A,RPL22,RPL12,RPL39,RPL5,RPL7A,RPS4X,RPL10A,RPS16,RPS6,RPS9,RPL13A,RPL24,RPL34,RPS29,RPL14,RPS8,RPS14,RPL31,UBA52,RPL23A,RPS18,RPL6,RPL10,RPS24,RPL32,RPL37A,RPL23,RPL30,RPS20,RPLP2,RPS25,RPS13,RPL18,RPL28,RPL26,RPL36,RPL27,RPS15,RPS19,RPS28,RPS5,RPL9,RPS7,RPL35A,RPL11,RPS17,RPS27",5.3e-34,1.21e-30,"Peptide chain elongation"
"RCTM","HSA-192823",69,88,9606,"9606.ENSP00000222247,9606.ENSP00000225430,9606.ENSP00000230050,9606.ENSP00000259469,9606.ENSP00000262584,9606.ENSP00000270625,9606.ENSP00000272317,9606.ENSP00000274242,9606.ENSP00000278572,9606.ENSP00000294189,9606.ENSP00000296674,9606.ENSP00000307889,9606.ENSP00000309334,9606.ENSP00000309830,9606.ENSP00000318646,9606.ENSP00000339795,9606.ENSP00000341885,9606.ENSP00000346001,9606.ENSP00000346015,9606.ENSP00000346027,9606.ENSP00000346037,9606.ENSP00000346050,9606.ENSP00000346088,9606.ENSP00000354739,9606.ENSP00000355315,9606.ENSP00000359345,9606.ENSP00000361076,9606.ENSP00000362744,9606.ENSP00000363018,9606.ENSP00000367806,9606.ENSP00000369757,9606.ENSP00000375632,9606.ENSP00000375730,9606.ENSP00000377640,9606.ENSP00000378163,9606.ENSP00000379339,9606.ENSP00000379506,9606.ENSP00000379888,9606.ENSP00000385958,9606.ENSP00000386717,9606.ENSP00000388107,9606.ENSP00000389103,9606.ENSP00000393241,9606.ENSP00000403172,9606.ENSP00000413436,9606.ENSP00000414321,9606.ENSP00000416429,9606.ENSP00000418082,9606.ENSP00000420311,9606.ENSP00000428085,9606.ENSP00000429374,9606.ENSP00000431240,9606.ENSP00000435096,9606.ENSP00000435777,9606.ENSP00000447001,9606.ENSP00000452763,9606.ENSP00000463784,9606.ENSP00000464342,9606.ENSP00000464813,9606.ENSP00000466010,9606.ENSP00000470972,9606.ENSP00000472469,9606.ENSP00000472985,9606.ENSP00000494697,9606.ENSP00000495273,9606.ENSP00000495672,9606.ENSP00000496250,9606.ENSP00000498019,9606.ENSP00000499044","RPL18A,RPL19,RPS12,RPL35,RPL8,RPS11,RPS27A,RPL37,RPS3,RPL29,RPS23,RPL13,RPL15,RPL38,RPS15A,RPL7,RPS2,RPL3,RPL27A,RPL21,RPLP1,RPS3A,RPL22,RPL12,RPL39,RPL5,RPL7A,RPS4X,RPL10A,RPS16,RPS6,RPS9,RPL13A,RPL24,RPL34,RPS29,RPL14,RPS8,RPS14,RPL31,UBA52,RPL23A,RPS18,RPL6,RPL10,RPS24,RPL32,RPL37A,RPL23,RPL30,RPS20,RPLP2,RPS25,RPS13,RPL18,RPL28,RPL26,RPL36,RPL27,RPS15,RPS19,RPS28,RPS5,RPL9,RPS7,RPL35A,RPL11,RPS17,RPS27",1.52e-32,1.16e-29,"Viral mRNA Translation"
"RCTM","HSA-72689",72,100,9606,"9606.ENSP00000220849,9606.ENSP00000222247,9606.ENSP00000225430,9606.ENSP00000230050,9606.ENSP00000253108,9606.ENSP00000259469,9606.ENSP00000262584,9606.ENSP00000270625,9606.ENSP00000272317,9606.ENSP00000274242,9606.ENSP00000278572,9606.ENSP00000294189,9606.ENSP00000296674,9606.ENSP00000307889,9606.ENSP00000309334,9606.ENSP00000309830,9606.ENSP00000318646,9606.ENSP00000339795,9606.ENSP00000341885,9606.ENSP00000346001,9606.ENSP00000346015,9606.ENSP00000346027,9606.ENSP00000346037,9606.ENSP00000346050,9606.ENSP00000346088,9606.ENSP00000354739,9606.ENSP00000355315,9606.ENSP00000359345,9606.ENSP00000361076,9606.ENSP00000362744,9606.ENSP00000363018,9606.ENSP00000367806,9606.ENSP00000369757,9606.ENSP00000375632,9606.ENSP00000375730,9606.ENSP00000377640,9606.ENSP00000378163,9606.ENSP00000379339,9606.ENSP00000379506,9606.ENSP00000379888,9606.ENSP00000385958,9606.ENSP00000386717,9606.ENSP00000388107,9606.ENSP00000389103,9606.ENSP00000393241,9606.ENSP00000403172,9606.ENSP00000413436,9606.ENSP00000414321,9606.ENSP00000416429,9606.ENSP00000418082,9606.ENSP00000420311,9606.ENSP00000428085,9606.ENSP00000429374,9606.ENSP00000431240,9606.ENSP00000431800,9606.ENSP00000435096,9606.ENSP00000435777,9606.ENSP00000447001,9606.ENSP00000452763,9606.ENSP00000463784,9606.ENSP00000464342,9606.ENSP00000464813,9606.ENSP00000466010,9606.ENSP00000470972,9606.ENSP00000472469,9606.ENSP00000472985,9606.ENSP00000494697,9606.ENSP00000495273,9606.ENSP00000495672,9606.ENSP00000496250,9606.ENSP00000498019,9606.ENSP00000499044","EIF3E,RPL18A,RPL19,RPS12,EIF3G,RPL35,RPL8,RPS11,RPS27A,RPL37,RPS3,RPL29,RPS23,RPL13,RPL15,RPL38,RPS15A,RPL7,RPS2,RPL3,RPL27A,RPL21,RPLP1,RPS3A,RPL22,RPL12,RPL39,RPL5,RPL7A,RPS4X,RPL10A,RPS16,RPS6,RPS9,RPL13A,RPL24,RPL34,RPS29,RPL14,RPS8,RPS14,RPL31,UBA52,RPL23A,RPS18,RPL6,RPL10,RPS24,RPL32,RPL37A,RPL23,RPL30,RPS20,RPLP2,EIF3F,RPS25,RPS13,RPL18,RPL28,RPL26,RPL36,RPL27,RPS15,RPS19,RPS28,RPS5,RPL9,RPS7,RPL35A,RPL11,RPS17,RPS27",3.16e-32,1.8e-29,"Formation of a pool of free 40S subunits"
"RCTM","HSA-975956",70,94,9606,"9606.ENSP00000222247,9606.ENSP00000225430,9606.ENSP00000230050,9606.ENSP00000259469,9606.ENSP00000262584,9606.ENSP00000270625,9606.ENSP00000272317,9606.ENSP00000274242,9606.ENSP00000278572,9606.ENSP00000294189,9606.ENSP00000296674,9606.ENSP00000307889,9606.ENSP00000309334,9606.ENSP00000309830,9606.ENSP00000313007,9606.ENSP00000318646,9606.ENSP00000339795,9606.ENSP00000341885,9606.ENSP00000346001,9606.ENSP00000346015,9606.ENSP00000346027,9606.ENSP00000346037,9606.ENSP00000346050,9606.ENSP00000346088,9606.ENSP00000354739,9606.ENSP00000355315,9606.ENSP00000359345,9606.ENSP00000361076,9606.ENSP00000362744,9606.ENSP00000363018,9606.ENSP00000367806,9606.ENSP00000369757,9606.ENSP00000375632,9606.ENSP00000375730,9606.ENSP00000377640,9606.ENSP00000378163,9606.ENSP00000379339,9606.ENSP00000379506,9606.ENSP00000379888,9606.ENSP00000385958,9606.ENSP00000386717,9606.ENSP00000388107,9606.ENSP00000389103,9606.ENSP00000393241,9606.ENSP00000403172,9606.ENSP00000413436,9606.ENSP00000414321,9606.ENSP00000416429,9606.ENSP00000418082,9606.ENSP00000420311,9606.ENSP00000428085,9606.ENSP00000429374,9606.ENSP00000431240,9606.ENSP00000435096,9606.ENSP00000435777,9606.ENSP00000447001,9606.ENSP00000452763,9606.ENSP00000463784,9606.ENSP00000464342,9606.ENSP00000464813,9606.ENSP00000466010,9606.ENSP00000470972,9606.ENSP00000472469,9606.ENSP00000472985,9606.ENSP00000494697,9606.ENSP00000495273,9606.ENSP00000495672,9606.ENSP00000496250,9606.ENSP00000498019,9606.ENSP00000499044","RPL18A,RPL19,RPS12,RPL35,RPL8,RPS11,RPS27A,RPL37,RPS3,RPL29,RPS23,RPL13,RPL15,RPL38,PABPC1,RPS15A,RPL7,RPS2,RPL3,RPL27A,RPL21,RPLP1,RPS3A,RPL22,RPL12,RPL39,RPL5,RPL7A,RPS4X,RPL10A,RPS16,RPS6,RPS9,RPL13A,RPL24,RPL34,RPS29,RPL14,RPS8,RPS14,RPL31,UBA52,RPL23A,RPS18,RPL6,RPL10,RPS24,RPL32,RPL37A,RPL23,RPL30,RPS20,RPLP2,RPS25,RPS13,RPL18,RPL28,RPL26,RPL36,RPL27,RPS15,RPS19,RPS28,RPS5,RPL9,RPS7,RPL35A,RPL11,RPS17,RPS27",5.18e-32,2.36e-29,"Nonsense Mediated Decay (NMD) independent of the Exon Junction Complex (EJC)"
"RCTM","HSA-2408557",69,92,9606,"9606.ENSP00000222247,9606.ENSP00000225430,9606.ENSP00000230050,9606.ENSP00000259469,9606.ENSP00000262584,9606.ENSP00000270625,9606.ENSP00000272317,9606.ENSP00000274242,9606.ENSP00000278572,9606.ENSP00000294189,9606.ENSP00000296674,9606.ENSP00000307889,9606.ENSP00000309334,9606.ENSP00000309830,9606.ENSP00000318646,9606.ENSP00000339795,9606.ENSP00000341885,9606.ENSP00000346001,9606.ENSP00000346015,9606.ENSP00000346027,9606.ENSP00000346037,9606.ENSP00000346050,9606.ENSP00000346088,9606.ENSP00000354739,9606.ENSP00000355315,9606.ENSP00000359345,9606.ENSP00000361076,9606.ENSP00000362744,9606.ENSP00000363018,9606.ENSP00000367806,9606.ENSP00000369757,9606.ENSP00000375632,9606.ENSP00000375730,9606.ENSP00000377640,9606.ENSP00000378163,9606.ENSP00000379339,9606.ENSP00000379506,9606.ENSP00000379888,9606.ENSP00000385958,9606.ENSP00000386717,9606.ENSP00000388107,9606.ENSP00000389103,9606.ENSP00000393241,9606.ENSP00000403172,9606.ENSP00000413436,9606.ENSP00000414321,9606.ENSP00000416429,9606.ENSP00000418082,9606.ENSP00000420311,9606.ENSP00000428085,9606.ENSP00000429374,9606.ENSP00000431240,9606.ENSP00000435096,9606.ENSP00000435777,9606.ENSP00000447001,9606.ENSP00000452763,9606.ENSP00000463784,9606.ENSP00000464342,9606.ENSP00000464813,9606.ENSP00000466010,9606.ENSP00000470972,9606.ENSP00000472469,9606.ENSP00000472985,9606.ENSP00000494697,9606.ENSP00000495273,9606.ENSP00000495672,9606.ENSP00000496250,9606.ENSP00000498019,9606.ENSP00000499044","RPL18A,RPL19,RPS12,RPL35,RPL8,RPS11,RPS27A,RPL37,RPS3,RPL29,RPS23,RPL13,RPL15,RPL38,RPS15A,RPL7,RPS2,RPL3,RPL27A,RPL21,RPLP1,RPS3A,RPL22,RPL12,RPL39,RPL5,RPL7A,RPS4X,RPL10A,RPS16,RPS6,RPS9,RPL13A,RPL24,RPL34,RPS29,RPL14,RPS8,RPS14,RPL31,UBA52,RPL23A,RPS18,RPL6,RPL10,RPS24,RPL32,RPL37A,RPL23,RPL30,RPS20,RPLP2,RPS25,RPS13,RPL18,RPL28,RPL26,RPL36,RPL27,RPS15,RPS19,RPS28,RPS5,RPL9,RPS7,RPL35A,RPL11,RPS17,RPS27",1.05e-31,3.98e-29,"Selenocysteine synthesis"
"RCTM","HSA-72764",69,92,9606,"9606.ENSP00000222247,9606.ENSP00000225430,9606.ENSP00000230050,9606.ENSP00000259469,9606.ENSP00000262584,9606.ENSP00000270625,9606.ENSP00000272317,9606.ENSP00000274242,9606.ENSP00000278572,9606.ENSP00000294189,9606.ENSP00000296674,9606.ENSP00000307889,9606.ENSP00000309334,9606.ENSP00000309830,9606.ENSP00000318646,9606.ENSP00000339795,9606.ENSP00000341885,9606.ENSP00000346001,9606.ENSP00000346015,9606.ENSP00000346027,9606.ENSP00000346037,9606.ENSP00000346050,9606.ENSP00000346088,9606.ENSP00000354739,9606.ENSP00000355315,9606.ENSP00000359345,9606.ENSP00000361076,9606.ENSP00000362744,9606.ENSP00000363018,9606.ENSP00000367806,9606.ENSP00000369757,9606.ENSP00000375632,9606.ENSP00000375730,9606.ENSP00000377640,9606.ENSP00000378163,9606.ENSP00000379339,9606.ENSP00000379506,9606.ENSP00000379888,9606.ENSP00000385958,9606.ENSP00000386717,9606.ENSP00000388107,9606.ENSP00000389103,9606.ENSP00000393241,9606.ENSP00000403172,9606.ENSP00000413436,9606.ENSP00000414321,9606.ENSP00000416429,9606.ENSP00000418082,9606.ENSP00000420311,9606.ENSP00000428085,9606.ENSP00000429374,9606.ENSP00000431240,9606.ENSP00000435096,9606.ENSP00000435777,9606.ENSP00000447001,9606.ENSP00000452763,9606.ENSP00000463784,9606.ENSP00000464342,9606.ENSP00000464813,9606.ENSP00000466010,9606.ENSP00000470972,9606.ENSP00000472469,9606.ENSP00000472985,9606.ENSP00000494697,9606.ENSP00000495273,9606.ENSP00000495672,9606.ENSP00000496250,9606.ENSP00000498019,9606.ENSP00000499044","RPL18A,RPL19,RPS12,RPL35,RPL8,RPS11,RPS27A,RPL37,RPS3,RPL29,RPS23,RPL13,RPL15,RPL38,RPS15A,RPL7,RPS2,RPL3,RPL27A,RPL21,RPLP1,RPS3A,RPL22,RPL12,RPL39,RPL5,RPL7A,RPS4X,RPL10A,RPS16,RPS6,RPS9,RPL13A,RPL24,RPL34,RPS29,RPL14,RPS8,RPS14,RPL31,UBA52,RPL23A,RPS18,RPL6,RPL10,RPS24,RPL32,RPL37A,RPL23,RPL30,RPS20,RPLP2,RPS25,RPS13,RPL18,RPL28,RPL26,RPL36,RPL27,RPS15,RPS19,RPS28,RPS5,RPL9,RPS7,RPL35A,RPL11,RPS17,RPS27",1.05e-31,3.98e-29,"Eukaryotic Translation Termination"
"RCTM","HSA-156827",73,110,9606,"9606.ENSP00000220849,9606.ENSP00000222247,9606.ENSP00000225430,9606.ENSP00000230050,9606.ENSP00000253108,9606.ENSP00000259469,9606.ENSP00000262584,9606.ENSP00000270625,9606.ENSP00000272317,9606.ENSP00000274242,9606.ENSP00000278572,9606.ENSP00000294189,9606.ENSP00000296674,9606.ENSP00000307889,9606.ENSP00000309334,9606.ENSP00000309830,9606.ENSP00000313007,9606.ENSP00000318646,9606.ENSP00000339795,9606.ENSP00000341885,9606.ENSP00000346001,9606.ENSP00000346015,9606.ENSP00000346027,9606.ENSP00000346037,9606.ENSP00000346050,9606.ENSP00000346088,9606.ENSP00000354739,9606.ENSP00000355315,9606.ENSP00000359345,9606.ENSP00000361076,9606.ENSP00000362744,9606.ENSP00000363018,9606.ENSP00000367806,9606.ENSP00000369757,9606.ENSP00000375632,9606.ENSP00000375730,9606.ENSP00000377640,9606.ENSP00000378163,9606.ENSP00000379339,9606.ENSP00000379506,9606.ENSP00000379888,9606.ENSP00000385958,9606.ENSP00000386717,9606.ENSP00000388107,9606.ENSP00000389103,9606.ENSP00000393241,9606.ENSP00000403172,9606.ENSP00000413436,9606.ENSP00000414321,9606.ENSP00000416429,9606.ENSP00000418082,9606.ENSP00000420311,9606.ENSP00000428085,9606.ENSP00000429374,9606.ENSP00000431240,9606.ENSP00000431800,9606.ENSP00000435096,9606.ENSP00000435777,9606.ENSP00000447001,9606.ENSP00000452763,9606.ENSP00000463784,9606.ENSP00000464342,9606.ENSP00000464813,9606.ENSP00000466010,9606.ENSP00000470972,9606.ENSP00000472469,9606.ENSP00000472985,9606.ENSP00000494697,9606.ENSP00000495273,9606.ENSP00000495672,9606.ENSP00000496250,9606.ENSP00000498019,9606.ENSP00000499044","EIF3E,RPL18A,RPL19,RPS12,EIF3G,RPL35,RPL8,RPS11,RPS27A,RPL37,RPS3,RPL29,RPS23,RPL13,RPL15,RPL38,PABPC1,RPS15A,RPL7,RPS2,RPL3,RPL27A,RPL21,RPLP1,RPS3A,RPL22,RPL12,RPL39,RPL5,RPL7A,RPS4X,RPL10A,RPS16,RPS6,RPS9,RPL13A,RPL24,RPL34,RPS29,RPL14,RPS8,RPS14,RPL31,UBA52,RPL23A,RPS18,RPL6,RPL10,RPS24,RPL32,RPL37A,RPL23,RPL30,RPS20,RPLP2,EIF3F,RPS25,RPS13,RPL18,RPL28,RPL26,RPL36,RPL27,RPS15,RPS19,RPS28,RPS5,RPL9,RPS7,RPL35A,RPL11,RPS17,RPS27",5.1e-31,1.45e-28,"L13a-mediated translational silencing of Ceruloplasmin expression"
"RCTM","HSA-72706",72,111,9606,"9606.ENSP00000220849,9606.ENSP00000222247,9606.ENSP00000225430,9606.ENSP00000230050,9606.ENSP00000253108,9606.ENSP00000259469,9606.ENSP00000262584,9606.ENSP00000270625,9606.ENSP00000272317,9606.ENSP00000274242,9606.ENSP00000278572,9606.ENSP00000294189,9606.ENSP00000296674,9606.ENSP00000307889,9606.ENSP00000309334,9606.ENSP00000309830,9606.ENSP00000318646,9606.ENSP00000339795,9606.ENSP00000341885,9606.ENSP00000346001,9606.ENSP00000346015,9606.ENSP00000346027,9606.ENSP00000346037,9606.ENSP00000346050,9606.ENSP00000346088,9606.ENSP00000354739,9606.ENSP00000355315,9606.ENSP00000359345,9606.ENSP00000361076,9606.ENSP00000362744,9606.ENSP00000363018,9606.ENSP00000367806,9606.ENSP00000369757,9606.ENSP00000375632,9606.ENSP00000375730,9606.ENSP00000377640,9606.ENSP00000378163,9606.ENSP00000379339,9606.ENSP00000379506,9606.ENSP00000379888,9606.ENSP00000385958,9606.ENSP00000386717,9606.ENSP00000388107,9606.ENSP00000389103,9606.ENSP00000393241,9606.ENSP00000403172,9606.ENSP00000413436,9606.ENSP00000414321,9606.ENSP00000416429,9606.ENSP00000418082,9606.ENSP00000420311,9606.ENSP00000428085,9606.ENSP00000429374,9606.ENSP00000431240,9606.ENSP00000431800,9606.ENSP00000435096,9606.ENSP00000435777,9606.ENSP00000447001,9606.ENSP00000452763,9606.ENSP00000463784,9606.ENSP00000464342,9606.ENSP00000464813,9606.ENSP00000466010,9606.ENSP00000470972,9606.ENSP00000472469,9606.ENSP00000472985,9606.ENSP00000494697,9606.ENSP00000495273,9606.ENSP00000495672,9606.ENSP00000496250,9606.ENSP00000498019,9606.ENSP00000499044","EIF3E,RPL18A,RPL19,RPS12,EIF3G,RPL35,RPL8,RPS11,RPS27A,RPL37,RPS3,RPL29,RPS23,RPL13,RPL15,RPL38,RPS15A,RPL7,RPS2,RPL3,RPL27A,RPL21,RPLP1,RPS3A,RPL22,RPL12,RPL39,RPL5,RPL7A,RPS4X,RPL10A,RPS16,RPS6,RPS9,RPL13A,RPL24,RPL34,RPS29,RPL14,RPS8,RPS14,RPL31,UBA52,RPL23A,RPS18,RPL6,RPL10,RPS24,RPL32,RPL37A,RPL23,RPL30,RPS20,RPLP2,EIF3F,RPS25,RPS13,RPL18,RPL28,RPL26,RPL36,RPL27,RPS15,RPS19,RPS28,RPS5,RPL9,RPS7,RPL35A,RPL11,RPS17,RPS27",3.71e-30,9.42e-28,"GTP hydrolysis and joining of the 60S ribosomal subunit"
"RCTM","HSA-9633012",69,100,9606,"9606.ENSP00000222247,9606.ENSP00000225430,9606.ENSP00000230050,9606.ENSP00000259469,9606.ENSP00000262584,9606.ENSP00000270625,9606.ENSP00000272317,9606.ENSP00000274242,9606.ENSP00000278572,9606.ENSP00000294189,9606.ENSP00000296674,9606.ENSP00000307889,9606.ENSP00000309334,9606.ENSP00000309830,9606.ENSP00000318646,9606.ENSP00000339795,9606.ENSP00000341885,9606.ENSP00000346001,9606.ENSP00000346015,9606.ENSP00000346027,9606.ENSP00000346037,9606.ENSP00000346050,9606.ENSP00000346088,9606.ENSP00000354739,9606.ENSP00000355315,9606.ENSP00000359345,9606.ENSP00000361076,9606.ENSP00000362744,9606.ENSP00000363018,9606.ENSP00000367806,9606.ENSP00000369757,9606.ENSP00000375632,9606.ENSP00000375730,9606.ENSP00000377640,9606.ENSP00000378163,9606.ENSP00000379339,9606.ENSP00000379506,9606.ENSP00000379888,9606.ENSP00000385958,9606.ENSP00000386717,9606.ENSP00000388107,9606.ENSP00000389103,9606.ENSP00000393241,9606.ENSP00000403172,9606.ENSP00000413436,9606.ENSP00000414321,9606.ENSP00000416429,9606.ENSP00000418082,9606.ENSP00000420311,9606.ENSP00000428085,9606.ENSP00000429374,9606.ENSP00000431240,9606.ENSP00000435096,9606.ENSP00000435777,9606.ENSP00000447001,9606.ENSP00000452763,9606.ENSP00000463784,9606.ENSP00000464342,9606.ENSP00000464813,9606.ENSP00000466010,9606.ENSP00000470972,9606.ENSP00000472469,9606.ENSP00000472985,9606.ENSP00000494697,9606.ENSP00000495273,9606.ENSP00000495672,9606.ENSP00000496250,9606.ENSP00000498019,9606.ENSP00000499044","RPL18A,RPL19,RPS12,RPL35,RPL8,RPS11,RPS27A,RPL37,RPS3,RPL29,RPS23,RPL13,RPL15,RPL38,RPS15A,RPL7,RPS2,RPL3,RPL27A,RPL21,RPLP1,RPS3A,RPL22,RPL12,RPL39,RPL5,RPL7A,RPS4X,RPL10A,RPS16,RPS6,RPS9,RPL13A,RPL24,RPL34,RPS29,RPL14,RPS8,RPS14,RPL31,UBA52,RPL23A,RPS18,RPL6,RPL10,RPS24,RPL32,RPL37A,RPL23,RPL30,RPS20,RPLP2,RPS25,RPS13,RPL18,RPL28,RPL26,RPL36,RPL27,RPS15,RPS19,RPS28,RPS5,RPL9,RPS7,RPL35A,RPL11,RPS17,RPS27",3.96e-30,9.42e-28,"Response of EIF2AK4 (GCN2) to amino acid deficiency"
"RCTM","HSA-72737",73,118,9606,"9606.ENSP00000220849,9606.ENSP00000222247,9606.ENSP00000225430,9606.ENSP00000230050,9606.ENSP00000253108,9606.ENSP00000259469,9606.ENSP00000262584,9606.ENSP00000270625,9606.ENSP00000272317,9606.ENSP00000274242,9606.ENSP00000278572,9606.ENSP00000294189,9606.ENSP00000296674,9606.ENSP00000307889,9606.ENSP00000309334,9606.ENSP00000309830,9606.ENSP00000313007,9606.ENSP00000318646,9606.ENSP00000339795,9606.ENSP00000341885,9606.ENSP00000346001,9606.ENSP00000346015,9606.ENSP00000346027,9606.ENSP00000346037,9606.ENSP00000346050,9606.ENSP00000346088,9606.ENSP00000354739,9606.ENSP00000355315,9606.ENSP00000359345,9606.ENSP00000361076,9606.ENSP00000362744,9606.ENSP00000363018,9606.ENSP00000367806,9606.ENSP00000369757,9606.ENSP00000375632,9606.ENSP00000375730,9606.ENSP00000377640,9606.ENSP00000378163,9606.ENSP00000379339,9606.ENSP00000379506,9606.ENSP00000379888,9606.ENSP00000385958,9606.ENSP00000386717,9606.ENSP00000388107,9606.ENSP00000389103,9606.ENSP00000393241,9606.ENSP00000403172,9606.ENSP00000413436,9606.ENSP00000414321,9606.ENSP00000416429,9606.ENSP00000418082,9606.ENSP00000420311,9606.ENSP00000428085,9606.ENSP00000429374,9606.ENSP00000431240,9606.ENSP00000431800,9606.ENSP00000435096,9606.ENSP00000435777,9606.ENSP00000447001,9606.ENSP00000452763,9606.ENSP00000463784,9606.ENSP00000464342,9606.ENSP00000464813,9606.ENSP00000466010,9606.ENSP00000470972,9606.ENSP00000472469,9606.ENSP00000472985,9606.ENSP00000494697,9606.ENSP00000495273,9606.ENSP00000495672,9606.ENSP00000496250,9606.ENSP00000498019,9606.ENSP00000499044","EIF3E,RPL18A,RPL19,RPS12,EIF3G,RPL35,RPL8,RPS11,RPS27A,RPL37,RPS3,RPL29,RPS23,RPL13,RPL15,RPL38,PABPC1,RPS15A,RPL7,RPS2,RPL3,RPL27A,RPL21,RPLP1,RPS3A,RPL22,RPL12,RPL39,RPL5,RPL7A,RPS4X,RPL10A,RPS16,RPS6,RPS9,RPL13A,RPL24,RPL34,RPS29,RPL14,RPS8,RPS14,RPL31,UBA52,RPL23A,RPS18,RPL6,RPL10,RPS24,RPL32,RPL37A,RPL23,RPL30,RPS20,RPLP2,EIF3F,RPS25,RPS13,RPL18,RPL28,RPL26,RPL36,RPL27,RPS15,RPS19,RPS28,RPS5,RPL9,RPS7,RPL35A,RPL11,RPS17,RPS27",1.33e-29,2.77e-27,"Cap-dependent Translation Initiation"
"RCTM","HSA-975957",71,114,9606,"9606.ENSP00000222247,9606.ENSP00000225430,9606.ENSP00000230050,9606.ENSP00000259469,9606.ENSP00000262584,9606.ENSP00000270625,9606.ENSP00000272317,9606.ENSP00000274242,9606.ENSP00000278572,9606.ENSP00000294189,9606.ENSP00000296674,9606.ENSP00000307889,9606.ENSP00000309334,9606.ENSP00000309830,9606.ENSP00000313007,9606.ENSP00000318646,9606.ENSP00000339795,9606.ENSP00000341885,9606.ENSP00000346001,9606.ENSP00000346015,9606.ENSP00000346027,9606.ENSP00000346037,9606.ENSP00000346050,9606.ENSP00000346088,9606.ENSP00000354739,9606.ENSP00000355315,9606.ENSP00000359345,9606.ENSP00000361076,9606.ENSP00000362744,9606.ENSP00000363018,9606.ENSP00000367806,9606.ENSP00000369757,9606.ENSP00000375632,9606.ENSP00000375730,9606.ENSP00000377640,9606.ENSP00000378163,9606.ENSP00000379339,9606.ENSP00000379506,9606.ENSP00000379888,9606.ENSP00000385958,9606.ENSP00000386717,9606.ENSP00000388107,9606.ENSP00000389103,9606.ENSP00000393241,9606.ENSP00000402515,9606.ENSP00000403172,9606.ENSP00000413436,9606.ENSP00000414321,9606.ENSP00000416429,9606.ENSP00000418082,9606.ENSP00000420311,9606.ENSP00000428085,9606.ENSP00000429374,9606.ENSP00000431240,9606.ENSP00000435096,9606.ENSP00000435777,9606.ENSP00000447001,9606.ENSP00000452763,9606.ENSP00000463784,9606.ENSP00000464342,9606.ENSP00000464813,9606.ENSP00000466010,9606.ENSP00000470972,9606.ENSP00000472469,9606.ENSP00000472985,9606.ENSP00000494697,9606.ENSP00000495273,9606.ENSP00000495672,9606.ENSP00000496250,9606.ENSP00000498019,9606.ENSP00000499044","RPL18A,RPL19,RPS12,RPL35,RPL8,RPS11,RPS27A,RPL37,RPS3,RPL29,RPS23,RPL13,RPL15,RPL38,PABPC1,RPS15A,RPL7,RPS2,RPL3,RPL27A,RPL21,RPLP1,RPS3A,RPL22,RPL12,RPL39,RPL5,RPL7A,RPS4X,RPL10A,RPS16,RPS6,RPS9,RPL13A,RPL24,RPL34,RPS29,RPL14,RPS8,RPS14,RPL31,UBA52,RPL23A,RPS18,SMG1,RPL6,RPL10,RPS24,RPL32,RPL37A,RPL23,RPL30,RPS20,RPLP2,RPS25,RPS13,RPL18,RPL28,RPL26,RPL36,RPL27,RPS15,RPS19,RPS28,RPS5,RPL9,RPS7,RPL35A,RPL11,RPS17,RPS27",5.89e-29,1.03e-26,"Nonsense Mediated Decay (NMD) enhanced by the Exon Junction Complex (EJC)"
"RCTM","HSA-2408522",71,115,9606,"9606.ENSP00000222247,9606.ENSP00000225430,9606.ENSP00000230050,9606.ENSP00000259469,9606.ENSP00000262584,9606.ENSP00000270625,9606.ENSP00000272317,9606.ENSP00000274242,9606.ENSP00000278572,9606.ENSP00000294189,9606.ENSP00000296674,9606.ENSP00000307889,9606.ENSP00000309334,9606.ENSP00000309830,9606.ENSP00000318646,9606.ENSP00000339795,9606.ENSP00000341885,9606.ENSP00000346001,9606.ENSP00000346015,9606.ENSP00000346027,9606.ENSP00000346037,9606.ENSP00000346050,9606.ENSP00000346088,9606.ENSP00000354739,9606.ENSP00000355315,9606.ENSP00000359345,9606.ENSP00000361076,9606.ENSP00000361894,9606.ENSP00000362744,9606.ENSP00000363018,9606.ENSP00000367806,9606.ENSP00000369757,9606.ENSP00000375632,9606.ENSP00000375730,9606.ENSP00000377640,9606.ENSP00000378163,9606.ENSP00000379339,9606.ENSP00000379506,9606.ENSP00000379888,9606.ENSP00000385958,9606.ENSP00000386717,9606.ENSP00000388107,9606.ENSP00000389103,9606.ENSP00000393241,9606.ENSP00000403172,9606.ENSP00000406157,9606.ENSP00000413436,9606.ENSP00000414321,9606.ENSP00000416429,9606.ENSP00000418082,9606.ENSP00000420311,9606.ENSP00000428085,9606.ENSP00000429374,9606.ENSP00000431240,9606.ENSP00000435096,9606.ENSP00000435777,9606.ENSP00000447001,9606.ENSP00000452763,9606.ENSP00000463784,9606.ENSP00000464342,9606.ENSP00000464813,9606.ENSP00000466010,9606.ENSP00000470972,9606.ENSP00000472469,9606.ENSP00000472985,9606.ENSP00000494697,9606.ENSP00000495273,9606.ENSP00000495672,9606.ENSP00000496250,9606.ENSP00000498019,9606.ENSP00000499044","RPL18A,RPL19,RPS12,RPL35,RPL8,RPS11,RPS27A,RPL37,RPS3,RPL29,RPS23,RPL13,RPL15,RPL38,RPS15A,RPL7,RPS2,RPL3,RPL27A,RPL21,RPLP1,RPS3A,RPL22,RPL12,RPL39,RPL5,RPL7A,GNMT,RPS4X,RPL10A,RPS16,RPS6,RPS9,RPL13A,RPL24,RPL34,RPS29,RPL14,RPS8,RPS14,RPL31,UBA52,RPL23A,RPS18,RPL6,PAPSS2,RPL10,RPS24,RPL32,RPL37A,RPL23,RPL30,RPS20,RPLP2,RPS25,RPS13,RPL18,RPL28,RPL26,RPL36,RPL27,RPS15,RPS19,RPS28,RPS5,RPL9,RPS7,RPL35A,RPL11,RPS17,RPS27",8.74e-29,1.33e-26,"Selenoamino acid metabolism"
"RCTM","HSA-1799339",69,110,9606,"9606.ENSP00000222247,9606.ENSP00000225430,9606.ENSP00000230050,9606.ENSP00000259469,9606.ENSP00000262584,9606.ENSP00000270625,9606.ENSP00000272317,9606.ENSP00000274242,9606.ENSP00000278572,9606.ENSP00000294189,9606.ENSP00000296674,9606.ENSP00000307889,9606.ENSP00000309334,9606.ENSP00000309830,9606.ENSP00000318646,9606.ENSP00000339795,9606.ENSP00000341885,9606.ENSP00000346001,9606.ENSP00000346015,9606.ENSP00000346027,9606.ENSP00000346037,9606.ENSP00000346050,9606.ENSP00000346088,9606.ENSP00000354739,9606.ENSP00000355315,9606.ENSP00000359345,9606.ENSP00000361076,9606.ENSP00000362744,9606.ENSP00000363018,9606.ENSP00000367806,9606.ENSP00000369757,9606.ENSP00000375632,9606.ENSP00000375730,9606.ENSP00000377640,9606.ENSP00000378163,9606.ENSP00000379339,9606.ENSP00000379506,9606.ENSP00000379888,9606.ENSP00000385958,9606.ENSP00000386717,9606.ENSP00000388107,9606.ENSP00000389103,9606.ENSP00000393241,9606.ENSP00000403172,9606.ENSP00000413436,9606.ENSP00000414321,9606.ENSP00000416429,9606.ENSP00000418082,9606.ENSP00000420311,9606.ENSP00000428085,9606.ENSP00000429374,9606.ENSP00000431240,9606.ENSP00000435096,9606.ENSP00000435777,9606.ENSP00000447001,9606.ENSP00000452763,9606.ENSP00000463784,9606.ENSP00000464342,9606.ENSP00000464813,9606.ENSP00000466010,9606.ENSP00000470972,9606.ENSP00000472469,9606.ENSP00000472985,9606.ENSP00000494697,9606.ENSP00000495273,9606.ENSP00000495672,9606.ENSP00000496250,9606.ENSP00000498019,9606.ENSP00000499044","RPL18A,RPL19,RPS12,RPL35,RPL8,RPS11,RPS27A,RPL37,RPS3,RPL29,RPS23,RPL13,RPL15,RPL38,RPS15A,RPL7,RPS2,RPL3,RPL27A,RPL21,RPLP1,RPS3A,RPL22,RPL12,RPL39,RPL5,RPL7A,RPS4X,RPL10A,RPS16,RPS6,RPS9,RPL13A,RPL24,RPL34,RPS29,RPL14,RPS8,RPS14,RPL31,UBA52,RPL23A,RPS18,RPL6,RPL10,RPS24,RPL32,RPL37A,RPL23,RPL30,RPS20,RPLP2,RPS25,RPS13,RPL18,RPL28,RPL26,RPL36,RPL27,RPS15,RPS19,RPS28,RPS5,RPL9,RPS7,RPL35A,RPL11,RPS17,RPS27",2.59e-28,3.7e-26,"SRP-dependent cotranslational protein targeting to membrane"
"RCTM","HSA-168273",71,135,9606,"9606.ENSP00000222247,9606.ENSP00000225430,9606.ENSP00000230050,9606.ENSP00000259469,9606.ENSP00000262584,9606.ENSP00000270625,9606.ENSP00000272317,9606.ENSP00000274242,9606.ENSP00000278572,9606.ENSP00000294189,9606.ENSP00000296674,9606.ENSP00000307889,9606.ENSP00000309334,9606.ENSP00000309830,9606.ENSP00000318646,9606.ENSP00000339795,9606.ENSP00000341885,9606.ENSP00000346001,9606.ENSP00000346015,9606.ENSP00000346027,9606.ENSP00000346037,9606.ENSP00000346050,9606.ENSP00000346088,9606.ENSP00000354739,9606.ENSP00000355315,9606.ENSP00000356448,9606.ENSP00000359345,9606.ENSP00000361076,9606.ENSP00000362744,9606.ENSP00000363018,9606.ENSP00000367806,9606.ENSP00000369757,9606.ENSP00000375632,9606.ENSP00000375730,9606.ENSP00000377640,9606.ENSP00000378163,9606.ENSP00000379339,9606.ENSP00000379506,9606.ENSP00000379888,9606.ENSP00000385958,9606.ENSP00000386717,9606.ENSP00000388107,9606.ENSP00000389103,9606.ENSP00000393241,9606.ENSP00000403172,9606.ENSP00000413436,9606.ENSP00000414321,9606.ENSP00000415536,9606.ENSP00000416429,9606.ENSP00000418082,9606.ENSP00000420311,9606.ENSP00000428085,9606.ENSP00000429374,9606.ENSP00000431240,9606.ENSP00000435096,9606.ENSP00000435777,9606.ENSP00000447001,9606.ENSP00000452763,9606.ENSP00000463784,9606.ENSP00000464342,9606.ENSP00000464813,9606.ENSP00000466010,9606.ENSP00000470972,9606.ENSP00000472469,9606.ENSP00000472985,9606.ENSP00000494697,9606.ENSP00000495273,9606.ENSP00000495672,9606.ENSP00000496250,9606.ENSP00000498019,9606.ENSP00000499044","RPL18A,RPL19,RPS12,RPL35,RPL8,RPS11,RPS27A,RPL37,RPS3,RPL29,RPS23,RPL13,RPL15,RPL38,RPS15A,RPL7,RPS2,RPL3,RPL27A,RPL21,RPLP1,RPS3A,RPL22,RPL12,RPL39,TPR,RPL5,RPL7A,RPS4X,RPL10A,RPS16,RPS6,RPS9,RPL13A,RPL24,RPL34,RPS29,RPL14,RPS8,RPS14,RPL31,UBA52,RPL23A,RPS18,RPL6,RPL10,RPS24,POLR2H,RPL32,RPL37A,RPL23,RPL30,RPS20,RPLP2,RPS25,RPS13,RPL18,RPL28,RPL26,RPL36,RPL27,RPS15,RPS19,RPS28,RPS5,RPL9,RPS7,RPL35A,RPL11,RPS17,RPS27",1.26e-25,1.69e-23,"Influenza Viral RNA Transcription and Replication"
"RCTM","HSA-168255",74,155,9606,"9606.ENSP00000216727,9606.ENSP00000221930,9606.ENSP00000222247,9606.ENSP00000225430,9606.ENSP00000230050,9606.ENSP00000259469,9606.ENSP00000262584,9606.ENSP00000270625,9606.ENSP00000272317,9606.ENSP00000274242,9606.ENSP00000278572,9606.ENSP00000294189,9606.ENSP00000296674,9606.ENSP00000307889,9606.ENSP00000309334,9606.ENSP00000309830,9606.ENSP00000318646,9606.ENSP00000339795,9606.ENSP00000341885,9606.ENSP00000346001,9606.ENSP00000346015,9606.ENSP00000346027,9606.ENSP00000346037,9606.ENSP00000346050,9606.ENSP00000346088,9606.ENSP00000354739,9606.ENSP00000355315,9606.ENSP00000356448,9606.ENSP00000359345,9606.ENSP00000361076,9606.ENSP00000362744,9606.ENSP00000363018,9606.ENSP00000367806,9606.ENSP00000369757,9606.ENSP00000375632,9606.ENSP00000375730,9606.ENSP00000377640,9606.ENSP00000378163,9606.ENSP00000379339,9606.ENSP00000379506,9606.ENSP00000379888,9606.ENSP00000385958,9606.ENSP00000386717,9606.ENSP00000388107,9606.ENSP00000389103,9606.ENSP00000393241,9606.ENSP00000403172,9606.ENSP00000413436,9606.ENSP00000414321,9606.ENSP00000415536,9606.ENSP00000416429,9606.ENSP00000418082,9606.ENSP00000420311,9606.ENSP00000428085,9606.ENSP00000429374,9606.ENSP00000431240,9606.ENSP00000435096,9606.ENSP00000435777,9606.ENSP00000447001,9606.ENSP00000452763,9606.ENSP00000463784,9606.ENSP00000464342,9606.ENSP00000464813,9606.ENSP00000466010,9606.ENSP00000470972,9606.ENSP00000472469,9606.ENSP00000472985,9606.ENSP00000479606,9606.ENSP00000494697,9606.ENSP00000495273,9606.ENSP00000495672,9606.ENSP00000496250,9606.ENSP00000498019,9606.ENSP00000499044","PABPN1,TGFB1,RPL18A,RPL19,RPS12,RPL35,RPL8,RPS11,RPS27A,RPL37,RPS3,RPL29,RPS23,RPL13,RPL15,RPL38,RPS15A,RPL7,RPS2,RPL3,RPL27A,RPL21,RPLP1,RPS3A,RPL22,RPL12,RPL39,TPR,RPL5,RPL7A,RPS4X,RPL10A,RPS16,RPS6,RPS9,RPL13A,RPL24,RPL34,RPS29,RPL14,RPS8,RPS14,RPL31,UBA52,RPL23A,RPS18,RPL6,RPL10,RPS24,POLR2H,RPL32,RPL37A,RPL23,RPL30,RPS20,RPLP2,RPS25,RPS13,RPL18,RPL28,RPL26,RPL36,RPL27,RPS15,RPS19,RPS28,RPS5,CLTC,RPL9,RPS7,RPL35A,RPL11,RPS17,RPS27",1.13e-24,1.44e-22,"Influenza Infection"
"RCTM","HSA-9711097",72,155,9606,"9606.ENSP00000222247,9606.ENSP00000225430,9606.ENSP00000230050,9606.ENSP00000259469,9606.ENSP00000262584,9606.ENSP00000270625,9606.ENSP00000272317,9606.ENSP00000274242,9606.ENSP00000278572,9606.ENSP00000294189,9606.ENSP00000296674,9606.ENSP00000307889,9606.ENSP00000309334,9606.ENSP00000309830,9606.ENSP00000318646,9606.ENSP00000329757,9606.ENSP00000339795,9606.ENSP00000341885,9606.ENSP00000346001,9606.ENSP00000346015,9606.ENSP00000346027,9606.ENSP00000346037,9606.ENSP00000346050,9606.ENSP00000346088,9606.ENSP00000354739,9606.ENSP00000355315,9606.ENSP00000358423,9606.ENSP00000359345,9606.ENSP00000361076,9606.ENSP00000362744,9606.ENSP00000363018,9606.ENSP00000367806,9606.ENSP00000369757,9606.ENSP00000375632,9606.ENSP00000375730,9606.ENSP00000377640,9606.ENSP00000378163,9606.ENSP00000379339,9606.ENSP00000379506,9606.ENSP00000379888,9606.ENSP00000385958,9606.ENSP00000386717,9606.ENSP00000388107,9606.ENSP00000389103,9606.ENSP00000393241,9606.ENSP00000403172,9606.ENSP00000413436,9606.ENSP00000414321,9606.ENSP00000416429,9606.ENSP00000418082,9606.ENSP00000420311,9606.ENSP00000428085,9606.ENSP00000429374,9606.ENSP00000430282,9606.ENSP00000431240,9606.ENSP00000435096,9606.ENSP00000435777,9606.ENSP00000447001,9606.ENSP00000452763,9606.ENSP00000463784,9606.ENSP00000464342,9606.ENSP00000464813,9606.ENSP00000466010,9606.ENSP00000470972,9606.ENSP00000472469,9606.ENSP00000472985,9606.ENSP00000494697,9606.ENSP00000495273,9606.ENSP00000495672,9606.ENSP00000496250,9606.ENSP00000498019,9606.ENSP00000499044","RPL18A,RPL19,RPS12,RPL35,RPL8,RPS11,RPS27A,RPL37,RPS3,RPL29,RPS23,RPL13,RPL15,RPL38,RPS15A,ATP6V0C,RPL7,RPS2,RPL3,RPL27A,RPL21,RPLP1,RPS3A,RPL22,RPL12,RPL39,RRAGD,RPL5,RPL7A,RPS4X,RPL10A,RPS16,RPS6,RPS9,RPL13A,RPL24,RPL34,RPS29,RPL14,RPS8,RPS14,RPL31,UBA52,RPL23A,RPS18,RPL6,RPL10,RPS24,RPL32,RPL37A,RPL23,RPL30,RPS20,ATP6V1C1,RPLP2,RPS25,RPS13,RPL18,RPL28,RPL26,RPL36,RPL27,RPS15,RPS19,RPS28,RPS5,RPL9,RPS7,RPL35A,RPL11,RPS17,RPS27",1.71e-23,2.05e-21,"Cellular response to starvation"
"RCTM","HSA-9010553",72,169,9606,"9606.ENSP00000222247,9606.ENSP00000225430,9606.ENSP00000230050,9606.ENSP00000259469,9606.ENSP00000262584,9606.ENSP00000263726,9606.ENSP00000266058,9606.ENSP00000270625,9606.ENSP00000272317,9606.ENSP00000274242,9606.ENSP00000278572,9606.ENSP00000294189,9606.ENSP00000296674,9606.ENSP00000307889,9606.ENSP00000309334,9606.ENSP00000309830,9606.ENSP00000313007,9606.ENSP00000318646,9606.ENSP00000339795,9606.ENSP00000341885,9606.ENSP00000346001,9606.ENSP00000346015,9606.ENSP00000346027,9606.ENSP00000346037,9606.ENSP00000346050,9606.ENSP00000346088,9606.ENSP00000354739,9606.ENSP00000355315,9606.ENSP00000359345,9606.ENSP00000361076,9606.ENSP00000362744,9606.ENSP00000363018,9606.ENSP00000367806,9606.ENSP00000369757,9606.ENSP00000375632,9606.ENSP00000375730,9606.ENSP00000377640,9606.ENSP00000378163,9606.ENSP00000379339,9606.ENSP00000379506,9606.ENSP00000379888,9606.ENSP00000385958,9606.ENSP00000386717,9606.ENSP00000388107,9606.ENSP00000389103,9606.ENSP00000393241,9606.ENSP00000403172,9606.ENSP00000413436,9606.ENSP00000414321,9606.ENSP00000416429,9606.ENSP00000418082,9606.ENSP00000420311,9606.ENSP00000428085,9606.ENSP00000429374,9606.ENSP00000431240,9606.ENSP00000435096,9606.ENSP00000435777,9606.ENSP00000447001,9606.ENSP00000452763,9606.ENSP00000463784,9606.ENSP00000464342,9606.ENSP00000464813,9606.ENSP00000466010,9606.ENSP00000470972,9606.ENSP00000472469,9606.ENSP00000472985,9606.ENSP00000494697,9606.ENSP00000495273,9606.ENSP00000495672,9606.ENSP00000496250,9606.ENSP00000498019,9606.ENSP00000499044","RPL18A,RPL19,RPS12,RPL35,RPL8,LHX4,SLIT1,RPS11,RPS27A,RPL37,RPS3,RPL29,RPS23,RPL13,RPL15,RPL38,PABPC1,RPS15A,RPL7,RPS2,RPL3,RPL27A,RPL21,RPLP1,RPS3A,RPL22,RPL12,RPL39,RPL5,RPL7A,RPS4X,RPL10A,RPS16,RPS6,RPS9,RPL13A,RPL24,RPL34,RPS29,RPL14,RPS8,RPS14,RPL31,UBA52,RPL23A,RPS18,RPL6,RPL10,RPS24,RPL32,RPL37A,RPL23,RPL30,RPS20,RPLP2,RPS25,RPS13,RPL18,RPL28,RPL26,RPL36,RPL27,RPS15,RPS19,RPS28,RPS5,RPL9,RPS7,RPL35A,RPL11,RPS17,RPS27",8.78e-22,1e-19,"Regulation of expression of SLITs and ROBOs"
"RCTM","HSA-376176",80,215,9606,"9606.ENSP00000216373,9606.ENSP00000222247,9606.ENSP00000225430,9606.ENSP00000229922,9606.ENSP00000230050,9606.ENSP00000259469,9606.ENSP00000262584,9606.ENSP00000263726,9606.ENSP00000265371,9606.ENSP00000265563,9606.ENSP00000266058,9606.ENSP00000270625,9606.ENSP00000272317,9606.ENSP00000274242,9606.ENSP00000278572,9606.ENSP00000294189,9606.ENSP00000296674,9606.ENSP00000307889,9606.ENSP00000309334,9606.ENSP00000309591,9606.ENSP00000309830,9606.ENSP00000313007,9606.ENSP00000318646,9606.ENSP00000339795,9606.ENSP00000341885,9606.ENSP00000346001,9606.ENSP00000346015,9606.ENSP00000346027,9606.ENSP00000346037,9606.ENSP00000346050,9606.ENSP00000346088,9606.ENSP00000354739,9606.ENSP00000355315,9606.ENSP00000359345,9606.ENSP00000361076,9606.ENSP00000362744,9606.ENSP00000363018,9606.ENSP00000367806,9606.ENSP00000369757,9606.ENSP00000375632,9606.ENSP00000375730,9606.ENSP00000377640,9606.ENSP00000378163,9606.ENSP00000379339,9606.ENSP00000379506,9606.ENSP00000379888,9606.ENSP00000385958,9606.ENSP00000386717,9606.ENSP00000388107,9606.ENSP00000389103,9606.ENSP00000393241,9606.ENSP00000403172,9606.ENSP00000413436,9606.ENSP00000414321,9606.ENSP00000416429,9606.ENSP00000418082,9606.ENSP00000420311,9606.ENSP00000427562,9606.ENSP00000428085,9606.ENSP00000429374,9606.ENSP00000431240,9606.ENSP00000435096,9606.ENSP00000435777,9606.ENSP00000447001,9606.ENSP00000452763,9606.ENSP00000459615,9606.ENSP00000463784,9606.ENSP00000464342,9606.ENSP00000464813,9606.ENSP00000466010,9606.ENSP00000470972,9606.ENSP00000471457,9606.ENSP00000472469,9606.ENSP00000472985,9606.ENSP00000494697,9606.ENSP00000495273,9606.ENSP00000495672,9606.ENSP00000496250,9606.ENSP00000498019,9606.ENSP00000499044","SOS2,RPL18A,RPL19,CAP2,RPS12,RPL35,RPL8,LHX4,NRP1,PRKAR2A,SLIT1,RPS11,RPS27A,RPL37,RPS3,RPL29,RPS23,RPL13,RPL15,PRKACA,RPL38,PABPC1,RPS15A,RPL7,RPS2,RPL3,RPL27A,RPL21,RPLP1,RPS3A,RPL22,RPL12,RPL39,RPL5,RPL7A,RPS4X,RPL10A,RPS16,RPS6,RPS9,RPL13A,RPL24,RPL34,RPS29,RPL14,RPS8,RPS14,RPL31,UBA52,RPL23A,RPS18,RPL6,RPL10,RPS24,RPL32,RPL37A,RPL23,ABL2,RPL30,RPS20,RPLP2,RPS25,RPS13,RPL18,RPL28,SRGAP2,RPL26,RPL36,RPL27,RPS15,RPS19,MYO9B,RPS28,RPS5,RPL9,RPS7,RPL35A,RPL11,RPS17,RPS27",4.05e-21,4.4e-19,"Signaling by ROBO receptors"
"RCTM","HSA-6791226",70,181,9606,"9606.ENSP00000222247,9606.ENSP00000225430,9606.ENSP00000230050,9606.ENSP00000259469,9606.ENSP00000262584,9606.ENSP00000270625,9606.ENSP00000272317,9606.ENSP00000274242,9606.ENSP00000278572,9606.ENSP00000294189,9606.ENSP00000296674,9606.ENSP00000307889,9606.ENSP00000309334,9606.ENSP00000309830,9606.ENSP00000318646,9606.ENSP00000339795,9606.ENSP00000341885,9606.ENSP00000346001,9606.ENSP00000346015,9606.ENSP00000346027,9606.ENSP00000346037,9606.ENSP00000346050,9606.ENSP00000346088,9606.ENSP00000354739,9606.ENSP00000355315,9606.ENSP00000359345,9606.ENSP00000361076,9606.ENSP00000362744,9606.ENSP00000363018,9606.ENSP00000367806,9606.ENSP00000369757,9606.ENSP00000375632,9606.ENSP00000375730,9606.ENSP00000377640,9606.ENSP00000378163,9606.ENSP00000379339,9606.ENSP00000379506,9606.ENSP00000379888,9606.ENSP00000380044,9606.ENSP00000385958,9606.ENSP00000386717,9606.ENSP00000388107,9606.ENSP00000389103,9606.ENSP00000393241,9606.ENSP00000403172,9606.ENSP00000413436,9606.ENSP00000414321,9606.ENSP00000416429,9606.ENSP00000418082,9606.ENSP00000420311,9606.ENSP00000428085,9606.ENSP00000429374,9606.ENSP00000431240,9606.ENSP00000435096,9606.ENSP00000435777,9606.ENSP00000447001,9606.ENSP00000452763,9606.ENSP00000463784,9606.ENSP00000464342,9606.ENSP00000464813,9606.ENSP00000466010,9606.ENSP00000470972,9606.ENSP00000472469,9606.ENSP00000472985,9606.ENSP00000494697,9606.ENSP00000495273,9606.ENSP00000495672,9606.ENSP00000496250,9606.ENSP00000498019,9606.ENSP00000499044","RPL18A,RPL19,RPS12,RPL35,RPL8,RPS11,RPS27A,RPL37,RPS3,RPL29,RPS23,RPL13,RPL15,RPL38,RPS15A,RPL7,RPS2,RPL3,RPL27A,RPL21,RPLP1,RPS3A,RPL22,RPL12,RPL39,RPL5,RPL7A,RPS4X,RPL10A,RPS16,RPS6,RPS9,RPL13A,RPL24,RPL34,RPS29,RPL14,RPS8,CSNK1E,RPS14,RPL31,UBA52,RPL23A,RPS18,RPL6,RPL10,RPS24,RPL32,RPL37A,RPL23,RPL30,RPS20,RPLP2,RPS25,RPS13,RPL18,RPL28,RPL26,RPL36,RPL27,RPS15,RPS19,RPS28,RPS5,RPL9,RPS7,RPL35A,RPL11,RPS17,RPS27",2.27e-19,2.35e-17,"Major pathway of rRNA processing in the nucleolus and cytosol"
"RCTM","HSA-9675108",128,575,9606,"9606.ENSP00000215832,9606.ENSP00000216373,9606.ENSP00000222247,9606.ENSP00000225430,9606.ENSP00000229922,9606.ENSP00000230050,9606.ENSP00000242480,9606.ENSP00000248437,9606.ENSP00000256509,9606.ENSP00000259469,9606.ENSP00000260408,9606.ENSP00000261023,9606.ENSP00000262584,9606.ENSP00000262629,9606.ENSP00000262741,9606.ENSP00000263125,9606.ENSP00000263726,9606.ENSP00000264828,9606.ENSP00000265371,9606.ENSP00000265563,9606.ENSP00000266058,9606.ENSP00000270625,9606.ENSP00000272317,9606.ENSP00000274242,9606.ENSP00000278572,9606.ENSP00000285735,9606.ENSP00000288699,9606.ENSP00000294189,9606.ENSP00000296674,9606.ENSP00000307046,9606.ENSP00000307889,9606.ENSP00000309334,9606.ENSP00000309591,9606.ENSP00000309830,9606.ENSP00000313007,9606.ENSP00000316029,9606.ENSP00000317128,9606.ENSP00000317985,9606.ENSP00000318197,9606.ENSP00000318646,9606.ENSP00000330633,9606.ENSP00000332118,9606.ENSP00000336894,9606.ENSP00000339795,9606.ENSP00000341885,9606.ENSP00000346001,9606.ENSP00000346015,9606.ENSP00000346027,9606.ENSP00000346037,9606.ENSP00000346050,9606.ENSP00000346088,9606.ENSP00000348099,9606.ENSP00000350896,9606.ENSP00000351926,9606.ENSP00000353582,9606.ENSP00000354739,9606.ENSP00000355315,9606.ENSP00000356581,9606.ENSP00000357393,9606.ENSP00000359345,9606.ENSP00000360882,9606.ENSP00000360916,9606.ENSP00000361076,9606.ENSP00000362103,9606.ENSP00000362744,9606.ENSP00000363018,9606.ENSP00000363524,9606.ENSP00000364979,9606.ENSP00000364995,9606.ENSP00000367220,9606.ENSP00000367806,9606.ENSP00000368966,9606.ENSP00000369757,9606.ENSP00000369889,9606.ENSP00000370719,9606.ENSP00000371936,9606.ENSP00000375632,9606.ENSP00000375730,9606.ENSP00000377640,9606.ENSP00000378163,9606.ENSP00000379339,9606.ENSP00000379506,9606.ENSP00000379823,9606.ENSP00000379866,9606.ENSP00000379888,9606.ENSP00000383053,9606.ENSP00000385958,9606.ENSP00000386717,9606.ENSP00000388107,9606.ENSP00000389103,9606.ENSP00000393241,9606.ENSP00000396915,9606.ENSP00000403172,9606.ENSP00000413436,9606.ENSP00000414321,9606.ENSP00000416429,9606.ENSP00000418082,9606.ENSP00000420311,9606.ENSP00000427562,9606.ENSP00000427985,9606.ENSP00000428085,9606.ENSP00000428924,9606.ENSP00000429374,9606.ENSP00000431240,9606.ENSP00000435096,9606.ENSP00000435777,9606.ENSP00000447001,9606.ENSP00000452763,9606.ENSP00000459615,9606.ENSP00000463784,9606.ENSP00000464342,9606.ENSP00000464813,9606.ENSP00000466010,9606.ENSP00000470972,9606.ENSP00000471457,9606.ENSP00000472469,9606.ENSP00000472985,9606.ENSP00000479606,9606.ENSP00000481841,9606.ENSP00000481994,9606.ENSP00000494697,9606.ENSP00000495273,9606.ENSP00000495672,9606.ENSP00000496114,9606.ENSP00000496250,9606.ENSP00000496793,9606.ENSP00000498019,9606.ENSP00000499044","MAPK1,SOS2,RPL18A,RPL19,CAP2,RPS12,EGR2,TUBA4A,CHL1,RPL35,ADAM10,ITGAV,RPL8,TYROBP,PIK3R3,PRKCQ,LHX4,COL5A3,NRP1,PRKAR2A,SLIT1,RPS11,RPS27A,RPL37,RPS3,RHOC,DPYSL5,RPL29,RPS23,SDC2,RPL13,RPL15,PRKACA,RPL38,PABPC1,TLN1,PLXND1,ROCK2,TUBA3E,RPS15A,CNTN2,EPHB3,NAB1,RPL7,RPS2,RPL3,RPL27A,RPL21,RPLP1,RPS3A,RPL22,PDLIM7,EPHB4,AP2A1,NRP2,RPL12,RPL39,ADGRG6,EFNA3,RPL5,COL5A1,VAV2,RPL7A,POU3F1,RPS4X,RPL10A,KIF4A,COL4A1,SHC3,ACTR2,RPS16,TRPC3,RPS6,COL2A1,ITSN1,SEMA5A,RPS9,RPL13A,RPL24,RPL34,RPS29,RPL14,COL4A3,COL4A4,RPS8,EPHB2,RPS14,RPL31,UBA52,RPL23A,RPS18,SCN1B,RPL6,RPL10,RPS24,RPL32,RPL37A,RPL23,ABL2,DPYSL2,RPL30,LYN,RPS20,RPLP2,RPS25,RPS13,RPL18,RPL28,SRGAP2,RPL26,RPL36,RPL27,RPS15,RPS19,MYO9B,RPS28,RPS5,CLTC,CD24,EPHB6,RPL9,RPS7,RPL35A,SCN7A,RPL11,COL9A3,RPS17,RPS27",1.39e-16,1.27e-14,"Nervous system development"
"RCTM","HSA-422475",124,551,9606,"9606.ENSP00000215832,9606.ENSP00000216373,9606.ENSP00000222247,9606.ENSP00000225430,9606.ENSP00000229922,9606.ENSP00000230050,9606.ENSP00000248437,9606.ENSP00000256509,9606.ENSP00000259469,9606.ENSP00000260408,9606.ENSP00000261023,9606.ENSP00000262584,9606.ENSP00000262629,9606.ENSP00000262741,9606.ENSP00000263125,9606.ENSP00000263726,9606.ENSP00000264828,9606.ENSP00000265371,9606.ENSP00000265563,9606.ENSP00000266058,9606.ENSP00000270625,9606.ENSP00000272317,9606.ENSP00000274242,9606.ENSP00000278572,9606.ENSP00000285735,9606.ENSP00000288699,9606.ENSP00000294189,9606.ENSP00000296674,9606.ENSP00000307046,9606.ENSP00000307889,9606.ENSP00000309334,9606.ENSP00000309591,9606.ENSP00000309830,9606.ENSP00000313007,9606.ENSP00000316029,9606.ENSP00000317128,9606.ENSP00000317985,9606.ENSP00000318197,9606.ENSP00000318646,9606.ENSP00000330633,9606.ENSP00000332118,9606.ENSP00000339795,9606.ENSP00000341885,9606.ENSP00000346001,9606.ENSP00000346015,9606.ENSP00000346027,9606.ENSP00000346037,9606.ENSP00000346050,9606.ENSP00000346088,9606.ENSP00000348099,9606.ENSP00000350896,9606.ENSP00000351926,9606.ENSP00000353582,9606.ENSP00000354739,9606.ENSP00000355315,9606.ENSP00000357393,9606.ENSP00000359345,9606.ENSP00000360882,9606.ENSP00000360916,9606.ENSP00000361076,9606.ENSP00000362744,9606.ENSP00000363018,9606.ENSP00000363524,9606.ENSP00000364979,9606.ENSP00000364995,9606.ENSP00000367220,9606.ENSP00000367806,9606.ENSP00000368966,9606.ENSP00000369757,9606.ENSP00000369889,9606.ENSP00000370719,9606.ENSP00000371936,9606.ENSP00000375632,9606.ENSP00000375730,9606.ENSP00000377640,9606.ENSP00000378163,9606.ENSP00000379339,9606.ENSP00000379506,9606.ENSP00000379823,9606.ENSP00000379866,9606.ENSP00000379888,9606.ENSP00000383053,9606.ENSP00000385958,9606.ENSP00000386717,9606.ENSP00000388107,9606.ENSP00000389103,9606.ENSP00000393241,9606.ENSP00000396915,9606.ENSP00000403172,9606.ENSP00000413436,9606.ENSP00000414321,9606.ENSP00000416429,9606.ENSP00000418082,9606.ENSP00000420311,9606.ENSP00000427562,9606.ENSP00000427985,9606.ENSP00000428085,9606.ENSP00000428924,9606.ENSP00000429374,9606.ENSP00000431240,9606.ENSP00000435096,9606.ENSP00000435777,9606.ENSP00000447001,9606.ENSP00000452763,9606.ENSP00000459615,9606.ENSP00000463784,9606.ENSP00000464342,9606.ENSP00000464813,9606.ENSP00000466010,9606.ENSP00000470972,9606.ENSP00000471457,9606.ENSP00000472469,9606.ENSP00000472985,9606.ENSP00000479606,9606.ENSP00000481841,9606.ENSP00000481994,9606.ENSP00000494697,9606.ENSP00000495273,9606.ENSP00000495672,9606.ENSP00000496114,9606.ENSP00000496250,9606.ENSP00000496793,9606.ENSP00000498019,9606.ENSP00000499044","MAPK1,SOS2,RPL18A,RPL19,CAP2,RPS12,TUBA4A,CHL1,RPL35,ADAM10,ITGAV,RPL8,TYROBP,PIK3R3,PRKCQ,LHX4,COL5A3,NRP1,PRKAR2A,SLIT1,RPS11,RPS27A,RPL37,RPS3,RHOC,DPYSL5,RPL29,RPS23,SDC2,RPL13,RPL15,PRKACA,RPL38,PABPC1,TLN1,PLXND1,ROCK2,TUBA3E,RPS15A,CNTN2,EPHB3,RPL7,RPS2,RPL3,RPL27A,RPL21,RPLP1,RPS3A,RPL22,PDLIM7,EPHB4,AP2A1,NRP2,RPL12,RPL39,EFNA3,RPL5,COL5A1,VAV2,RPL7A,RPS4X,RPL10A,KIF4A,COL4A1,SHC3,ACTR2,RPS16,TRPC3,RPS6,COL2A1,ITSN1,SEMA5A,RPS9,RPL13A,RPL24,RPL34,RPS29,RPL14,COL4A3,COL4A4,RPS8,EPHB2,RPS14,RPL31,UBA52,RPL23A,RPS18,SCN1B,RPL6,RPL10,RPS24,RPL32,RPL37A,RPL23,ABL2,DPYSL2,RPL30,LYN,RPS20,RPLP2,RPS25,RPS13,RPL18,RPL28,SRGAP2,RPL26,RPL36,RPL27,RPS15,RPS19,MYO9B,RPS28,RPS5,CLTC,CD24,EPHB6,RPL9,RPS7,RPL35A,SCN7A,RPL11,COL9A3,RPS17,RPS27",2.1e-16,1.84e-14,"Axon guidance"
"RCTM","HSA-9735869",28,36,9606,"9606.ENSP00000230050,9606.ENSP00000270625,9606.ENSP00000272317,9606.ENSP00000278572,9606.ENSP00000296674,9606.ENSP00000318646,9606.ENSP00000339063,9606.ENSP00000341885,9606.ENSP00000346050,9606.ENSP00000362744,9606.ENSP00000367806,9606.ENSP00000369757,9606.ENSP00000375632,9606.ENSP00000379339,9606.ENSP00000379888,9606.ENSP00000385958,9606.ENSP00000393241,9606.ENSP00000414321,9606.ENSP00000429374,9606.ENSP00000435096,9606.ENSP00000435777,9606.ENSP00000466010,9606.ENSP00000470972,9606.ENSP00000472469,9606.ENSP00000472985,9606.ENSP00000495273,9606.ENSP00000498019,9606.ENSP00000499044","RPS12,RPS11,RPS27A,RPS3,RPS23,RPS15A,EEF1A1,RPS2,RPS3A,RPS4X,RPS16,RPS6,RPS9,RPS29,RPS8,RPS14,RPS18,RPS24,RPS20,RPS25,RPS13,RPS15,RPS19,RPS28,RPS5,RPS7,RPS17,RPS27",5.81e-14,4.91e-12,"SARS-CoV-1 modulates host translation machinery"
"RCTM","HSA-5663205",165,917,9606,"9606.ENSP00000011653,9606.ENSP00000169298,9606.ENSP00000215832,9606.ENSP00000216727,9606.ENSP00000221930,9606.ENSP00000221972,9606.ENSP00000222247,9606.ENSP00000225430,9606.ENSP00000230050,9606.ENSP00000242140,9606.ENSP00000244537,9606.ENSP00000248437,9606.ENSP00000248923,9606.ENSP00000257770,9606.ENSP00000259469,9606.ENSP00000260010,9606.ENSP00000261170,9606.ENSP00000261483,9606.ENSP00000261798,9606.ENSP00000262241,9606.ENSP00000262584,9606.ENSP00000263253,9606.ENSP00000263339,9606.ENSP00000263377,9606.ENSP00000264033,9606.ENSP00000264183,9606.ENSP00000264634,9606.ENSP00000265371,9606.ENSP00000265563,9606.ENSP00000266000,9606.ENSP00000270625,9606.ENSP00000271450,9606.ENSP00000272317,9606.ENSP00000274242,9606.ENSP00000274289,9606.ENSP00000278572,9606.ENSP00000294117,9606.ENSP00000294189,9606.ENSP00000296674,9606.ENSP00000296930,9606.ENSP00000300589,9606.ENSP00000303373,9606.ENSP00000305416,9606.ENSP00000306330,9606.ENSP00000307046,9606.ENSP00000307889,9606.ENSP00000307940,9606.ENSP00000309334,9606.ENSP00000309457,9606.ENSP00000309591,9606.ENSP00000309830,9606.ENSP00000317985,9606.ENSP00000318197,9606.ENSP00000318646,9606.ENSP00000320092,9606.ENSP00000320924,9606.ENSP00000320936,9606.ENSP00000322775,9606.ENSP00000330696,9606.ENSP00000332073,9606.ENSP00000332788,9606.ENSP00000336721,9606.ENSP00000337383,9606.ENSP00000339063,9606.ENSP00000339191,9606.ENSP00000339795,9606.ENSP00000341885,9606.ENSP00000345083,9606.ENSP00000345268,9606.ENSP00000346001,9606.ENSP00000346015,9606.ENSP00000346027,9606.ENSP00000346037,9606.ENSP00000346050,9606.ENSP00000346088,9606.ENSP00000348416,9606.ENSP00000349748,9606.ENSP00000350199,9606.ENSP00000351926,9606.ENSP00000352071,9606.ENSP00000353032,9606.ENSP00000354739,9606.ENSP00000354782,9606.ENSP00000355315,9606.ENSP00000356448,9606.ENSP00000359345,9606.ENSP00000359864,9606.ENSP00000360798,9606.ENSP00000360916,9606.ENSP00000361076,9606.ENSP00000362744,9606.ENSP00000363018,9606.ENSP00000366267,9606.ENSP00000367220,9606.ENSP00000367406,9606.ENSP00000367806,9606.ENSP00000367872,9606.ENSP00000368166,9606.ENSP00000369757,9606.ENSP00000370542,9606.ENSP00000371067,9606.ENSP00000371425,9606.ENSP00000375632,9606.ENSP00000375730,9606.ENSP00000376544,9606.ENSP00000376808,9606.ENSP00000377640,9606.ENSP00000377681,9606.ENSP00000377836,9606.ENSP00000378163,9606.ENSP00000379339,9606.ENSP00000379506,9606.ENSP00000379888,9606.ENSP00000381340,9606.ENSP00000382004,9606.ENSP00000382177,9606.ENSP00000384018,9606.ENSP00000385958,9606.ENSP00000386717,9606.ENSP00000388107,9606.ENSP00000389103,9606.ENSP00000393241,9606.ENSP00000403172,9606.ENSP00000409126,9606.ENSP00000413436,9606.ENSP00000414321,9606.ENSP00000415536,9606.ENSP00000416429,9606.ENSP00000418082,9606.ENSP00000420311,9606.ENSP00000424544,9606.ENSP00000428085,9606.ENSP00000428924,9606.ENSP00000429374,9606.ENSP00000431240,9606.ENSP00000431445,9606.ENSP00000435096,9606.ENSP00000435777,9606.ENSP00000447001,9606.ENSP00000452763,9606.ENSP00000455897,9606.ENSP00000463784,9606.ENSP00000464342,9606.ENSP00000464813,9606.ENSP00000466010,9606.ENSP00000468348,9606.ENSP00000470972,9606.ENSP00000471457,9606.ENSP00000472469,9606.ENSP00000472985,9606.ENSP00000473290,9606.ENSP00000474135,9606.ENSP00000476100,9606.ENSP00000477713,9606.ENSP00000478893,9606.ENSP00000479606,9606.ENSP00000479719,9606.ENSP00000494697,9606.ENSP00000495273,9606.ENSP00000495672,9606.ENSP00000496250,9606.ENSP00000498019,9606.ENSP00000498750,9606.ENSP00000499044,9606.ENSP00000501053","CD4,ST6GAL1,MAPK1,PABPN1,TGFB1,CD79A,RPL18A,RPL19,RPS12,WIPF3,H4C6,TUBA4A,GGT1,NT5E,RPL35,TLR2,GUCY2C,MAN2A1,CSNK1A1,RCOR1,RPL8,EP300,IL1A,BRD4,CBL,ARID4B,WNT5A,NRP1,PRKAR2A,DAXX,RPS11,FCGR2A,RPS27A,RPL37,PLK2,RPS3,GNG3,RPL29,RPS23,NPM1,NOD2,H2AC8,S1PR1,YWHAG,SDC2,RPL13,EEF2,RPL15,VPS41,PRKACA,RPL38,ROCK2,TUBA3E,RPS15A,SH3GL3,WIPF2,IL17RA,RHBDF2,P2RX7,MGAT1,ANO9,LARP1,NLRP3,EEF1A1,CAV1,RPL7,RPS2,MAP2K3,ZDHHC3,RPL3,RPL27A,RPL21,RPLP1,RPS3A,RPL22,TJP1,SFPQ,AP1B1,AP2A1,CD163,P2RX4,RPL12,CD247,RPL39,TPR,RPL5,GPC4,EPS15,VAV2,RPL7A,RPS4X,RPL10A,GPC5,ACTR2,TAF2,RPS16,GNB1,DVL1,RPS6,SDC1,JAK2,IFNGR2,RPS9,RPL13A,CD79B,CUL5,RPL24,G3BP1,GPC3,RPL34,RPS29,RPL14,RPS8,GGT5,CTNND1,MYO5A,NCOR2,RPS14,RPL31,UBA52,RPL23A,RPS18,RPL6,ANO6,RPL10,RPS24,POLR2H,RPL32,RPL37A,RPL23,TUSC3,RPL30,LYN,RPS20,RPLP2,CD3G,RPS25,RPS13,RPL18,RPL28,MRC1,RPL26,RPL36,RPL27,RPS15,MAP2K6,RPS19,MYO9B,RPS28,RPS5,NELFCD,IGHV3-11,GTF2H5,LCK,IGHD,CLTC,CYFIP2,RPL9,RPS7,RPL35A,RPL11,RPS17,CCNH,RPS27,ADCY7",1.12e-13,9.17e-12,"Infectious disease"
"RCTM","HSA-72766",77,290,9606,"9606.ENSP00000220849,9606.ENSP00000222247,9606.ENSP00000225430,9606.ENSP00000230050,9606.ENSP00000253108,9606.ENSP00000259469,9606.ENSP00000262584,9606.ENSP00000270625,9606.ENSP00000272317,9606.ENSP00000274242,9606.ENSP00000278572,9606.ENSP00000294189,9606.ENSP00000296674,9606.ENSP00000307889,9606.ENSP00000307940,9606.ENSP00000309334,9606.ENSP00000309830,9606.ENSP00000313007,9606.ENSP00000318646,9606.ENSP00000339063,9606.ENSP00000339795,9606.ENSP00000341885,9606.ENSP00000346001,9606.ENSP00000346015,9606.ENSP00000346027,9606.ENSP00000346037,9606.ENSP00000346050,9606.ENSP00000346088,9606.ENSP00000354739,9606.ENSP00000355315,9606.ENSP00000359345,9606.ENSP00000361076,9606.ENSP00000361084,9606.ENSP00000362744,9606.ENSP00000363018,9606.ENSP00000367806,9606.ENSP00000369757,9606.ENSP00000375632,9606.ENSP00000375730,9606.ENSP00000376055,9606.ENSP00000377640,9606.ENSP00000378163,9606.ENSP00000379339,9606.ENSP00000379506,9606.ENSP00000379888,9606.ENSP00000385958,9606.ENSP00000386717,9606.ENSP00000388107,9606.ENSP00000389103,9606.ENSP00000393241,9606.ENSP00000403172,9606.ENSP00000413436,9606.ENSP00000414321,9606.ENSP00000416429,9606.ENSP00000418082,9606.ENSP00000420311,9606.ENSP00000428085,9606.ENSP00000429374,9606.ENSP00000431240,9606.ENSP00000431800,9606.ENSP00000435096,9606.ENSP00000435777,9606.ENSP00000447001,9606.ENSP00000452763,9606.ENSP00000463784,9606.ENSP00000464342,9606.ENSP00000464813,9606.ENSP00000466010,9606.ENSP00000470972,9606.ENSP00000472469,9606.ENSP00000472985,9606.ENSP00000494697,9606.ENSP00000495273,9606.ENSP00000495672,9606.ENSP00000496250,9606.ENSP00000498019,9606.ENSP00000499044","EIF3E,RPL18A,RPL19,RPS12,EIF3G,RPL35,RPL8,RPS11,RPS27A,RPL37,RPS3,RPL29,RPS23,RPL13,EEF2,RPL15,RPL38,PABPC1,RPS15A,EEF1A1,RPL7,RPS2,RPL3,RPL27A,RPL21,RPLP1,RPS3A,RPL22,RPL12,RPL39,RPL5,RPL7A,MRPL14,RPS4X,RPL10A,RPS16,RPS6,RPS9,RPL13A,EEF1B2,RPL24,RPL34,RPS29,RPL14,RPS8,RPS14,RPL31,UBA52,RPL23A,RPS18,RPL6,RPL10,RPS24,RPL32,RPL37A,RPL23,RPL30,RPS20,RPLP2,EIF3F,RPS25,RPS13,RPL18,RPL28,RPL26,RPL36,RPL27,RPS15,RPS19,RPS28,RPS5,RPL9,RPS7,RPL35A,RPL11,RPS17,RPS27",1.15e-13,9.17e-12,"Translation"
"RCTM","HSA-71291",88,368,9606,"9606.ENSP00000219599,9606.ENSP00000222247,9606.ENSP00000225430,9606.ENSP00000230050,9606.ENSP00000259469,9606.ENSP00000261622,9606.ENSP00000262584,9606.ENSP00000270625,9606.ENSP00000272317,9606.ENSP00000274242,9606.ENSP00000278572,9606.ENSP00000283871,9606.ENSP00000294189,9606.ENSP00000296674,9606.ENSP00000307889,9606.ENSP00000307900,9606.ENSP00000309334,9606.ENSP00000309830,9606.ENSP00000318646,9606.ENSP00000319531,9606.ENSP00000319788,9606.ENSP00000329452,9606.ENSP00000339795,9606.ENSP00000341885,9606.ENSP00000346001,9606.ENSP00000346015,9606.ENSP00000346027,9606.ENSP00000346037,9606.ENSP00000346050,9606.ENSP00000346088,9606.ENSP00000346659,9606.ENSP00000348459,9606.ENSP00000354739,9606.ENSP00000355315,9606.ENSP00000359345,9606.ENSP00000360938,9606.ENSP00000361076,9606.ENSP00000361894,9606.ENSP00000362744,9606.ENSP00000363018,9606.ENSP00000367806,9606.ENSP00000368572,9606.ENSP00000369757,9606.ENSP00000370639,9606.ENSP00000375632,9606.ENSP00000375730,9606.ENSP00000377640,9606.ENSP00000377668,9606.ENSP00000378163,9606.ENSP00000379339,9606.ENSP00000379506,9606.ENSP00000379888,9606.ENSP00000385958,9606.ENSP00000386717,9606.ENSP00000388107,9606.ENSP00000388293,9606.ENSP00000389103,9606.ENSP00000393241,9606.ENSP00000400101,9606.ENSP00000402608,9606.ENSP00000403172,9606.ENSP00000406157,9606.ENSP00000413436,9606.ENSP00000414321,9606.ENSP00000416429,9606.ENSP00000418082,9606.ENSP00000420311,9606.ENSP00000428085,9606.ENSP00000429374,9606.ENSP00000431240,9606.ENSP00000435096,9606.ENSP00000435777,9606.ENSP00000447001,9606.ENSP00000452763,9606.ENSP00000463784,9606.ENSP00000464342,9606.ENSP00000464813,9606.ENSP00000466010,9606.ENSP00000470972,9606.ENSP00000472469,9606.ENSP00000472985,9606.ENSP00000482232,9606.ENSP00000494697,9606.ENSP00000495273,9606.ENSP00000495672,9606.ENSP00000496250,9606.ENSP00000498019,9606.ENSP00000499044","CRYM,RPL18A,RPL19,RPS12,RPL35,SLC7A5,RPL8,RPS11,RPS27A,RPL37,RPS3,HGD,RPL29,RPS23,RPL13,GLUL,RPL15,RPL38,RPS15A,GCSH,NQO1,SLC25A21,RPL7,RPS2,RPL3,RPL27A,RPL21,RPLP1,RPS3A,RPL22,OCA2,ACMSD,RPL12,RPL39,RPL5,SARDH,RPL7A,GNMT,RPS4X,RPL10A,RPS16,SAT1,RPS6,ASMT,RPS9,RPL13A,RPL24,SUOX,RPL34,RPS29,RPL14,RPS8,RPS14,RPL31,UBA52,TSTD1,RPL23A,RPS18,SLC25A13,CPS1,RPL6,PAPSS2,RPL10,RPS24,RPL32,RPL37A,RPL23,RPL30,RPS20,RPLP2,RPS25,RPS13,RPL18,RPL28,RPL26,RPL36,RPL27,RPS15,RPS19,RPS28,RPS5,CGA,RPL9,RPS7,RPL35A,RPL11,RPS17,RPS27",3.17e-13,2.42e-11,"Metabolism of amino acids and derivatives"
"RCTM","HSA-72695",30,51,9606,"9606.ENSP00000220849,9606.ENSP00000230050,9606.ENSP00000253108,9606.ENSP00000270625,9606.ENSP00000272317,9606.ENSP00000278572,9606.ENSP00000296674,9606.ENSP00000318646,9606.ENSP00000341885,9606.ENSP00000346050,9606.ENSP00000362744,9606.ENSP00000367806,9606.ENSP00000369757,9606.ENSP00000375632,9606.ENSP00000379339,9606.ENSP00000379888,9606.ENSP00000385958,9606.ENSP00000393241,9606.ENSP00000414321,9606.ENSP00000429374,9606.ENSP00000431800,9606.ENSP00000435096,9606.ENSP00000435777,9606.ENSP00000466010,9606.ENSP00000470972,9606.ENSP00000472469,9606.ENSP00000472985,9606.ENSP00000495273,9606.ENSP00000498019,9606.ENSP00000499044","EIF3E,RPS12,EIF3G,RPS11,RPS27A,RPS3,RPS23,RPS15A,RPS2,RPS3A,RPS4X,RPS16,RPS6,RPS9,RPS29,RPS8,RPS14,RPS18,RPS24,RPS20,EIF3F,RPS25,RPS13,RPS15,RPS19,RPS28,RPS5,RPS7,RPS17,RPS27",1.45e-12,1.07e-10,"Formation of the ternary complex, and subsequently, the 43S complex"
"RCTM","HSA-162582",349,2540,9606,"9606.ENSP00000054668,9606.ENSP00000171757,9606.ENSP00000176195,9606.ENSP00000209668,9606.ENSP00000211998,9606.ENSP00000215832,9606.ENSP00000216223,9606.ENSP00000216373,9606.ENSP00000217086,9606.ENSP00000219244,9606.ENSP00000221930,9606.ENSP00000222462,9606.ENSP00000225842,9606.ENSP00000225916,9606.ENSP00000230538,9606.ENSP00000232424,9606.ENSP00000234310,9606.ENSP00000235382,9606.ENSP00000236671,9606.ENSP00000240100,9606.ENSP00000242140,9606.ENSP00000242208,9606.ENSP00000242480,9606.ENSP00000243298,9606.ENSP00000244537,9606.ENSP00000245457,9606.ENSP00000245919,9606.ENSP00000246115,9606.ENSP00000246841,9606.ENSP00000248437,9606.ENSP00000248553,9606.ENSP00000248594,9606.ENSP00000250617,9606.ENSP00000253796,9606.ENSP00000254661,9606.ENSP00000256010,9606.ENSP00000256196,9606.ENSP00000256646,9606.ENSP00000256707,9606.ENSP00000257290,9606.ENSP00000258400,9606.ENSP00000258411,9606.ENSP00000258418,9606.ENSP00000259371,9606.ENSP00000260283,9606.ENSP00000260402,9606.ENSP00000260408,9606.ENSP00000260526,9606.ENSP00000261023,9606.ENSP00000261349,9606.ENSP00000261716,9606.ENSP00000261798,9606.ENSP00000261937,9606.ENSP00000261942,9606.ENSP00000262178,9606.ENSP00000262241,9606.ENSP00000262406,9606.ENSP00000262741,9606.ENSP00000263125,9606.ENSP00000263253,9606.ENSP00000264033,9606.ENSP00000264072,9606.ENSP00000264245,9606.ENSP00000264498,9606.ENSP00000264538,9606.ENSP00000264634,9606.ENSP00000264649,9606.ENSP00000264828,9606.ENSP00000265171,9606.ENSP00000265371,9606.ENSP00000265563,9606.ENSP00000268182,9606.ENSP00000271555,9606.ENSP00000272164,9606.ENSP00000272317,9606.ENSP00000273814,9606.ENSP00000274063,9606.ENSP00000275364,9606.ENSP00000276431,9606.ENSP00000277120,9606.ENSP00000279488,9606.ENSP00000279907,9606.ENSP00000285735,9606.ENSP00000290015,9606.ENSP00000290921,9606.ENSP00000291294,9606.ENSP00000292174,9606.ENSP00000293778,9606.ENSP00000294117,9606.ENSP00000294954,9606.ENSP00000295633,9606.ENSP00000295683,9606.ENSP00000295756,9606.ENSP00000296140,9606.ENSP00000296181,9606.ENSP00000296474,9606.ENSP00000297056,9606.ENSP00000297268,9606.ENSP00000297785,9606.ENSP00000298910,9606.ENSP00000299084,9606.ENSP00000299178,9606.ENSP00000299505,9606.ENSP00000299529,9606.ENSP00000300134,9606.ENSP00000301242,9606.ENSP00000301633,9606.ENSP00000301908,9606.ENSP00000301917,9606.ENSP00000302543,9606.ENSP00000302724,9606.ENSP00000303192,9606.ENSP00000303373,9606.ENSP00000303424,9606.ENSP00000305416,9606.ENSP00000306330,9606.ENSP00000307078,9606.ENSP00000307259,9606.ENSP00000307959,9606.ENSP00000307971,9606.ENSP00000308815,9606.ENSP00000309591,9606.ENSP00000310244,9606.ENSP00000310405,9606.ENSP00000310491,9606.ENSP00000311579,9606.ENSP00000312150,9606.ENSP00000312741,9606.ENSP00000313419,9606.ENSP00000313681,9606.ENSP00000313829,9606.ENSP00000314556,9606.ENSP00000315112,9606.ENSP00000315659,9606.ENSP00000316029,9606.ENSP00000317128,9606.ENSP00000317985,9606.ENSP00000318197,9606.ENSP00000319635,9606.ENSP00000319883,9606.ENSP00000320092,9606.ENSP00000320924,9606.ENSP00000321326,9606.ENSP00000321797,9606.ENSP00000325527,9606.ENSP00000327213,9606.ENSP00000327890,9606.ENSP00000328998,9606.ENSP00000329127,9606.ENSP00000329684,9606.ENSP00000329757,9606.ENSP00000333821,9606.ENSP00000334145,9606.ENSP00000335082,9606.ENSP00000335560,9606.ENSP00000336783,9606.ENSP00000336894,9606.ENSP00000337053,9606.ENSP00000337128,9606.ENSP00000337439,9606.ENSP00000338258,9606.ENSP00000338671,9606.ENSP00000338728,9606.ENSP00000338967,9606.ENSP00000339191,9606.ENSP00000339824,9606.ENSP00000339826,9606.ENSP00000339992,9606.ENSP00000340526,9606.ENSP00000341170,9606.ENSP00000341268,9606.ENSP00000342793,9606.ENSP00000343428,9606.ENSP00000344411,9606.ENSP00000345206,9606.ENSP00000345492,9606.ENSP00000345826,9606.ENSP00000346466,9606.ENSP00000347046,9606.ENSP00000348381,9606.ENSP00000348416,9606.ENSP00000349003,9606.ENSP00000349748,9606.ENSP00000350256,9606.ENSP00000351318,9606.ENSP00000351905,9606.ENSP00000351926,9606.ENSP00000352427,9606.ENSP00000353582,9606.ENSP00000353732,9606.ENSP00000354652,9606.ENSP00000354718,9606.ENSP00000354916,9606.ENSP00000355523,9606.ENSP00000355718,9606.ENSP00000355751,9606.ENSP00000356094,9606.ENSP00000356162,9606.ENSP00000356429,9606.ENSP00000356792,9606.ENSP00000357131,9606.ENSP00000357979,9606.ENSP00000358423,9606.ENSP00000358815,9606.ENSP00000358857,9606.ENSP00000359552,9606.ENSP00000360798,9606.ENSP00000360882,9606.ENSP00000360916,9606.ENSP00000361009,9606.ENSP00000361264,9606.ENSP00000362306,9606.ENSP00000362768,9606.ENSP00000362795,9606.ENSP00000363318,9606.ENSP00000363371,9606.ENSP00000363583,9606.ENSP00000363596,9606.ENSP00000363689,9606.ENSP00000363868,9606.ENSP00000364886,9606.ENSP00000364902,9606.ENSP00000364979,9606.ENSP00000364995,9606.ENSP00000365280,9606.ENSP00000366233,9606.ENSP00000366267,9606.ENSP00000367220,9606.ENSP00000367355,9606.ENSP00000367851,9606.ENSP00000367872,9606.ENSP00000367972,9606.ENSP00000368022,9606.ENSP00000368166,9606.ENSP00000368632,9606.ENSP00000368966,9606.ENSP00000368994,9606.ENSP00000369757,9606.ENSP00000369889,9606.ENSP00000370372,9606.ENSP00000370698,9606.ENSP00000370719,9606.ENSP00000371067,9606.ENSP00000371219,9606.ENSP00000371420,9606.ENSP00000371790,9606.ENSP00000374507,9606.ENSP00000375093,9606.ENSP00000375711,9606.ENSP00000376306,9606.ENSP00000376808,9606.ENSP00000376822,9606.ENSP00000377015,9606.ENSP00000377075,9606.ENSP00000378248,9606.ENSP00000378394,9606.ENSP00000378517,9606.ENSP00000378845,9606.ENSP00000379366,9606.ENSP00000379612,9606.ENSP00000379709,9606.ENSP00000379721,9606.ENSP00000379823,9606.ENSP00000379866,9606.ENSP00000380044,9606.ENSP00000380185,9606.ENSP00000380247,9606.ENSP00000380271,9606.ENSP00000380378,9606.ENSP00000380878,9606.ENSP00000382004,9606.ENSP00000382800,9606.ENSP00000384018,9606.ENSP00000384906,9606.ENSP00000388107,9606.ENSP00000392906,9606.ENSP00000393097,9606.ENSP00000393333,9606.ENSP00000394888,9606.ENSP00000396467,9606.ENSP00000397133,9606.ENSP00000397181,9606.ENSP00000399797,9606.ENSP00000400010,9606.ENSP00000401907,9606.ENSP00000403323,9606.ENSP00000405890,9606.ENSP00000406209,9606.ENSP00000408979,9606.ENSP00000410309,9606.ENSP00000412461,9606.ENSP00000414303,9606.ENSP00000414350,9606.ENSP00000415536,9606.ENSP00000417138,9606.ENSP00000418232,9606.ENSP00000419692,9606.ENSP00000422464,9606.ENSP00000424765,9606.ENSP00000426103,9606.ENSP00000426848,9606.ENSP00000427562,9606.ENSP00000428924,9606.ENSP00000430282,9606.ENSP00000431418,9606.ENSP00000431719,9606.ENSP00000431775,9606.ENSP00000433666,9606.ENSP00000437737,9606.ENSP00000437955,9606.ENSP00000439625,9606.ENSP00000440556,9606.ENSP00000441369,9606.ENSP00000441954,9606.ENSP00000442460,9606.ENSP00000442682,9606.ENSP00000447297,9606.ENSP00000449716,9606.ENSP00000453095,9606.ENSP00000455507,9606.ENSP00000456782,9606.ENSP00000457748,9606.ENSP00000459615,9606.ENSP00000466775,9606.ENSP00000468897,9606.ENSP00000469613,9606.ENSP00000471457,9606.ENSP00000471493,9606.ENSP00000472620,9606.ENSP00000474412,9606.ENSP00000476145,9606.ENSP00000477707,9606.ENSP00000477713,9606.ENSP00000479113,9606.ENSP00000479606,9606.ENSP00000479719,9606.ENSP00000479844,9606.ENSP00000480012,9606.ENSP00000480439,9606.ENSP00000480573,9606.ENSP00000481675,9606.ENSP00000482232,9606.ENSP00000482841,9606.ENSP00000483110,9606.ENSP00000496793,9606.ENSP00000498083,9606.ENSP00000498321,9606.ENSP00000499044,9606.ENSP00000501053","UTS2,P2RY10,SCT,ADH1A,VCL,MAPK1,IL2RB,SOS2,SALL4,CCL17,TGFB1,WNT16,CCL1,KAT2A,LAMA4,HES1,PPP3R1,RGS2,CTSD,DUSP4,WIPF3,INHBA,EGR2,RAB9B,H4C6,PTGER2,FOSB,S1PR4,FLRT1,TUBA4A,HSPB1,PTPN12,ARHGEF6,RAMP2,RAMP1,NTS,RRAS2,NOTCH2,KIDINS220,PDGFRA,HTR2B,WNT10A,CAB39,DAB2IP,ARHGAP20,PLCB2,ADAM10,ARHGAP29,ITGAV,LRP6,TAOK1,CSNK1A1,FLT4,FAF2,VIPR2,RCOR1,RGS9,PIK3R3,PRKCQ,EP300,CBL,FCER2,ARHGAP31,FGF2,IFT57,WNT5A,ATP6V0A1,COL5A3,EGF,NRP1,PRKAR2A,IQGAP1,MEF2D,WNT9A,RPS27A,DGKQ,SFRP2,GNA12,TNFRSF10B,NTRK2,DUSP6,UHRF1BP1L,RHOC,WNT9B,CTBP1,PTGIR,CXCR5,CXCL16,GNG3,LHCGR,FSTL1,CXCR1,TRAT1,CCR1,ITGB5,MST1R,DAGLB,COL1A2,ALDH1A1,LRRK2,SPRED1,AVPR1A,KIAA0355,CRABP1,STAT6,PPP1R14A,BIRC5,PNOC,GPR25,CXXC5,INSL5,RGL1,H2AC8,PTGDR,S1PR1,YWHAG,KIF5B,P2RY12,DST,RFNG,CCL19,PRKACA,RASGRP1,XCR1,ARHGAP1,TNKS,TRIB1,CAMKK2,CD19,SPHK1,KHDRBS1,UACA,RNF31,DNMBP,TLN1,PLXND1,ROCK2,TUBA3E,CXCR2,ADGRE2,SH3GL3,WIPF2,F2R,FGF8,FBN1,NRIP1,IL3RA,TRAK1,PRKCH,GALR2,ATP6V0C,MC2R,F3,FAM91A1,ARHGEF25,TNRC6C,NAB1,SEL1L,EDN3,DACT1,CDC42EP4,RHOBTB1,CCDC88A,ARHGAP6,CAV1,FGFR3,PIK3AP1,MYB,UTS2B,PTN,TRADD,PLD1,GPR18,TAS1R3,RBPJ,SH2B3,PMEPA1,WDR91,PDE5A,ADD3,TJP1,PTGER3,SFPQ,CCR9,PLEKHG1,TGFBR2,AP2A1,RGR,NRP2,CLIP3,NPY1R,AKAP13,CDC14A,RGS7,DLL1,THBS2,AVPR1B,KISS1,RGS1,XCL1,ARHGAP18,NR2E1,RRAGD,NEURL1B,EMD,PKN2,EPS15,COL5A1,VAV2,PREX1,RAPGEF1,AGO4,RBL1,CXCR3,IL2RG,CNKSR1,RASGEF1A,CNR2,ID3,ABCA1,RND3,POFUT1,COL4A1,SHC3,ID1,GABBR1,GPC5,ACTR2,ARHGEF35,CYBB,GNB1,ID4,OPTN,DVL1,GATA3,TRPC3,ARHGAP44,RPS6,COL2A1,NLN,IL6ST,ITSN1,JAK2,RHOH,GPNMB,FGF9,CCDC88C,TAS2R31,AKT1S1,CIT,CUL5,STEAP3,PICALM,RGL3,CXXC4,PSAP,SPP1,LAT,MOB1B,TAX1BP1,ARHGAP21,USP8,COL4A3,COL4A4,CSNK1E,PLEKHG6,HRH1,RAPGEF4,PAFAH1B1,PPP3CC,CTNND1,RUNX3,NCOR2,SAA1,UBA52,PLEKHG2,GABRA1,TBXA2R,DOCK8,MAPKAPK3,PRKAG3,RGS4,MOV10,PTPRJ,BMPR1B,ARHGAP27,PBX1,EPN1,KIF5A,PDE1A,ARHGAP22,BDNF,MUC20,POLR2H,PLTP,NISCH,RXRA,PDGFC,AMOTL2,MIB2,ZFYVE16,ABL2,LYN,ATP6V1C1,NTRK1,TAS2R43,IL32,FGD4,HTR2A,HIF1A,PLEKHG5,GRM4,PRKAB1,SMAD5,PTK6,ADAP1,TGFBR1,CMKLR1,MEF2A,OBSCN,ZDHHC7,RGSL1,SRGAP2,APOC2,FPR2,FLT3LG,MYO9B,FPR1,C5AR2,CCL5,FRK,NR1H3,LCK,GABRG3,CLTC,CYFIP2,RASGRP4,ADORA2A,DHRS3,ADRA2B,SPRY1,CGA,CRABP2,TAC3,COL9A3,MKNK1,MYD88,RPS27,ADCY7",2.77e-12,1.97e-10,"Signal Transduction"
"RCTM","HSA-72649",31,58,9606,"9606.ENSP00000220849,9606.ENSP00000230050,9606.ENSP00000253108,9606.ENSP00000270625,9606.ENSP00000272317,9606.ENSP00000278572,9606.ENSP00000296674,9606.ENSP00000313007,9606.ENSP00000318646,9606.ENSP00000341885,9606.ENSP00000346050,9606.ENSP00000362744,9606.ENSP00000367806,9606.ENSP00000369757,9606.ENSP00000375632,9606.ENSP00000379339,9606.ENSP00000379888,9606.ENSP00000385958,9606.ENSP00000393241,9606.ENSP00000414321,9606.ENSP00000429374,9606.ENSP00000431800,9606.ENSP00000435096,9606.ENSP00000435777,9606.ENSP00000466010,9606.ENSP00000470972,9606.ENSP00000472469,9606.ENSP00000472985,9606.ENSP00000495273,9606.ENSP00000498019,9606.ENSP00000499044","EIF3E,RPS12,EIF3G,RPS11,RPS27A,RPS3,RPS23,PABPC1,RPS15A,RPS2,RPS3A,RPS4X,RPS16,RPS6,RPS9,RPS29,RPS8,RPS14,RPS18,RPS24,RPS20,EIF3F,RPS25,RPS13,RPS15,RPS19,RPS28,RPS5,RPS7,RPS17,RPS27",4.09e-12,2.83e-10,"Translation initiation complex formation"
"RCTM","HSA-1266738",182,1108,9606,"9606.ENSP00000206513,9606.ENSP00000209718,9606.ENSP00000215832,9606.ENSP00000216373,9606.ENSP00000217086,9606.ENSP00000220420,9606.ENSP00000221930,9606.ENSP00000222247,9606.ENSP00000225430,9606.ENSP00000225916,9606.ENSP00000229922,9606.ENSP00000230050,9606.ENSP00000232424,9606.ENSP00000242480,9606.ENSP00000244537,9606.ENSP00000248437,9606.ENSP00000252245,9606.ENSP00000256104,9606.ENSP00000256509,9606.ENSP00000259469,9606.ENSP00000259915,9606.ENSP00000260408,9606.ENSP00000261023,9606.ENSP00000262584,9606.ENSP00000262629,9606.ENSP00000262741,9606.ENSP00000263125,9606.ENSP00000263253,9606.ENSP00000263726,9606.ENSP00000264498,9606.ENSP00000264828,9606.ENSP00000264867,9606.ENSP00000265371,9606.ENSP00000265563,9606.ENSP00000266058,9606.ENSP00000270625,9606.ENSP00000271555,9606.ENSP00000272317,9606.ENSP00000274242,9606.ENSP00000278572,9606.ENSP00000278742,9606.ENSP00000280904,9606.ENSP00000281928,9606.ENSP00000285735,9606.ENSP00000288699,9606.ENSP00000294189,9606.ENSP00000294339,9606.ENSP00000296674,9606.ENSP00000297347,9606.ENSP00000303373,9606.ENSP00000307046,9606.ENSP00000307889,9606.ENSP00000309334,9606.ENSP00000309591,9606.ENSP00000309830,9606.ENSP00000312273,9606.ENSP00000313007,9606.ENSP00000316029,9606.ENSP00000317128,9606.ENSP00000317985,9606.ENSP00000318197,9606.ENSP00000318646,9606.ENSP00000322898,9606.ENSP00000328358,9606.ENSP00000328928,9606.ENSP00000329243,9606.ENSP00000330633,9606.ENSP00000332118,9606.ENSP00000336894,9606.ENSP00000339795,9606.ENSP00000339992,9606.ENSP00000341885,9606.ENSP00000345206,9606.ENSP00000346001,9606.ENSP00000346015,9606.ENSP00000346027,9606.ENSP00000346037,9606.ENSP00000346050,9606.ENSP00000346088,9606.ENSP00000346634,9606.ENSP00000348099,9606.ENSP00000350896,9606.ENSP00000351926,9606.ENSP00000353582,9606.ENSP00000354739,9606.ENSP00000355315,9606.ENSP00000355718,9606.ENSP00000356581,9606.ENSP00000357393,9606.ENSP00000357731,9606.ENSP00000357907,9606.ENSP00000359345,9606.ENSP00000360472,9606.ENSP00000360687,9606.ENSP00000360882,9606.ENSP00000360916,9606.ENSP00000361076,9606.ENSP00000361083,9606.ENSP00000362103,9606.ENSP00000362195,9606.ENSP00000362744,9606.ENSP00000363018,9606.ENSP00000363524,9606.ENSP00000364979,9606.ENSP00000364995,9606.ENSP00000367220,9606.ENSP00000367806,9606.ENSP00000368966,9606.ENSP00000369757,9606.ENSP00000369889,9606.ENSP00000370719,9606.ENSP00000371790,9606.ENSP00000371936,9606.ENSP00000372272,9606.ENSP00000375150,9606.ENSP00000375632,9606.ENSP00000375730,9606.ENSP00000377640,9606.ENSP00000378163,9606.ENSP00000379339,9606.ENSP00000379506,9606.ENSP00000379823,9606.ENSP00000379866,9606.ENSP00000379888,9606.ENSP00000381005,9606.ENSP00000383053,9606.ENSP00000383226,9606.ENSP00000383923,9606.ENSP00000384018,9606.ENSP00000385958,9606.ENSP00000386717,9606.ENSP00000388107,9606.ENSP00000388620,9606.ENSP00000389103,9606.ENSP00000393241,9606.ENSP00000396345,9606.ENSP00000396915,9606.ENSP00000403172,9606.ENSP00000405890,9606.ENSP00000413436,9606.ENSP00000414321,9606.ENSP00000415536,9606.ENSP00000416429,9606.ENSP00000418082,9606.ENSP00000419692,9606.ENSP00000420311,9606.ENSP00000427562,9606.ENSP00000427985,9606.ENSP00000428085,9606.ENSP00000428924,9606.ENSP00000429374,9606.ENSP00000431240,9606.ENSP00000435096,9606.ENSP00000435777,9606.ENSP00000442439,9606.ENSP00000447001,9606.ENSP00000452763,9606.ENSP00000453095,9606.ENSP00000459615,9606.ENSP00000463784,9606.ENSP00000464342,9606.ENSP00000464813,9606.ENSP00000466010,9606.ENSP00000468348,9606.ENSP00000470972,9606.ENSP00000471457,9606.ENSP00000472469,9606.ENSP00000472985,9606.ENSP00000479606,9606.ENSP00000480291,9606.ENSP00000480484,9606.ENSP00000481841,9606.ENSP00000481994,9606.ENSP00000494697,9606.ENSP00000495273,9606.ENSP00000495672,9606.ENSP00000496114,9606.ENSP00000496250,9606.ENSP00000496793,9606.ENSP00000497642,9606.ENSP00000498019,9606.ENSP00000499044","CEBPE,KRT23,MAPK1,SOS2,SALL4,TGM5,TGFB1,RPL18A,RPL19,KAT2A,CAP2,RPS12,HES1,EGR2,H4C6,TUBA4A,KRT75,FABP4,CHL1,RPL35,POU5F1,ADAM10,ITGAV,RPL8,TYROBP,PIK3R3,PRKCQ,EP300,LHX4,FGF2,COL5A3,PPARGC1A,NRP1,PRKAR2A,SLIT1,RPS11,MEF2D,RPS27A,RPL37,RPS3,ST14,DSC2,MED13L,RHOC,DPYSL5,RPL29,TAL1,RPS23,MED30,H2AC8,SDC2,RPL13,RPL15,PRKACA,RPL38,LGI4,PABPC1,TLN1,PLXND1,ROCK2,TUBA3E,RPS15A,EBF1,KRT79,HOXB4,KRT7,CNTN2,EPHB3,NAB1,RPL7,MYB,RPS2,RBPJ,RPL3,RPL27A,RPL21,RPLP1,RPS3A,RPL22,THRAP3,PDLIM7,EPHB4,AP2A1,NRP2,RPL12,RPL39,DLL1,ADGRG6,EFNA3,LOR,CDK19,RPL5,LGI1,PTGDS,COL5A1,VAV2,RPL7A,ADIRF,POU3F1,CSF3R,RPS4X,RPL10A,KIF4A,COL4A1,SHC3,ACTR2,RPS16,TRPC3,RPS6,COL2A1,ITSN1,FGF9,SEMA5A,KRTAP19-8,KRTAP9-6,RPS9,RPL13A,RPL24,RPL34,RPS29,RPL14,COL4A3,COL4A4,RPS8,KRTAP12-3,EPHB2,KRTAP10-1,LIPN,NCOR2,RPS14,RPL31,UBA52,EOMES,RPL23A,RPS18,CHD9,SCN1B,RPL6,PBX1,RPL10,RPS24,POLR2H,RPL32,RPL37A,RXRA,RPL23,ABL2,DPYSL2,RPL30,LYN,RPS20,RPLP2,RPS25,RPS13,MIXL1,RPL18,RPL28,MEF2A,SRGAP2,RPL26,RPL36,RPL27,RPS15,MAP2K6,RPS19,MYO9B,RPS28,RPS5,CLTC,HNF1B,TCHH,CD24,EPHB6,RPL9,RPS7,RPL35A,SCN7A,RPL11,COL9A3,LPL,RPS17,RPS27",6.76e-12,4.41e-10,"Developmental Biology"
"RCTM","HSA-72702",30,58,9606,"9606.ENSP00000220849,9606.ENSP00000230050,9606.ENSP00000253108,9606.ENSP00000270625,9606.ENSP00000272317,9606.ENSP00000278572,9606.ENSP00000296674,9606.ENSP00000318646,9606.ENSP00000341885,9606.ENSP00000346050,9606.ENSP00000362744,9606.ENSP00000367806,9606.ENSP00000369757,9606.ENSP00000375632,9606.ENSP00000379339,9606.ENSP00000379888,9606.ENSP00000385958,9606.ENSP00000393241,9606.ENSP00000414321,9606.ENSP00000429374,9606.ENSP00000431800,9606.ENSP00000435096,9606.ENSP00000435777,9606.ENSP00000466010,9606.ENSP00000470972,9606.ENSP00000472469,9606.ENSP00000472985,9606.ENSP00000495273,9606.ENSP00000498019,9606.ENSP00000499044","EIF3E,RPS12,EIF3G,RPS11,RPS27A,RPS3,RPS23,RPS15A,RPS2,RPS3A,RPS4X,RPS16,RPS6,RPS9,RPS29,RPS8,RPS14,RPS18,RPS24,RPS20,EIF3F,RPS25,RPS13,RPS15,RPS19,RPS28,RPS5,RPS7,RPS17,RPS27",1.69e-11,1.07e-09,"Ribosomal scanning and start codon recognition"
"RCTM","HSA-9754678",27,49,9606,"9606.ENSP00000230050,9606.ENSP00000270625,9606.ENSP00000272317,9606.ENSP00000278572,9606.ENSP00000296674,9606.ENSP00000318646,9606.ENSP00000341885,9606.ENSP00000346050,9606.ENSP00000362744,9606.ENSP00000367806,9606.ENSP00000369757,9606.ENSP00000375632,9606.ENSP00000379339,9606.ENSP00000379888,9606.ENSP00000385958,9606.ENSP00000393241,9606.ENSP00000414321,9606.ENSP00000429374,9606.ENSP00000435096,9606.ENSP00000435777,9606.ENSP00000466010,9606.ENSP00000470972,9606.ENSP00000472469,9606.ENSP00000472985,9606.ENSP00000495273,9606.ENSP00000498019,9606.ENSP00000499044","RPS12,RPS11,RPS27A,RPS3,RPS23,RPS15A,RPS2,RPS3A,RPS4X,RPS16,RPS6,RPS9,RPS29,RPS8,RPS14,RPS18,RPS24,RPS20,RPS25,RPS13,RPS15,RPS19,RPS28,RPS5,RPS7,RPS17,RPS27",5.83e-11,3.6e-09,"SARS-CoV-2 modulates host translation machinery"
"RCTM","HSA-8953897",133,760,9606,"9606.ENSP00000200691,9606.ENSP00000215832,9606.ENSP00000220562,9606.ENSP00000222247,9606.ENSP00000222803,9606.ENSP00000225430,9606.ENSP00000230050,9606.ENSP00000244537,9606.ENSP00000248437,9606.ENSP00000259469,9606.ENSP00000262139,9606.ENSP00000262584,9606.ENSP00000263253,9606.ENSP00000263339,9606.ENSP00000264867,9606.ENSP00000270625,9606.ENSP00000271555,9606.ENSP00000271889,9606.ENSP00000272317,9606.ENSP00000274242,9606.ENSP00000278572,9606.ENSP00000294189,9606.ENSP00000295897,9606.ENSP00000296674,9606.ENSP00000297581,9606.ENSP00000303373,9606.ENSP00000307889,9606.ENSP00000309334,9606.ENSP00000309830,9606.ENSP00000314615,9606.ENSP00000316029,9606.ENSP00000318197,9606.ENSP00000318646,9606.ENSP00000319788,9606.ENSP00000327213,9606.ENSP00000329757,9606.ENSP00000330587,9606.ENSP00000336783,9606.ENSP00000337383,9606.ENSP00000339063,9606.ENSP00000339795,9606.ENSP00000341885,9606.ENSP00000344504,9606.ENSP00000345083,9606.ENSP00000346001,9606.ENSP00000346015,9606.ENSP00000346027,9606.ENSP00000346037,9606.ENSP00000346050,9606.ENSP00000346088,9606.ENSP00000348838,9606.ENSP00000354499,9606.ENSP00000354739,9606.ENSP00000354876,9606.ENSP00000354982,9606.ENSP00000355315,9606.ENSP00000356448,9606.ENSP00000357283,9606.ENSP00000358423,9606.ENSP00000358719,9606.ENSP00000359345,9606.ENSP00000361076,9606.ENSP00000362306,9606.ENSP00000362744,9606.ENSP00000363018,9606.ENSP00000363089,9606.ENSP00000365280,9606.ENSP00000367806,9606.ENSP00000367851,9606.ENSP00000367938,9606.ENSP00000369131,9606.ENSP00000369139,9606.ENSP00000369757,9606.ENSP00000371554,9606.ENSP00000373518,9606.ENSP00000374265,9606.ENSP00000375632,9606.ENSP00000375711,9606.ENSP00000375730,9606.ENSP00000377640,9606.ENSP00000378163,9606.ENSP00000379339,9606.ENSP00000379506,9606.ENSP00000379888,9606.ENSP00000381148,9606.ENSP00000381364,9606.ENSP00000384018,9606.ENSP00000385958,9606.ENSP00000386717,9606.ENSP00000388107,9606.ENSP00000389103,9606.ENSP00000392896,9606.ENSP00000393241,9606.ENSP00000396345,9606.ENSP00000396467,9606.ENSP00000399797,9606.ENSP00000403172,9606.ENSP00000409555,9606.ENSP00000413436,9606.ENSP00000414321,9606.ENSP00000414906,9606.ENSP00000416429,9606.ENSP00000418082,9606.ENSP00000419692,9606.ENSP00000420076,9606.ENSP00000420311,9606.ENSP00000428085,9606.ENSP00000429374,9606.ENSP00000430282,9606.ENSP00000431240,9606.ENSP00000433560,9606.ENSP00000435096,9606.ENSP00000435777,9606.ENSP00000437955,9606.ENSP00000442460,9606.ENSP00000447001,9606.ENSP00000452763,9606.ENSP00000463784,9606.ENSP00000464342,9606.ENSP00000464813,9606.ENSP00000466010,9606.ENSP00000468348,9606.ENSP00000470972,9606.ENSP00000472469,9606.ENSP00000472985,9606.ENSP00000477760,9606.ENSP00000480703,9606.ENSP00000494697,9606.ENSP00000495273,9606.ENSP00000495672,9606.ENSP00000496250,9606.ENSP00000498019,9606.ENSP00000499044","MT3,MAPK1,EXTL3,RPL18A,FKBP14,RPL19,RPS12,H4C6,TUBA4A,RPL35,WIPI1,RPL8,EP300,IL1A,PPARGC1A,RPS11,MEF2D,CREB3L4,RPS27A,RPL37,RPS3,RPL29,ALB,RPS23,DCSTAMP,H2AC8,RPL13,RPL15,RPL38,ARFGAP1,TLN1,TUBA3E,RPS15A,NQO1,NRIP1,ATP6V0C,MT1H,TNRC6C,NLRP3,EEF1A1,RPL7,RPS2,H1-0,MAP2K3,RPL3,RPL27A,RPL21,RPLP1,RPS3A,RPL22,UBE2C,MT-CO1,RPL12,MT-CO2,MT-CO3,RPL39,TPR,LMNA,RRAGD,ME1,RPL5,RPL7A,AGO4,RPS4X,RPL10A,TLR4,ID1,RPS16,CYBB,COX7A2L,SIN3B,MT1G,RPS6,SOD3,NOX5,GPX2,RPS9,AKT1S1,RPL13A,RPL24,RPL34,RPS29,RPL14,RPS8,CTDSP2,CABIN1,NCOR2,RPS14,RPL31,UBA52,RPL23A,HSBP1,RPS18,CHD9,MAPKAPK3,MOV10,RPL6,HERPUD1,RPL10,RPS24,DCTN4,RPL32,RPL37A,RXRA,SERP1,RPL23,RPL30,RPS20,ATP6V1C1,RPLP2,CRYAB,RPS25,RPS13,HIF1A,PTK6,RPL18,RPL28,RPL26,RPL36,RPL27,RPS15,MAP2K6,RPS19,RPS28,RPS5,ANAPC16,SLC46A1,RPL9,RPS7,RPL35A,RPL11,RPS17,RPS27",1.61e-10,9.68e-09,"Cellular responses to stimuli"
"RCTM","HSA-1643685",244,1702,9606,"9606.ENSP00000011653,9606.ENSP00000052754,9606.ENSP00000169298,9606.ENSP00000211998,9606.ENSP00000215832,9606.ENSP00000216727,9606.ENSP00000221930,9606.ENSP00000221972,9606.ENSP00000222247,9606.ENSP00000225430,9606.ENSP00000225916,9606.ENSP00000230050,9606.ENSP00000232219,9606.ENSP00000232424,9606.ENSP00000234488,9606.ENSP00000242140,9606.ENSP00000244537,9606.ENSP00000247153,9606.ENSP00000248437,9606.ENSP00000248594,9606.ENSP00000248923,9606.ENSP00000256646,9606.ENSP00000257290,9606.ENSP00000257770,9606.ENSP00000259469,9606.ENSP00000260010,9606.ENSP00000260408,9606.ENSP00000261170,9606.ENSP00000261200,9606.ENSP00000261349,9606.ENSP00000261483,9606.ENSP00000261798,9606.ENSP00000262241,9606.ENSP00000262584,9606.ENSP00000262741,9606.ENSP00000263253,9606.ENSP00000263339,9606.ENSP00000263377,9606.ENSP00000264033,9606.ENSP00000264183,9606.ENSP00000264498,9606.ENSP00000264634,9606.ENSP00000265113,9606.ENSP00000265171,9606.ENSP00000265371,9606.ENSP00000265563,9606.ENSP00000266000,9606.ENSP00000266718,9606.ENSP00000267622,9606.ENSP00000267953,9606.ENSP00000268070,9606.ENSP00000268182,9606.ENSP00000270625,9606.ENSP00000271450,9606.ENSP00000272317,9606.ENSP00000274242,9606.ENSP00000274289,9606.ENSP00000278572,9606.ENSP00000279488,9606.ENSP00000282849,9606.ENSP00000286657,9606.ENSP00000290921,9606.ENSP00000292169,9606.ENSP00000294117,9606.ENSP00000294189,9606.ENSP00000295756,9606.ENSP00000296674,9606.ENSP00000296930,9606.ENSP00000299084,9606.ENSP00000299164,9606.ENSP00000299178,9606.ENSP00000300589,9606.ENSP00000303373,9606.ENSP00000305416,9606.ENSP00000305692,9606.ENSP00000306330,9606.ENSP00000307046,9606.ENSP00000307078,9606.ENSP00000307889,9606.ENSP00000307940,9606.ENSP00000308925,9606.ENSP00000309334,9606.ENSP00000309457,9606.ENSP00000309591,9606.ENSP00000309830,9606.ENSP00000311291,9606.ENSP00000311579,9606.ENSP00000313419,9606.ENSP00000316029,9606.ENSP00000317985,9606.ENSP00000318197,9606.ENSP00000318646,9606.ENSP00000320092,9606.ENSP00000320246,9606.ENSP00000320924,9606.ENSP00000320936,9606.ENSP00000321797,9606.ENSP00000322775,9606.ENSP00000328998,9606.ENSP00000330696,9606.ENSP00000332073,9606.ENSP00000332788,9606.ENSP00000333821,9606.ENSP00000336721,9606.ENSP00000337053,9606.ENSP00000337383,9606.ENSP00000339063,9606.ENSP00000339191,9606.ENSP00000339795,9606.ENSP00000339824,9606.ENSP00000339826,9606.ENSP00000341268,9606.ENSP00000341885,9606.ENSP00000345083,9606.ENSP00000345206,9606.ENSP00000345268,9606.ENSP00000345464,9606.ENSP00000346001,9606.ENSP00000346015,9606.ENSP00000346027,9606.ENSP00000346037,9606.ENSP00000346050,9606.ENSP00000346088,9606.ENSP00000346112,9606.ENSP00000347484,9606.ENSP00000348416,9606.ENSP00000348838,9606.ENSP00000349748,9606.ENSP00000350199,9606.ENSP00000351905,9606.ENSP00000351926,9606.ENSP00000352071,9606.ENSP00000353032,9606.ENSP00000354739,9606.ENSP00000354782,9606.ENSP00000355094,9606.ENSP00000355315,9606.ENSP00000355718,9606.ENSP00000355751,9606.ENSP00000356094,9606.ENSP00000356448,9606.ENSP00000357283,9606.ENSP00000358815,9606.ENSP00000359345,9606.ENSP00000359864,9606.ENSP00000360798,9606.ENSP00000360916,9606.ENSP00000361076,9606.ENSP00000362608,9606.ENSP00000362744,9606.ENSP00000363018,9606.ENSP00000363089,9606.ENSP00000363371,9606.ENSP00000363868,9606.ENSP00000364711,9606.ENSP00000366267,9606.ENSP00000367220,9606.ENSP00000367406,9606.ENSP00000367806,9606.ENSP00000367872,9606.ENSP00000368166,9606.ENSP00000369757,9606.ENSP00000370542,9606.ENSP00000371067,9606.ENSP00000371425,9606.ENSP00000371790,9606.ENSP00000371936,9606.ENSP00000375632,9606.ENSP00000375711,9606.ENSP00000375730,9606.ENSP00000376544,9606.ENSP00000376808,9606.ENSP00000377640,9606.ENSP00000377681,9606.ENSP00000377836,9606.ENSP00000378163,9606.ENSP00000379339,9606.ENSP00000379506,9606.ENSP00000379888,9606.ENSP00000381340,9606.ENSP00000382004,9606.ENSP00000382177,9606.ENSP00000384018,9606.ENSP00000384744,9606.ENSP00000385958,9606.ENSP00000386717,9606.ENSP00000388107,9606.ENSP00000389103,9606.ENSP00000389588,9606.ENSP00000393241,9606.ENSP00000402152,9606.ENSP00000403172,9606.ENSP00000406157,9606.ENSP00000409126,9606.ENSP00000413436,9606.ENSP00000414321,9606.ENSP00000414350,9606.ENSP00000415536,9606.ENSP00000416429,9606.ENSP00000418082,9606.ENSP00000420311,9606.ENSP00000424544,9606.ENSP00000426103,9606.ENSP00000428085,9606.ENSP00000428924,9606.ENSP00000429374,9606.ENSP00000430620,9606.ENSP00000431240,9606.ENSP00000431445,9606.ENSP00000435096,9606.ENSP00000435777,9606.ENSP00000447001,9606.ENSP00000447297,9606.ENSP00000452763,9606.ENSP00000455897,9606.ENSP00000463784,9606.ENSP00000464342,9606.ENSP00000464813,9606.ENSP00000466010,9606.ENSP00000468348,9606.ENSP00000469613,9606.ENSP00000470972,9606.ENSP00000471457,9606.ENSP00000472469,9606.ENSP00000472985,9606.ENSP00000473290,9606.ENSP00000474135,9606.ENSP00000476100,9606.ENSP00000477713,9606.ENSP00000477760,9606.ENSP00000478893,9606.ENSP00000479606,9606.ENSP00000479719,9606.ENSP00000494697,9606.ENSP00000495273,9606.ENSP00000495672,9606.ENSP00000496168,9606.ENSP00000496250,9606.ENSP00000496355,9606.ENSP00000498019,9606.ENSP00000498321,9606.ENSP00000498750,9606.ENSP00000499044,9606.ENSP00000501053","CD4,DCN,ST6GAL1,VCL,MAPK1,PABPN1,TGFB1,CD79A,RPL18A,RPL19,KAT2A,RPS12,RBP1,HES1,CLCN6,WIPF3,H4C6,CFP,TUBA4A,PTPN12,GGT1,NOTCH2,PDGFRA,NT5E,RPL35,TLR2,ADAM10,GUCY2C,ABCC9,LRP6,MAN2A1,CSNK1A1,RCOR1,RPL8,PIK3R3,EP300,IL1A,BRD4,CBL,ARID4B,FGF2,WNT5A,SLC1A3,EGF,NRP1,PRKAR2A,DAXX,LUM,TRIP11,BCL2A1,ADAMTS17,IQGAP1,RPS11,FCGR2A,RPS27A,RPL37,PLK2,RPS3,DUSP6,ADAMTS18,ADAMTS3,CTBP1,S100A1,GNG3,RPL29,TRAT1,RPS23,NPM1,SPRED1,ADAMTS15,AVPR1A,NOD2,H2AC8,S1PR1,GAA,YWHAG,SDC2,KIF5B,RPL13,EEF2,TLR10,RPL15,VPS41,PRKACA,RPL38,SLCO2A1,TNKS,CD19,TLN1,ROCK2,TUBA3E,RPS15A,SH3GL3,SLC9A9,WIPF2,IL17RA,FGF8,RHBDF2,TRAK1,P2RX7,MGAT1,ANO9,MC2R,LARP1,SEL1L,NLRP3,EEF1A1,CAV1,RPL7,FGFR3,PIK3AP1,TRADD,RPS2,MAP2K3,RBPJ,ZDHHC3,NHLRC1,RPL3,RPL27A,RPL21,RPLP1,RPS3A,RPL22,SLC12A6,THSD4,TJP1,UBE2C,SFPQ,AP1B1,TGFBR2,AP2A1,CD163,P2RX4,RPL12,CD247,QKI,RPL39,DLL1,THBS2,AVPR1B,TPR,LMNA,NEURL1B,RPL5,GPC4,EPS15,VAV2,RPL7A,PIM1,RPS4X,RPL10A,TLR4,CNKSR1,ABCA1,OGN,GPC5,ACTR2,TAF2,RPS16,GNB1,DVL1,RPS6,SDC1,JAK2,IFNGR2,FGF9,SEMA5A,RPS9,AKT1S1,RPL13A,CD79B,CUL5,RPL24,G3BP1,GPC3,RPL34,RPS29,RPL14,RPS8,GGT5,CTNND1,MYO5A,NCOR2,DERL3,RPS14,RPL31,UBA52,RPL23A,SEMA5B,RPS18,SLC12A3,RPL6,PAPSS2,ANO6,RPL10,RPS24,MUC20,POLR2H,RPL32,RPL37A,RPL23,TUSC3,MIB2,RPL30,LYN,RPS20,HEPH,RPLP2,CD3G,RPS25,RPS13,RPL18,TGFBR1,RPL28,MRC1,RPL26,RPL36,RPL27,RPS15,MAP2K6,FLT3LG,RPS19,MYO9B,RPS28,RPS5,NELFCD,IGHV3-11,GTF2H5,LCK,ANAPC16,IGHD,CLTC,CYFIP2,RPL9,RPS7,RPL35A,BCL11A,RPL11,TLR5,RPS17,MYD88,CCNH,RPS27,ADCY7",3.24e-10,1.9e-08,"Disease"
"RCTM","HSA-2262752",130,747,9606,"9606.ENSP00000215832,9606.ENSP00000220562,9606.ENSP00000222247,9606.ENSP00000222803,9606.ENSP00000225430,9606.ENSP00000230050,9606.ENSP00000244537,9606.ENSP00000248437,9606.ENSP00000259469,9606.ENSP00000262139,9606.ENSP00000262584,9606.ENSP00000263253,9606.ENSP00000263339,9606.ENSP00000264867,9606.ENSP00000270625,9606.ENSP00000271555,9606.ENSP00000271889,9606.ENSP00000272317,9606.ENSP00000274242,9606.ENSP00000278572,9606.ENSP00000294189,9606.ENSP00000295897,9606.ENSP00000296674,9606.ENSP00000297581,9606.ENSP00000303373,9606.ENSP00000307889,9606.ENSP00000309334,9606.ENSP00000309830,9606.ENSP00000314615,9606.ENSP00000316029,9606.ENSP00000318197,9606.ENSP00000318646,9606.ENSP00000319788,9606.ENSP00000327213,9606.ENSP00000329757,9606.ENSP00000336783,9606.ENSP00000337383,9606.ENSP00000339063,9606.ENSP00000339795,9606.ENSP00000341885,9606.ENSP00000344504,9606.ENSP00000345083,9606.ENSP00000346001,9606.ENSP00000346015,9606.ENSP00000346027,9606.ENSP00000346037,9606.ENSP00000346050,9606.ENSP00000346088,9606.ENSP00000348838,9606.ENSP00000354499,9606.ENSP00000354739,9606.ENSP00000354876,9606.ENSP00000354982,9606.ENSP00000355315,9606.ENSP00000356448,9606.ENSP00000357283,9606.ENSP00000358423,9606.ENSP00000358719,9606.ENSP00000359345,9606.ENSP00000361076,9606.ENSP00000362306,9606.ENSP00000362744,9606.ENSP00000363018,9606.ENSP00000363089,9606.ENSP00000365280,9606.ENSP00000367806,9606.ENSP00000367851,9606.ENSP00000367938,9606.ENSP00000369131,9606.ENSP00000369757,9606.ENSP00000371554,9606.ENSP00000373518,9606.ENSP00000374265,9606.ENSP00000375632,9606.ENSP00000375711,9606.ENSP00000375730,9606.ENSP00000377640,9606.ENSP00000378163,9606.ENSP00000379339,9606.ENSP00000379506,9606.ENSP00000379888,9606.ENSP00000381148,9606.ENSP00000381364,9606.ENSP00000384018,9606.ENSP00000385958,9606.ENSP00000386717,9606.ENSP00000388107,9606.ENSP00000389103,9606.ENSP00000392896,9606.ENSP00000393241,9606.ENSP00000396345,9606.ENSP00000396467,9606.ENSP00000399797,9606.ENSP00000403172,9606.ENSP00000409555,9606.ENSP00000413436,9606.ENSP00000414321,9606.ENSP00000414906,9606.ENSP00000416429,9606.ENSP00000418082,9606.ENSP00000419692,9606.ENSP00000420076,9606.ENSP00000420311,9606.ENSP00000428085,9606.ENSP00000429374,9606.ENSP00000430282,9606.ENSP00000431240,9606.ENSP00000433560,9606.ENSP00000435096,9606.ENSP00000435777,9606.ENSP00000437955,9606.ENSP00000442460,9606.ENSP00000447001,9606.ENSP00000452763,9606.ENSP00000463784,9606.ENSP00000464342,9606.ENSP00000464813,9606.ENSP00000466010,9606.ENSP00000468348,9606.ENSP00000470972,9606.ENSP00000472469,9606.ENSP00000472985,9606.ENSP00000477760,9606.ENSP00000480703,9606.ENSP00000494697,9606.ENSP00000495273,9606.ENSP00000495672,9606.ENSP00000496250,9606.ENSP00000498019,9606.ENSP00000499044","MAPK1,EXTL3,RPL18A,FKBP14,RPL19,RPS12,H4C6,TUBA4A,RPL35,WIPI1,RPL8,EP300,IL1A,PPARGC1A,RPS11,MEF2D,CREB3L4,RPS27A,RPL37,RPS3,RPL29,ALB,RPS23,DCSTAMP,H2AC8,RPL13,RPL15,RPL38,ARFGAP1,TLN1,TUBA3E,RPS15A,NQO1,NRIP1,ATP6V0C,TNRC6C,NLRP3,EEF1A1,RPL7,RPS2,H1-0,MAP2K3,RPL3,RPL27A,RPL21,RPLP1,RPS3A,RPL22,UBE2C,MT-CO1,RPL12,MT-CO2,MT-CO3,RPL39,TPR,LMNA,RRAGD,ME1,RPL5,RPL7A,AGO4,RPS4X,RPL10A,TLR4,ID1,RPS16,CYBB,COX7A2L,SIN3B,RPS6,SOD3,NOX5,GPX2,RPS9,AKT1S1,RPL13A,RPL24,RPL34,RPS29,RPL14,RPS8,CTDSP2,CABIN1,NCOR2,RPS14,RPL31,UBA52,RPL23A,HSBP1,RPS18,CHD9,MAPKAPK3,MOV10,RPL6,HERPUD1,RPL10,RPS24,DCTN4,RPL32,RPL37A,RXRA,SERP1,RPL23,RPL30,RPS20,ATP6V1C1,RPLP2,CRYAB,RPS25,RPS13,HIF1A,PTK6,RPL18,RPL28,RPL26,RPL36,RPL27,RPS15,MAP2K6,RPS19,RPS28,RPS5,ANAPC16,SLC46A1,RPL9,RPS7,RPL35A,RPL11,RPS17,RPS27",3.58e-10,2.04e-08,"Cellular responses to stress"
"RCTM","HSA-9692914",34,95,9606,"9606.ENSP00000230050,9606.ENSP00000263253,9606.ENSP00000270625,9606.ENSP00000272317,9606.ENSP00000278572,9606.ENSP00000296674,9606.ENSP00000296930,9606.ENSP00000306330,9606.ENSP00000318646,9606.ENSP00000337383,9606.ENSP00000339063,9606.ENSP00000339191,9606.ENSP00000341885,9606.ENSP00000346050,9606.ENSP00000362744,9606.ENSP00000367806,9606.ENSP00000369757,9606.ENSP00000375632,9606.ENSP00000379339,9606.ENSP00000379888,9606.ENSP00000385958,9606.ENSP00000388107,9606.ENSP00000393241,9606.ENSP00000414321,9606.ENSP00000429374,9606.ENSP00000435096,9606.ENSP00000435777,9606.ENSP00000466010,9606.ENSP00000470972,9606.ENSP00000472469,9606.ENSP00000472985,9606.ENSP00000495273,9606.ENSP00000498019,9606.ENSP00000499044","RPS12,EP300,RPS11,RPS27A,RPS3,RPS23,NPM1,YWHAG,RPS15A,NLRP3,EEF1A1,CAV1,RPS2,RPS3A,RPS4X,RPS16,RPS6,RPS9,RPS29,RPS8,RPS14,UBA52,RPS18,RPS24,RPS20,RPS25,RPS13,RPS15,RPS19,RPS28,RPS5,RPS7,RPS17,RPS27",1.99e-09,1.11e-07,"SARS-CoV-1-host interactions"
"RCTM","HSA-9006934",91,521,9606,"9606.ENSP00000215832,9606.ENSP00000230538,9606.ENSP00000236671,9606.ENSP00000240100,9606.ENSP00000242480,9606.ENSP00000245919,9606.ENSP00000246841,9606.ENSP00000248553,9606.ENSP00000248594,9606.ENSP00000256707,9606.ENSP00000257290,9606.ENSP00000260408,9606.ENSP00000261023,9606.ENSP00000261937,9606.ENSP00000262741,9606.ENSP00000263253,9606.ENSP00000264033,9606.ENSP00000264498,9606.ENSP00000264649,9606.ENSP00000264828,9606.ENSP00000265171,9606.ENSP00000265371,9606.ENSP00000271555,9606.ENSP00000272317,9606.ENSP00000277120,9606.ENSP00000279488,9606.ENSP00000296474,9606.ENSP00000297268,9606.ENSP00000299084,9606.ENSP00000300134,9606.ENSP00000309591,9606.ENSP00000312150,9606.ENSP00000313681,9606.ENSP00000317985,9606.ENSP00000320092,9606.ENSP00000321797,9606.ENSP00000329757,9606.ENSP00000334145,9606.ENSP00000336894,9606.ENSP00000339191,9606.ENSP00000339824,9606.ENSP00000341170,9606.ENSP00000345492,9606.ENSP00000351926,9606.ENSP00000353582,9606.ENSP00000355751,9606.ENSP00000360798,9606.ENSP00000360882,9606.ENSP00000360916,9606.ENSP00000361264,9606.ENSP00000363318,9606.ENSP00000363689,9606.ENSP00000364979,9606.ENSP00000364995,9606.ENSP00000365280,9606.ENSP00000367851,9606.ENSP00000367972,9606.ENSP00000369889,9606.ENSP00000371067,9606.ENSP00000371790,9606.ENSP00000376808,9606.ENSP00000378517,9606.ENSP00000379721,9606.ENSP00000379823,9606.ENSP00000379866,9606.ENSP00000382004,9606.ENSP00000388107,9606.ENSP00000393097,9606.ENSP00000396467,9606.ENSP00000400010,9606.ENSP00000406209,9606.ENSP00000414303,9606.ENSP00000414350,9606.ENSP00000415536,9606.ENSP00000422464,9606.ENSP00000428924,9606.ENSP00000430282,9606.ENSP00000431418,9606.ENSP00000437955,9606.ENSP00000442460,9606.ENSP00000442682,9606.ENSP00000453095,9606.ENSP00000469613,9606.ENSP00000477713,9606.ENSP00000479113,9606.ENSP00000479606,9606.ENSP00000479719,9606.ENSP00000480012,9606.ENSP00000481675,9606.ENSP00000496793,9606.ENSP00000498083","MAPK1,LAMA4,CTSD,DUSP4,EGR2,FOSB,FLRT1,HSPB1,PTPN12,KIDINS220,PDGFRA,ADAM10,ITGAV,FLT4,PIK3R3,EP300,CBL,FGF2,ATP6V0A1,COL5A3,EGF,NRP1,MEF2D,RPS27A,NTRK2,DUSP6,MST1R,COL1A2,SPRED1,STAT6,PRKACA,TRIB1,SPHK1,ROCK2,SH3GL3,FGF8,ATP6V0C,F3,NAB1,CAV1,FGFR3,PTN,SH2B3,AP2A1,NRP2,THBS2,EPS15,COL5A1,VAV2,RAPGEF1,IL2RG,ID3,COL4A1,SHC3,ID1,CYBB,ID4,COL2A1,JAK2,FGF9,CUL5,SPP1,USP8,COL4A3,COL4A4,CTNND1,UBA52,GABRA1,MAPKAPK3,PTPRJ,EPN1,BDNF,MUC20,POLR2H,PDGFC,LYN,ATP6V1C1,NTRK1,HIF1A,PTK6,ADAP1,MEF2A,FLT3LG,LCK,GABRG3,CLTC,CYFIP2,ADORA2A,SPRY1,COL9A3,MKNK1",1.45e-07,7.86e-06,"Signaling by Receptor Tyrosine Kinases"
"RCTM","HSA-168256",258,1979,9606,"9606.ENSP00000011653,9606.ENSP00000053243,9606.ENSP00000085219,9606.ENSP00000161559,9606.ENSP00000203629,9606.ENSP00000205636,9606.ENSP00000211998,9606.ENSP00000215832,9606.ENSP00000216223,9606.ENSP00000216373,9606.ENSP00000221930,9606.ENSP00000221972,9606.ENSP00000227348,9606.ENSP00000229402,9606.ENSP00000233997,9606.ENSP00000234310,9606.ENSP00000234347,9606.ENSP00000236671,9606.ENSP00000240100,9606.ENSP00000242140,9606.ENSP00000243298,9606.ENSP00000243611,9606.ENSP00000244709,9606.ENSP00000245620,9606.ENSP00000246006,9606.ENSP00000247153,9606.ENSP00000248437,9606.ENSP00000248594,9606.ENSP00000248598,9606.ENSP00000250693,9606.ENSP00000256649,9606.ENSP00000258418,9606.ENSP00000259089,9606.ENSP00000260010,9606.ENSP00000260408,9606.ENSP00000260818,9606.ENSP00000261023,9606.ENSP00000261340,9606.ENSP00000261652,9606.ENSP00000261942,9606.ENSP00000262394,9606.ENSP00000262629,9606.ENSP00000262741,9606.ENSP00000262768,9606.ENSP00000262903,9606.ENSP00000263125,9606.ENSP00000263253,9606.ENSP00000263339,9606.ENSP00000263708,9606.ENSP00000264033,9606.ENSP00000264072,9606.ENSP00000264316,9606.ENSP00000264346,9606.ENSP00000264498,9606.ENSP00000264553,9606.ENSP00000264649,9606.ENSP00000264710,9606.ENSP00000264870,9606.ENSP00000266551,9606.ENSP00000266557,9606.ENSP00000267460,9606.ENSP00000268182,9606.ENSP00000271450,9606.ENSP00000272317,9606.ENSP00000279488,9606.ENSP00000284509,9606.ENSP00000284878,9606.ENSP00000286301,9606.ENSP00000289902,9606.ENSP00000290650,9606.ENSP00000291232,9606.ENSP00000292169,9606.ENSP00000295683,9606.ENSP00000295756,9606.ENSP00000296140,9606.ENSP00000296181,9606.ENSP00000297268,9606.ENSP00000297290,9606.ENSP00000298229,9606.ENSP00000299367,9606.ENSP00000300134,9606.ENSP00000300589,9606.ENSP00000300692,9606.ENSP00000301633,9606.ENSP00000302569,9606.ENSP00000302935,9606.ENSP00000305416,9606.ENSP00000305692,9606.ENSP00000306157,9606.ENSP00000306565,9606.ENSP00000307078,9606.ENSP00000307513,9606.ENSP00000307940,9606.ENSP00000308815,9606.ENSP00000308925,9606.ENSP00000309124,9606.ENSP00000309591,9606.ENSP00000310244,9606.ENSP00000312673,9606.ENSP00000313419,9606.ENSP00000315130,9606.ENSP00000315477,9606.ENSP00000317714,9606.ENSP00000317955,9606.ENSP00000318197,9606.ENSP00000319635,9606.ENSP00000320924,9606.ENSP00000320936,9606.ENSP00000321077,9606.ENSP00000325525,9606.ENSP00000326706,9606.ENSP00000327890,9606.ENSP00000329757,9606.ENSP00000330696,9606.ENSP00000336769,9606.ENSP00000337383,9606.ENSP00000339063,9606.ENSP00000339826,9606.ENSP00000340648,9606.ENSP00000341141,9606.ENSP00000342082,9606.ENSP00000342114,9606.ENSP00000342156,9606.ENSP00000342793,9606.ENSP00000345083,9606.ENSP00000345492,9606.ENSP00000345672,9606.ENSP00000347714,9606.ENSP00000348635,9606.ENSP00000348838,9606.ENSP00000350199,9606.ENSP00000350331,9606.ENSP00000351926,9606.ENSP00000354468,9606.ENSP00000354566,9606.ENSP00000354775,9606.ENSP00000354782,9606.ENSP00000355370,9606.ENSP00000356016,9606.ENSP00000356024,9606.ENSP00000356448,9606.ENSP00000357036,9606.ENSP00000357112,9606.ENSP00000358022,9606.ENSP00000358824,9606.ENSP00000360181,9606.ENSP00000360871,9606.ENSP00000360916,9606.ENSP00000361264,9606.ENSP00000362195,9606.ENSP00000362608,9606.ENSP00000363089,9606.ENSP00000363318,9606.ENSP00000363390,9606.ENSP00000363459,9606.ENSP00000363524,9606.ENSP00000364114,9606.ENSP00000364501,9606.ENSP00000364635,9606.ENSP00000366525,9606.ENSP00000367220,9606.ENSP00000367851,9606.ENSP00000368632,9606.ENSP00000368799,9606.ENSP00000369889,9606.ENSP00000370542,9606.ENSP00000370698,9606.ENSP00000370978,9606.ENSP00000371067,9606.ENSP00000371084,9606.ENSP00000371425,9606.ENSP00000375608,9606.ENSP00000375629,9606.ENSP00000375795,9606.ENSP00000376337,9606.ENSP00000376544,9606.ENSP00000376808,9606.ENSP00000376886,9606.ENSP00000377724,9606.ENSP00000378394,9606.ENSP00000378845,9606.ENSP00000379512,9606.ENSP00000379612,9606.ENSP00000379802,9606.ENSP00000380271,9606.ENSP00000380421,9606.ENSP00000382177,9606.ENSP00000383115,9606.ENSP00000384823,9606.ENSP00000384886,9606.ENSP00000384906,9606.ENSP00000385035,9606.ENSP00000386378,9606.ENSP00000386559,9606.ENSP00000387362,9606.ENSP00000388107,9606.ENSP00000392553,9606.ENSP00000395294,9606.ENSP00000396467,9606.ENSP00000398655,9606.ENSP00000400010,9606.ENSP00000403495,9606.ENSP00000404236,9606.ENSP00000406478,9606.ENSP00000408979,9606.ENSP00000409126,9606.ENSP00000411613,9606.ENSP00000412361,9606.ENSP00000414350,9606.ENSP00000414906,9606.ENSP00000414922,9606.ENSP00000415536,9606.ENSP00000418037,9606.ENSP00000418525,9606.ENSP00000420387,9606.ENSP00000423897,9606.ENSP00000424501,9606.ENSP00000426103,9606.ENSP00000427562,9606.ENSP00000428698,9606.ENSP00000428924,9606.ENSP00000430282,9606.ENSP00000431445,9606.ENSP00000431775,9606.ENSP00000437955,9606.ENSP00000438399,9606.ENSP00000442318,9606.ENSP00000443654,9606.ENSP00000451206,9606.ENSP00000453095,9606.ENSP00000455897,9606.ENSP00000457421,9606.ENSP00000461945,9606.ENSP00000468348,9606.ENSP00000468897,9606.ENSP00000469613,9606.ENSP00000471457,9606.ENSP00000471493,9606.ENSP00000472620,9606.ENSP00000474135,9606.ENSP00000474412,9606.ENSP00000476145,9606.ENSP00000476369,9606.ENSP00000477713,9606.ENSP00000478474,9606.ENSP00000478763,9606.ENSP00000478893,9606.ENSP00000479089,9606.ENSP00000479606,9606.ENSP00000479719,9606.ENSP00000479844,9606.ENSP00000496355,9606.ENSP00000496848,9606.ENSP00000496959,9606.ENSP00000497997,9606.ENSP00000498321,9606.ENSP00000498630,9606.ENSP00000498879","CD4,TNFRSF17,CD22,CEACAM1,LAG3,CMTM6,VCL,MAPK1,IL2RB,SOS2,TGFB1,CD79A,CRTAM,KLRB1,AZU1,PPP3R1,PRTN3,CTSD,DUSP4,WIPF3,RAB9B,C4BPB,TREM1,LILRB3,CD93,CFP,TUBA4A,PTPN12,FGL2,ART1,TRIM45,CAB39,BLK,TLR2,ADAM10,DNAJC13,ITGAV,CLEC2D,TNFRSF13B,FAF2,WSB1,TYROBP,PIK3R3,TIMP2,HACE1,PRKCQ,EP300,IL1A,PTPN4,CBL,FCER2,TXK,HERC6,FGF2,GZMM,ATP6V0A1,RAB10,F13A1,KLRG1,CD27,PELI2,IQGAP1,FCGR2A,RPS27A,DUSP6,ATP8B4,CXADR,CSF1R,FCER1G,UBR1,TNFRSF13C,S100A1,CXCR1,TRAT1,CCR1,ITGB5,COL1A2,BRI3,INPPL1,C2,STAT6,NOD2,CD3D,BIRC5,CLEC7A,IL16,S1PR1,GAA,IL7R,ISG20,KIF5B,MRC2,EEF2,CCL19,TLR10,OLR1,PRKACA,RASGRP1,GH1,CD19,CLU,CD209,STX4,EEA1,TUBA3E,CXCR2,WIPF2,IL17RA,SIGLEC8,KIR3DL2,PLEKHO2,IL3RA,ATP6V0C,P2RX7,KIR2DL1,NLRP3,EEF1A1,PIK3AP1,HUWE1,SIGLEC1,SLPI,ICAM4,NCR3,PLD1,MAP2K3,SH2B3,CTSB,FCAR,JAML,UBE2C,AP1B1,ASB13,AP2A1,CYB5R3,CD3E,PJA2,CD247,CNTF,CR1,CR2,TPR,SLAMF6,AIM2,MCL1,DNASE1L1,SH2D1A,FCN1,VAV2,RAPGEF1,CSF3R,PIM1,TLR4,IL2RG,TRIM63,PTPN20,KIF4A,HLA-DRB5,CD300LD,PADI2,FTL,ACTR2,CYBB,GATA3,KBTBD6,COL2A1,SDC1,IL6ST,CRLF2,JAK2,ATP8A1,IFNGR2,KIR3DL1,LILRB2,IL24,BTBD6,CD79B,CUL5,NME2,ORMDL3,PSAP,LAT,MGST1,TAX1BP1,AMPD3,RAPGEF4,IL15RA,MYO5A,COLEC12,FBXO11,IFI30,SAA1,C1S,CD207,CD8A,UBE4A,UBA52,PLPP5,CD70,MAPKAPK3,ITK,PTPRJ,LTA,LILRA5,LILRB5,KIF5A,ANO6,AOC1,SIGLEC11,MUC20,DCTN4,USP41,POLR2H,IRF5,MME,ATP11A,KLHL5,HTN1,MIB2,ABL2,RNF217,LYN,ATP6V1C1,CD3G,IL32,HIF1A,IST1,CAND1,TBC1D10C,NPC2,MEF2A,MRC1,PECAM1,RAB31,MAP2K6,FPR2,FLT3LG,MYO9B,FPR1,C5AR2,IGHV3-11,CCL5,FRK,FBXW2,LCK,UBE2F,SIRPA,IGHD,OSCAR,CLTC,CYFIP2,RASGRP4,TLR5,HLA-DOB,ITGAM,MALT1,MYD88,IL31RA,CD59",2.29e-07,1.21e-05,"Immune System"
"RCTM","HSA-198933",35,130,9606,"9606.ENSP00000085219,9606.ENSP00000227348,9606.ENSP00000229402,9606.ENSP00000244709,9606.ENSP00000245620,9606.ENSP00000261340,9606.ENSP00000262629,9606.ENSP00000266551,9606.ENSP00000284878,9606.ENSP00000297268,9606.ENSP00000300692,9606.ENSP00000313419,9606.ENSP00000321077,9606.ENSP00000325525,9606.ENSP00000336769,9606.ENSP00000341141,9606.ENSP00000342114,9606.ENSP00000342156,9606.ENSP00000348635,9606.ENSP00000354566,9606.ENSP00000354782,9606.ENSP00000357036,9606.ENSP00000360181,9606.ENSP00000364501,9606.ENSP00000369889,9606.ENSP00000375608,9606.ENSP00000375629,9606.ENSP00000383115,9606.ENSP00000386559,9606.ENSP00000404236,9606.ENSP00000406478,9606.ENSP00000412361,9606.ENSP00000431445,9606.ENSP00000474135,9606.ENSP00000479089","CD22,CRTAM,KLRB1,TREM1,LILRB3,CLEC2D,TYROBP,KLRG1,CXADR,COL1A2,CD3D,CD19,SIGLEC8,KIR3DL2,KIR2DL1,SIGLEC1,ICAM4,NCR3,JAML,CD3E,CD247,SLAMF6,SH2D1A,CD300LD,COL2A1,KIR3DL1,LILRB2,COLEC12,CD8A,LILRA5,LILRB5,SIGLEC11,CD3G,IGHV3-11,OSCAR",4.25e-07,2.21e-05,"Immunoregulatory interactions between a Lymphoid and a non-Lymphoid cell"
"RCTM","HSA-9678108",36,140,9606,"9606.ENSP00000169298,9606.ENSP00000230050,9606.ENSP00000263253,9606.ENSP00000270625,9606.ENSP00000272317,9606.ENSP00000278572,9606.ENSP00000296674,9606.ENSP00000296930,9606.ENSP00000306330,9606.ENSP00000318646,9606.ENSP00000332073,9606.ENSP00000337383,9606.ENSP00000339063,9606.ENSP00000339191,9606.ENSP00000341885,9606.ENSP00000346050,9606.ENSP00000362744,9606.ENSP00000367806,9606.ENSP00000369757,9606.ENSP00000375632,9606.ENSP00000379339,9606.ENSP00000379888,9606.ENSP00000385958,9606.ENSP00000388107,9606.ENSP00000393241,9606.ENSP00000414321,9606.ENSP00000429374,9606.ENSP00000435096,9606.ENSP00000435777,9606.ENSP00000466010,9606.ENSP00000470972,9606.ENSP00000472469,9606.ENSP00000472985,9606.ENSP00000495273,9606.ENSP00000498019,9606.ENSP00000499044","ST6GAL1,RPS12,EP300,RPS11,RPS27A,RPS3,RPS23,NPM1,YWHAG,RPS15A,MGAT1,NLRP3,EEF1A1,CAV1,RPS2,RPS3A,RPS4X,RPS16,RPS6,RPS9,RPS29,RPS8,RPS14,UBA52,RPS18,RPS24,RPS20,RPS25,RPS13,RPS15,RPS19,RPS28,RPS5,RPS7,RPS17,RPS27",7.41e-07,3.76e-05,"SARS-CoV-1 Infection"
"RCTM","HSA-372790",108,697,9606,"9606.ENSP00000054668,9606.ENSP00000171757,9606.ENSP00000176195,9606.ENSP00000215832,9606.ENSP00000216373,9606.ENSP00000219244,9606.ENSP00000222462,9606.ENSP00000225842,9606.ENSP00000234310,9606.ENSP00000235382,9606.ENSP00000245457,9606.ENSP00000246115,9606.ENSP00000250617,9606.ENSP00000253796,9606.ENSP00000254661,9606.ENSP00000256010,9606.ENSP00000258400,9606.ENSP00000258411,9606.ENSP00000260402,9606.ENSP00000262178,9606.ENSP00000262406,9606.ENSP00000262741,9606.ENSP00000263125,9606.ENSP00000264634,9606.ENSP00000265563,9606.ENSP00000272164,9606.ENSP00000273814,9606.ENSP00000275364,9606.ENSP00000285735,9606.ENSP00000290015,9606.ENSP00000291294,9606.ENSP00000292174,9606.ENSP00000293778,9606.ENSP00000294117,9606.ENSP00000294954,9606.ENSP00000295683,9606.ENSP00000296140,9606.ENSP00000297056,9606.ENSP00000299178,9606.ENSP00000301908,9606.ENSP00000301917,9606.ENSP00000302724,9606.ENSP00000303424,9606.ENSP00000305416,9606.ENSP00000307259,9606.ENSP00000308815,9606.ENSP00000309591,9606.ENSP00000310244,9606.ENSP00000310405,9606.ENSP00000312741,9606.ENSP00000317985,9606.ENSP00000319635,9606.ENSP00000319883,9606.ENSP00000321326,9606.ENSP00000329127,9606.ENSP00000329684,9606.ENSP00000333821,9606.ENSP00000335560,9606.ENSP00000337128,9606.ENSP00000340526,9606.ENSP00000343428,9606.ENSP00000344411,9606.ENSP00000349003,9606.ENSP00000350256,9606.ENSP00000352427,9606.ENSP00000354652,9606.ENSP00000354718,9606.ENSP00000355523,9606.ENSP00000356094,9606.ENSP00000356162,9606.ENSP00000356429,9606.ENSP00000356792,9606.ENSP00000360916,9606.ENSP00000361009,9606.ENSP00000362795,9606.ENSP00000363596,9606.ENSP00000366233,9606.ENSP00000367355,9606.ENSP00000367872,9606.ENSP00000368966,9606.ENSP00000370372,9606.ENSP00000370719,9606.ENSP00000375093,9606.ENSP00000378394,9606.ENSP00000380247,9606.ENSP00000380878,9606.ENSP00000384906,9606.ENSP00000392906,9606.ENSP00000393333,9606.ENSP00000397181,9606.ENSP00000410309,9606.ENSP00000431719,9606.ENSP00000433666,9606.ENSP00000437737,9606.ENSP00000439625,9606.ENSP00000440556,9606.ENSP00000449716,9606.ENSP00000455507,9606.ENSP00000457748,9606.ENSP00000468897,9606.ENSP00000471493,9606.ENSP00000472620,9606.ENSP00000474412,9606.ENSP00000480012,9606.ENSP00000480573,9606.ENSP00000482232,9606.ENSP00000483110,9606.ENSP00000501053","UTS2,P2RY10,SCT,MAPK1,SOS2,CCL17,WNT16,CCL1,PPP3R1,RGS2,PTGER2,S1PR4,ARHGEF6,RAMP2,RAMP1,NTS,HTR2B,WNT10A,PLCB2,VIPR2,RGS9,PIK3R3,PRKCQ,WNT5A,PRKAR2A,WNT9A,DGKQ,GNA12,RHOC,WNT9B,PTGIR,CXCR5,CXCL16,GNG3,LHCGR,CXCR1,CCR1,DAGLB,AVPR1A,PNOC,GPR25,INSL5,PTGDR,S1PR1,P2RY12,CCL19,PRKACA,RASGRP1,XCR1,CAMKK2,ROCK2,CXCR2,ADGRE2,F2R,PRKCH,GALR2,MC2R,ARHGEF25,EDN3,UTS2B,GPR18,TAS1R3,PTGER3,CCR9,RGR,NPY1R,AKAP13,RGS7,AVPR1B,KISS1,RGS1,XCL1,VAV2,PREX1,CXCR3,CNR2,GABBR1,ARHGEF35,GNB1,TRPC3,NLN,ITSN1,TAS2R31,PSAP,HRH1,PPP3CC,SAA1,PLEKHG2,TBXA2R,RGS4,PDE1A,TAS2R43,FGD4,HTR2A,PLEKHG5,GRM4,CMKLR1,OBSCN,RGSL1,FPR2,FPR1,C5AR2,CCL5,ADORA2A,ADRA2B,CGA,TAC3,ADCY7",1.84e-06,9.14e-05,"Signaling by GPCR"
"RCTM","HSA-388396",97,624,9606,"9606.ENSP00000054668,9606.ENSP00000171757,9606.ENSP00000176195,9606.ENSP00000215832,9606.ENSP00000216373,9606.ENSP00000225842,9606.ENSP00000234310,9606.ENSP00000235382,9606.ENSP00000245457,9606.ENSP00000246115,9606.ENSP00000250617,9606.ENSP00000253796,9606.ENSP00000254661,9606.ENSP00000256010,9606.ENSP00000258400,9606.ENSP00000260402,9606.ENSP00000262178,9606.ENSP00000262406,9606.ENSP00000262741,9606.ENSP00000263125,9606.ENSP00000265563,9606.ENSP00000273814,9606.ENSP00000275364,9606.ENSP00000285735,9606.ENSP00000291294,9606.ENSP00000292174,9606.ENSP00000293778,9606.ENSP00000294117,9606.ENSP00000294954,9606.ENSP00000295683,9606.ENSP00000296140,9606.ENSP00000297056,9606.ENSP00000299178,9606.ENSP00000301908,9606.ENSP00000301917,9606.ENSP00000302724,9606.ENSP00000303424,9606.ENSP00000307259,9606.ENSP00000308815,9606.ENSP00000309591,9606.ENSP00000310244,9606.ENSP00000310405,9606.ENSP00000312741,9606.ENSP00000317985,9606.ENSP00000319635,9606.ENSP00000321326,9606.ENSP00000329127,9606.ENSP00000329684,9606.ENSP00000333821,9606.ENSP00000335560,9606.ENSP00000337128,9606.ENSP00000340526,9606.ENSP00000343428,9606.ENSP00000344411,9606.ENSP00000349003,9606.ENSP00000350256,9606.ENSP00000352427,9606.ENSP00000354652,9606.ENSP00000354718,9606.ENSP00000355523,9606.ENSP00000356094,9606.ENSP00000356162,9606.ENSP00000356429,9606.ENSP00000356792,9606.ENSP00000360916,9606.ENSP00000361009,9606.ENSP00000362795,9606.ENSP00000363596,9606.ENSP00000366233,9606.ENSP00000367355,9606.ENSP00000367872,9606.ENSP00000368966,9606.ENSP00000370719,9606.ENSP00000375093,9606.ENSP00000378394,9606.ENSP00000380247,9606.ENSP00000380878,9606.ENSP00000384906,9606.ENSP00000392906,9606.ENSP00000393333,9606.ENSP00000397181,9606.ENSP00000410309,9606.ENSP00000431719,9606.ENSP00000433666,9606.ENSP00000437737,9606.ENSP00000439625,9606.ENSP00000440556,9606.ENSP00000455507,9606.ENSP00000457748,9606.ENSP00000468897,9606.ENSP00000471493,9606.ENSP00000474412,9606.ENSP00000480012,9606.ENSP00000480573,9606.ENSP00000482232,9606.ENSP00000483110,9606.ENSP00000501053","UTS2,P2RY10,SCT,MAPK1,SOS2,CCL1,PPP3R1,RGS2,PTGER2,S1PR4,ARHGEF6,RAMP2,RAMP1,NTS,HTR2B,PLCB2,VIPR2,RGS9,PIK3R3,PRKCQ,PRKAR2A,DGKQ,GNA12,RHOC,PTGIR,CXCR5,CXCL16,GNG3,LHCGR,CXCR1,CCR1,DAGLB,AVPR1A,PNOC,GPR25,INSL5,PTGDR,P2RY12,CCL19,PRKACA,RASGRP1,XCR1,CAMKK2,ROCK2,CXCR2,F2R,PRKCH,GALR2,MC2R,ARHGEF25,EDN3,UTS2B,GPR18,TAS1R3,PTGER3,CCR9,RGR,NPY1R,AKAP13,RGS7,AVPR1B,KISS1,RGS1,XCL1,VAV2,PREX1,CXCR3,CNR2,GABBR1,ARHGEF35,GNB1,TRPC3,ITSN1,TAS2R31,PSAP,HRH1,PPP3CC,SAA1,PLEKHG2,TBXA2R,RGS4,PDE1A,TAS2R43,FGD4,HTR2A,PLEKHG5,GRM4,OBSCN,RGSL1,FPR2,FPR1,CCL5,ADORA2A,ADRA2B,CGA,TAC3,ADCY7",5.47e-06,0.00027,"GPCR downstream signalling"
"RCTM","HSA-109582",93,607,9606,"9606.ENSP00000161559,9606.ENSP00000168148,9606.ENSP00000211998,9606.ENSP00000215832,9606.ENSP00000221930,9606.ENSP00000225328,9606.ENSP00000234347,9606.ENSP00000242465,9606.ENSP00000244709,9606.ENSP00000248437,9606.ENSP00000248948,9606.ENSP00000249842,9606.ENSP00000261023,9606.ENSP00000261622,9606.ENSP00000262094,9606.ENSP00000262241,9606.ENSP00000262741,9606.ENSP00000263125,9606.ENSP00000263934,9606.ENSP00000264870,9606.ENSP00000265171,9606.ENSP00000265563,9606.ENSP00000266085,9606.ENSP00000267615,9606.ENSP00000273814,9606.ENSP00000275364,9606.ENSP00000276431,9606.ENSP00000279101,9606.ENSP00000284878,9606.ENSP00000289902,9606.ENSP00000291294,9606.ENSP00000291539,9606.ENSP00000294117,9606.ENSP00000295897,9606.ENSP00000297056,9606.ENSP00000297268,9606.ENSP00000305005,9606.ENSP00000307046,9606.ENSP00000307078,9606.ENSP00000307259,9606.ENSP00000309124,9606.ENSP00000309591,9606.ENSP00000310244,9606.ENSP00000311300,9606.ENSP00000315130,9606.ENSP00000316029,9606.ENSP00000317714,9606.ENSP00000318197,9606.ENSP00000321326,9606.ENSP00000323929,9606.ENSP00000327116,9606.ENSP00000329127,9606.ENSP00000330696,9606.ENSP00000334145,9606.ENSP00000339191,9606.ENSP00000339992,9606.ENSP00000345492,9606.ENSP00000347046,9606.ENSP00000348635,9606.ENSP00000353032,9606.ENSP00000358490,9606.ENSP00000360916,9606.ENSP00000363524,9606.ENSP00000367872,9606.ENSP00000368632,9606.ENSP00000368966,9606.ENSP00000369702,9606.ENSP00000370010,9606.ENSP00000370542,9606.ENSP00000371067,9606.ENSP00000378394,9606.ENSP00000378845,9606.ENSP00000380271,9606.ENSP00000384164,9606.ENSP00000384763,9606.ENSP00000393333,9606.ENSP00000394888,9606.ENSP00000408979,9606.ENSP00000410309,9606.ENSP00000418009,9606.ENSP00000428924,9606.ENSP00000440066,9606.ENSP00000442060,9606.ENSP00000450731,9606.ENSP00000457421,9606.ENSP00000467141,9606.ENSP00000474135,9606.ENSP00000477713,9606.ENSP00000478763,9606.ENSP00000479153,9606.ENSP00000480573,9606.ENSP00000496959,9606.ENSP00000497691","CEACAM1,SPP2,VCL,MAPK1,TGFB1,P2RX5,PRTN3,SRGN,TREM1,TUBA4A,VPREB3,ISLR,ITGAV,SLC7A5,RAB27B,RCOR1,PIK3R3,PRKCQ,KIF1B,F13A1,EGF,PRKAR2A,TIMP3,ITPK1,DGKQ,GNA12,TNFRSF10B,CABLES2,CXADR,FCER1G,PTGIR,PDE9A,GNG3,ALB,DAGLB,COL1A2,PSG8,SDC2,KIF5B,P2RY12,OLR1,PRKACA,RASGRP1,CTSW,CLU,TLN1,STX4,TUBA3E,F2R,A2M,EHD3,PRKCH,P2RX7,F3,CAV1,MYB,SH2B3,PDE5A,JAML,P2RX4,CD2,VAV2,KIF4A,GNB1,GATA3,TRPC3,LHFPL2,TMSB4X,SDC1,JAK2,PSAP,LAT,RAPGEF4,KIF16B,SLC8A1,TBXA2R,DOCK8,KIF5A,PDE1A,RARRES2,LYN,JCHAIN,MAFF,VTI1B,PECAM1,TTN,IGHV3-11,LCK,SIRPA,EHD1,ADRA2B,ITGAM,APLP2",1.41e-05,0.00067,"Hemostasis"
"RCTM","HSA-9679506",68,411,9606,"9606.ENSP00000169298,9606.ENSP00000221972,9606.ENSP00000230050,9606.ENSP00000260010,9606.ENSP00000261483,9606.ENSP00000261798,9606.ENSP00000262241,9606.ENSP00000263253,9606.ENSP00000263377,9606.ENSP00000264183,9606.ENSP00000265371,9606.ENSP00000270625,9606.ENSP00000272317,9606.ENSP00000278572,9606.ENSP00000296674,9606.ENSP00000296930,9606.ENSP00000300589,9606.ENSP00000305416,9606.ENSP00000306330,9606.ENSP00000307046,9606.ENSP00000309457,9606.ENSP00000317985,9606.ENSP00000318646,9606.ENSP00000320936,9606.ENSP00000332073,9606.ENSP00000332788,9606.ENSP00000336721,9606.ENSP00000337383,9606.ENSP00000339063,9606.ENSP00000339191,9606.ENSP00000341885,9606.ENSP00000345268,9606.ENSP00000346050,9606.ENSP00000348416,9606.ENSP00000351926,9606.ENSP00000356448,9606.ENSP00000359864,9606.ENSP00000362744,9606.ENSP00000366267,9606.ENSP00000367806,9606.ENSP00000369757,9606.ENSP00000370542,9606.ENSP00000371067,9606.ENSP00000371425,9606.ENSP00000375632,9606.ENSP00000376544,9606.ENSP00000377681,9606.ENSP00000377836,9606.ENSP00000379339,9606.ENSP00000379888,9606.ENSP00000385958,9606.ENSP00000388107,9606.ENSP00000393241,9606.ENSP00000409126,9606.ENSP00000414321,9606.ENSP00000424544,9606.ENSP00000429374,9606.ENSP00000435096,9606.ENSP00000435777,9606.ENSP00000466010,9606.ENSP00000470972,9606.ENSP00000472469,9606.ENSP00000472985,9606.ENSP00000474135,9606.ENSP00000478893,9606.ENSP00000495273,9606.ENSP00000498019,9606.ENSP00000499044","ST6GAL1,CD79A,RPS12,TLR2,MAN2A1,CSNK1A1,RCOR1,EP300,BRD4,ARID4B,NRP1,RPS11,RPS27A,RPS3,RPS23,NPM1,NOD2,S1PR1,YWHAG,SDC2,VPS41,ROCK2,RPS15A,IL17RA,MGAT1,ANO9,LARP1,NLRP3,EEF1A1,CAV1,RPS2,ZDHHC3,RPS3A,TJP1,AP2A1,TPR,GPC4,RPS4X,GPC5,RPS16,RPS6,SDC1,JAK2,IFNGR2,RPS9,CD79B,G3BP1,GPC3,RPS29,RPS8,RPS14,UBA52,RPS18,ANO6,RPS24,TUSC3,RPS20,RPS25,RPS13,RPS15,RPS19,RPS28,RPS5,IGHV3-11,IGHD,RPS7,RPS17,RPS27",2.51e-05,0.0012,"SARS-CoV Infections"
"RCTM","HSA-9694516",53,294,9606,"9606.ENSP00000169298,9606.ENSP00000230050,9606.ENSP00000260010,9606.ENSP00000261483,9606.ENSP00000261798,9606.ENSP00000265371,9606.ENSP00000270625,9606.ENSP00000272317,9606.ENSP00000278572,9606.ENSP00000296674,9606.ENSP00000300589,9606.ENSP00000306330,9606.ENSP00000307046,9606.ENSP00000309457,9606.ENSP00000318646,9606.ENSP00000320936,9606.ENSP00000332073,9606.ENSP00000332788,9606.ENSP00000336721,9606.ENSP00000337383,9606.ENSP00000339191,9606.ENSP00000341885,9606.ENSP00000345268,9606.ENSP00000346050,9606.ENSP00000348416,9606.ENSP00000356448,9606.ENSP00000359864,9606.ENSP00000362744,9606.ENSP00000366267,9606.ENSP00000367806,9606.ENSP00000369757,9606.ENSP00000370542,9606.ENSP00000375632,9606.ENSP00000377681,9606.ENSP00000377836,9606.ENSP00000379339,9606.ENSP00000379888,9606.ENSP00000385958,9606.ENSP00000388107,9606.ENSP00000393241,9606.ENSP00000409126,9606.ENSP00000414321,9606.ENSP00000424544,9606.ENSP00000429374,9606.ENSP00000435096,9606.ENSP00000435777,9606.ENSP00000466010,9606.ENSP00000470972,9606.ENSP00000472469,9606.ENSP00000472985,9606.ENSP00000495273,9606.ENSP00000498019,9606.ENSP00000499044","ST6GAL1,RPS12,TLR2,MAN2A1,CSNK1A1,NRP1,RPS11,RPS27A,RPS3,RPS23,NOD2,YWHAG,SDC2,VPS41,RPS15A,IL17RA,MGAT1,ANO9,LARP1,NLRP3,CAV1,RPS2,ZDHHC3,RPS3A,TJP1,TPR,GPC4,RPS4X,GPC5,RPS16,RPS6,SDC1,RPS9,G3BP1,GPC3,RPS29,RPS8,RPS14,UBA52,RPS18,ANO6,RPS24,TUSC3,RPS20,RPS25,RPS13,RPS15,RPS19,RPS28,RPS5,RPS7,RPS17,RPS27",2.69e-05,0.0012,"SARS-CoV-2 Infection"
"RCTM","HSA-9705683",39,199,9606,"9606.ENSP00000230050,9606.ENSP00000260010,9606.ENSP00000270625,9606.ENSP00000272317,9606.ENSP00000278572,9606.ENSP00000296674,9606.ENSP00000300589,9606.ENSP00000306330,9606.ENSP00000309457,9606.ENSP00000318646,9606.ENSP00000320936,9606.ENSP00000336721,9606.ENSP00000337383,9606.ENSP00000339191,9606.ENSP00000341885,9606.ENSP00000346050,9606.ENSP00000348416,9606.ENSP00000356448,9606.ENSP00000362744,9606.ENSP00000367806,9606.ENSP00000369757,9606.ENSP00000375632,9606.ENSP00000377681,9606.ENSP00000379339,9606.ENSP00000379888,9606.ENSP00000385958,9606.ENSP00000388107,9606.ENSP00000393241,9606.ENSP00000414321,9606.ENSP00000429374,9606.ENSP00000435096,9606.ENSP00000435777,9606.ENSP00000466010,9606.ENSP00000470972,9606.ENSP00000472469,9606.ENSP00000472985,9606.ENSP00000495273,9606.ENSP00000498019,9606.ENSP00000499044","RPS12,TLR2,RPS11,RPS27A,RPS3,RPS23,NOD2,YWHAG,VPS41,RPS15A,IL17RA,LARP1,NLRP3,CAV1,RPS2,RPS3A,TJP1,TPR,RPS4X,RPS16,RPS6,RPS9,G3BP1,RPS29,RPS8,RPS14,UBA52,RPS18,RPS24,RPS20,RPS25,RPS13,RPS15,RPS19,RPS28,RPS5,RPS7,RPS17,RPS27",6.46e-05,0.0029,"SARS-CoV-2-host interactions"
"RCTM","HSA-1430728",250,2092,9606,"9606.ENSP00000009041,9606.ENSP00000052754,9606.ENSP00000209668,9606.ENSP00000219599,9606.ENSP00000222115,9606.ENSP00000222247,9606.ENSP00000225430,9606.ENSP00000230050,9606.ENSP00000232219,9606.ENSP00000243077,9606.ENSP00000247225,9606.ENSP00000248923,9606.ENSP00000252595,9606.ENSP00000253382,9606.ENSP00000256104,9606.ENSP00000256178,9606.ENSP00000256682,9606.ENSP00000257770,9606.ENSP00000258662,9606.ENSP00000259469,9606.ENSP00000260402,9606.ENSP00000260447,9606.ENSP00000261622,9606.ENSP00000262584,9606.ENSP00000262741,9606.ENSP00000263253,9606.ENSP00000263278,9606.ENSP00000264409,9606.ENSP00000264867,9606.ENSP00000265563,9606.ENSP00000265970,9606.ENSP00000266718,9606.ENSP00000267615,9606.ENSP00000268182,9606.ENSP00000268720,9606.ENSP00000270625,9606.ENSP00000272203,9606.ENSP00000272317,9606.ENSP00000274242,9606.ENSP00000278572,9606.ENSP00000281928,9606.ENSP00000283871,9606.ENSP00000287713,9606.ENSP00000288050,9606.ENSP00000289575,9606.ENSP00000291572,9606.ENSP00000294117,9606.ENSP00000294189,9606.ENSP00000295897,9606.ENSP00000296674,9606.ENSP00000296861,9606.ENSP00000297347,9606.ENSP00000297679,9606.ENSP00000297785,9606.ENSP00000298223,9606.ENSP00000298229,9606.ENSP00000298545,9606.ENSP00000299697,9606.ENSP00000303192,9606.ENSP00000305692,9606.ENSP00000307046,9606.ENSP00000307889,9606.ENSP00000307900,9606.ENSP00000309270,9606.ENSP00000309334,9606.ENSP00000309591,9606.ENSP00000309830,9606.ENSP00000310149,9606.ENSP00000310657,9606.ENSP00000311648,9606.ENSP00000311833,9606.ENSP00000312021,9606.ENSP00000313681,9606.ENSP00000314036,9606.ENSP00000318646,9606.ENSP00000319531,9606.ENSP00000319636,9606.ENSP00000319788,9606.ENSP00000326424,9606.ENSP00000327453,9606.ENSP00000329452,9606.ENSP00000330606,9606.ENSP00000330918,9606.ENSP00000333019,9606.ENSP00000333292,9606.ENSP00000338030,9606.ENSP00000339191,9606.ENSP00000339795,9606.ENSP00000341885,9606.ENSP00000342793,9606.ENSP00000345464,9606.ENSP00000345988,9606.ENSP00000346001,9606.ENSP00000346015,9606.ENSP00000346027,9606.ENSP00000346037,9606.ENSP00000346050,9606.ENSP00000346088,9606.ENSP00000346196,9606.ENSP00000346634,9606.ENSP00000346659,9606.ENSP00000346693,9606.ENSP00000348459,9606.ENSP00000350224,9606.ENSP00000352097,9606.ENSP00000353332,9606.ENSP00000354357,9606.ENSP00000354468,9606.ENSP00000354499,9606.ENSP00000354554,9606.ENSP00000354612,9606.ENSP00000354632,9606.ENSP00000354687,9606.ENSP00000354739,9606.ENSP00000354813,9606.ENSP00000354829,9606.ENSP00000354876,9606.ENSP00000354961,9606.ENSP00000354982,9606.ENSP00000355046,9606.ENSP00000355206,9606.ENSP00000355315,9606.ENSP00000355377,9606.ENSP00000355880,9606.ENSP00000355996,9606.ENSP00000356448,9606.ENSP00000356545,9606.ENSP00000357907,9606.ENSP00000358719,9606.ENSP00000358831,9606.ENSP00000359345,9606.ENSP00000359864,9606.ENSP00000360561,9606.ENSP00000360687,9606.ENSP00000360938,9606.ENSP00000361076,9606.ENSP00000361894,9606.ENSP00000361895,9606.ENSP00000362298,9606.ENSP00000362744,9606.ENSP00000363018,9606.ENSP00000363397,9606.ENSP00000363868,9606.ENSP00000364711,9606.ENSP00000364949,9606.ENSP00000365770,9606.ENSP00000366267,9606.ENSP00000367806,9606.ENSP00000367872,9606.ENSP00000367938,9606.ENSP00000368572,9606.ENSP00000368605,9606.ENSP00000369131,9606.ENSP00000369757,9606.ENSP00000370129,9606.ENSP00000370542,9606.ENSP00000370639,9606.ENSP00000371307,9606.ENSP00000373153,9606.ENSP00000374218,9606.ENSP00000374265,9606.ENSP00000375632,9606.ENSP00000375730,9606.ENSP00000376293,9606.ENSP00000376456,9606.ENSP00000376886,9606.ENSP00000377492,9606.ENSP00000377640,9606.ENSP00000377668,9606.ENSP00000377724,9606.ENSP00000377836,9606.ENSP00000378163,9606.ENSP00000378394,9606.ENSP00000379339,9606.ENSP00000379506,9606.ENSP00000379512,9606.ENSP00000379802,9606.ENSP00000379804,9606.ENSP00000379888,9606.ENSP00000380271,9606.ENSP00000380352,9606.ENSP00000381340,9606.ENSP00000381968,9606.ENSP00000384018,9606.ENSP00000385958,9606.ENSP00000386717,9606.ENSP00000387683,9606.ENSP00000388107,9606.ENSP00000388293,9606.ENSP00000389103,9606.ENSP00000393241,9606.ENSP00000396345,9606.ENSP00000400101,9606.ENSP00000400887,9606.ENSP00000401720,9606.ENSP00000401853,9606.ENSP00000402608,9606.ENSP00000403077,9606.ENSP00000403172,9606.ENSP00000404296,9606.ENSP00000406157,9606.ENSP00000407193,9606.ENSP00000411613,9606.ENSP00000413436,9606.ENSP00000414321,9606.ENSP00000416429,9606.ENSP00000417659,9606.ENSP00000418082,9606.ENSP00000419692,9606.ENSP00000420311,9606.ENSP00000422793,9606.ENSP00000428085,9606.ENSP00000429374,9606.ENSP00000430269,9606.ENSP00000431240,9606.ENSP00000435096,9606.ENSP00000435777,9606.ENSP00000440077,9606.ENSP00000440689,9606.ENSP00000445440,9606.ENSP00000447001,9606.ENSP00000449253,9606.ENSP00000452763,9606.ENSP00000454071,9606.ENSP00000463784,9606.ENSP00000464342,9606.ENSP00000464813,9606.ENSP00000466010,9606.ENSP00000466775,9606.ENSP00000470972,9606.ENSP00000472469,9606.ENSP00000472985,9606.ENSP00000477707,9606.ENSP00000478061,9606.ENSP00000480703,9606.ENSP00000481912,9606.ENSP00000482232,9606.ENSP00000482543,9606.ENSP00000486357,9606.ENSP00000494147,9606.ENSP00000494697,9606.ENSP00000495273,9606.ENSP00000495672,9606.ENSP00000496250,9606.ENSP00000497642,9606.ENSP00000498019,9606.ENSP00000498074,9606.ENSP00000499044,9606.ENSP00000500411,9606.ENSP00000501053","STARD3NL,DCN,ADH1A,CRYM,HAS1,RPL18A,RPL19,RPS12,RBP1,LRP1,SGPP1,GGT1,SLC27A1,ACSS2,FABP4,LYVE1,ARF3,NT5E,NUDT15,RPL35,PLCB2,GCHFR,SLC7A5,RPL8,PIK3R3,EP300,HSD17B14,GPAT3,PPARGC1A,PRKAR2A,PIK3C2A,LUM,ITPK1,IQGAP1,CPNE7,RPS11,PLEKHA6,RPS27A,RPL37,RPS3,MED13L,HGD,NMNAT2,PDPR,SLCO2B1,AGPAT3,GNG3,RPL29,ALB,RPS23,TNFRSF21,MED30,HSD3B7,ALDH1A1,FOLR2,INPPL1,AK8,TK2,RGL1,GAA,SDC2,RPL13,GLUL,CHST1,RPL15,PRKACA,RPL38,CYP2W1,NDST2,UGT8,SLC37A2,FUT1,SPHK1,AGPAT4,RPS15A,GCSH,B3GNT4,NQO1,NADSYN1,ACSM2B,SLC25A21,HS3ST4,PGP,ADSS1,SPNS2,STARD7,CAV1,RPL7,RPS2,PLD1,NHLRC1,PLCH1,RPL3,RPL27A,RPL21,RPLP1,RPS3A,RPL22,NDUFV3,THRAP3,OCA2,ELOVL2,ACMSD,BMX,SPTSSB,RTEL1,GSTM3,CYB5R3,MT-CO1,MT-CYB,PTGS1,MT-ATP6,MT-ND1,RPL12,MT-ND5,SGMS1,MT-CO2,MT-ND4,MT-CO3,MT-ND2,MT-ND3,RPL39,AKR7A3,MARC2,G0S2,TPR,CACNA1E,CDK19,ME1,ELOVL4,RPL5,GPC4,ENTPD8,PTGDS,SARDH,RPL7A,GNMT,MFSD2A,SGPL1,RPS4X,RPL10A,UGCG,ABCA1,OGN,DDAH2,MTHFR,GPC5,RPS16,GNB1,COX7A2L,SAT1,ACOT9,SIN3B,RPS6,AKR1C2,SDC1,ASMT,PLPP6,HACD2,ESYT3,GPX2,RPS9,RPL13A,OSBPL6,B3GALT1,NME2,HMMR,RPL24,SUOX,ORMDL3,GPC3,RPL34,PSAP,RPS29,RPL14,MGST1,AMPD3,OSBPL10,RPS8,RAPGEF4,DDHD2,GGT5,SPTLC3,NCOR2,RPS14,RPL31,UGT2B11,UBA52,TSTD1,RPL23A,RPS18,CHD9,SLC25A13,PPIP5K1,GK,HYAL2,CPS1,VKORC1L1,RPL6,PLEKHA5,PAPSS2,ARSG,AOC1,RPL10,RPS24,RPL32,PPM1L,RPL37A,RXRA,RPL23,INPP4B,RPL30,RPS20,EPHX2,RPLP2,RPS25,RPS13,CPNE6,CYP2E1,PHKG1,RPL18,KCNC2,RPL28,LDLR,RPL26,RPL36,RPL27,RPS15,APOC2,RPS19,RPS28,RPS5,NR1H3,MARCKS,SLC46A1,CHST12,CGA,NDUFA6,PPIP5K2,DSE,RPL9,RPS7,RPL35A,RPL11,LPL,RPS17,ENPP1,RPS27,SAMD8,ADCY7",1e-04,0.0046,"Metabolism"
"RCTM","HSA-6798695",73,476,9606,"9606.ENSP00000161559,9606.ENSP00000205636,9606.ENSP00000211998,9606.ENSP00000215832,9606.ENSP00000233997,9606.ENSP00000234347,9606.ENSP00000236671,9606.ENSP00000243298,9606.ENSP00000245620,9606.ENSP00000246006,9606.ENSP00000247153,9606.ENSP00000248598,9606.ENSP00000258418,9606.ENSP00000260010,9606.ENSP00000260408,9606.ENSP00000260818,9606.ENSP00000261023,9606.ENSP00000261942,9606.ENSP00000262629,9606.ENSP00000262768,9606.ENSP00000264649,9606.ENSP00000264710,9606.ENSP00000268182,9606.ENSP00000271450,9606.ENSP00000284509,9606.ENSP00000289902,9606.ENSP00000295683,9606.ENSP00000297290,9606.ENSP00000305692,9606.ENSP00000307940,9606.ENSP00000309124,9606.ENSP00000319635,9606.ENSP00000326706,9606.ENSP00000329757,9606.ENSP00000339063,9606.ENSP00000340648,9606.ENSP00000342082,9606.ENSP00000342793,9606.ENSP00000345672,9606.ENSP00000347714,9606.ENSP00000354468,9606.ENSP00000356016,9606.ENSP00000358824,9606.ENSP00000360871,9606.ENSP00000364635,9606.ENSP00000366525,9606.ENSP00000367220,9606.ENSP00000367851,9606.ENSP00000371084,9606.ENSP00000375629,9606.ENSP00000376886,9606.ENSP00000377724,9606.ENSP00000378394,9606.ENSP00000379512,9606.ENSP00000379802,9606.ENSP00000400010,9606.ENSP00000409126,9606.ENSP00000411613,9606.ENSP00000418525,9606.ENSP00000420387,9606.ENSP00000438399,9606.ENSP00000442318,9606.ENSP00000443654,9606.ENSP00000451206,9606.ENSP00000457421,9606.ENSP00000461945,9606.ENSP00000468897,9606.ENSP00000471493,9606.ENSP00000476145,9606.ENSP00000478763,9606.ENSP00000479089,9606.ENSP00000496959,9606.ENSP00000498879","CEACAM1,CMTM6,VCL,MAPK1,AZU1,PRTN3,CTSD,RAB9B,LILRB3,CD93,CFP,FGL2,CAB39,TLR2,ADAM10,DNAJC13,ITGAV,FAF2,TYROBP,TIMP2,ATP6V0A1,RAB10,IQGAP1,FCGR2A,ATP8B4,FCER1G,CXCR1,BRI3,GAA,EEF2,OLR1,CXCR2,PLEKHO2,ATP6V0C,EEF1A1,HUWE1,SLPI,PLD1,CTSB,FCAR,CYB5R3,CR1,DNASE1L1,FCN1,PADI2,FTL,ACTR2,CYBB,ATP8A1,LILRB2,NME2,ORMDL3,PSAP,MGST1,AMPD3,PTPRJ,ANO6,AOC1,MME,ATP11A,IST1,CAND1,TBC1D10C,NPC2,PECAM1,RAB31,FPR2,FPR1,FRK,SIRPA,OSCAR,ITGAM,CD59",0.00011,0.0048,"Neutrophil degranulation"
"RCTM","HSA-76002",46,260,9606,"9606.ENSP00000168148,9606.ENSP00000211998,9606.ENSP00000215832,9606.ENSP00000221930,9606.ENSP00000242465,9606.ENSP00000248437,9606.ENSP00000249842,9606.ENSP00000262094,9606.ENSP00000262741,9606.ENSP00000263125,9606.ENSP00000264870,9606.ENSP00000265171,9606.ENSP00000266085,9606.ENSP00000273814,9606.ENSP00000275364,9606.ENSP00000289902,9606.ENSP00000294117,9606.ENSP00000295897,9606.ENSP00000297056,9606.ENSP00000297268,9606.ENSP00000307259,9606.ENSP00000310244,9606.ENSP00000311300,9606.ENSP00000315130,9606.ENSP00000316029,9606.ENSP00000317714,9606.ENSP00000321326,9606.ENSP00000323929,9606.ENSP00000329127,9606.ENSP00000360916,9606.ENSP00000367872,9606.ENSP00000368966,9606.ENSP00000369702,9606.ENSP00000370010,9606.ENSP00000378394,9606.ENSP00000378845,9606.ENSP00000380271,9606.ENSP00000393333,9606.ENSP00000418009,9606.ENSP00000428924,9606.ENSP00000450731,9606.ENSP00000457421,9606.ENSP00000467141,9606.ENSP00000477713,9606.ENSP00000480573,9606.ENSP00000497691","SPP2,VCL,MAPK1,TGFB1,SRGN,TUBA4A,ISLR,RAB27B,PIK3R3,PRKCQ,F13A1,EGF,TIMP3,DGKQ,GNA12,FCER1G,GNG3,ALB,DAGLB,COL1A2,P2RY12,RASGRP1,CTSW,CLU,TLN1,STX4,F2R,A2M,PRKCH,VAV2,GNB1,TRPC3,LHFPL2,TMSB4X,PSAP,LAT,RAPGEF4,TBXA2R,RARRES2,LYN,VTI1B,PECAM1,TTN,LCK,ADRA2B,APLP2",0.00013,0.0055,"Platelet activation, signaling and aggregation"
"RCTM","HSA-500792",70,459,9606,"9606.ENSP00000054668,9606.ENSP00000171757,9606.ENSP00000176195,9606.ENSP00000219244,9606.ENSP00000222462,9606.ENSP00000225842,9606.ENSP00000245457,9606.ENSP00000246115,9606.ENSP00000253796,9606.ENSP00000254661,9606.ENSP00000256010,9606.ENSP00000258400,9606.ENSP00000258411,9606.ENSP00000262178,9606.ENSP00000264634,9606.ENSP00000272164,9606.ENSP00000290015,9606.ENSP00000291294,9606.ENSP00000292174,9606.ENSP00000293778,9606.ENSP00000294117,9606.ENSP00000294954,9606.ENSP00000295683,9606.ENSP00000296140,9606.ENSP00000299178,9606.ENSP00000301908,9606.ENSP00000302724,9606.ENSP00000303424,9606.ENSP00000305416,9606.ENSP00000307259,9606.ENSP00000308815,9606.ENSP00000310405,9606.ENSP00000319635,9606.ENSP00000319883,9606.ENSP00000321326,9606.ENSP00000329684,9606.ENSP00000333821,9606.ENSP00000337128,9606.ENSP00000340526,9606.ENSP00000343428,9606.ENSP00000344411,9606.ENSP00000349003,9606.ENSP00000350256,9606.ENSP00000352427,9606.ENSP00000354652,9606.ENSP00000356094,9606.ENSP00000356162,9606.ENSP00000356792,9606.ENSP00000362795,9606.ENSP00000363596,9606.ENSP00000366233,9606.ENSP00000367872,9606.ENSP00000370372,9606.ENSP00000375093,9606.ENSP00000378394,9606.ENSP00000380247,9606.ENSP00000384906,9606.ENSP00000393333,9606.ENSP00000431719,9606.ENSP00000437737,9606.ENSP00000440556,9606.ENSP00000449716,9606.ENSP00000468897,9606.ENSP00000471493,9606.ENSP00000472620,9606.ENSP00000474412,9606.ENSP00000480012,9606.ENSP00000480573,9606.ENSP00000482232,9606.ENSP00000483110","UTS2,P2RY10,SCT,CCL17,WNT16,CCL1,PTGER2,S1PR4,RAMP2,RAMP1,NTS,HTR2B,WNT10A,VIPR2,WNT5A,WNT9A,WNT9B,PTGIR,CXCR5,CXCL16,GNG3,LHCGR,CXCR1,CCR1,AVPR1A,PNOC,INSL5,PTGDR,S1PR1,P2RY12,CCL19,XCR1,CXCR2,ADGRE2,F2R,GALR2,MC2R,EDN3,UTS2B,GPR18,TAS1R3,PTGER3,CCR9,RGR,NPY1R,AVPR1B,KISS1,XCL1,CXCR3,CNR2,GABBR1,GNB1,NLN,TAS2R31,PSAP,HRH1,SAA1,TBXA2R,TAS2R43,HTR2A,GRM4,CMKLR1,FPR2,FPR1,C5AR2,CCL5,ADORA2A,ADRA2B,CGA,TAC3",0.00018,0.0074,"GPCR ligand binding"
"RCTM","HSA-168249",135,1041,9606,"9606.ENSP00000011653,9606.ENSP00000161559,9606.ENSP00000205636,9606.ENSP00000211998,9606.ENSP00000215832,9606.ENSP00000233997,9606.ENSP00000234310,9606.ENSP00000234347,9606.ENSP00000236671,9606.ENSP00000240100,9606.ENSP00000242140,9606.ENSP00000243298,9606.ENSP00000243611,9606.ENSP00000244709,9606.ENSP00000245620,9606.ENSP00000246006,9606.ENSP00000247153,9606.ENSP00000248598,9606.ENSP00000250693,9606.ENSP00000258418,9606.ENSP00000260010,9606.ENSP00000260408,9606.ENSP00000260818,9606.ENSP00000261023,9606.ENSP00000261942,9606.ENSP00000262629,9606.ENSP00000262768,9606.ENSP00000263125,9606.ENSP00000263253,9606.ENSP00000263708,9606.ENSP00000264316,9606.ENSP00000264553,9606.ENSP00000264649,9606.ENSP00000264710,9606.ENSP00000267460,9606.ENSP00000268182,9606.ENSP00000271450,9606.ENSP00000272317,9606.ENSP00000279488,9606.ENSP00000284509,9606.ENSP00000289902,9606.ENSP00000292169,9606.ENSP00000295683,9606.ENSP00000297290,9606.ENSP00000299367,9606.ENSP00000300134,9606.ENSP00000300589,9606.ENSP00000302569,9606.ENSP00000305692,9606.ENSP00000307940,9606.ENSP00000308925,9606.ENSP00000309124,9606.ENSP00000309591,9606.ENSP00000310244,9606.ENSP00000313419,9606.ENSP00000315130,9606.ENSP00000315477,9606.ENSP00000317955,9606.ENSP00000319635,9606.ENSP00000320924,9606.ENSP00000326706,9606.ENSP00000329757,9606.ENSP00000330696,9606.ENSP00000337383,9606.ENSP00000339063,9606.ENSP00000340648,9606.ENSP00000342082,9606.ENSP00000342793,9606.ENSP00000345083,9606.ENSP00000345672,9606.ENSP00000347714,9606.ENSP00000354468,9606.ENSP00000354782,9606.ENSP00000356016,9606.ENSP00000356024,9606.ENSP00000357112,9606.ENSP00000358824,9606.ENSP00000360871,9606.ENSP00000360916,9606.ENSP00000363089,9606.ENSP00000364635,9606.ENSP00000366525,9606.ENSP00000367220,9606.ENSP00000367851,9606.ENSP00000371084,9606.ENSP00000375629,9606.ENSP00000376886,9606.ENSP00000377724,9606.ENSP00000378394,9606.ENSP00000378845,9606.ENSP00000379512,9606.ENSP00000379612,9606.ENSP00000379802,9606.ENSP00000382177,9606.ENSP00000384906,9606.ENSP00000385035,9606.ENSP00000388107,9606.ENSP00000392553,9606.ENSP00000396467,9606.ENSP00000398655,9606.ENSP00000400010,9606.ENSP00000409126,9606.ENSP00000411613,9606.ENSP00000414350,9606.ENSP00000415536,9606.ENSP00000418525,9606.ENSP00000420387,9606.ENSP00000424501,9606.ENSP00000428924,9606.ENSP00000430282,9606.ENSP00000431445,9606.ENSP00000438399,9606.ENSP00000442318,9606.ENSP00000443654,9606.ENSP00000451206,9606.ENSP00000453095,9606.ENSP00000457421,9606.ENSP00000461945,9606.ENSP00000468348,9606.ENSP00000468897,9606.ENSP00000471457,9606.ENSP00000471493,9606.ENSP00000472620,9606.ENSP00000474135,9606.ENSP00000476145,9606.ENSP00000477713,9606.ENSP00000478763,9606.ENSP00000479089,9606.ENSP00000479719,9606.ENSP00000479844,9606.ENSP00000496355,9606.ENSP00000496959,9606.ENSP00000497997,9606.ENSP00000498321,9606.ENSP00000498879","CD4,CEACAM1,CMTM6,VCL,MAPK1,AZU1,PPP3R1,PRTN3,CTSD,DUSP4,WIPF3,RAB9B,C4BPB,TREM1,LILRB3,CD93,CFP,FGL2,ART1,CAB39,TLR2,ADAM10,DNAJC13,ITGAV,FAF2,TYROBP,TIMP2,PRKCQ,EP300,PTPN4,TXK,GZMM,ATP6V0A1,RAB10,PELI2,IQGAP1,FCGR2A,RPS27A,DUSP6,ATP8B4,FCER1G,S100A1,CXCR1,BRI3,C2,STAT6,NOD2,CLEC7A,GAA,EEF2,TLR10,OLR1,PRKACA,RASGRP1,CD19,CLU,CD209,EEA1,CXCR2,WIPF2,PLEKHO2,ATP6V0C,P2RX7,NLRP3,EEF1A1,HUWE1,SLPI,PLD1,MAP2K3,CTSB,FCAR,CYB5R3,CD247,CR1,CR2,AIM2,DNASE1L1,FCN1,VAV2,TLR4,PADI2,FTL,ACTR2,CYBB,ATP8A1,LILRB2,NME2,ORMDL3,PSAP,LAT,MGST1,TAX1BP1,AMPD3,MYO5A,SAA1,C1S,UBA52,PLPP5,MAPKAPK3,ITK,PTPRJ,ANO6,AOC1,MUC20,POLR2H,MME,ATP11A,HTN1,LYN,ATP6V1C1,CD3G,IST1,CAND1,TBC1D10C,NPC2,MEF2A,PECAM1,RAB31,MAP2K6,FPR2,MYO9B,FPR1,C5AR2,IGHV3-11,FRK,LCK,SIRPA,OSCAR,CYFIP2,RASGRP4,TLR5,ITGAM,MALT1,MYD88,CD59",0.00026,0.0106,"Innate Immune System"
"RCTM","HSA-373076",53,326,9606,"9606.ENSP00000054668,9606.ENSP00000171757,9606.ENSP00000219244,9606.ENSP00000225842,9606.ENSP00000245457,9606.ENSP00000246115,9606.ENSP00000256010,9606.ENSP00000258400,9606.ENSP00000291294,9606.ENSP00000292174,9606.ENSP00000293778,9606.ENSP00000294954,9606.ENSP00000295683,9606.ENSP00000296140,9606.ENSP00000299178,9606.ENSP00000301908,9606.ENSP00000302724,9606.ENSP00000303424,9606.ENSP00000305416,9606.ENSP00000307259,9606.ENSP00000308815,9606.ENSP00000310405,9606.ENSP00000319635,9606.ENSP00000321326,9606.ENSP00000329684,9606.ENSP00000333821,9606.ENSP00000337128,9606.ENSP00000340526,9606.ENSP00000343428,9606.ENSP00000349003,9606.ENSP00000350256,9606.ENSP00000352427,9606.ENSP00000354652,9606.ENSP00000356094,9606.ENSP00000356162,9606.ENSP00000356792,9606.ENSP00000362795,9606.ENSP00000363596,9606.ENSP00000370372,9606.ENSP00000378394,9606.ENSP00000380247,9606.ENSP00000384906,9606.ENSP00000393333,9606.ENSP00000437737,9606.ENSP00000449716,9606.ENSP00000468897,9606.ENSP00000471493,9606.ENSP00000472620,9606.ENSP00000474412,9606.ENSP00000480012,9606.ENSP00000480573,9606.ENSP00000482232,9606.ENSP00000483110","UTS2,P2RY10,CCL17,CCL1,PTGER2,S1PR4,NTS,HTR2B,PTGIR,CXCR5,CXCL16,LHCGR,CXCR1,CCR1,AVPR1A,PNOC,INSL5,PTGDR,S1PR1,P2RY12,CCL19,XCR1,CXCR2,F2R,GALR2,MC2R,EDN3,UTS2B,GPR18,PTGER3,CCR9,RGR,NPY1R,AVPR1B,KISS1,XCL1,CXCR3,CNR2,NLN,PSAP,HRH1,SAA1,TBXA2R,HTR2A,CMKLR1,FPR2,FPR1,C5AR2,CCL5,ADORA2A,ADRA2B,CGA,TAC3",0.00027,0.011,"Class A/1 (Rhodopsin-like receptors)"
"RCTM","HSA-392499",227,1917,9606,"9606.ENSP00000168148,9606.ENSP00000169298,9606.ENSP00000216338,9606.ENSP00000220849,9606.ENSP00000221930,9606.ENSP00000222247,9606.ENSP00000225430,9606.ENSP00000225916,9606.ENSP00000227756,9606.ENSP00000230050,9606.ENSP00000233336,9606.ENSP00000233813,9606.ENSP00000236671,9606.ENSP00000242208,9606.ENSP00000243298,9606.ENSP00000243786,9606.ENSP00000244537,9606.ENSP00000247153,9606.ENSP00000248437,9606.ENSP00000252318,9606.ENSP00000253108,9606.ENSP00000256151,9606.ENSP00000256682,9606.ENSP00000259469,9606.ENSP00000260408,9606.ENSP00000261483,9606.ENSP00000261497,9606.ENSP00000261813,9606.ENSP00000262094,9606.ENSP00000262394,9606.ENSP00000262406,9606.ENSP00000262584,9606.ENSP00000263253,9606.ENSP00000264710,9606.ENSP00000264867,9606.ENSP00000265000,9606.ENSP00000265431,9606.ENSP00000266000,9606.ENSP00000268070,9606.ENSP00000269856,9606.ENSP00000270625,9606.ENSP00000272317,9606.ENSP00000274242,9606.ENSP00000274457,9606.ENSP00000274793,9606.ENSP00000278572,9606.ENSP00000282849,9606.ENSP00000284440,9606.ENSP00000286657,9606.ENSP00000286918,9606.ENSP00000290649,9606.ENSP00000290921,9606.ENSP00000291574,9606.ENSP00000294117,9606.ENSP00000294189,9606.ENSP00000295633,9606.ENSP00000295897,9606.ENSP00000296674,9606.ENSP00000296930,9606.ENSP00000298223,9606.ENSP00000299164,9606.ENSP00000300589,9606.ENSP00000301263,9606.ENSP00000301420,9606.ENSP00000301464,9606.ENSP00000301633,9606.ENSP00000303158,9606.ENSP00000303208,9606.ENSP00000303373,9606.ENSP00000304133,9606.ENSP00000307046,9606.ENSP00000307078,9606.ENSP00000307298,9606.ENSP00000307889,9606.ENSP00000307940,9606.ENSP00000308339,9606.ENSP00000309334,9606.ENSP00000309830,9606.ENSP00000311579,9606.ENSP00000312673,9606.ENSP00000313007,9606.ENSP00000313681,9606.ENSP00000314500,9606.ENSP00000314615,9606.ENSP00000318147,9606.ENSP00000318197,9606.ENSP00000318646,9606.ENSP00000319636,9606.ENSP00000325527,9606.ENSP00000327213,9606.ENSP00000330631,9606.ENSP00000332073,9606.ENSP00000337053,9606.ENSP00000337383,9606.ENSP00000339063,9606.ENSP00000339157,9606.ENSP00000339795,9606.ENSP00000341885,9606.ENSP00000344479,9606.ENSP00000346001,9606.ENSP00000346015,9606.ENSP00000346027,9606.ENSP00000346037,9606.ENSP00000346050,9606.ENSP00000346088,9606.ENSP00000347484,9606.ENSP00000348838,9606.ENSP00000350331,9606.ENSP00000350364,9606.ENSP00000351905,9606.ENSP00000352163,9606.ENSP00000354739,9606.ENSP00000354957,9606.ENSP00000355315,9606.ENSP00000355523,9606.ENSP00000355566,9606.ENSP00000355751,9606.ENSP00000356448,9606.ENSP00000357048,9606.ENSP00000357453,9606.ENSP00000359345,9606.ENSP00000361076,9606.ENSP00000361084,9606.ENSP00000362744,9606.ENSP00000363018,9606.ENSP00000363330,9606.ENSP00000367806,9606.ENSP00000367872,9606.ENSP00000368592,9606.ENSP00000368632,9606.ENSP00000368799,9606.ENSP00000369757,9606.ENSP00000370695,9606.ENSP00000371936,9606.ENSP00000372313,9606.ENSP00000373364,9606.ENSP00000375632,9606.ENSP00000375730,9606.ENSP00000375951,9606.ENSP00000376055,9606.ENSP00000376337,9606.ENSP00000376808,9606.ENSP00000377640,9606.ENSP00000377836,9606.ENSP00000378163,9606.ENSP00000378517,9606.ENSP00000379339,9606.ENSP00000379506,9606.ENSP00000379721,9606.ENSP00000379888,9606.ENSP00000379904,9606.ENSP00000382177,9606.ENSP00000382382,9606.ENSP00000384018,9606.ENSP00000384823,9606.ENSP00000384906,9606.ENSP00000385958,9606.ENSP00000386104,9606.ENSP00000386443,9606.ENSP00000386717,9606.ENSP00000387077,9606.ENSP00000387286,9606.ENSP00000388107,9606.ENSP00000389103,9606.ENSP00000389588,9606.ENSP00000392495,9606.ENSP00000393241,9606.ENSP00000394331,9606.ENSP00000403172,9606.ENSP00000407193,9606.ENSP00000408979,9606.ENSP00000411532,9606.ENSP00000413001,9606.ENSP00000413156,9606.ENSP00000413436,9606.ENSP00000414321,9606.ENSP00000414350,9606.ENSP00000414856,9606.ENSP00000414906,9606.ENSP00000416429,9606.ENSP00000417583,9606.ENSP00000418082,9606.ENSP00000418525,9606.ENSP00000419692,9606.ENSP00000420311,9606.ENSP00000423897,9606.ENSP00000424544,9606.ENSP00000428085,9606.ENSP00000429374,9606.ENSP00000431240,9606.ENSP00000431800,9606.ENSP00000435096,9606.ENSP00000435619,9606.ENSP00000435777,9606.ENSP00000437955,9606.ENSP00000442318,9606.ENSP00000447001,9606.ENSP00000447297,9606.ENSP00000447942,9606.ENSP00000452763,9606.ENSP00000461945,9606.ENSP00000463784,9606.ENSP00000464342,9606.ENSP00000464813,9606.ENSP00000466010,9606.ENSP00000470262,9606.ENSP00000470972,9606.ENSP00000472469,9606.ENSP00000472985,9606.ENSP00000476369,9606.ENSP00000477707,9606.ENSP00000478474,9606.ENSP00000479762,9606.ENSP00000480012,9606.ENSP00000482202,9606.ENSP00000482232,9606.ENSP00000491546,9606.ENSP00000494697,9606.ENSP00000495273,9606.ENSP00000495672,9606.ENSP00000496250,9606.ENSP00000496564,9606.ENSP00000497691,9606.ENSP00000498019,9606.ENSP00000498879,9606.ENSP00000499044,9606.ENSP00000500990","SPP2,ST6GAL1,GZMH,EIF3E,TGFB1,RPL18A,RPL19,KAT2A,GALNT18,RPS12,TTL,IGFBP5,CTSD,INHBA,RAB9B,INHA,H4C6,CFP,TUBA4A,GALNT8,EIF3G,CCDC59,ARF3,RPL35,ADAM10,MAN2A1,USP22,PFDN1,RAB27B,WSB1,RGS9,RPL8,EP300,RAB10,PPARGC1A,GALNT7,CALB1,DAXX,ADAMTS17,FEM1A,RPS11,RPS27A,RPL37,FEM1C,PLA2G7,RPS3,ADAMTS18,UCHL1,ADAMTS3,ANKRD9,AMFR,CTBP1,TRAPPC10,GNG3,RPL29,FSTL1,ALB,RPS23,NPM1,FOLR2,ADAMTS15,NOD2,LY6D,KLK1,IGFBP6,BIRC5,CCDC8,PCSK9,H2AC8,SCG2,SDC2,KIF5B,FEM1B,RPL13,EEF2,SEC16B,RPL15,RPL38,TNKS,GH1,PABPC1,SPHK1,GALNT14,ARFGAP1,EDEM3,TUBA3E,RPS15A,B3GNT4,FBN1,NRIP1,RTN4RL1,MGAT1,SEL1L,NLRP3,EEF1A1,CPM,RPL7,RPS2,NR4A2,RPL3,RPL27A,RPL21,RPLP1,RPS3A,RPL22,THSD4,UBE2C,ASB13,NEGR1,TGFBR2,LYPD2,RPL12,SMC5,RPL39,RGS7,TOMM20,THBS2,TPR,COPA,MAN1A1,RPL5,RPL7A,MRPL14,RPS4X,RPL10A,CD52,RPS16,GNB1,TTLL10,GATA3,KBTBD6,RPS6,EXOC1,SEMA5A,MSLN,GOLM1,RPS9,RPL13A,TTLL4,EEF1B2,BTBD6,CUL5,RPL24,GPC3,RPL34,SPP1,RPS29,RPL14,USP8,RPS8,THRB,MYO5A,USP47,NCOR2,FBXO11,SAA1,RPS14,CPE,TGOLN2,RPL31,LYPD6B,RAB1A,UBA52,RPL23A,SEMA5B,TRAPPC2,RPS18,COMMD5,RPL6,ARSG,KIF5A,TOP2A,AGBL1,RAB34,RPL10,RPS24,MUC20,SPARCL1,DCTN4,RPL32,ST6GALNAC5,RPL37A,MME,RXRA,RPL23,KLHL5,TUSC3,RPL30,RPS20,RPLP2,EIF3F,RPS25,EID3,RPS13,HIF1A,CAND1,RPL18,TGFBR1,PFDN5,RPL28,RAB31,RPL26,RPL36,RPL27,RPS15,TRAPPC5,RPS19,RPS28,RPS5,FBXW2,NR1H3,UBE2F,RAB7B,ADORA2A,PIGW,CGA,RAB42,RPL9,RPS7,RPL35A,RPL11,OTOA,APLP2,RPS17,CD59,RPS27,SNCA",0.00036,0.0142,"Metabolism of proteins"
"RCTM","HSA-9013149",34,183,9606,"9606.ENSP00000216373,9606.ENSP00000242140,9606.ENSP00000250617,9606.ENSP00000260283,9606.ENSP00000260526,9606.ENSP00000262741,9606.ENSP00000264245,9606.ENSP00000268182,9606.ENSP00000299505,9606.ENSP00000310491,9606.ENSP00000320924,9606.ENSP00000335560,9606.ENSP00000338258,9606.ENSP00000339191,9606.ENSP00000342793,9606.ENSP00000351318,9606.ENSP00000358857,9606.ENSP00000359552,9606.ENSP00000360916,9606.ENSP00000361009,9606.ENSP00000367851,9606.ENSP00000368994,9606.ENSP00000376306,9606.ENSP00000379709,9606.ENSP00000380185,9606.ENSP00000392906,9606.ENSP00000394888,9606.ENSP00000403323,9606.ENSP00000412461,9606.ENSP00000418232,9606.ENSP00000427562,9606.ENSP00000459615,9606.ENSP00000471457,9606.ENSP00000479719","SOS2,WIPF3,ARHGEF6,ARHGAP20,ARHGAP29,PIK3R3,ARHGAP31,IQGAP1,KIAA0355,ARHGAP1,WIPF2,ARHGEF25,CDC42EP4,CAV1,PLD1,PLEKHG1,EMD,PKN2,VAV2,PREX1,CYBB,ARHGAP44,CIT,ARHGAP21,PLEKHG6,PLEKHG2,DOCK8,ARHGAP27,ARHGAP22,NISCH,ABL2,SRGAP2,MYO9B,CYFIP2",0.00043,0.0168,"RAC1 GTPase cycle"
"RCTM","HSA-1280218",102,758,9606,"9606.ENSP00000011653,9606.ENSP00000085219,9606.ENSP00000203629,9606.ENSP00000221972,9606.ENSP00000227348,9606.ENSP00000229402,9606.ENSP00000234310,9606.ENSP00000236671,9606.ENSP00000244709,9606.ENSP00000245620,9606.ENSP00000248437,9606.ENSP00000259089,9606.ENSP00000260010,9606.ENSP00000261023,9606.ENSP00000261340,9606.ENSP00000262394,9606.ENSP00000262629,9606.ENSP00000262741,9606.ENSP00000262903,9606.ENSP00000263125,9606.ENSP00000264346,9606.ENSP00000266551,9606.ENSP00000272317,9606.ENSP00000284878,9606.ENSP00000290650,9606.ENSP00000292169,9606.ENSP00000295756,9606.ENSP00000296181,9606.ENSP00000297268,9606.ENSP00000300692,9606.ENSP00000307078,9606.ENSP00000307513,9606.ENSP00000309591,9606.ENSP00000310244,9606.ENSP00000313419,9606.ENSP00000315477,9606.ENSP00000317714,9606.ENSP00000318197,9606.ENSP00000321077,9606.ENSP00000325525,9606.ENSP00000336769,9606.ENSP00000339826,9606.ENSP00000340648,9606.ENSP00000341141,9606.ENSP00000342114,9606.ENSP00000342156,9606.ENSP00000345672,9606.ENSP00000348635,9606.ENSP00000348838,9606.ENSP00000350199,9606.ENSP00000350331,9606.ENSP00000351926,9606.ENSP00000354566,9606.ENSP00000354775,9606.ENSP00000354782,9606.ENSP00000357036,9606.ENSP00000360181,9606.ENSP00000363089,9606.ENSP00000363390,9606.ENSP00000363524,9606.ENSP00000364114,9606.ENSP00000364501,9606.ENSP00000367851,9606.ENSP00000368799,9606.ENSP00000369889,9606.ENSP00000375608,9606.ENSP00000375629,9606.ENSP00000376337,9606.ENSP00000376544,9606.ENSP00000376808,9606.ENSP00000378845,9606.ENSP00000380271,9606.ENSP00000383115,9606.ENSP00000384823,9606.ENSP00000384886,9606.ENSP00000386378,9606.ENSP00000386559,9606.ENSP00000387362,9606.ENSP00000388107,9606.ENSP00000398655,9606.ENSP00000400010,9606.ENSP00000404236,9606.ENSP00000406478,9606.ENSP00000408979,9606.ENSP00000412361,9606.ENSP00000414906,9606.ENSP00000423897,9606.ENSP00000426103,9606.ENSP00000428698,9606.ENSP00000428924,9606.ENSP00000431445,9606.ENSP00000455897,9606.ENSP00000474135,9606.ENSP00000476369,9606.ENSP00000477713,9606.ENSP00000478474,9606.ENSP00000478893,9606.ENSP00000479089,9606.ENSP00000479606,9606.ENSP00000496848,9606.ENSP00000497997,9606.ENSP00000498321","CD4,CD22,LAG3,CD79A,CRTAM,KLRB1,PPP3R1,CTSD,TREM1,LILRB3,TUBA4A,BLK,TLR2,ITGAV,CLEC2D,WSB1,TYROBP,PIK3R3,HACE1,PRKCQ,HERC6,KLRG1,RPS27A,CXADR,UBR1,S100A1,TRAT1,ITGB5,COL1A2,CD3D,KIF5B,MRC2,PRKACA,RASGRP1,CD19,CD209,STX4,TUBA3E,SIGLEC8,KIR3DL2,KIR2DL1,PIK3AP1,HUWE1,SIGLEC1,ICAM4,NCR3,CTSB,JAML,UBE2C,AP1B1,ASB13,AP2A1,CD3E,PJA2,CD247,SLAMF6,SH2D1A,TLR4,TRIM63,KIF4A,HLA-DRB5,CD300LD,CYBB,KBTBD6,COL2A1,KIR3DL1,LILRB2,BTBD6,CD79B,CUL5,LAT,RAPGEF4,COLEC12,FBXO11,IFI30,CD207,CD8A,UBE4A,UBA52,ITK,PTPRJ,LILRA5,LILRB5,KIF5A,SIGLEC11,DCTN4,KLHL5,MIB2,RNF217,LYN,CD3G,MRC1,IGHV3-11,FBXW2,LCK,UBE2F,IGHD,OSCAR,CLTC,HLA-DOB,MALT1,MYD88",0.00047,0.0181,"Adaptive Immune System"
"RCTM","HSA-187037",24,115,9606,"9606.ENSP00000215832,9606.ENSP00000240100,9606.ENSP00000242480,9606.ENSP00000245919,9606.ENSP00000256707,9606.ENSP00000263253,9606.ENSP00000271555,9606.ENSP00000277120,9606.ENSP00000279488,9606.ENSP00000312150,9606.ENSP00000320092,9606.ENSP00000334145,9606.ENSP00000336894,9606.ENSP00000351926,9606.ENSP00000361264,9606.ENSP00000363689,9606.ENSP00000364995,9606.ENSP00000365280,9606.ENSP00000367972,9606.ENSP00000396467,9606.ENSP00000431418,9606.ENSP00000453095,9606.ENSP00000479606,9606.ENSP00000480012","MAPK1,DUSP4,EGR2,FOSB,KIDINS220,EP300,MEF2D,NTRK2,DUSP6,TRIB1,SH3GL3,F3,NAB1,AP2A1,RAPGEF1,ID3,SHC3,ID1,ID4,MAPKAPK3,NTRK1,MEF2A,CLTC,ADORA2A",0.00072,0.0271,"Signaling by NTRK1 (TRKA)"
"RCTM","HSA-1980145",11,33,9606,"9606.ENSP00000232424,9606.ENSP00000256646,9606.ENSP00000260408,9606.ENSP00000263253,9606.ENSP00000264072,9606.ENSP00000272317,9606.ENSP00000345206,9606.ENSP00000355718,9606.ENSP00000358815,9606.ENSP00000388107,9606.ENSP00000426103","HES1,NOTCH2,ADAM10,EP300,FCER2,RPS27A,RBPJ,DLL1,NEURL1B,UBA52,MIB2",0.00096,0.0354,"Signaling by NOTCH2"
"RCTM","HSA-5690714",6,9,9606,"9606.ENSP00000085219,9606.ENSP00000221972,9606.ENSP00000376544,9606.ENSP00000428924,9606.ENSP00000474135,9606.ENSP00000478893","CD22,CD79A,CD79B,LYN,IGHV3-11,IGHD",0.001,0.0361,"CD22 mediated BCR regulation"
"RCTM","HSA-9012999",65,449,9606,"9606.ENSP00000216373,9606.ENSP00000242140,9606.ENSP00000250617,9606.ENSP00000256196,9606.ENSP00000256707,9606.ENSP00000260283,9606.ENSP00000260526,9606.ENSP00000261942,9606.ENSP00000262741,9606.ENSP00000264245,9606.ENSP00000268182,9606.ENSP00000279907,9606.ENSP00000285735,9606.ENSP00000299505,9606.ENSP00000307959,9606.ENSP00000310491,9606.ENSP00000314556,9606.ENSP00000315659,9606.ENSP00000317128,9606.ENSP00000317985,9606.ENSP00000320924,9606.ENSP00000335082,9606.ENSP00000335560,9606.ENSP00000338258,9606.ENSP00000338671,9606.ENSP00000338728,9606.ENSP00000338967,9606.ENSP00000339191,9606.ENSP00000342793,9606.ENSP00000346466,9606.ENSP00000347046,9606.ENSP00000348381,9606.ENSP00000351318,9606.ENSP00000354718,9606.ENSP00000357131,9606.ENSP00000358857,9606.ENSP00000359552,9606.ENSP00000360916,9606.ENSP00000361009,9606.ENSP00000361264,9606.ENSP00000364886,9606.ENSP00000367851,9606.ENSP00000368994,9606.ENSP00000370719,9606.ENSP00000371219,9606.ENSP00000376306,9606.ENSP00000376822,9606.ENSP00000377015,9606.ENSP00000379709,9606.ENSP00000380185,9606.ENSP00000392906,9606.ENSP00000394888,9606.ENSP00000403323,9606.ENSP00000412461,9606.ENSP00000418232,9606.ENSP00000427562,9606.ENSP00000431775,9606.ENSP00000433666,9606.ENSP00000439625,9606.ENSP00000455507,9606.ENSP00000459615,9606.ENSP00000471457,9606.ENSP00000477713,9606.ENSP00000479606,9606.ENSP00000479719","SOS2,WIPF3,ARHGEF6,RRAS2,KIDINS220,ARHGAP20,ARHGAP29,FAF2,PIK3R3,ARHGAP31,IQGAP1,UHRF1BP1L,RHOC,KIAA0355,DST,ARHGAP1,UACA,DNMBP,PLXND1,ROCK2,WIPF2,FAM91A1,ARHGEF25,CDC42EP4,RHOBTB1,CCDC88A,ARHGAP6,CAV1,PLD1,WDR91,PDE5A,ADD3,PLEKHG1,AKAP13,ARHGAP18,EMD,PKN2,VAV2,PREX1,RAPGEF1,RND3,CYBB,ARHGAP44,ITSN1,RHOH,CIT,STEAP3,PICALM,ARHGAP21,PLEKHG6,PLEKHG2,DOCK8,ARHGAP27,ARHGAP22,NISCH,ABL2,IL32,FGD4,PLEKHG5,OBSCN,SRGAP2,MYO9B,LCK,CLTC,CYFIP2",0.001,0.0361,"RHO GTPase cycle"
"RCTM","HSA-1442490",16,64,9606,"9606.ENSP00000236671,9606.ENSP00000260408,9606.ENSP00000264828,9606.ENSP00000297268,9606.ENSP00000308208,9606.ENSP00000313437,9606.ENSP00000345672,9606.ENSP00000360882,9606.ENSP00000362776,9606.ENSP00000364979,9606.ENSP00000369889,9606.ENSP00000379823,9606.ENSP00000379866,9606.ENSP00000419446,9606.ENSP00000480474,9606.ENSP00000496793","CTSD,ADAM10,COL5A3,COL1A2,MMP14,MMP19,CTSB,COL5A1,COL16A1,COL4A1,COL2A1,COL4A3,COL4A4,ADAM9,COL19A1,COL9A3",0.0011,0.0385,"Collagen degradation"
"RCTM","HSA-8856825",22,105,9606,"9606.ENSP00000011653,9606.ENSP00000264033,9606.ENSP00000264634,9606.ENSP00000265171,9606.ENSP00000272317,9606.ENSP00000300692,9606.ENSP00000306157,9606.ENSP00000313391,9606.ENSP00000320092,9606.ENSP00000349824,9606.ENSP00000351926,9606.ENSP00000360798,9606.ENSP00000370719,9606.ENSP00000377015,9606.ENSP00000386443,9606.ENSP00000387282,9606.ENSP00000388107,9606.ENSP00000406209,9606.ENSP00000431445,9606.ENSP00000450857,9606.ENSP00000454071,9606.ENSP00000479606","CD4,CBL,WNT5A,EGF,RPS27A,CD3D,IL7R,DAB2,SH3GL3,REPS2,AP2A1,EPS15,ITSN1,PICALM,TGOLN2,AGFG1,UBA52,EPN1,CD3G,STON2,LDLR,CLTC",0.0011,0.039,"Cargo recognition for clathrin-mediated endocytosis"
"RCTM","HSA-1474244",47,300,9606,"9606.ENSP00000052754,9606.ENSP00000161559,9606.ENSP00000221930,9606.ENSP00000230538,9606.ENSP00000236671,9606.ENSP00000252804,9606.ENSP00000260408,9606.ENSP00000261023,9606.ENSP00000262768,9606.ENSP00000263556,9606.ENSP00000264498,9606.ENSP00000264828,9606.ENSP00000266718,9606.ENSP00000282849,9606.ENSP00000286614,9606.ENSP00000286657,9606.ENSP00000296181,9606.ENSP00000297268,9606.ENSP00000307046,9606.ENSP00000307959,9606.ENSP00000308208,9606.ENSP00000313437,9606.ENSP00000323929,9606.ENSP00000324101,9606.ENSP00000325527,9606.ENSP00000331544,9606.ENSP00000342114,9606.ENSP00000345672,9606.ENSP00000350630,9606.ENSP00000357980,9606.ENSP00000360882,9606.ENSP00000362776,9606.ENSP00000363492,9606.ENSP00000364979,9606.ENSP00000367888,9606.ENSP00000369889,9606.ENSP00000370542,9606.ENSP00000378517,9606.ENSP00000378957,9606.ENSP00000379823,9606.ENSP00000379866,9606.ENSP00000419446,9606.ENSP00000457421,9606.ENSP00000470538,9606.ENSP00000480474,9606.ENSP00000496793,9606.ENSP00000496959","DCN,CEACAM1,TGFB1,LAMA4,CTSD,PXDN,ADAM10,ITGAV,TIMP2,P4HA1,FGF2,COL5A3,LUM,ADAMTS18,MMP16,ADAMTS3,ITGB5,COL1A2,SDC2,DST,MMP14,MMP19,A2M,CD151,FBN1,FBLN1,ICAM4,CTSB,TLL2,HTRA1,COL5A1,COL16A1,GDF5,COL4A1,LRP4,COL2A1,SDC1,SPP1,MFAP4,COL4A3,COL4A4,ADAM9,PECAM1,KLK7,COL19A1,COL9A3,ITGAM",0.0012,0.0401,"Extracellular matrix organization"
"RCTM","HSA-9658195",30,165,9606,"9606.ENSP00000215832,9606.ENSP00000242140,9606.ENSP00000248923,9606.ENSP00000257770,9606.ENSP00000263339,9606.ENSP00000264634,9606.ENSP00000265563,9606.ENSP00000271450,9606.ENSP00000274289,9606.ENSP00000294117,9606.ENSP00000309591,9606.ENSP00000320924,9606.ENSP00000322775,9606.ENSP00000330696,9606.ENSP00000337383,9606.ENSP00000352071,9606.ENSP00000353032,9606.ENSP00000354782,9606.ENSP00000360916,9606.ENSP00000367220,9606.ENSP00000367872,9606.ENSP00000368166,9606.ENSP00000381340,9606.ENSP00000382177,9606.ENSP00000428924,9606.ENSP00000431445,9606.ENSP00000471457,9606.ENSP00000474135,9606.ENSP00000479719,9606.ENSP00000501053","MAPK1,WIPF3,GGT1,NT5E,IL1A,WNT5A,PRKAR2A,FCGR2A,PLK2,GNG3,PRKACA,WIPF2,RHBDF2,P2RX7,NLRP3,CD163,P2RX4,CD247,VAV2,ACTR2,GNB1,DVL1,GGT5,MYO5A,LYN,CD3G,MYO9B,IGHV3-11,CYFIP2,ADCY7",0.0012,0.0414,"Leishmania infection"
"RCTM","HSA-202427",8,19,9606,"9606.ENSP00000011653,9606.ENSP00000300692,9606.ENSP00000354566,9606.ENSP00000354782,9606.ENSP00000364114,9606.ENSP00000400010,9606.ENSP00000431445,9606.ENSP00000477713","CD4,CD3D,CD3E,CD247,HLA-DRB5,PTPRJ,CD3G,LCK",0.0014,0.0475,"Phosphorylation of CD3 and TCR zeta chains"
"RCTM","HSA-8953854",93,705,9606,"9606.ENSP00000216727,9606.ENSP00000222247,9606.ENSP00000225430,9606.ENSP00000229195,9606.ENSP00000230050,9606.ENSP00000248553,9606.ENSP00000252011,9606.ENSP00000258729,9606.ENSP00000259469,9606.ENSP00000262584,9606.ENSP00000265872,9606.ENSP00000270625,9606.ENSP00000272317,9606.ENSP00000274242,9606.ENSP00000278572,9606.ENSP00000294189,9606.ENSP00000296674,9606.ENSP00000297540,9606.ENSP00000300146,9606.ENSP00000307889,9606.ENSP00000309334,9606.ENSP00000309830,9606.ENSP00000313007,9606.ENSP00000318646,9606.ENSP00000337194,9606.ENSP00000339795,9606.ENSP00000341885,9606.ENSP00000346001,9606.ENSP00000346015,9606.ENSP00000346027,9606.ENSP00000346037,9606.ENSP00000346050,9606.ENSP00000346088,9606.ENSP00000354739,9606.ENSP00000355315,9606.ENSP00000356448,9606.ENSP00000359345,9606.ENSP00000361076,9606.ENSP00000362744,9606.ENSP00000362820,9606.ENSP00000363018,9606.ENSP00000365625,9606.ENSP00000367806,9606.ENSP00000369757,9606.ENSP00000375632,9606.ENSP00000375730,9606.ENSP00000376276,9606.ENSP00000377640,9606.ENSP00000378163,9606.ENSP00000379339,9606.ENSP00000379506,9606.ENSP00000379888,9606.ENSP00000380044,9606.ENSP00000385958,9606.ENSP00000386717,9606.ENSP00000388107,9606.ENSP00000389103,9606.ENSP00000393241,9606.ENSP00000402515,9606.ENSP00000403172,9606.ENSP00000413436,9606.ENSP00000414321,9606.ENSP00000415536,9606.ENSP00000416429,9606.ENSP00000418082,9606.ENSP00000418563,9606.ENSP00000420311,9606.ENSP00000428085,9606.ENSP00000429374,9606.ENSP00000431240,9606.ENSP00000435096,9606.ENSP00000435777,9606.ENSP00000436679,9606.ENSP00000437271,9606.ENSP00000447001,9606.ENSP00000452763,9606.ENSP00000463784,9606.ENSP00000464342,9606.ENSP00000464813,9606.ENSP00000466010,9606.ENSP00000466967,9606.ENSP00000470972,9606.ENSP00000471239,9606.ENSP00000472469,9606.ENSP00000472985,9606.ENSP00000476100,9606.ENSP00000494697,9606.ENSP00000495273,9606.ENSP00000495672,9606.ENSP00000496250,9606.ENSP00000498019,9606.ENSP00000498750,9606.ENSP00000499044","PABPN1,RPL18A,RPL19,CNOT2,RPS12,HSPB1,DHX35,IGF2BP3,RPL35,RPL8,CCAR1,RPS11,RPS27A,RPL37,RPS3,RPL29,RPS23,PHAX,PATL1,RPL13,RPL15,RPL38,PABPC1,RPS15A,PRPF4B,RPL7,RPS2,RPL3,RPL27A,RPL21,RPLP1,RPS3A,RPL22,RPL12,RPL39,TPR,RPL5,RPL7A,RPS4X,SRSF3,RPL10A,DHX16,RPS16,RPS6,RPS9,RPL13A,SRSF2,RPL24,RPL34,RPS29,RPL14,RPS8,CSNK1E,RPS14,RPL31,UBA52,RPL23A,RPS18,SMG1,RPL6,RPL10,RPS24,POLR2H,RPL32,RPL37A,U2SURP,RPL23,RPL30,RPS20,RPLP2,RPS25,RPS13,NXF1,TNKS1BP1,RPL18,RPL28,RPL26,RPL36,RPL27,RPS15,TRMT1,RPS19,ZFP36,RPS28,RPS5,GTF2H5,RPL9,RPS7,RPL35A,RPL11,RPS17,CCNH,RPS27",0.0014,0.0475,"Metabolism of RNA"
