,expl_cluster_cd4_csf_cutoff,expl_cluster_bcells_pbmc_cutoff,expl_cluster_bcells_csf_cutoff,expl_cluster_microarray_cutoff
ERMARD,0.009556738505706172,0.0,0.0,0.0
TTN,0.0,0.0,0.022791747971221785,0.020410345684241698
ZNF221,0.011833051377108876,0.006315366697446749,0.0,0.0
GTF2H5,0.0,0.0,0.0035436732607733628,0.0
ITGB5,0.0,0.0,0.0025027760508500225,0.0
NDN,0.014852598544983301,0.0,0.0,0.0
CTSZ,0.0,0.000545627640299856,0.0,0.0
RHOC,0.0,0.0,0.0023525647243252904,0.0
CTDSP2,0.0,0.0,0.0021241884605766844,0.0
GALNT6,0.0,0.0,0.0,0.06806838392050345
CAMSAP1,0.0,0.0,0.0,0.011321195383055422
ERVW-1,0.01892279943203287,0.0,0.0,0.0
CDC42SE2,0.014392484703080731,0.0,0.0,0.0
C1QL3,0.009020148441333708,0.0,0.0,0.0
C10orf105,0.008110465182599466,0.0,0.0,0.0
SLC28A1,0.0,0.0,0.0021956295813061405,0.0
DSCR8,0.0,0.0,0.0031406557883002987,0.0
PEMT,0.0,0.0,0.0,0.009706225574217606
HADHA,0.0,0.0,0.0,0.02813714906110324
MKRN2,0.025976410385254296,0.0,0.0,0.0
CD3D,0.0,0.0,0.0058243166226229805,0.0
HOXC5,0.014719633607956762,0.0,0.0,0.0
H2AC8,0.0,0.0,0.0,0.04627183716753136
SSH3,0.0,0.0,0.002497660358809835,0.0
EGR2,0.0,0.0,0.004138429393094373,0.0
PHAX,0.0,0.0,0.005814449352544857,0.0
DLX6-AS1,0.0,0.0014394503015000416,0.0,0.0
LPA,0.01849788972475109,0.0,0.01392393558217309,0.0
TGOLN2,0.0,0.0,0.0021241884605766844,0.0
GATA3,0.0,0.0,0.009104505590458943,0.0
SS18L2,0.0,0.0,0.0,0.0006565824952084357
MAB21L3,0.010626295815050228,0.0,0.0,0.0
MTUS1,0.017389549194321903,0.0,0.0,0.0
PLVAP,0.0,0.0,0.0021956295813061405,0.0
FOLR2,0.0,0.0,0.01622067662921996,0.0
DNAJC27-AS1,0.016164001819669316,0.0,0.0,0.0
IDH1,0.0,0.0,0.0,0.026209255366806627
PLD4,0.012995037155898533,0.0,0.0,0.0
ALB,0.0,0.0,0.0021331323679156843,0.0
CADM1,0.0,0.0026943215248988327,0.0,0.0
OR4D9,0.0,0.0,0.002093321300739664,0.0
ZSCAN22,0.0,0.0,0.003766975112865805,0.0
SIGLEC5,0.0,0.0,0.0025611299197235335,0.0
JDP2,0.0,0.0,0.004037858613385109,0.0
TMPRSS12,0.015352104332094616,0.0,0.0,0.0
NHSL2,0.03500518434434454,0.0,0.0,0.0
MT-CO3,0.0,0.0,0.021963858769248026,0.0
MAP1B,0.014852598544983301,0.0,0.0018959798422870378,0.0
CLPTM1L,0.0,0.0026943215248988327,0.0,0.0
EPB41L2,0.0,0.07645332052717345,0.0027040379262848265,0.0
KLK7,0.0,0.0,0.005277680556110922,0.0
WDR91,0.0,0.0,0.004037858613385109,0.0
TMEM150B,0.0,0.0,0.0028562019070640363,0.0
SLC4A10,0.0,0.0,0.005394451713630074,0.0
PECAM1,0.0,0.0,0.00214863273803992,0.0
LRIG3,0.0,0.0,0.0017055582161542003,0.0
ZFHX3,0.0,0.0,0.0023717954700292034,0.0
EPHB3,0.0,0.0,0.002038111939515725,0.0
TSPAN14,0.0,0.0,0.0,0.011654578671577204
WIPF2,0.0,0.0,0.007187518711465346,0.0
PDLIM4,0.014852598544983301,0.0,0.0,0.0
PTPN12,0.0,0.0,0.0023717954700292034,0.0
ARR3,0.0,0.0,0.010076875007674463,0.0
FOXD4L1,0.0,0.0,0.0055203463715953255,0.0
PEA15,0.0,0.0013881482172667992,0.0,0.0
CLC,0.0,0.0,0.0,0.007344922916048282
ARF4-AS1,0.0,0.0,0.0025454919369905502,0.0
TOMM6,0.0,0.0,0.023163822542121723,0.0
RNF208,0.009763667366237317,0.0,0.0,0.0
COL18A1,0.0,0.007800112878676019,0.0,0.0
PTGER3,0.0,0.0,0.007852537169469294,0.0
MT-ND4L,0.0,0.0,0.09168121809104827,0.0
ZNF606,0.0,0.0,0.0027148652364181697,0.0
GLCCI1,0.010411864607182183,0.0,0.0,0.0
IGLC5,0.0,0.0,0.022031832589809647,0.0
FAM177B,0.0,0.0,0.0016632208659261851,0.0
ALDH1A1,0.0,0.0,0.0024267707829602613,0.0
SLC38A2,0.0,0.0,0.0023717954700292034,0.0
APOBEC3B-AS1,0.0,0.0,0.0031849667945787643,0.0
RAB7B,0.0,0.0,0.0021956295813061405,0.0
IGHV3-21,0.008900967218293608,0.0026943215248988327,0.0,0.0
RPS21,0.01135143111655506,0.0,0.0,0.0
MT-ND3,0.0,0.0,0.021963858769248026,0.0
AOC1,0.0,0.0,0.0055203463715953255,0.0
EDNRB,0.012581896844863938,0.0,0.0,0.0
NREP,0.0,0.0,0.0,0.02760129940353332
LGR5,0.0,0.03261937544662057,0.0,0.0
PIK3R3,0.0,0.0,0.10855063999289835,0.0
TWIST1,0.014852598544983301,0.0,0.0,0.0
ITK,0.0,0.0,0.0058243166226229805,0.04830097368692249
FAM71E1,0.011629098167761434,0.0,0.029485886385723924,0.0
TRABD,0.0,0.0,0.0028818098726656454,0.0
CXCL17,0.0,0.0,0.001991828213291247,0.0
SMN2,0.0,0.0,0.0018554077911406884,0.0
ADAMTS3,0.0,0.0,0.004085791199706948,0.0
AC002454.1,0.0,0.0,0.057236570491401455,0.0
AKAP6,0.01420771110675301,0.0,0.0,0.0
RPL36,0.01135143111655506,0.0,0.004103236285670304,0.0
MRC1,0.0,0.0,0.002753716881780284,0.0
RUNX3,0.0,0.0,0.009104505590458943,0.0011425621985585305
SEC16B,0.0,0.0,0.0033450435398669934,0.0
ABCC5,0.0,0.0,0.0,0.07612401958090358
SEC14L1,0.0,0.0026943215248988327,0.003202704618723236,0.1448585185989097
DIRAS1,0.00868943865927255,0.0,0.0,0.0
STIMATE,0.0,0.0,0.0,0.011239172429607244
PIGW,0.0,0.0,0.004252202134538506,0.0
IGLJ2,0.0,0.0,0.0029012384763306798,0.0
CACNA2D2,0.0,0.0,0.0,0.03385422192921276
AL133493.2,0.01244363054165308,0.0,0.0,0.0
GRID1,0.008284122455303005,0.0,0.0,0.0
ZNF318,0.0,0.07645332052717345,0.0,0.0
ENY2,0.0,0.0,0.0035436732607733628,0.0
PEAR1,0.0,0.0,0.0025930030171735096,0.0
KRT86,0.008226152805811474,0.0,0.0,0.0
CD163L1,0.0,0.0,0.002753716881780284,0.0
IGFBP4,0.0,0.029482099199530067,0.0,0.0
LINC01257,0.0,0.0,0.06915918941888317,0.0
SETBP1,0.0,0.0,0.06464807182607922,0.0
CIT,0.0,0.0,0.008893234536529243,0.0
CCNT2,0.0,0.0,0.0,0.015077853125370869
AC006369.2,0.055759796355540125,0.0,0.009150312544618046,0.0
LINC01309,0.0,0.0,0.0026935683071114837,0.0
ABCB9,0.0,0.0026943215248988327,0.0,0.0
PRRG1,0.0,0.0,0.03718964301429453,0.0
LINC01102,0.00984933715635758,0.0,0.0,0.0
IGHV1OR15-2,0.0,0.0,0.0020351475220133875,0.0
SFPQ,0.0,0.0,0.007187518711465346,0.0
ZCCHC8,0.0,0.0,0.003190622002685055,0.0
PTCHD4,0.022623913520396725,0.0,0.0,0.0
LIMS1,0.0,0.0,0.0035436732607733628,0.0
LINC01160,0.0,0.0,0.0021956295813061405,0.0
STAG2,0.0,0.0,0.0,0.01853923981438632
PILRA,0.0,0.0,0.0,0.011206934017618997
IRF2BP2,0.0,0.0,0.0021241884605766844,0.0
PEX6,0.0,0.0,0.0,0.013845346358807655
TNIP3,0.012815429691818508,0.0,0.0,0.0
RUBCNL,0.0,0.0,0.0,0.010266838301411051
KRTAP16-1,0.009444957950037572,0.0,0.0,0.0
SHISA3,0.0,0.0,0.0017920952378087291,0.0
SLC19A3,0.02215577418709127,0.0,0.0,0.0
MAP3K5,0.0,0.0,0.0,0.018448831464894403
C2CD3,0.00867102552516672,0.0,0.0,0.0
CCAR1,0.0,0.0,0.007187518711465346,0.0
DLEU7,0.033370583492639286,0.0,0.0,0.0
TNFRSF9,0.008466959418914533,0.0,0.0,0.0
TAL1,0.0,0.0002663440779861218,0.0025875353492310522,0.004603643362591572
SGCZ,0.0,0.002985678603148477,0.0,0.0
VPS37C,0.0,0.00196104032083247,0.0,0.0
FRMD6-AS1,0.010335769581001047,0.0,0.0,0.0
HOXD9,0.0,0.0,0.005277680556110922,0.0
AC012123.1,0.0,0.0,0.05429098932043325,0.0
PCSK1,0.0,0.0020897163278535036,0.0,0.0
ARMC10,0.0,0.0,0.0021779324729001106,0.0
CDCA3,0.0,0.0,0.012936859151951353,0.0
STK17A,0.0,0.0,0.00517736206217318,0.0
GNMT,0.0,0.0,0.0034517086422347636,0.0
ANKRD26,0.0,0.0,0.0,0.0121245225557704
LURAP1L,0.014852598544983301,0.0,0.004918158552620105,0.0
MAPKAPK2,0.008270059634499375,0.0,0.0,0.0
LRRC8E,0.0,0.0,0.2131049272730401,0.0
ELOVL6,0.0,0.0,0.0,0.03467306010290472
PRRG4,0.0,0.0,0.0,0.0033343023223971124
ADIRF,0.014852598544983301,0.0,0.005277680556110922,0.0
KIFC2,0.009474481619595411,0.0,0.0,0.0
DOK7,0.0,0.0,0.02680486478309855,0.0
FOXA3,0.008699042339887768,0.0,0.0,0.0
LDHD,0.008626310024833066,0.0,0.0,0.0
ATP10B,0.0,0.0,0.0029880059211310345,0.0
ZFAND3,0.0,0.0,0.0024947244999425707,0.0
KLF15,0.06334987099016076,0.0,0.0,0.0
C1orf147,0.015491685398497042,0.0,0.0,0.0
NR1H3,0.0,0.0,0.0025027760508500225,0.0
AC097713.3,0.0,0.0,0.0053356713412885375,0.0
MGST3,0.0,0.0,0.0,0.010285635679773633
SIL1,0.0,0.0026943215248988327,0.0,0.0
DOLPP1,0.0,0.0,0.0,0.015404894574749962
NAGA,0.0,0.0,0.012678194319313794,0.0
LINC01116,0.0,0.0,0.02977017175918084,0.0
CRYAB,0.014852598544983301,0.0,0.004918158552620105,0.0
MCTP1,0.0,0.0,0.0023717954700292034,0.0
CHMP1B,0.0,0.0,0.0031227719731439134,0.0
CD24,0.0,0.0,0.022031832589809647,0.0
COX8A,0.0,0.0,0.0,0.012735305814456407
RPL36AL,0.01135143111655506,0.0,0.0,0.0
SFT2D2,0.0,0.0,0.0021241884605766844,0.0
NAXD,0.0,0.0,0.0,0.006781225087756402
ISM2,0.0,0.0,0.005277680556110922,0.0
SYNGR4,0.0,0.0,0.002549769560759719,0.0
DBP,0.0,0.0,0.0,0.005076836213211104
RBP1,0.014852598544983301,0.0,0.005277680556110922,0.0
LINC01281,0.0,0.0,0.0018950245019061264,0.0
HMGN4,0.0,0.0,0.0,0.02637958015211144
TXNRD1,0.0,0.0,0.0,0.024256520590965752
IGHV3-30,0.008670818088854124,0.0,0.043297623855780946,0.0
FAM162B,0.0,0.0,0.005277680556110922,0.0
TNFRSF13C,0.0,0.0,0.022031832589809647,0.0
SLF2,0.0,0.0,0.0021241884605766844,0.0
INMT,0.014852598544983301,0.0,0.0,0.0
IGHV3-15,0.0,0.0,0.002562644019384301,0.0
EPN1,0.0,0.000545627640299856,0.021143355113578326,0.0
XRCC3,0.0,0.0,0.0,0.00474718401542291
SLC30A4,0.0,0.2090386008812886,0.0,0.0
LTA4H,0.0,0.0,0.0,0.03867941829514074
PCID2,0.0,0.0,0.0,0.012936768764522431
SLC22A3,0.0,0.0,0.001953659201241888,0.0
LRRC32,0.0,0.0,0.0030529931978615305,0.0
PLK2,0.0,0.0,0.0022201632769480884,0.0
ERVV-1,0.02023522198962007,0.0,0.0,0.0
DUSP2,0.02493418786286813,0.0,0.0,0.07631702394549493
EXOSC7,0.010984480936991723,0.0,0.0,0.0
RFNG,0.0,0.0,0.0064558972619612005,0.0
GALNT8,0.0,0.0,0.002298250247026764,0.0
MAD2L2,0.013987312104099007,0.0,0.0,0.0
PAX6,0.0,0.0006272007048172273,0.0,0.0
PLEKHA6,0.0,0.0,0.005277680556110922,0.0
ACTN3,0.0,0.0,0.11676613834067474,0.0
RCOR2,0.0,0.0,0.0034214334190080108,0.0
NCSTN,0.0,0.0,0.0,0.017351286324083885
SEMA4G,0.0,0.0,0.002558111861582956,0.0
CLVS1,0.0,0.0,0.0027862610442351532,0.0
UGCG,0.0,0.0,0.007187518711465346,0.0
STAG3,0.017636604338175096,0.0,0.0,0.0
C17orf100,0.011441659816355407,0.0,0.0,0.0
DCSTAMP,0.0,0.0,0.004037858613385109,0.0
ST6GALNAC5,0.0,0.0,0.0018341878826347684,0.0
PDE5A,0.0,0.0,0.002927556458372675,0.0
NPIPB8,0.030923170988285634,0.0,0.0,0.0
MOG,0.0,0.0,0.003184202167580059,0.0
SLC38A1,0.0,0.0,0.002451796018178156,0.0
IDO2,0.028423863289311624,0.0,0.0,0.0
TTTY14,0.0,0.013935341083036987,0.0,0.0
RPL17,0.01135143111655506,0.0,0.0,0.0
ANO6,0.0,0.0,0.0024947244999425707,0.0
MEOX1,0.0,0.0,0.0018838256536640385,0.0
MME,0.0,0.0,0.00972382113804713,0.0
UACA,0.0,0.0,0.0020275223604350745,0.0
ZNF345,0.0,0.0018341841266958938,0.0,0.0
TLR2,0.0,0.0,0.0028562019070640363,0.0
SSR3,0.0,0.0026943215248988327,0.0,0.0
RASGEF1C,0.0,0.0,0.0021956295813061405,0.0
ZFP69,0.00802108555979574,0.0,0.0,0.0
MSL3,0.0,0.0,0.0021241884605766844,0.035115196615841615
ABCA6,0.0,0.0,0.0024267707829602613,0.0
PAPOLB,0.012464839397971826,0.0,0.004358375110949977,0.0
HUWE1,0.0,0.0,0.0032279726970006026,0.11485232108461019
ENKUR,0.014852598544983301,0.0,0.004918158552620105,0.0
ZYG11B,0.0,0.0,0.0024947244999425707,0.0
TMEM72-AS1,0.0,0.0,0.0075444978111610436,0.0
CLK4,0.0,0.0,0.0,0.017854220005244097
SRPK2,0.0,0.0,0.0,0.007985459740968029
FAU,0.01135143111655506,0.0,0.004103236285670304,0.0
UBR1,0.0,0.0,0.007187518711465346,0.0
HLA-DRB1,0.0,0.0,0.0,0.28484796561932874
MEDAG,0.014852598544983301,0.0,0.004918158552620105,0.0
RPL22,0.01135143111655506,0.0,0.004103236285670304,0.0
TOM1L1,0.0,0.0,0.02831095725308582,0.0
TSTD1,0.0,0.0,0.00517736206217318,0.0
TGFBR1,0.0,0.0,0.002235639411402485,0.0
MMP7,0.01838705193756668,0.0,0.0,0.0
SIPA1L1,0.0,0.0,0.0031227719731439134,0.0
OSBPL6,0.0,0.0,0.0021956295813061405,0.0
MYO1E,0.0,0.0,0.004037858613385109,0.0
PLLP,0.0,0.0,0.0,0.06167665540816617
RAB7A,0.016499524713385304,0.0,0.0,0.0
CLK2,0.008205614203360759,0.0,0.0,0.0
NAPA-AS1,0.0,0.007800112878676019,0.0,0.0
KAT2A,0.0,0.0,0.002331244094449798,0.0
INSC,0.0,0.0,0.0019730686417457595,0.0
SDR42E2,0.008898715412683608,0.0,0.0,0.0
GDF6,0.008663939638145378,0.0,0.0,0.0
PPRC1,0.0,0.0,0.01044481038471163,0.0
FOSL2,0.0,0.0,0.002038111939515725,0.0
LRP5,0.012824157610646153,0.0,0.0,0.0
IGKV1-39,0.0,0.0026943215248988327,0.016498898172427705,0.0
IGKV4-1,0.0,0.0026943215248988327,0.005457316911720007,0.0
IGHV3-43,0.0,0.0026943215248988327,0.0,0.0
PARD6G,0.012087955888398214,0.0,0.0,0.0
MCL1,0.0,0.0,0.002235639411402485,0.0
TRAM1,0.0,0.007800112878676019,0.0,0.0
IGLV2-5,0.0,0.0,0.0025412292424279565,0.0
ADAM10,0.0,0.0,0.0021241884605766844,0.0
UAP1,0.0,0.007800112878676019,0.0,0.0
KEAP1,0.007960621619644066,0.0,0.0,0.0
APBB2,0.0,0.029482099199530067,0.0,0.0
EPHB2,0.0,0.0,0.021143355113578326,0.0
EWSAT1,0.0,0.0,0.0017130013221881876,0.0
CDKL1,0.01527555169784298,0.0,0.0,0.0
LINC01600,0.014852598544983301,0.0,0.0018959798422870378,0.0
NXPH4,0.0,0.0,0.05429098932043325,0.0
ZBTB44,0.0,0.0,0.0,0.014093795970552133
CBR1,0.007903138041178603,0.0,0.0,0.034722071188046315
HDC,0.0,0.0,0.0,0.14472861849621266
JCHAIN,0.0,0.0026943215248988327,0.0038395733024086547,0.0
WFS1,0.0,0.007800112878676019,0.0,0.0
DTX4,0.0,0.07645332052717345,0.0,0.0
ACSS3,0.0,0.0,0.0,0.006212939342666872
SDF2L1,0.0,0.007800112878676019,0.0,0.0
EIF2AK2,0.0,0.0,0.0,0.057035402431510014
G0S2,0.0,0.0,0.002503729095820918,0.0
MPRIP-AS1,0.022532827268398475,0.0,0.0,0.0
BCLAF1,0.0,0.0,0.007187518711465346,0.0
KHDRBS1,0.0,0.0,0.00526578456986175,0.0
MRC2,0.0,0.0,0.002503729095820918,0.0
VPS52,0.0,0.0,0.0057774406527840915,0.0
FZD2,0.08088597126448581,0.0,0.0,0.015921727548531113
PLEKHG2,0.0,0.0,0.0021956295813061405,0.0
GPR68,0.0,0.0,0.0,0.14969893733267378
IGLV3-9,0.01564856544227821,0.0,0.0,0.0
GDF5,0.0,0.0,0.004579464966336683,0.0
TCTEX1D4,0.0,0.0,0.0017116080131314418,0.0
CYP27A1,0.015520896755876137,0.0,0.0,0.002271949998345358
GIMAP8,0.0,0.0,0.014133953749707252,0.0
NDUFAF1,0.0,0.007800112878676019,0.0,0.0
CTRC,0.009006236458370263,0.0,0.0,0.0
EIF3H,0.0,0.0,0.0,0.06483275380048373
POLR2K,0.0,0.0,0.0,0.011011885256436411
TP53AIP1,0.01807598473436617,0.0,0.0,0.0
COL4A1,0.014852598544983301,0.0,0.0018959798422870378,0.0
EIF3F,0.0,0.0,0.0030386291784572756,0.0
FZD1,0.010606840771945347,0.0,0.0,0.0
C18orf32,0.01342341527399239,0.0,0.0,0.0
TAS1R3,0.0,0.0,0.05662905848099511,0.0
CASP8,0.0,0.0,0.0,0.01376162598928806
MT-CO1,0.0,0.0,0.021963858769248026,0.0
PATL2,0.009142903730041724,0.0,0.009104505590458943,0.0
GSTCD,0.010369461220662925,0.0,0.0,0.0
KANSL1,0.0,0.0,0.007187518711465346,0.0
NBL1,0.0,0.0,0.004037858613385109,0.0
KIAA0408,0.0,0.0,0.0,0.05907963188684492
ME1,0.0,0.0,0.0024267707829602613,0.006367722463314886
RTTN,0.0,0.0,0.004037858613385109,0.0
SLC29A1,0.0,0.0,0.0,0.007637624860326608
SLC25A4,0.0,0.0026943215248988327,0.0,0.0
RBMS1,0.0,0.0,0.0024947244999425707,0.0
LY86,0.028086281054821704,0.0,0.0,0.018310562497765585
KLF2,0.024062341534374573,0.0,0.0,0.0
KRTAP12-3,0.0,0.0,0.10287810562581289,0.0
EFNA3,0.0,0.0,0.0019246104417926506,0.0
GLT8D2,0.020319103645003528,0.0,0.005277680556110922,0.0
KCP,0.0,0.007800112878676019,0.0,0.0
KRT79,0.0,0.0,0.002538261145912617,0.0
CSRNP3,0.0,0.0,0.006078347945824665,0.0
AOAH,0.060203471285227766,0.0,0.0,0.0
DMC1,0.0,0.0,0.003384244374352861,0.0
LDAH,0.0,0.0,0.0,0.006126353929325371
RNF26,0.008305215628942295,0.0,0.0,0.0
FBXW10,0.009118578252749423,0.0,0.0,0.0
TCTN2,0.0,0.0,0.0020089296435533152,0.0
SPINK13,0.0,0.0,0.002159341451859609,0.0
ZIC1,0.014852598544983301,0.0,0.006298712146148822,0.0
HLA-G,0.03353037001737468,0.0,0.0,0.0
MRM1,0.032274321616201085,0.0,0.0,0.0
HNRNPH2,0.00974252697429368,0.0,0.0,0.0
SLC7A7,0.0,0.0,0.0,0.018817714144761112
MRPS31,0.0,0.0,0.0,0.008172852615457995
L3MBTL4,0.008271334422304906,0.07645332052717345,0.0,0.0
LINC00486,0.0,0.0,0.005766375563092239,0.0
CHAF1A,0.0,0.0,0.0,0.057616268392393755
LINC01363,0.0,0.0,0.0023131488327326794,0.0
CCL23,0.014792421598811433,0.0,0.0,0.0
TRBV4-1,0.008228522806808095,0.0,0.0,0.0
SLCO2A1,0.0,0.0,0.004217392166814236,0.0
BPNT1,0.013340478140232759,0.0,0.0,0.0
NR4A3,0.0,0.0,0.002917189898984809,0.0
CLK3,0.0,0.0,0.0,0.008363628738016108
GRIPAP1,0.0,0.0,0.007187518711465346,0.0
METRNL,0.0,0.0,0.0020836444469801937,0.0
IQGAP1,0.0,0.0,0.0024947244999425707,0.0
SEPTIN6,0.0,0.0,0.0,0.002310024762745052
GH1,0.0,0.0,0.0021027951308860942,0.0
ZNF667-AS1,0.0,0.07645332052717345,0.0,0.0
NADSYN1,0.0,0.0,0.0021241884605766844,0.0
TC2N,0.0,0.0,0.0058243166226229805,0.0
CD8B,0.0,0.0,0.002974731790162781,0.0
SPIN4,0.0,0.0,0.003502741059133991,0.0
ENTR1,0.0,0.0,0.0,0.009208476028776651
LMBR1L,0.0,0.0,0.0028818098726656454,0.0
C10orf53,0.011410120063285529,0.0,0.0,0.0
TCTEX1D1,0.013201274084337628,0.0,0.0019230460068829763,0.0
AL365181.2,0.018966711448920346,0.0,0.0,0.0
CD38,0.0,0.0026943215248988327,0.0,0.0
SORBS2,0.0,0.0026943215248988327,0.0,0.0
SUCO,0.0,0.0,0.002235639411402485,0.0
REG4,0.0,0.0,0.004115647385609248,0.0
BSCL2,0.0,0.007800112878676019,0.0,0.0
OCIAD2,0.0,0.0,0.002451796018178156,0.0
SEMA4D,0.0,0.0,0.0,0.006192068460044033
GABRP,0.012731519431694939,0.0,0.0,0.0
LINC01441,0.0,0.0,0.005897460405825588,0.0
CRKL,0.0,0.0,0.0,0.025011520493625216
SAMD4A,0.0,0.0,0.018079511686865786,0.0
CLIC3,0.0,0.0,0.016419630109115423,0.03600874801724431
IGHM,0.0,0.07645332052717345,0.005633983357894783,0.0
AP2A1,0.0,0.0,0.001789326186648859,0.0
EML5,0.01026018472775689,0.0,0.0,0.0
ANKRD55,0.008243984319529577,0.0,0.0,0.0
TGFBRAP1,0.0,0.0,0.0,0.031109689960762032
IDO1,0.015326869954577145,0.0,0.0,0.0
PCDH12,0.013172281997788188,0.0,0.0024267707829602613,0.0
G3BP1,0.0,0.0,0.007187518711465346,0.0
SLC2A4RG,0.0,0.0,0.0058243166226229805,0.0
ZNF264,0.0,0.0,0.0,0.01178295974700426
SLC24A1,0.0,0.0,0.0,0.02453198935093684
YIF1B,0.0,0.007800112878676019,0.0,0.0
LINC00111,0.0,0.0,0.007799770844288996,0.0
COQ2,0.008681739844181705,0.0,0.0,0.0
TREX2,0.0,0.0,0.004604475204097414,0.0
ZNF239,0.0,0.0,0.0,0.007485111924480481
SAT1,0.0,0.0,0.003202704618723236,0.0
C1QB,0.011291865318242137,0.0,0.0,0.0
CYTIP,0.0,0.0,0.0028818098726656454,0.0
KBTBD2,0.0,0.0,0.0,0.027786525923522026
SPESP1,0.010684819203106223,0.0,0.0,0.0
HSF1,0.0,0.0,0.0,0.0121145697547436
FYCO1,0.0,0.0,0.0,0.014799011099028375
DPAGT1,0.0,0.0026943215248988327,0.0,0.0
SLC1A2,0.024790253742525,0.0,0.0,0.0
DENND4B,0.015423812318931201,0.0,0.0024947244999425707,0.0
OGN,0.014852598544983301,0.0,0.006298712146148822,0.0
TASP1,0.009795038361098254,0.0,0.0037535692374881264,0.0
DOCK4-AS1,0.009336225233939984,0.0,0.0,0.0
TRBV7-4,0.009826741871321274,0.0,0.0,0.0
LAP3,0.008194637149541436,0.0,0.0,0.0
SLC52A1,0.008316256451392041,0.0,0.0,0.0
SIGLEC6,0.0,0.009868327895634294,0.0,0.0
SYNE2,0.0,0.0,0.0058243166226229805,0.0
OR1L3,0.0,0.0,0.054474067885977695,0.0
GGA3,0.043998090224058706,0.0,0.0,0.0
S100A10,0.0,0.0,0.0,0.04022155418597264
ZNF674,0.014842201962613582,0.0,0.0,0.0
COX10,0.027061589769490715,0.0,0.0,0.0
SDCCAG8,0.0,0.0,0.08642106086954383,0.0
CTRL,0.0,0.0,0.0,0.008335455577346758
CEMP1,0.009174136058996444,0.0,0.0,0.0
LINC00884,0.010366078615637705,0.0,0.0,0.0
LINC01287,0.0,0.0,0.03522617774647772,0.0
PIGV,0.0,0.0,0.0,0.003609071554246431
ALOX12-AS1,0.025399791571088595,0.0,0.0,0.0
CKB,0.014852598544983301,0.0,0.0,0.0
DYNC1I2,0.0,0.0,0.0,0.01894582402921112
IL18BP,0.008871465566802036,0.0,0.0,0.0
NAP1L1,0.0,0.0,0.01926762969271171,0.0
ODF3,0.0,0.0,0.0069683013021175815,0.0
PKIG,0.0,0.0,0.022031832589809647,0.010286272036661792
KRTAP10-1,0.0,0.0,0.03316901358642748,0.0
MARCHF6,0.0,0.0,0.0,0.08099875483311986
USP22,0.0,0.0,0.003202704618723236,0.0
KLHL5,0.0,0.0,0.003202704618723236,0.0
NDUFA6,0.0,0.0,0.0035436732607733628,0.0
STBD1,0.0,0.0026943215248988327,0.0,0.0
ISLR2,0.0,0.0,0.0031064811108983416,0.0
SPRED1,0.022146013390351812,0.0,0.0020275223604350745,0.0
MAGEB2,0.0,0.0009710348803954215,0.0,0.0
IL2RA,0.0,0.0,0.0,0.011317212764094796
ADAM33,0.01869963724078792,0.0,0.0,0.0
LINC00535,0.014852598544983301,0.0,0.0,0.0
FANCL,0.0,0.0,0.0,0.10997589285016192
GGT5,0.0,0.0,0.002944082193117332,0.0
GGTLC3,0.012479568545332607,0.0,0.0,0.0
CES3,0.028140138937238345,0.0,0.0,0.0
F3,0.014852598544983301,0.0,0.0018959798422870378,0.0
CD40LG,0.0,0.0,0.0,0.013586490694541096
TNRC6C,0.0,0.0,0.009104505590458943,0.0
GNPTAB,0.0,0.0,0.0024947244999425707,0.0
FNDC1,0.008976940608505015,0.0,0.005277680556110922,0.0
TFEC,0.0,0.000545627640299856,0.0,0.0
GNA12,0.0,0.0,0.0021956295813061405,0.0
TTLL7,0.020192128478638823,0.0,0.0,0.0
SHBG,0.0,0.0010287003201929791,0.0037053011975900947,0.0
CBX3,0.0,0.0,0.0,0.004576043240395807
OR2T11,0.0,0.0,0.02198848437773283,0.0
EIF2A,0.0,0.0,0.01926762969271171,0.0
CCL8,0.0,0.0,0.004138429393094373,0.0
NRP2,0.0,0.0,0.001812968232095479,0.0
SNTG1,0.0,0.0,0.006645263445723783,0.0
MDH1,0.015344090539742032,0.0,0.0,0.0
FGF11,0.017768132375681082,0.0,0.04006132342870742,0.0
NHLRC1,0.029391039143989234,0.0,0.0017786971292410073,0.0
DVL1,0.0,0.0,0.004150786930383326,0.0
SUSD4,0.0,0.0,0.0020494083155704586,0.0
PUM1,0.0,0.0,0.0021241884605766844,0.0
FOXP3,0.0,0.0,0.005049958743369748,0.0
RPS14,0.01135143111655506,0.0,0.004103236285670304,0.0
OPTN,0.0,0.0,0.00845095342743356,0.0
GJB7,0.0,0.0,0.002059637314819626,0.0
WWP2,0.0,0.0,0.0,0.04749550847446135
GGT1,0.0,0.0,0.004163745596418425,0.0
MIEF2,0.009217152687768715,0.0,0.0,0.0
IFT57,0.0,0.0,0.02680486478309855,0.0
RPS2,0.01135143111655506,0.0,0.004103236285670304,0.0
LINC00377,0.0,0.0,0.009853263423150894,0.0
LAPTM5,0.0,0.0,0.10736153294561646,0.0
RPL28,0.01135143111655506,0.0,0.004103236285670304,0.0
OR2L3,0.0,0.0034580586950420755,0.0,0.0
CNR2,0.0,0.0,0.06464807182607922,0.0
GZMH,0.0,0.0,0.001904923597897208,0.005158170038414327
CFAP61,0.01234333553609444,0.0,0.0,0.0
ZMYND15,0.009012294654240159,0.0,0.0,0.0
TMEM131,0.0,0.0,0.0021241884605766844,0.0
ZBTB7C,0.023840383295770286,0.0,0.0,0.0
MAFA-AS1,0.0,0.0,0.010161292672904072,0.0
NAB1,0.0,0.0,0.002235639411402485,0.0
FANCI,0.0,0.0,0.0,0.01592902431562396
PFKP,0.0,0.0,0.0,0.06708783816604072
HIVEP1,0.0,0.0,0.0,0.010832577534665789
TLR6,0.008881010498763062,0.0,0.0,0.0
PLAGL2,0.0,0.0,0.0,0.012903733587247699
MTRNR2L12,0.0,0.002016826166704861,0.09168121809104827,0.0
DPYD-AS2,0.0,0.0,0.004913970483331925,0.0
SHC3,0.0,0.0,0.0021956295813061405,0.0
CD5L,0.0,0.0,0.004037858613385109,0.0
CCL17,0.0,0.0,0.0033632554808361976,0.0
EPHA4,0.015283916549595562,0.0,0.0,0.0
FAM220A,0.015353849966192495,0.0,0.0,0.0
CCNI,0.0,0.0,0.01926762969271171,0.0
FOXD1,0.0,0.007800112878676019,0.0,0.0
MAPK8IP1,0.0,0.0,0.0020550784033961564,0.0
LAT,0.0,0.0,0.002451796018178156,0.0
GTPBP8,0.019900807793789763,0.0,0.0,0.0
BMP2,0.0,0.0012564938648414526,0.0,0.0
COCH,0.0,0.0,0.06464807182607922,0.0
C12orf71,0.0,0.0,0.025440049391966275,0.0
CDK19,0.0,0.0,0.0024947244999425707,0.0
ILKAP,0.016600591688450152,0.0,0.0,0.0
SPNS2,0.0,0.0,0.0023525647243252904,0.0
EPB41L1,0.033387490649668165,0.0,0.0024267707829602613,0.0
RPL11,0.01135143111655506,0.0,0.004103236285670304,0.0
TLN1,0.0,0.0,0.0024947244999425707,0.0
LINC00934,0.008459002383899048,0.0,0.0,0.0
IL16,0.0,0.0,0.0029992965017419412,0.0
EGF,0.0,0.0,0.003336059932019567,0.0
RASSF10,0.009184476119744114,0.0,0.0,0.0
SYNDIG1L,0.0,0.0,0.001783194892911548,0.0
PKN2,0.0,0.0,0.005248373509225675,0.0
ZNF18,0.03739599012769722,0.0,0.0,0.0
ALG5,0.0,0.007800112878676019,0.0,0.0
SLC4A1,0.0,0.0,0.0,0.0012433858794700277
ADAT1,0.0,0.0,0.0,0.1454765385455316
PGM5,0.02425791462751113,0.0,0.0,0.0
NDST3,0.02101459136200411,0.0,0.0,0.0
AF131216.1,0.0,0.0,0.0025446633967874444,0.0
MYO5A,0.0,0.0,0.0024947244999425707,0.0
RAB24,0.009606584852649258,0.0,0.0,0.0
OAS2,0.0,0.0,0.0,0.013234916199716307
YWHAE,0.0,0.0,0.0,0.024870658116791518
GLUL,0.0,0.0,0.003202704618723236,0.001001167538538133
GTPBP3,0.014739913833284678,0.0,0.0,0.0
L3MBTL4-AS1,0.010046225584063238,0.0,0.0,0.0
ERICH6,0.01640348891845196,0.0,0.0,0.0
CSTF1,0.014570204931080348,0.0,0.0,0.0
HBD,0.0,0.0,0.0,0.10141455735630617
PER3,0.0,0.0,0.0020275223604350745,0.0
KIAA1257,0.0,0.0,0.0020901691008092024,0.0
BANK1,0.0,0.0,0.022031832589809647,0.0
SPDL1,0.00792054023041909,0.0,0.0,0.0
CELF3,0.0,0.0,0.024163112807056818,0.0
STAT5A,0.0,0.0,0.0,0.008059662991779454
ELMO2,0.0,0.0,0.0,0.007935327047083763
POU5F1,0.0,0.0,0.01821196809529181,0.0
CEP55,0.0,0.0,0.008893234536529243,0.0
GFOD1,0.0,0.0,0.0,0.010684315535474857
JAML,0.0,0.0,0.0023676883975035064,0.0
IGKV2D-18,0.0,0.0,0.033341155924486596,0.0
AARS2,0.010282005591434669,0.0,0.0,0.0
AC087430.1,0.011917727131813058,0.0,0.0,0.0
CDCA7L,0.0,0.07645332052717345,0.02680486478309855,0.0
GCSAML-AS1,0.0,0.0,0.010917647494856304,0.0
CPS1,0.0,0.0,0.0026229968812016913,0.0
QPCT,0.016120542559108622,0.0,0.0,0.0
ACOT9,0.0,0.0,0.002503729095820918,0.0
KDR,0.014852598544983301,0.0,0.0,0.0
PTGDS,0.014852598544983301,0.0,0.005277680556110922,0.0
GPM6A,0.01777385890430803,0.0,0.0,0.0
ALDH1L2,0.0,0.0026943215248988327,0.0,0.0
ARHGEF10L,0.015710582760443143,0.0,0.0,0.0
TVP23A,0.0,0.0,0.004495545929106005,0.0
CREB5,0.0180566864154002,0.0,0.0,0.0
IFT74-AS1,0.013454857477679029,0.0,0.0,0.0
ST14,0.0,0.010309895796031558,0.007560839706121174,0.0
RPN2,0.0,0.007800112878676019,0.0,0.0
SH2D1A,0.0,0.0,0.001904923597897208,0.0
SLC8A1,0.0,0.0,0.005248373509225675,0.0
RPUSD2,0.0,0.0,0.028567502864317546,0.0
LINC01137,0.0106126950347667,0.0,0.0,0.0
TNFRSF10B,0.0,0.0,0.08642106086954383,0.0
PPDPF,0.0,0.0,0.0,0.022339642695357292
SLC11A2,0.0,0.0,0.0,0.01475898774102101
DYNC1LI2,0.0,0.0,0.0,0.07560747906852948
ZFAS1,0.0,0.0,0.01926762969271171,0.0
UPK3A,0.0,0.0,0.0,0.010902696436626511
SCIN,0.011291865318242137,0.0,0.0,0.0
AC020743.2,0.009023987341057714,0.0,0.0,0.0
EP300,0.0,0.0,0.007187518711465346,0.0
LINC00690,0.0,0.0,0.015296118299130407,0.0
KCNK9,0.008264434723857851,0.0,0.0,0.0
CUL7,0.022694351136010916,0.0,0.0,0.0
WAS,0.0,0.0,0.0,0.03177382328743128
RPL4,0.01135143111655506,0.0,0.0,0.01177542262888283
U2SURP,0.0,0.0,0.007187518711465346,0.0
SPRED3,0.12751993108522813,0.0,0.0,0.0
PNOC,0.0,0.0,0.022031832589809647,0.0
ADARB2-AS1,0.0,0.0,0.0068593359889786406,0.0
CAPRIN1,0.0,0.0,0.0,0.007176821231411233
BTF3,0.01135143111655506,0.0,0.0,0.0
CDYL2,0.01082661169409199,0.0,0.0,0.0
XACT,0.0,0.0,0.003055207188599023,0.0
ZHX2,0.0,0.0,0.0,0.00699332201282752
RPS13,0.01135143111655506,0.0,0.004103236285670304,0.0
PRDM1,0.0,0.007800112878676019,0.0,0.0
LINC01556,0.0,0.0,0.01064125522300343,0.0
LDLR,0.0,0.0,0.0017071752290662957,0.0
NELFCD,0.0,0.0,0.002451796018178156,0.0
EVI5L,0.010664134794294995,0.007800112878676019,0.0,0.0
PPP1R1C,0.014852598544983301,0.0,0.0,0.0
TTC38,0.0,0.0,0.0,0.011156854056439265
TMEM161A,0.0,0.0,0.0,0.0030743016873940087
TLL2,0.0,0.0,0.0021598361236853185,0.0
RCOR1,0.0,0.0,0.005069016926585086,0.0
RBM42,0.0,0.0,0.0,0.006294122382079652
LY6E,0.0,0.0,0.0,0.05048670237128477
PRR4,0.052510882587104464,0.0,0.0,0.008976921012521033
CRELD2,0.0,0.007800112878676019,0.0,0.0
RGPD4,0.00853984666978933,0.0,0.0,0.0
PTMA,0.01135143111655506,0.0,0.0,0.0
GADD45G,0.0,0.0,0.0021956295813061405,0.0
ZNF610,0.0,0.0,0.06043067706049213,0.0
GABARAPL1,0.0,0.0,0.002503729095820918,0.0
CCHCR1,0.0,0.0,0.007324809428309812,0.0
ID4,0.0,0.0,0.005277680556110922,0.0
ZNF529,0.0,0.0,0.0,0.027670239497654188
SOX9,0.014852598544983301,0.0,0.0,0.0
F2R,0.0,0.0,0.001904923597897208,0.0
SPDYE4,0.0,0.0,0.002800768600897633,0.0
RAB10,0.0,0.0,0.006714625621600455,0.0
CD99L2,0.015985659710547793,0.0,0.0,0.0
ACP2,0.0,0.0,0.001812968232095479,0.0
AGPAT4,0.0,0.0,0.002503729095820918,0.0
TEKT3,0.014852598544983301,0.0,0.0,0.0
LINC01144,0.0,0.0,0.0016672059496231132,0.0
CCL2,0.0,0.0,0.0,0.011852133002290146
CPNE7,0.0,0.0,0.008641428263010984,0.0
SEC61A1,0.0,0.0026943215248988327,0.0,0.0
C11orf80,0.0,0.0026943215248988327,0.0,0.0
WNT8B,0.008316945748184949,0.0,0.0,0.0
DYRK2,0.0,0.0,0.0,0.04494360227710235
MRS2,0.0,0.0,0.0,0.013564309160976975
ZNF385C,0.0,0.0,0.0017855955173932412,0.0
FABP4,0.0,0.0,0.01943659878681327,0.0
GNAI3,0.0,0.0,0.0,0.037840588549026354
NID2,0.024096953388717837,0.0,0.0,0.0
LINC00839,0.014852598544983301,0.0,0.0,0.0
WBP1L,0.0,0.0,0.08642106086954383,0.0
SLC9A3R2,0.010807918580026497,0.0,0.061659735794232215,0.0
TM4SF19-AS1,0.01424142725025128,0.0,0.0,0.0
THNSL1,0.008986688988374085,0.0,0.0,0.0
PHKA2,0.008655662068669174,0.0,0.0,0.0
PRKCQ,0.0,0.0,0.0058243166226229805,0.0
C19orf53,0.0,0.0,0.0,0.03374953829848468
RAI14,0.0,0.0,0.0,0.015886448961547874
IGLV3-16,0.015484092373573205,0.0,0.0,0.0
MARCHF1,0.0,0.0,0.0,0.008051606563506718
OPLAH,0.0,0.0,0.0,0.011764348135733621
NEURL1B,0.0,0.0,0.003120506981618537,0.0
RCE1,0.0,0.0006575566792140785,0.0,0.0
SMCO1,0.034508433808915384,0.0,0.0,0.0
BRD4,0.0,0.0,0.007187518711465346,0.0
CLK1,0.024913868968222907,0.0,0.0,0.0
ZSCAN21,0.012889061581418405,0.0,0.0,0.0
UBE2Q1,0.013439831520616851,0.0,0.0,0.0
LRRN1,0.0,0.0,0.0017632009702168614,0.0
AEBP2,0.0,0.0,0.007187518711465346,0.0
ZHX3,0.0,0.023410436480886084,0.0,0.0
GPR12,0.0,0.0,0.022113817654501416,0.0
LINC00589,0.0,0.0,0.041689507875359945,0.0
PRDM8,0.01410772183713898,0.0,0.0,0.0
C16orf71,0.023909666139622403,0.0,0.0,0.0
FAM160A1,0.009059081432308238,0.0,0.0,0.0
DENND5B-AS1,0.0,0.0,0.008579339636245006,0.0
SCAP,0.011694948452320034,0.0,0.0,0.0
TMEM37,0.008868204464944525,0.0,0.0,0.0
HIST2H4A,0.009477165646708228,0.0,0.0,0.0
CPEB4,0.0,0.0,0.003190622002685055,0.0
FSCN3,0.01902570361669464,0.0,0.0,0.0
PARVB,0.0,0.0,0.006714625621600455,0.0
PROSER2-AS1,0.0,0.0,0.008893234536529243,0.0
SEC11A,0.0,0.0,0.015378463991796314,0.0
ZNF354A,0.0,0.0,0.0,0.010817118696222504
MICALL2,0.0,0.0,0.0020548051525206075,0.0
ZNF165,0.0,0.0,0.005029986107402776,0.0
MKKS,0.022618753788893605,0.0,0.0,0.0
HSPA5,0.014248824454112635,0.0,0.0,0.01019281420644979
TNFRSF13B,0.0,0.0,0.0016873094138137113,0.0
NOP53,0.0,0.0,0.0,0.024722212990153633
PCBD1,0.0,0.0,0.0,0.014472801363192542
KIR3DL2,0.0,0.0,0.009124964712974918,0.0
LINC01562,0.0,0.0,0.04263662594731439,0.0
DPYSL5,0.0,0.0,0.004048901191135455,0.0
CTSB,0.0,0.0,0.003202704618723236,0.0
NRK,0.0,0.0,0.004550458730746461,0.0
VPS13D,0.0,0.0,0.0021241884605766844,0.018517177289922707
MEF2A,0.0,0.0,0.012678194319313794,0.0
YEATS4,0.0,0.0,0.0,0.0027224178487337838
MELK,0.0,0.0,0.0,0.030524551604546202
KRT75,0.0,0.0,0.005368027842051723,0.0
ST8SIA6-AS1,0.0,0.0,0.0016992412932478192,0.0
TMX4,0.0,0.0,0.0,0.13291124768151383
RTN1,0.009480175102005042,0.0,0.0,0.0
SPART,0.0,0.0,0.0,0.09175057243959596
MANF,0.0,0.007800112878676019,0.0,0.0
TMOD2,0.0,0.0,0.005063568778395397,0.0
CDK8,0.013504678379313625,0.0,0.0,0.0
SCARB1,0.0,0.0,0.0024947244999425707,0.0
PSMA3,0.015344090539742032,0.0,0.0,0.0
MT-ND2,0.0,0.0,0.021963858769248026,0.0
SCG2,0.0,0.0,0.005277680556110922,0.0
TENT5C,0.0,0.0,0.0,0.0020709886307144396
USO1,0.0,0.0026943215248988327,0.0,0.0
KCNQ2,0.0083103462537468,0.0,0.0,0.0
TMIGD3,0.0,0.0,0.0021956295813061405,0.0
CCT6B,0.0,0.0,0.0,0.03359020910948965
CD93,0.0,0.0,0.002753716881780284,0.0
MANEAL,0.008010860593698398,0.0,0.006068873965663693,0.0
AC009227.2,0.0,0.007009332788135438,0.005940458160949476,0.0
RRBP1,0.0,0.0026943215248988327,0.08642106086954383,0.0
HIST1H4B,0.0,0.0,0.005457731172063158,0.0
SPARCL1,0.0,0.0,0.005277680556110922,0.0
NUFIP2,0.0,0.0,0.003202704618723236,0.0
CD79B,0.0,0.0025498057328042782,0.003629089064771232,0.0
ZNF271P,0.0,0.0,0.0,0.025115576298810425
NOVA1,0.014852598544983301,0.0,0.0018959798422870378,0.0
SPACA7,0.0,0.0,0.0036767670332314806,0.0
TTC29,0.0,0.0,0.0023706624001850547,0.0
FCRL4,0.0,0.0,0.004799551703777229,0.0
UBE4A,0.0,0.0,0.003202704618723236,0.0
PDZD9,0.012474504257180602,0.0,0.0,0.0
STRADA,0.02975401220699074,0.0,0.0,0.0
GIPR,0.03115323937293544,0.0,0.0,0.0
LAMP5,0.0,0.0,0.0,0.013365680430522268
NRDC,0.0,0.0,0.003202704618723236,0.0
EEF1D,0.01135143111655506,0.0,0.0,0.0
LYST-AS1,0.012266950380424716,0.0,0.0,0.0
UBE2C,0.0,0.0,0.008893234536529243,0.0
LINC00330,0.0,0.005108690520611115,0.0,0.0
THSD4,0.014852598544983301,0.0,0.005277680556110922,0.0
GORASP1,0.0,0.0,0.0,0.09340716072756486
GLUD1,0.028748835935301358,0.0,0.0,0.0016258187606384943
PACS2,0.0,0.0,0.005248373509225675,0.0
FGF2,0.0,0.0,0.0020567266198040246,0.0
ARFGAP1,0.0,0.0,0.0021241884605766844,0.0
ARHGAP42,0.01484820530641895,0.003844806243193836,0.0,0.0
KRT10,0.0,0.0006687913092581389,0.0,0.0
LST1,0.0,0.0,0.0,0.014876898609008333
CLSTN2,0.019568584497267876,0.0,0.0028224316741406194,0.0
PCM1,0.0,0.0,0.0021241884605766844,0.0
ZNF732,0.0,0.0,0.009416884398653937,0.0
RBMS2,0.0,0.0,0.0,0.0626763021554221
GRINA,0.0,0.0,0.08642106086954383,0.0
MITF,0.011378215316082633,0.0,0.0,0.0
RPS24,0.01135143111655506,0.0,0.004103236285670304,0.0
DNAJA4,0.0,0.0,0.0,0.013620786286589042
DOCK8,0.0,0.0,0.0021241884605766844,0.0
ARHGEF35,0.0,0.0,0.013343083539422271,0.0
PERP,0.0,0.007800112878676019,0.0,0.0
CRTC3-AS1,0.0,0.0,0.0027208921562811438,0.0
CLCN4,0.0,0.023410436480886084,0.0,0.0
HSD17B14,0.0,0.0,0.0021956295813061405,0.0
MOK,0.0,0.0,0.0,0.012406819026364568
CSRP2,0.014852598544983301,0.0,0.005277680556110922,0.0
RPL26,0.01135143111655506,0.0,0.004103236285670304,0.0
FARSA,0.0,0.0,0.0,0.07288977516972116
SLC7A3,0.0,0.0,0.002310033734348782,0.0
ZNF721,0.0,0.0,0.0,0.03292970598820658
TMEM262,0.0,0.0,0.0027388906475010327,0.0
ABITRAM,0.0,0.0,0.0,0.009393644751783507
ADRA2B,0.0,0.0,0.009833776392852045,0.0
OR4C6,0.0,0.0,0.017887873944229898,0.0
PAOX,0.0,0.0026943215248988327,0.0,0.0
JAZF1-AS1,0.0,0.0,0.005892789838117653,0.0
AC010969.1,0.0,0.0,0.0031859809438745056,0.0
EGFL6,0.0,0.0,0.005277680556110922,0.0
SLC16A10,0.0,0.0,0.002917189898984809,0.0
TRAC,0.0,0.0,0.0058243166226229805,0.0
POLR2C,0.0,0.0,0.0,0.0030998907940235445
EBAG9,0.0,0.0,0.0,0.036131182271962395
LIN37,0.0,0.0,0.0069242419919165014,0.0
SH3TC1,0.0,0.0,0.0020836444469801937,0.0
CDH26,0.0,0.0,0.021143355113578326,0.0
HOXB2,0.0,0.0009064351249587699,0.0,0.0
MBTPS2,0.05710683767043492,0.0,0.0,0.0
RPL30,0.01135143111655506,0.0,0.004103236285670304,0.0
PLPP1,0.008081429908844145,0.0,0.0,0.0
WARS,0.0,0.0026943215248988327,0.0,0.0
LAMP3,0.0,0.0,0.0055203463715953255,0.0
EEF2,0.0,0.0,0.0030386291784572756,0.0
CDC42SE1,0.12653408913706793,0.0,0.0,0.0
INAFM1,0.0,0.001527297478296686,0.0,0.0
HCG20,0.011607241920213777,0.0,0.0,0.0
PRELID2,0.0,0.0,0.0027258080446629215,0.0
CDC6,0.0,0.0,0.010745814262454963,0.0
RPL3,0.01135143111655506,0.0,0.1664520353238222,0.0
MEI1,0.0,0.007800112878676019,0.0,0.0
CXCR2,0.0,0.0,0.00972382113804713,0.0
CLEC4C,0.008778757088923554,0.0,0.0,0.0
COL4A3,0.0,0.0,0.022031832589809647,0.0
IGLV1-51,0.0,0.0,0.02680486478309855,0.0
PRDM16,0.007894073542349639,0.0,0.0,0.0
MAST2,0.0,0.0,0.0,0.004674084301112033
DIRC3-AS1,0.0,0.0,0.0056939160919331445,0.0
PDZK1IP1,0.0,0.0,0.00261982992800477,0.012926762399330065
ZNF500,0.010364733310694216,0.0,0.0,0.0
IGHG4,0.0,0.0026943215248988327,0.0,0.0
ELFN1-AS1,0.0,0.007800112878676019,0.0,0.0
LINC00536,0.0,0.0,0.0016988597253309754,0.0
TCF3,0.0,0.0,0.0,0.008726585431379667
MALAT1,0.0,0.0,0.021963858769248026,0.0
AP005530.1,0.0,0.0,0.0019477349895920468,0.0
IL32,0.0,0.0,0.009104505590458943,0.05726197879546121
IL17REL,0.008779977734594316,0.0,0.0021332606954851028,0.0
LOR,0.008314294437911792,0.0,0.004271537561394482,0.0
HES1,0.0,0.0,0.005277680556110922,0.0
LINC00658,0.0,0.0,0.0022810702446573582,0.0
SRPRA,0.0,0.0,0.0,0.03973060406794757
HS6ST1,0.008198457492806493,0.0,0.0,0.0
LINC00276,0.0,0.0,0.002168103893252417,0.0
RPLP0,0.036603178956305805,0.0,0.0,0.0
POLQ,0.0,0.0,0.0027456691092699347,0.0
PPP2R5D,0.0,0.0,0.0,0.08005584424945679
TAF10,0.01342341527399239,0.0,0.0,0.0
KBTBD11-OT1,0.0,0.0,0.013422907703212592,0.0
LRRC47,0.027775082101735044,0.0,0.0,0.0
ADAM21,0.0,0.0009919481516055969,0.024136516201055558,0.0
FAXC,0.008534328741001858,0.0,0.0022064426243598293,0.0
NOL11,0.0,0.0,0.0,0.1407972638809925
RNASEK,0.01342341527399239,0.0,0.0,0.0
SMPD4,0.008237533705990629,0.0,0.0,0.0
SDR16C5,0.008641150057529556,0.0,0.0,0.0
SYNPO2L,0.008699528146411525,0.0,0.0,0.0
SIGLEC8,0.0,0.0,0.0021956295813061405,0.0
TRAPPC10,0.0,0.0,0.030342137007601272,0.0
DACT1,0.008008894735901698,0.0,0.0018959798422870378,0.0
EVI5,0.0,0.0,0.0023717954700292034,0.0
LRRC58,0.0,0.0,0.0021241884605766844,0.0
ST6GAL1,0.0,0.0,0.003202704618723236,0.0
HTRA1,0.0,0.0,0.0021956295813061405,0.0
PPIAL4G,0.0,0.0,0.0058243166226229805,0.0
AIFM2,0.0,0.0026943215248988327,0.0,0.0
UPF1,0.02545742274753915,0.0,0.0,0.0
MPV17L,0.009981184612269234,0.0,0.0,0.0
CNP,0.0,0.0026943215248988327,0.0,0.0
RND3,0.013512251083720192,0.0,0.002753716881780284,0.0
IHH,0.0,0.008236913872971301,0.0,0.0
TCF4-AS1,0.0,0.0,0.006784839213421358,0.0
CCDC8,0.014852598544983301,0.0,0.0018959798422870378,0.0
ADM2,0.0,0.007800112878676019,0.0,0.0
NDUFA4L2,0.014852598544983301,0.0,0.005277680556110922,0.0
GP5,0.013990322539247115,0.0,0.0,0.0
WNK1,0.0,0.0,0.0021241884605766844,0.0
HERC6,0.0,0.0,0.010387901891797415,0.0
SAMD12-AS1,0.012245293792121201,0.0,0.0,0.0
SSX2IP,0.0,0.0,0.0,0.038468562129647575
Z99756.1,0.008589002211116546,0.0,0.0,0.0
PDE1A,0.014852598544983301,0.0,0.006298712146148822,0.0
C16orf87,0.01923832439134939,0.0,0.0,0.0
TMEM221,0.008522322178018077,0.0,0.0,0.0
PNMA6A,0.0,0.007800112878676019,0.0,0.0
FAM186A,0.0,0.0007687270099605278,0.0,0.0
PAFAH1B1,0.0,0.0,0.007187518711465346,0.0
B4GALT3,0.0,0.0026943215248988327,0.0,0.0
ESYT3,0.0,0.0,0.0026490876980069314,0.0
PSAP,0.0,0.0,0.021143355113578326,0.0
PPIP5K2,0.0,0.0,0.0021241884605766844,0.0
BTD,0.0,0.0,0.0,0.015603119831941206
COX20,0.0,0.0,0.0,0.08738710438646241
KANK1,0.01231862222193394,0.0,0.0,0.008302550223980826
KLHL14,0.0,0.0,0.02680486478309855,0.0
ARHGAP6,0.0,0.0,0.021143355113578326,0.0
WDR34,0.0,0.0,0.06464807182607922,0.0
THRB,0.0,0.0,0.021143355113578326,0.0
LINC00632,0.0,0.0,0.002574715544435872,0.0
ZNF326,0.0,0.0,0.003202704618723236,0.0
ATAD3C,0.0,0.007800112878676019,0.0,0.0
IGHV4-4,0.0,0.0026943215248988327,0.0,0.0
ASGR2,0.01733508211120711,0.0,0.0,0.0
BCL11A,0.0,0.0,0.06464807182607922,0.016529729150824148
CGA,0.0,0.0,0.0017019943862953868,0.0
CTDSPL,0.0,0.0002663440779861218,0.0,0.0
MRPS10,0.0,0.0,0.0,0.008388824084619464
EDN3,0.0,0.0,0.004002997360508056,0.0
LINC01519,0.0,0.0,0.006249508244639918,0.0
FAM53C,0.0,0.0,0.002235639411402485,0.0
DNM3OS,0.0,0.0,0.013050801030272799,0.0
LINC-ROR,0.011859609262530234,0.0,0.0,0.0
RPL18,0.01135143111655506,0.0,0.004103236285670304,0.0
LRP4,0.014852598544983301,0.0,0.006298712146148822,0.0
NCS1,0.0,0.0,0.0021956295813061405,0.0
HOXC9,0.0,0.0,0.005277680556110922,0.0
DHRS3,0.0,0.0,0.0027040379262848265,0.0
ADCK5,0.0,0.0,0.017518027925701524,0.0
VAMP1,0.00966318861600418,0.0,0.0,0.0
LEMD1,0.008978655792673198,0.0,0.0,0.0
SDC3,0.008498902496595566,0.0,0.0,0.0
RGS1,0.0,0.0,0.0031227719731439134,0.0
CHST15,0.009355919641695628,0.0026943215248988327,0.0,0.0
SLC7A11,0.012025473147409002,0.0,0.0,0.0
C8orf74,0.0,0.0,0.00780781386371652,0.0
HGD,0.0,0.0,0.04414406861763634,0.0
AC139887.4,0.0,0.0,0.0035624990433191115,0.0
ARHGAP27,0.0,0.0,0.001789326186648859,0.0
NPM1,0.01135143111655506,0.0,0.0030386291784572756,0.0
SAA1,0.009574353728587531,0.0,0.015613576822772977,0.0
GPAT3,0.012029487216189998,0.0,0.008769071425190931,0.0
MEGF11,0.0,0.0,0.006925338309508038,0.0
CTAGE9,0.0,0.0,0.0028143830994190556,0.0
GAS7,0.0,0.0,0.0018322863625532331,0.0
SSPN,0.0,0.0,0.0,0.0037046923521396853
ADD3,0.0,0.0,0.00517736206217318,0.0
MTERF1,0.0,0.0,0.004571948733195711,0.0
PLEKHB2,0.0,0.0,0.0035436732607733628,0.0
FTSJ1,0.0,0.007800112878676019,0.0,0.0
ZNF682,0.0,0.0,0.0223893040411841,0.0
COL3A1,0.014852598544983301,0.0,0.0,0.0
CD2,0.0,0.0,0.0058243166226229805,0.0
SRSF2,0.0,0.0,0.0028818098726656454,0.0
CD8A,0.0,0.0,0.002974731790162781,0.0
SMOC2,0.014852598544983301,0.0,0.0,0.0
MMP16,0.0,0.0,0.0024267707829602613,0.0
FGF8,0.0,0.0,0.002013673650488566,0.0
ISOC2,0.0,0.0026943215248988327,0.0,0.0
OR51B6,0.0,0.0,0.006033695423650549,0.0
NPTN,0.0,0.0,0.0024947244999425707,0.0
RPS28,0.01135143111655506,0.0,0.004103236285670304,0.009619389417435845
NOMO1,0.0,0.0026943215248988327,0.004037858613385109,0.0
PRSS2,0.009384786095727085,0.0,0.0,0.0
DAAM2,0.00860543084526702,0.0,0.0,0.0
MYH15,0.0,0.0,0.003503059697489488,0.0
C17orf107,0.0,0.0,0.002503729095820918,0.0
IGLV3-19,0.0,0.0,0.0029012384763306798,0.0
HSPB6,0.009073403556375644,0.0,0.0,0.0
LINC00861,0.0,0.0,0.0058243166226229805,0.0
SLC5A4,0.0,0.0,0.010786003525280757,0.0
TSPEAR-AS1,0.015510274183627196,0.0,0.0,0.0
CHAC1,0.0,0.007800112878676019,0.0,0.0
WFIKKN1,0.0,0.0,0.0026855348003818526,0.0
TRPM4,0.00805925357353736,0.0,0.0,0.0
SHE,0.0,0.0,0.002753716881780284,0.0
ANO9,0.0,0.0,0.11183101199403618,0.0
FGFR3,0.0,0.0,0.012779707794744525,0.0
MSRB3,0.011563382035874125,0.0,0.0,0.0
SCARA5,0.014852598544983301,0.0,0.0,0.0
CABIN1,0.0,0.0,0.0068673249387692144,0.0
FAAH,0.0,0.0,0.0,0.062392086468992074
LINC01258,0.0,0.0,0.006506614846580234,0.0
SLC6A13,0.014852598544983301,0.0,0.0,0.0
PABPC1,0.0,0.0,0.01926762969271171,0.0
AASS,0.016725218818091896,0.0,0.0,0.0
RAB1A,0.0,0.0,0.0035436732607733628,0.0
ZFYVE16,0.0,0.0,0.002235639411402485,0.0
ARHGEF25,0.014852598544983301,0.0,0.006298712146148822,0.0
CBARP,0.0,0.0,0.002503729095820918,0.0
ERV3-1,0.011404273918312603,0.0,0.0,0.0
MEIS1,0.0,0.0002663440779861218,0.0,0.0
RPL36A,0.010758191555188788,0.0,0.0,0.0
TMED9,0.0,0.007800112878676019,0.0,0.0
CACNA1E,0.0,0.0,0.0018400708187250295,0.0
MRAS,0.014852598544983301,0.0,0.0,0.0
TJP1,0.010536794052972078,0.0,0.0021956295813061405,0.0
TBC1D10C,0.0,0.0,0.002451796018178156,0.0
LPCAT3,0.0,0.0,0.0,0.06028179712476862
ZBP1,0.0,0.0026943215248988327,0.0,0.0
TMCO2,0.0,0.0,0.0026172030610502168,0.0
LBX2,0.0,0.007800112878676019,0.0,0.0
S100A8,0.0,0.0,0.0,0.007776342481374771
S1PR1,0.0,0.0,0.0058243166226229805,0.007464920186396482
HIST1H3C,0.035225969292147,0.0,0.0,0.0
PI4KB,0.0,0.0,0.0,0.012135214634340093
ERC2,0.0,0.0,0.0021956295813061405,0.0
AQP3,0.0,0.0,0.0,0.04843483254300883
ZC3HAV1,0.0,0.003843425637767389,0.0,0.07409826601612322
RBM24,0.010578979210884479,0.0,0.0,0.0
CST7,0.0,0.0,0.001904923597897208,0.0
TNKS,0.0,0.0,0.0022977394863866072,0.0
EPSTI1,0.00858688794130525,0.0,0.0,0.0
ZCCHC12,0.0,0.0,0.0021956295813061405,0.0
NFXL1,0.0,0.0,0.002916478554160524,0.0
PDPR,0.007907143006000683,0.0,0.0021241884605766844,0.0
PDCD2,0.015344090539742032,0.0,0.0,0.0
OR2C3,0.0,0.0,0.03238128491812142,0.0
RIPOR2,0.0,0.0,0.0,0.011978449518855136
EFCAB6-AS1,0.0,0.0,0.03547200969614954,0.0
GPR171,0.0,0.0,0.009104505590458943,0.0
CLEC2L,0.0,0.0,0.005829649600298959,0.0
SLC22A31,0.0,0.0,0.0017814537898948942,0.0
CHL1,0.0,0.0,0.009666079034583268,0.0
POU3F1,0.0,0.0,0.011508641777813156,0.0
COL2A1,0.014852598544983301,0.0,0.004918158552620105,0.0
AL590235.1,0.01774166520573201,0.0,0.0,0.0
DNM1L,0.010279966138085758,0.0,0.003202704618723236,0.01535827458780516
KLF4,0.0,0.0,0.0,0.04572312778442016
PIK3CD-AS2,0.0,0.0026943215248988327,0.0,0.0
ZBTB46,0.0,0.0,0.005002417643815242,0.0
LINC01115,0.0,0.0,0.057806368155127325,0.0
CTBP1,0.0,0.0,0.0021241884605766844,0.0
CEP97,0.0,0.0026943215248988327,0.0,0.0
WNT10A,0.0,0.0,0.002951627099693554,0.0
SLIT2,0.0,0.0,0.0,0.04769398820947178
HECTD2,0.029835141376639115,0.0,0.0,0.0
AKR1C2,0.014852598544983301,0.0,0.004918158552620105,0.0
QKI,0.0,0.0,0.08642106086954383,0.0
ART5,0.008267188075317702,0.0,0.0,0.0
LINC00671,0.0,0.0,0.0024267707829602613,0.0
BDP1,0.0,0.0,0.007187518711465346,0.0
JADE2,0.0,0.0,0.0,0.010944742004392494
EEF1B2,0.01135143111655506,0.0,0.004103236285670304,0.0
ESR1,0.0,0.0026943215248988327,0.0,0.0
TAF15,0.0,0.0,0.0,0.010793491193669541
C4BPB,0.0,0.0,0.0024267707829602613,0.0
TMEM9,0.009580228381987646,0.0,0.0,0.0
GFOD2,0.024290015352852686,0.0,0.0,0.0
RAB9B,0.0,0.0,0.002130739008452343,0.0
BBS10,0.009714421865090772,0.0,0.0,0.0
EVA1A,0.007959143736713243,0.0,0.0,0.0
LAG3,0.0,0.0,0.002974731790162781,0.0
SMG9,0.024312510231466685,0.0,0.0,0.0
R3HCC1,0.010894260626703475,0.0,0.0,0.0
FKBP14,0.0,0.0026943215248988327,0.0060003300492312665,0.0
CYP2E1,0.0,0.0,0.005122500280297348,0.0
RHOXF2,0.021294619936137155,0.0,0.0,0.0
FCGR3A,0.013210121047658363,0.0,0.0,0.0
FPR1,0.0,0.0,0.003202704618723236,0.0
MFSD1,0.0,0.0,0.08642106086954383,0.0
STAT6,0.0,0.0,0.003202704618723236,0.0
SLC4A9,0.0,0.0,0.09067889424387403,0.0
KRT23,0.0,0.0,0.00972382113804713,0.0
CCL19,0.0,0.0,0.0055203463715953255,0.0
FMNL3,0.018256344683301666,0.0,0.0,0.0
S1PR4,0.0,0.0,0.00517736206217318,0.0
CFH,0.0,0.0,0.0,0.009774787836315173
MIR202HG,0.011553657594060482,0.0,0.0,0.0
MGAT1,0.0,0.0,0.021143355113578326,0.0
SFSWAP,0.0,0.0,0.0,0.17320766953981148
LGSN,0.0,0.0,0.01981849515288662,0.0
PPP2CB,0.0,0.0,0.0,0.0477083184936839
PER2,0.0,0.0,0.0,0.013424747004774805
SEC24D,0.0,0.0026943215248988327,0.0,0.0
TEX11,0.0,0.0,0.012384338248894147,0.0
KCNK3,0.0,0.0,0.0,0.013017721833061895
UGT8,0.008763438705663474,0.0,0.0042523461871823666,0.0
LINC00299,0.0,0.0,0.0016999886672356185,0.0
POLD3,0.0,0.0,0.0,0.06845954107611411
ASNS,0.013808491939191965,0.0,0.0,0.0
C9orf43,0.0,0.0,0.00400832411852549,0.0
SLC17A9,0.0,0.0026943215248988327,0.0,0.0
RP1,0.0,0.0,0.0024144078263919934,0.0
C2orf88,0.0,0.0,0.012231468668842723,0.0
MUC1,0.0,0.0,0.0,0.175282587143296
CD151,0.0,0.0,0.0023525647243252904,0.08982760528685772
ZNRF3-AS1,0.013469707464099654,0.0,0.0,0.0
OSBPL3,0.0,0.0026943215248988327,0.0,0.0
RNASE1,0.0,0.0,0.0024267707829602613,0.0
TP63,0.0,0.0026943215248988327,0.0,0.0
APCDD1,0.014852598544983301,0.0,0.0,0.0
KLRC4,0.0,0.0,0.002974731790162781,0.0
TRAJ36,0.0,0.0,0.003852443569927339,0.0
LINC00997,0.0,0.0,0.0027283071345016747,0.0
RRAS2,0.0,0.0,0.006332137636880462,0.0
NUAK2,0.0,0.0,0.0,0.028500785853620373
IL2RG,0.008753878235035699,0.0,0.00517736206217318,0.0
MYEOV,0.0,0.0026943215248988327,0.0,0.0
PHKG1,0.0,0.0,0.006336064247710569,0.0
TEX19,0.008555403310314087,0.0,0.0,0.0
PLEKHF1,0.0,0.0,0.0,0.010827600566638078
DOT1L,0.011407706121931703,0.0,0.0,0.0
GLIS3,0.0,0.0,0.002917189898984809,0.0
DSC3,0.009074406609377786,0.0,0.0,0.0
TET2-AS1,0.0,0.0,0.012963430762678297,0.0
SNHG15,0.0,0.0,0.0028818098726656454,0.0
LINC01136,0.012516554719840091,0.0,0.0,0.0
RASL11B,0.010352071223888586,0.0,0.0,0.0
WNT5B,0.0,0.0026943215248988327,0.0,0.0
STAP1,0.0,0.0,0.02680486478309855,0.0
OR2AE1,0.0,0.0,0.01400720637866434,0.0
CDIPT,0.0,0.0,0.0,0.04460895766444892
VRTN,0.0,0.0,0.010395056292575746,0.0
SNX13,0.0,0.0,0.0,0.015182612490353676
ADAP2,0.0,0.0,0.021143355113578326,0.0
SMIM3,0.0,0.0002663440779861218,0.0027040379262848265,0.0
PRKAR2A,0.0,0.0,0.007187518711465346,0.0
ZNF589,0.010394042871560111,0.0,0.0,0.0
ARF4,0.0,0.0026943215248988327,0.0,0.0
POMK,0.010383752174436711,0.0,0.0,0.0
CD37,0.0,0.007800112878676019,0.0,0.0
CARS-AS1,0.0,0.0,0.004545640476469722,0.0
RPS6KA1,0.0,0.0,0.0,0.012480268441894394
LINC01413,0.0,0.0,0.016395118948937793,0.0
CPNE5,0.0,0.0,0.02146636286503358,0.0
PKHD1L1,0.010757113086804512,0.0,0.022031832589809647,0.0
ZNF587B,0.0,0.0,0.003231797255009964,0.0
LYRM4,0.01492317519368544,0.0,0.0,0.0
INHBA,0.008938552208709235,0.0,0.0021956295813061405,0.0
TRIP11,0.0,0.0,0.007187518711465346,0.0
HRK,0.0,0.0,0.022031832589809647,0.0
USP3,0.010322263787841018,0.0,0.0,0.0
GZMA,0.0,0.0,0.001904923597897208,0.0
PPM1L,0.0,0.0,0.0024947244999425707,0.0
IFNGR2,0.0,0.00805750340363718,0.08642106086954383,0.0
SNX32,0.011976504471794295,0.0,0.0,0.0
ANKH,0.0,0.0,0.002753716881780284,0.0
PREX2,0.01987198452947133,0.0,0.0,0.0
BPI,0.014852598544983301,0.0,0.0,0.0
PTPRD-AS2,0.010268348154762859,0.0,0.0,0.0
NUGGC,0.008928258540432398,0.0026943215248988327,0.0,0.0
LINC01460,0.009856315823305293,0.0,0.0,0.0
SEMA5B,0.0,0.0,0.0075935555065020964,0.0
NR2F1-AS1,0.014852598544983301,0.0,0.0,0.0
MORC1,0.0,0.0,0.0025875353492310522,0.0
MOB1B,0.0,0.0,0.0023717954700292034,0.0
CA1,0.0,0.0,0.0,0.00874346645624312
KCNB1,0.009370287220569432,0.0,0.0,0.0
TTC8,0.011661383780206827,0.0,0.0,0.0
GPRIN3,0.011599041951528876,0.0,0.0,0.0
NRBP2,0.00947636614892185,0.0,0.0,0.0
PPIB,0.014248824454112635,0.007800112878676019,0.0,0.0
FAM111B,0.0,0.07645332052717345,0.0,0.0
ENO4,0.012503673203870901,0.0,0.0,0.0
DBNDD1,0.0,0.07645332052717345,0.0,0.010976253757630108
SIT1,0.0,0.0,0.00517736206217318,0.0
SP6,0.0,0.0,0.0019294428376430664,0.0
RPP25,0.0,0.0,0.0,0.022473184100041798
PRPF4B,0.0,0.0,0.007187518711465346,0.0
SNCA,0.0,0.0,0.004020934957683447,0.0
IGKV1-16,0.0,0.0026943215248988327,0.0,0.0
CLPTM1,0.026358572897098614,0.0,0.0,0.0
GAREM1,0.0,0.0,0.002235639411402485,0.0
RUSC2,0.014852598544983301,0.0,0.0,0.0
LINC00028,0.0,0.0,0.010110713720035467,0.0
AGO4,0.0,0.0,0.0023717954700292034,0.0
C3orf79,0.014734231317858977,0.0,0.0,0.0
PMP22,0.0,0.0,0.0,0.04543199158856884
TAS2R4,0.0,0.0,0.0,0.03260036445723426
ADPRM,0.0,0.0,0.0,0.03404217667329483
FTL,0.0,0.0,0.003551269313260547,0.0
ZC2HC1B,0.0,0.0026943215248988327,0.002549220140201792,0.0
ERVH48-1,0.0,0.0,0.0021650140198305797,0.0
TNKS1BP1,0.0,0.0,0.005826204442076248,0.0
COL16A1,0.0,0.0,0.003106145833810085,0.0
PRPF39,0.0,0.0,0.0,0.03124467872535434
ABCA10,0.008845627198422848,0.0,0.0,0.0
IGLON5,0.0,0.0,0.0021956295813061405,0.0
ALDH1A2,0.014852598544983301,0.0,0.0,0.0
STPG1,0.008884601930140314,0.0,0.002562493798152543,0.0
NLRC5,0.0,0.007029891528311072,0.0,0.0
SLC13A5,0.007921089429976668,0.0,0.0,0.0
PIK3CG,0.0,0.0026943215248988327,0.0,0.0
PLTP,0.015275024564687004,0.0,0.0016612696293352752,0.007593261059768512
IGLVIV-66-1,0.010060038608609727,0.0,0.0,0.0
TCTN1,0.0,0.07645332052717345,0.0,0.0
TREM2,0.011291865318242137,0.0,0.0,0.0
AMIGO3,0.0,0.0,0.10882002825571746,0.0
ABI1,0.0,0.0,0.0,0.049611583630086
TUSC3,0.0,0.0,0.006298712146148822,0.0
HP1BP3,0.0,0.0,0.007187518711465346,0.0
SASH3,0.0,0.0,0.0,0.008210114119197504
WTAP,0.0,0.0,0.0,0.014652296442804065
CSNK1E,0.0,0.0,0.003202704618723236,0.0
CLEC4A,0.009540971872716103,0.0,0.0,0.0
INPPL1,0.0,0.0,0.0024947244999425707,0.0
IFIT3,0.0,0.0,0.0,0.009429980381777626
ZNF396,0.020889472048202386,0.0,0.0,0.0
HIVEP3,0.0,0.0,0.012678194319313794,0.0
ACO2,0.0,0.0,0.0,0.10100694055638507
DNAJC25,0.01102408013624761,0.0,0.0,0.0
VKORC1L1,0.0,0.0,0.015072371368767464,0.0
PRPH,0.0,0.0,0.0021053207173127005,0.0
FBXO27,0.027655331052743218,0.0,0.0,0.0
NTRK2,0.014852598544983301,0.0,0.0018959798422870378,0.0
OR8B8,0.0,0.0,0.004669832996572326,0.0
NR1I3,0.0,0.0,0.0028354051492294335,0.0
PALB2,0.0,0.0,0.0,0.007651911087348407
IGKV1OR2-108,0.0,0.0,0.0017383562693213282,0.0
RNASET2,0.0,0.0,0.0,0.013661429739354577
TAF2,0.0,0.0,0.003034692608913062,0.0
PPP2R1A,0.0,0.0,0.0,0.14723453337029657
THRAP3,0.0,0.0,0.007187518711465346,0.0
ITPRIPL2,0.0,0.0,0.0023717954700292034,0.0
FAM182B,0.0,0.0,0.0023857163206776025,0.0
MLXIP,0.0,0.0,0.0021241884605766844,0.0
NUP62,0.0,0.0,0.0,0.035915415160149934
SRSF11,0.0,0.0,0.0,0.16574600106839119
HSP90B1,0.0,0.0026943215248988327,0.0,0.0
PSMB8,0.0,0.0,0.0,0.016405945853698093
SLC44A1,0.0,0.0026943215248988327,0.0,0.0
S100A13,0.014852598544983301,0.0,0.0,0.0
TRBV5-5,0.008667759929172833,0.0,0.0,0.0
CD163,0.0,0.0,0.002753716881780284,0.15371651670143674
CEBPE,0.0,0.0,0.005339604809257232,0.0
CYP11A1,0.014852598544983301,0.0,0.0,0.0
ZNF350-AS1,0.0,0.0,0.022031832589809647,0.0
TRIB1,0.0,0.0026943215248988327,0.0017372876633530985,0.0
CMTM2,0.0,0.0,0.00972382113804713,0.0
LMNTD2,0.01929887099120902,0.0,0.0,0.0
CHST1,0.0,0.0,0.02484342196766347,0.0
IGFBP5,0.014852598544983301,0.0,0.005277680556110922,0.0
CAB39,0.0,0.0,0.0024947244999425707,0.0
NCAPD3,0.0,0.0,0.0024108266706589308,0.0
ATP6V0A4,0.018125744447720235,0.0,0.0,0.0
TCF20,0.016738940469976323,0.0,0.0,0.0
TRPC3,0.0,0.0,0.004037858613385109,0.0
PRMT1,0.0,0.0,0.0,0.014062128645549007
TNRC6B,0.0,0.0,0.0,0.024297813325824275
PPFIBP2,0.0,0.0,0.0,0.010915606698301272
SAT2,0.0,0.0,0.0035436732607733628,0.0
GRM4,0.0,0.0,0.003523584229389006,0.0
VDR,0.0,0.0026943215248988327,0.0,0.0
ARF3,0.0,0.0,0.0035436732607733628,0.0
ZEB2,0.0,0.0,0.0023717954700292034,0.0
LRRK2,0.0,0.0,0.00214863273803992,0.0
FAM102A,0.0,0.0,0.0058243166226229805,0.0
CAPG,0.0,0.000545627640299856,0.0,0.0
POLR3K,0.0,0.0,0.0,0.0030096021070646255
COL6A3,0.009090842797731095,0.0,0.0,0.0
HIST1H4I,0.0,0.0,0.007277255743996181,0.0
SLC25A13,0.0,0.0,0.0032279726970006026,0.0
PAK6,0.013015299281459612,0.0,0.0,0.0
CDHR3,0.015993768840662947,0.0,0.0,0.0
LINC01018,0.012474091066234264,0.0,0.0,0.0
BCAT1,0.010328014353903302,0.0,0.0,0.0
LACC1,0.0,0.0,0.0016758930043118073,0.0
QSOX1,0.0,0.0,0.0,0.06336279241400432
MYD88,0.0,0.0,0.005701775324089334,0.0
SNX4,0.0,0.0,0.0,0.03262276287181654
IL15RA,0.0,0.007800112878676019,0.00214863273803992,0.0
SNN,0.0,0.002914837453451908,0.0,0.0
WDR41,0.0,0.0,0.0,0.008999179221316392
DENR,0.0,0.0,0.007187518711465346,0.0
LINGO2,0.0,0.0,0.00797405474382907,0.0
CPE,0.014852598544983301,0.0,0.004918158552620105,0.0
C2,0.011009262675186175,0.0,0.004037858613385109,0.0
DARS2,0.0,0.0,0.0,0.009125196212590616
TNNC1,0.0,0.0,0.004918158552620105,0.0
NAIF1,0.0,0.0,0.002158494025530717,0.0
NEDD4,0.0,0.0,0.0,0.004842151063341875
KCNN3,0.010577151061610649,0.0026943215248988327,0.0,0.0
SLC18B1,0.0,0.0,0.005610706872055424,0.0
AP1S1,0.0,0.0,0.0,0.07901356868582278
ARHGAP21,0.0,0.0,0.021143355113578326,0.0
SMCO2,0.0,0.0,0.0016963218931588641,0.0
C1GALT1C1,0.0,0.0026943215248988327,0.0,0.0
ZNF286A,0.0,0.0,0.002416424209577388,0.0
LMO7,0.013110367962040757,0.0,0.0,0.0
KIAA1191,0.0,0.0,0.002235639411402485,0.0
TRAPPC5,0.0,0.0,0.017372113093709486,0.0
PDXP,0.0,0.0,0.0096617965410322,0.0
ZNF133,0.011260794190216483,0.0,0.0,0.0
SLC12A9,0.0,0.0,0.012678194319313794,0.010917674665391395
AKNA,0.0,0.0,0.009104505590458943,0.0
CAMK2D,0.0,0.07645332052717345,0.0,0.0
HDLBP,0.0,0.0026943215248988327,0.0,0.0
SYT4,0.0,0.0,0.0021956295813061405,0.0
IGLV2-23,0.0,0.0,0.006586021657005686,0.0
LGALS12,0.018513857370691417,0.0,0.0,0.0
KIF4A,0.0,0.0,0.008893234536529243,0.0
DHX8,0.0,0.0,0.0,0.017587711785225453
OSBPL10,0.0,0.0,0.06464807182607922,0.0
C1S,0.014852598544983301,0.0,0.005277680556110922,0.0
KRAS,0.0,0.0,0.0,0.02428390688731219
MARC2,0.0,0.0,0.022031832589809647,0.0
GGN,0.0,0.0,0.061659735794232215,0.0
PPBP,0.0,0.0,0.0,0.013354759110363905
VSTM2A,0.0,0.0,0.0020661763479272875,0.0
SVOP,0.02231286689696493,0.0,0.0,0.0
LINC00592,0.010637062730376875,0.0,0.0,0.0
ZNF136,0.0,0.0,0.0030772850961400776,0.0
LINC00926,0.0,0.0,0.022031832589809647,0.0
KIF1B,0.0,0.0,0.002235639411402485,0.0
FOXRED2,0.0,0.0,0.0,0.18288684168858338
SMTNL2,0.014852598544983301,0.0,0.004918158552620105,0.0
ACTB,0.0,0.0,0.0,0.01392921339856869
FAM135B,0.0,0.0,0.002477858002372231,0.0
CDKN1B,0.0,0.0,0.0,0.055132642511227375
GAPT,0.009616851895086775,0.0,0.0,0.0
CAMSAP3,0.01372161664166753,0.0,0.0,0.0
RPS12,0.01135143111655506,0.0,0.004103236285670304,0.0
ADAMTS15,0.0,0.0,0.005837244655454628,0.0
CYYR1-AS1,0.0,0.0,0.003943155550549204,0.0
HLA-DOB,0.0,0.0,0.022031832589809647,0.0
PDE4A,0.0,0.0,0.0,0.02845945520997626
RASSF9,0.0,0.0,0.0024510147016109855,0.0
EOMES,0.0,0.0,0.001904923597897208,0.0
TRIOBP,0.0,0.0,0.003202704618723236,0.0
DPYSL2,0.0,0.0,0.012678194319313794,0.0
ANGEL1,0.04932961562744429,0.0,0.0,0.0
ENPP6,0.014852598544983301,0.0,0.0,0.0
S100P,0.0,0.0,0.0,0.033981044445337956
SIDT1-AS1,0.0,0.0,0.00517736206217318,0.0
ZNF331,0.0,0.0,0.002917189898984809,0.0
KLHDC10,0.0,0.0,0.0024947244999425707,0.0
INHA,0.0,0.0,0.00228925969682528,0.0
LINC00421,0.0,0.0,0.0020764343869987293,0.0
TBC1D19,0.008417701535787926,0.0,0.010049615254881317,0.0
C14orf132,0.0,0.0,0.0,0.009436570312074222
IL10RA,0.0,0.0013881482172667992,0.0,0.0
AC104699.1,0.030873672465223403,0.0026943215248988327,0.022031832589809647,0.0
C1QA,0.028086281054821704,0.0,0.0,0.0
CASC8,0.011752075609281534,0.0,0.0,0.0
CCDC150,0.010006717401085398,0.0,0.0,0.0
CYB5B,0.0,0.0,0.0,0.010727109363399427
AC159540.1,0.038092234094945034,0.0,0.0,0.0
PDGFRB,0.016522343034106542,0.0,0.0,0.0
CDK5RAP3,0.0,0.0,0.0,0.013694072907112255
OXCT1,0.0,0.0,0.0,0.011321252610297561
GPSM2,0.02275473634655757,0.0,0.0,0.0
MYOC,0.014852598544983301,0.0,0.0,0.0
TRBC1,0.0437784016821355,0.0,0.0,0.0
RAB40AL,0.0,0.0,0.0023711976215565404,0.0
INTS3,0.0,0.005742151713863078,0.0,0.0
LINC00992,0.0,0.0,0.0016640906533772837,0.0
HSP90AB1,0.0,0.0,0.0,0.009826500639211906
ZNF80,0.0,0.0,0.0,0.060020195852843045
TRBV24-1,0.011465892414183694,0.0,0.0,0.0
MADCAM1,0.008929673281992033,0.0,0.0,0.0
HIST1H2AB,0.0,0.0,0.0017866203193121965,0.0
CDK5R1,0.0,0.0,0.0,0.00463273498364259
MARCH9,0.0,0.004161783000892547,0.0,0.0
XPNPEP2,0.011883483443987082,0.0,0.0,0.0
MYB,0.0,0.0,0.053651027936941195,0.0
NFYA,0.0,0.0,0.0,0.0023897318158707945
ZDHHC3,0.0,0.0,0.0035436732607733628,0.0
B3GALT2,0.0,0.0,0.0,0.009264989257117178
UBASH3B,0.0,0.0,0.002038111939515725,0.0
ACTR1B,0.018596425828406666,0.0,0.0,0.0
ACSM5,0.009773886665511771,0.0,0.0,0.0
CAPN1,0.0,0.0,0.0,0.013473567286997987
NETO1,0.0,0.07645332052717345,0.05429098932043325,0.0
TRBJ2-1,0.0,0.0,0.006092947765498735,0.0
ZSWIM6,0.0,0.0,0.0017372876633530985,0.0
APOBEC3G,0.0,0.0,0.0,0.0003182760663402334
MANEA,0.0,0.0026943215248988327,0.0,0.0
PELI2,0.0,0.0,0.0028562019070640363,0.0
THBS2,0.014852598544983301,0.0,0.0018959798422870378,0.0
MTG1,0.0,0.0,0.0,0.015507909690742266
L2HGDH,0.0,0.0,0.0,0.014139099122529464
LINC01358,0.0,0.0026943215248988327,0.0,0.0
CALU,0.0,0.0026943215248988327,0.0,0.0
DDHD2,0.0,0.0,0.001860021446398492,0.0
TBL2,0.008607003893361796,0.0026943215248988327,0.0,0.0
MKI67,0.0,0.0,0.008893234536529243,0.0
NLRP2,0.0,0.0,0.003540932656297378,0.0
AC018832.1,0.0,0.002388365930663809,0.0,0.0
ASMT,0.0,0.0,0.0028310318445284055,0.0
NCF4,0.0,0.000545627640299856,0.0,0.0
RPL7,0.01135143111655506,0.0,0.004103236285670304,0.0
RPS4Y2,0.017624990417031524,0.0,0.0,0.0
CHRNA1,0.0,0.0,0.0021956295813061405,0.0
KLHL28,0.0,0.0,0.0,0.007757143496009952
NEU1,0.0,0.007800112878676019,0.0,0.0
DDAH2,0.0,0.000545627640299856,0.01618326511752471,0.0
STAMBPL1,0.0,0.009868327895634294,0.0,0.0
DHRS2,0.0,0.0,0.004399407992944848,0.0
GFI1B,0.0,0.0,0.0,0.01498568064423692
HLX,0.0,0.0,0.004138429393094373,0.0
CHI3L2,0.0,0.0,0.0027101121067380743,0.0
ZCCHC14,0.0,0.0,0.0,0.005610563158988937
COLEC12,0.0,0.0,0.002753716881780284,0.0
CRLF2,0.0,0.0,0.002680270561225565,0.0
TRAJ57,0.008627168425238295,0.0,0.0,0.0
MGAT4C,0.008775497006964157,0.0,0.0,0.0
PCDHAC2,0.0,0.0,0.0,0.008994054529449957
CPM,0.10927241422433606,0.0,0.005610706872055424,0.0
C16orf54,0.12653408913706793,0.0,0.0,0.0
DUSP15,0.0,0.0,0.004037858613385109,0.0
SLIT1,0.0,0.0,0.0017596338589309386,0.0
LPO,0.02547463353962657,0.0,0.0,0.0
EBLN1,0.03241526144701562,0.0,0.0,0.0
SEL1L2,0.017461463100354308,0.0,0.009170070026691075,0.0
REPS2,0.009958560175064801,0.0,0.001837168520969825,0.0
LINC01374,0.0,0.019612691379385563,0.0,0.0
CLIP3,0.0,0.0,0.005277680556110922,0.0
PPP3R1,0.0,0.0,0.003190622002685055,0.01456269169179604
SCT,0.0,0.0,0.0027382419892150126,0.0
RPS26,0.010116456385061525,0.0,0.0,0.0
CD82,0.0,0.0,0.06464807182607922,0.0
PLA2G4C,0.0,0.0,0.0,0.011399432577063566
ARSB,0.0,0.0,0.0,0.010425749384082124
PRPF8,0.008568875553143448,0.0,0.0,0.0
DAB2,0.0,0.0,0.002753716881780284,0.0
CYLC2,0.0,0.0,0.005453376318129051,0.0
FKBP6,0.015867202110577915,0.0,0.0,0.0
MLEC,0.0,0.007800112878676019,0.0,0.0
SERINC4,0.0,0.007306492978416602,0.0,0.0
PPOX,0.0,0.0026943215248988327,0.0,0.0
RPL41,0.01135143111655506,0.0,0.004103236285670304,0.004246447493747464
DUSP4,0.012004937393651344,0.0,0.002917189898984809,0.0
MYL9,0.014852598544983301,0.0,0.0,0.0
RPL37A,0.01135143111655506,0.0,0.004103236285670304,0.0
MSI1,0.00954420903048862,0.0,0.0,0.0
PPCDC,0.0,0.0026943215248988327,0.0,0.0
CSF1R,0.0,0.0,0.004297494562301432,0.0
LINC01219,0.0,0.0,0.002473177879197826,0.0
RPL35,0.01135143111655506,0.0,0.004103236285670304,0.0
ALDOA,0.19844408380828898,0.0,0.0,0.0
CPED1,0.0,0.0,0.0028562019070640363,0.0
PTGDR,0.0,0.0,0.002974731790162781,0.0
RPS20,0.01135143111655506,0.0,0.004103236285670304,0.0
NENF,0.0,0.0,0.008571297793210163,0.0
PPP1R9B,0.0,0.0,0.0024947244999425707,0.0
SERPIND1,0.014852598544983301,0.0,0.0,0.0
CYTH4,0.0,0.0,0.00214863273803992,0.02426911200726884
IGF2BP3,0.0,0.0,0.004037858613385109,0.0
SLC15A3,0.021172362241860945,0.0,0.0027040379262848265,0.0
MMP25-AS1,0.0,0.0,0.006203370741939805,0.0
LINC01392,0.0,0.0,0.005297986997774668,0.0
LTA,0.0,0.0,0.005964155278833566,0.0
CORO2B,0.0,0.023410436480886084,0.0,0.0
CCNE1,0.011317447447308481,0.0,0.0,0.011830307227094602
CXCR1,0.0,0.0,0.00972382113804713,0.0
CXADR,0.0,0.0,0.00214863273803992,0.0
GATA3-AS1,0.0,0.0,0.11564153654214285,0.0
EEF1A1,0.01135143111655506,0.0,0.004103236285670304,0.0
URM1,0.0,0.0,0.0,0.029772505441820796
AC009120.4,0.01519509047168138,0.0,0.0,0.0
HIF1A,0.0,0.0,0.08642106086954383,0.0
FRMD4A,0.0,0.0,0.08642106086954383,0.0
CXCL16,0.0,0.0,0.08642106086954383,0.0
CYBRD1,0.0,0.0,0.002417767444532836,0.005480860820029354
CENPB,0.0,0.0,0.0024947244999425707,0.02706277310697541
ALCAM,0.0,0.0,0.0,0.012445462444162057
ATP8A1,0.0,0.0,0.009104505590458943,0.0
UBE2L3,0.0,0.0,0.0,0.014979400244328202
KLRG1,0.0,0.0,0.009104505590458943,0.027070008126304456
ID3,0.0,0.0,0.06464807182607922,0.0
IK,0.0,0.0,0.0,0.04974035695690456
DNMBP,0.0,0.0,0.002503729095820918,0.0
RTEL1,0.0,0.0,0.003123554458995476,0.0
OGFOD2,0.0,0.007800112878676019,0.0,0.0
AC084809.2,0.0,0.007800112878676019,0.0,0.0
LINC01149,0.0,0.0,0.06925884847830763,0.0
CD1D,0.012188413463395702,0.0,0.0,0.0
TNFSF15,0.0091087845275511,0.0,0.0,0.0
MED12L,0.010414870879848334,0.0,0.0,0.0
TTLL4,0.0,0.0,0.00214863273803992,0.0
SLC46A1,0.0,0.0,0.005981624066240956,0.0
ARL17B,0.011568505487972806,0.0,0.0,0.0
SPACA3,0.0,0.0026943215248988327,0.002693665310592517,0.0
NISCH,0.0,0.0,0.014133953749707252,0.0
ELOVL2,0.0,0.0,0.0016990352961829631,0.0
INPP1,0.03719543796317313,0.0,0.0,0.0
IGHA2,0.0,0.0026943215248988327,0.022031832589809647,0.0
PLN,0.0,0.0,0.002024208913757374,0.0
CD19,0.0,0.0,0.022031832589809647,0.0
PPP3CA,0.008625160421612911,0.0,0.0,0.0
KCNJ14,0.011576238543427085,0.0,0.0,0.0
SLC37A2,0.0,0.0,0.0016684198145751944,0.0
FOXB1,0.0,0.0,0.06159550470610663,0.0
RAB27B,0.0,0.0,0.005333343208398099,0.0
HOXB6,0.0,0.0,0.0016612696293352752,0.0
TAS2R10,0.0,0.0,0.0,0.003927515909032574
CDC42EP4,0.008350489012208563,0.0,0.0023525647243252904,0.0
FCAR,0.02953050431745968,0.0,0.0028562019070640363,0.0
F13A1,0.0,0.0,0.002753716881780284,0.0
SLC7A5,0.0,0.0,0.002503729095820918,0.0
CXXC5,0.0,0.0,0.02680486478309855,0.0
AVPR1B,0.0,0.0,0.004076376781149081,0.0
CTNNB1,0.12653408913706793,0.0,0.0,0.0
HAMP,0.017461463100354308,0.0,0.0,0.0
DNAJC19,0.0,0.0,0.005814449352544857,0.0
FBN1,0.0,0.0,0.0017869344468354265,0.0
RMC1,0.0,0.0,0.0,0.0800314898638106
DNAH17,0.0,0.0,0.002917189898984809,0.0
GLI3,0.00960079245231919,0.0,0.0,0.0
RAB36,0.008348343167150076,0.0,0.0,0.0
SMC5,0.0,0.0,0.007187518711465346,0.0
ZBTB32,0.0,0.0,0.022031832589809647,0.0
ZNF3,0.0,0.0,0.0,0.01263195478908254
CPXM1,0.008936866381369046,0.0,0.0,0.0
C1QTNF2,0.014852598544983301,0.0,0.0,0.0
NLK,0.0,0.0,0.0,0.007030398883140754
HRH1,0.017629229561637386,0.0,0.005831836652666107,0.0
OR2J2,0.008807610351584765,0.0,0.002082479567411054,0.0
BCL7B,0.0,0.0,0.0,0.007166141006729389
PROS1,0.014748196145202373,0.0,0.0,0.0
THAP11,0.0,0.0,0.0,0.018259631820338663
LINC01249,0.00852241953383512,0.0,0.002215357363745296,0.0
IGHV3-7,0.0,0.0026943215248988327,0.0,0.0
ARHGAP25,0.0,0.0013881482172667992,0.0,0.0
LINC00494,0.0,0.0,0.0023088915661753345,0.0
P2RX5,0.0,0.0,0.02680486478309855,0.0
GARS1,0.0,0.0,0.0,0.03409614986110199
CNGB1,0.010694729085159822,0.0,0.0,0.0
TRAV8-1,0.0,0.0,0.005340492242107419,0.0
SULT1A2,0.01373108870270043,0.0,0.0,0.0
ADAM23,0.011474224864310698,0.0,0.0,0.0
RNF24,0.0,0.0,0.0,0.06530959810877199
HTR2A,0.0,0.0,0.0030400233637271736,0.0
COBLL1,0.0,0.0,0.022031832589809647,0.009031285307224846
IMPG2,0.03633888445761166,0.0,0.0,0.0
CRYGN,0.015384010673643627,0.0,0.0,0.0
COL5A1,0.017526555749406817,0.0,0.0020275223604350745,0.021570604774375956
MRPL14,0.0,0.0,0.0035436732607733628,0.0
RPL10A,0.01135143111655506,0.0,0.004103236285670304,0.0
PIP4K2A,0.012647624154016764,0.0,0.0,0.0
CTTNBP2,0.0,0.0,0.0027040379262848265,0.0
METTL3,0.0,0.0,0.0,0.03795055751403419
ALG2,0.0,0.0026943215248988327,0.0,0.0
WT1-AS,0.0,0.007800112878676019,0.0,0.0
PKHD1,0.0,0.0,0.007613663944413068,0.0
ATN1,0.008276904928274622,0.0,0.0,0.0
EPS15,0.0,0.0,0.014133953749707252,0.0
MYBPC3,0.0,0.0,0.004137368978698949,0.0
NQO1,0.0,0.0,0.0032554415145436473,0.0
SRGAP2C,0.0,0.0,0.005248373509225675,0.0
ERC1,0.0,0.0,0.015072371368767464,0.0
TMEM183A,0.0,0.0,0.0,0.020969509043388054
AFMID,0.0,0.007800112878676019,0.0,0.0
MT-ATP6,0.0,0.0,0.021963858769248026,0.0
IGLV3-12,0.0,0.0,0.014527401752891729,0.0
CXXC4,0.0,0.0,0.003998719512633229,0.00925401559042137
LINC00159,0.0,0.0,0.048273229048002984,0.0
ZNRF1,0.014643845888763475,0.0,0.0,0.0
ARHGAP31,0.0,0.0,0.001789326186648859,0.0
RUNDC3A,0.0,0.0,0.0019957697817864447,0.0
ATG2B,0.0,0.0,0.0,0.007000078501355716
ACAP3,0.0,0.009868327895634294,0.0,0.0
PDCD2L,0.0,0.007800112878676019,0.0,0.0
LINC00623,0.0,0.0,0.0016814736740004682,0.0
ZNF473,0.0,0.0,0.0,0.14084543384486664
SULF2,0.0,0.0,0.001789326186648859,0.0
CARD9,0.04912004606448449,0.0,0.0,0.0
SPCS3,0.0,0.0026943215248988327,0.0,0.0
ARHGAP11B,0.019670152850317618,0.0,0.0,0.0
HNF1B,0.0,0.0,0.0055203463715953255,0.0
GPR34,0.019069232980307674,0.0,0.0,0.0
APOC2,0.0,0.0,0.0021956295813061405,0.0
CHMP1A,0.0,0.0,0.0,0.0050711096906119165
TMEM212,0.01014991706750768,0.0,0.0,0.0
ACSM2B,0.03330493784584997,0.0,0.0019914700845210134,0.0
KCNK1,0.0,0.0,0.004921375979682804,0.0
ZNF135,0.0,0.0,0.0,0.023549035310974832
PRDX2,0.015344090539742032,0.0,0.0,0.0
OSM,0.0,0.0,0.0,0.008253910131249908
CAPZB,0.0,0.0,0.0,0.015814175407307233
PACERR,0.0,0.0,0.007855963407384996,0.0
RASGRF2-AS1,0.0,0.0,0.00864103863165946,0.0
NYAP2,0.008057499241449396,0.0,0.0,0.0
DPYSL4,0.0,0.0,0.0,0.014634318336636129
CPSF4,0.029208886755872614,0.0,0.0,0.0
ZNF235,0.03610057527879683,0.0,0.0,0.0
RAMP2,0.014852598544983301,0.0,0.004918158552620105,0.0
IGFBP6,0.014852598544983301,0.0,0.0018959798422870378,0.012107696812779511
HEY2,0.01522442147423746,0.0,0.0,0.0
EHHADH,0.0,0.0008547330583889928,0.0,0.0
MUC12,0.0,0.011991815964595065,0.0,0.0
KCTD12,0.0,0.0,0.0023717954700292034,0.0
SLC27A1,0.008367741855531451,0.0,0.0023717954700292034,0.0
AC104809.2,0.0,0.0,0.002035003336411425,0.0
ZNF585A,0.01826723859174728,0.0,0.0,0.0
NPIPB6,0.0,0.0026943215248988327,0.0,0.0
NKG7,0.0,0.0,0.001904923597897208,0.0
RNF135,0.013007188473993757,0.0,0.0,0.0
CTSG,0.0,0.0,0.0,0.17203436551048554
AQR,0.0,0.0,0.0,0.029973376753869962
FGL1,0.0,0.0,0.004037858613385109,0.0
MPZ,0.012875973739880945,0.0,0.0,0.0
PRKAR2B,0.010370967070879634,0.0,0.0,0.0
CYP4V2,0.008329615785289648,0.0,0.0,0.0
SEMA4A,0.0,0.0026943215248988327,0.0,0.0
KIAA0355,0.0,0.0,0.003202704618723236,0.0
HNRNPH1,0.12653408913706793,0.0,0.0,0.0
MYO1B,0.032696475530538005,0.0,0.0,0.008476442769313265
MAPKAPK3,0.0,0.0,0.0035436732607733628,0.0
AP001412.1,0.0,0.0,0.009009350637590115,0.0
GSTM3,0.0,0.0,0.004037858613385109,0.0
FLT4,0.0,0.0,0.0035178494360135395,0.0
NDUFV1,0.0,0.0,0.0,0.013796957412623462
ATF6,0.0,0.0,0.0,0.03246888843754405
CLN6,0.0,0.0,0.0,0.006443332605968348
CCL22,0.00810044946547118,0.0,0.0,0.0
SFRP4,0.014852598544983301,0.0,0.006298712146148822,0.0
PRY2,0.0,0.0,0.0023006500638283606,0.0
ZBTB5,0.0,0.0,0.0,0.08886109446126933
AC092580.4,0.0,0.0,0.001904923597897208,0.0
MDM2,0.0,0.0,0.0,0.013397593510396379
SMAP2,0.0,0.0,0.08642106086954383,0.0
NEDD4L,0.0,0.0,0.0,0.00812313676146031
PRDM6,0.014852598544983301,0.0,0.0,0.0
UBE2F,0.0,0.0,0.004020934957683447,0.0
CAV1,0.0,0.0026943215248988327,0.003918885140358407,0.0
SP3,0.010231270069019492,0.0,0.0,0.0
NFIA,0.0,0.0,0.021143355113578326,0.0
SQOR,0.0,0.0,0.0,0.023242181756305436
NEK7,0.0,0.0,0.0024947244999425707,0.0
GPR18,0.0,0.0,0.0031232037348271936,0.022597375358158797
SPATA22,0.0,0.0,0.00843954385327871,0.0
SCCPDH,0.010468537591498146,0.0,0.0,0.0
KRT7,0.0,0.0,0.0018366518565028195,0.0
ROBO4,0.00865044525296045,0.0,0.0,0.0
IGHG2,0.0,0.0,0.005780658666939297,0.0
TRAJ28,0.0,0.0,0.004845275360670302,0.0
FOXD4,0.0,0.0,0.0055203463715953255,0.0
GID4,0.012448011624387155,0.0,0.0,0.0
AC084149.1,0.0,0.0,0.06695653410086809,0.0
SEC24A,0.0,0.0026943215248988327,0.0,0.0
PCAT7,0.0,0.0,0.0030275041748128173,0.0
VAT1L,0.014852598544983301,0.0,0.0,0.0
CHD9,0.0,0.0,0.0021241884605766844,0.0
AF131216.5,0.0,0.0,0.00305241116447564,0.0
WFDC10B,0.0,0.007800112878676019,0.0,0.0
CECR2,0.0,0.0,0.004037858613385109,0.0
FAM110B,0.0,0.0,0.002503729095820918,0.0
OSCAR,0.0,0.0,0.005701775324089334,0.0
NDST1,0.014172575491339929,0.0,0.0,0.0
KIR2DL1,0.0,0.0,0.005978919562097893,0.0
ROCK2,0.0,0.0,0.0021241884605766844,0.0
BRD3,0.0,0.0,0.0,0.01693284597190419
SLC33A1,0.0,0.0,0.0,0.0032100836321108522
ANXA9,0.014852598544983301,0.0,0.0,0.0
DNM2,0.0,0.007800112878676019,0.0,0.0
PHEX,0.0,0.0,0.01848766903568421,0.0
HNRNPM,0.03554182540349107,0.0,0.0,0.0
TOP2A,0.0,0.0,0.008893234536529243,0.0
RPL27,0.01135143111655506,0.0,0.004103236285670304,0.0
PLA2G4E,0.008116721366780055,0.0,0.0,0.0
APOBEC3B,0.0,0.007800112878676019,0.0,0.0
KLF7,0.0,0.0,0.0,0.01008180010841305
LINC01429,0.0,0.0,0.008760608797268405,0.0
CD59,0.0,0.0,0.004037858613385109,0.0
LINC00582,0.0,0.0026943215248988327,0.023999884098891644,0.0
CA5A,0.012238877549185411,0.0,0.0,0.0
CATSPERB,0.0,0.0,0.003593632320224686,0.0
THTPA,0.02465783812853949,0.0,0.0,0.0
MESP1,0.020331179784478865,0.0026943215248988327,0.0,0.0
RTN4RL1,0.0,0.0,0.022963304168689334,0.0
OLFML3,0.0,0.0,0.004037858613385109,0.0
PLCH1,0.010445725519525145,0.0,0.005928557522431196,0.0
MFSD2A,0.0,0.0,0.002503729095820918,0.0
MXRA7,0.009844615989789899,0.0,0.0,0.0
MKNK1,0.0,0.0,0.021143355113578326,0.0
SPON1,0.0,0.0,0.0,0.013268323760149536
ELL2,0.0,0.0026943215248988327,0.0,0.0
PTPN4,0.0,0.0,0.0058243166226229805,0.0
RAB11B-AS1,0.00919335044210925,0.0,0.0,0.0
CD27,0.0,0.0,0.00517736206217318,0.0
TWSG1,0.0,0.0,0.0,0.010467008690785989
EBF1,0.0,0.0,0.022031832589809647,0.0
TRIB2,0.0,0.0,0.0,0.015218854329489499
SRA1,0.0,0.0,0.0035436732607733628,0.0
SLC39A7,0.010409408686392264,0.0026943215248988327,0.0,0.0
MTRNR2L8,0.0,0.0,0.09168121809104827,0.0
CREB3L4,0.0,0.0,0.0022260915850440665,0.0
CYP4X1,0.012659906764583458,0.0,0.005277680556110922,0.0
PPARGC1A,0.0,0.0,0.004143202298427108,0.0
C18orf65,0.00806257554803613,0.0,0.0,0.0
HERC1,0.0,0.0,0.0,0.006544451176660708
SAR1B,0.0,0.007800112878676019,0.0,0.0
LETM2,0.010990632200329371,0.0,0.0,0.0
RPS10-NUDT3,0.0,0.0,0.0018179805577400526,0.0
RARA,0.0,0.0,0.0,0.029997145721620298
PIGO,0.008650985992819734,0.0,0.0,0.0
CPLX3,0.008162794079304871,0.0,0.0,0.0
TOMM34,0.009347279088950371,0.0,0.0,0.0
ECM2,0.008521224942040178,0.0,0.0,0.0
NKTR,0.0,0.0,0.0,0.006290633022454936
CCND1,0.0,0.0,0.0,0.015195608808585257
VPS50,0.014673942222470001,0.0,0.0,0.0
PTCHD1,0.0,0.0,0.013406286148269882,0.0
EIF1,0.036067796223184206,0.0,0.09606891239738512,0.0
ZBTB26,0.013594059270037408,0.0,0.0,0.0
PRF1,0.00928470176094593,0.0,0.0,0.0
LILRB3,0.0,0.0,0.08642106086954383,0.0
SPAG1,0.019599289691212676,0.0,0.0,0.0
CSF2RA,0.024174372530025967,0.0,0.0,0.0
MMP17,0.0,0.023410436480886084,0.0,0.0
UGT2B11,0.0,0.0,0.023359248084136357,0.0
MYOF,0.0,0.0,0.0024947244999425707,0.0
PCDHGA4,0.0,0.0,0.006916160463600683,0.0
ZNF511,0.0,0.0,0.0035436732607733628,0.0
USP49,0.0,0.0,0.0,0.010649388124897187
UPF3B,0.0,0.0,0.0,0.006670007003912773
MKS1,0.025622988228454997,0.0,0.0,0.0
RPS19,0.01135143111655506,0.0,0.004103236285670304,0.0
TTC4,0.008305332000132433,0.0,0.0,0.0
ACTA1,0.0,0.0,0.008806389486956672,0.0
SGPP1,0.0,0.0,0.012678194319313794,0.0
FCGBP,0.0,0.0,0.0025027760508500225,0.0
TMEM249,0.0,0.0,0.0030741331685900718,0.0
EFNA1,0.012427342312892137,0.0,0.0,0.0
MMP14,0.0,0.0,0.002753716881780284,0.0
ZRANB2-AS1,0.041921548289870963,0.0,0.0,0.0
MAPK1,0.0,0.0,0.0021241884605766844,0.0
METTL8,0.0,0.0,0.0,0.037565281730080495
TNFRSF10C,0.039357786676910735,0.0,0.0,0.0
SIX1,0.014852598544983301,0.0,0.005277680556110922,0.0
LOXL3,0.008737806550298956,0.0,0.0,0.0
SLC16A4,0.011768600736862912,0.0,0.0,0.0
PMFBP1,0.00815821193328017,0.0,0.0,0.0
CEMIP,0.010641506372328604,0.0,0.0,0.0
RCC1,0.0,0.0,0.0,0.10647605510615164
GALNT14,0.0,0.0026943215248988327,0.005224508915193904,0.0
FKBP1C,0.046966965076580935,0.0,0.0,0.0
SKAP1,0.0,0.0,0.009104505590458943,0.0
PRR35,0.015849844722218474,0.0,0.0,0.0
AC098617.1,0.019854839478240748,0.0,0.0,0.0
HS2ST1,0.008639567533468933,0.0,0.0,0.0
AP4B1-AS1,0.0,0.0,0.0017042206248311987,0.0
ACAP1,0.0,0.0,0.002451796018178156,0.0
BRINP3,0.0,0.0,0.004067048474126559,0.0
TMEM248,0.01967021817139566,0.0,0.0,0.0
RECQL4,0.028699432806475668,0.0,0.0,0.0
HSF4,0.0,0.0,0.0017860738691684128,0.0
EFCC1,0.01408449863368075,0.0,0.0,0.0
MAMDC2,0.007988550511127155,0.0,0.0,0.0
ETV6,0.0,0.0,0.0,0.015081062401449099
NEURL3,0.007951358088901659,0.0,0.0,0.0
TRBV12-4,0.0,0.0,0.02575119667658025,0.0
AC009264.1,0.0,0.0,0.0018204047874997267,0.0
DNASE1L1,0.0,0.0,0.00214863273803992,0.0
ELOVL4,0.0,0.0,0.002016945133052186,0.0
LPCAT1,0.0,0.0,0.0,0.05315348255586173
KBTBD6,0.0,0.0,0.004605593501427944,0.0
PTN,0.014852598544983301,0.0,0.0018959798422870378,0.0
BNC2,0.0,0.0,0.004037858613385109,0.0
PLCB2,0.0,0.0,0.012678194319313794,0.0
RCVRN,0.0,0.0,0.0,0.0019471000057424272
ZBTB20-AS3,0.0,0.003159115148607168,0.0,0.0
ZYG11A,0.019313965684594085,0.0,0.0,0.0
BAP1,0.024978816908381017,0.0,0.0,0.0
STOX1,0.0,0.0002506284433325278,0.0,0.0
ARSG,0.0,0.0,0.002917189898984809,0.0
CLECL1,0.0,0.000545627640299856,0.0,0.0
LRRC10,0.0,0.0,0.11529783739419644,0.0
UBE2V1,0.0,0.0,0.017372113093709486,0.0
SMARCA1,0.0,0.0,0.004037858613385109,0.0
TRAJ14,0.0,0.0,0.001965754726451977,0.0
CTSK,0.0,0.0,0.0,0.03992092961230126
LINC01415,0.0,0.023410436480886084,0.0,0.0
IGHV1-3,0.0,0.0,0.022031832589809647,0.0
RAMP1,0.0,0.0,0.0021956295813061405,0.0
TNNC2,0.0,0.0,0.0,0.007398697471314366
BIRC5,0.0,0.0,0.008893234536529243,0.0
NCOR2,0.0,0.0,0.003202704618723236,0.0
NCOA6,0.0,0.0,0.0,0.00923846343291749
TRIM3,0.0,0.0,0.0,0.050862593956682564
LINC01001,0.0,0.0,0.0020275223604350745,0.0
TMEM100,0.014852598544983301,0.0,0.0018959798422870378,0.0
BAZ2B,0.0,0.0,0.0023717954700292034,0.0
RAD21,0.0,0.0,0.0,0.00851717912776808
APBB3,0.0,0.0,0.0025027760508500225,0.0
IRF5,0.0,0.0,0.012678194319313794,0.0
VEZT,0.0,0.0,0.007187518711465346,0.0
SLC12A7,0.0,0.0,0.0025027760508500225,0.0
DIO3OS,0.014852598544983301,0.0,0.0,0.0
PLAGL1,0.0,0.0,0.0023717954700292034,0.0
NTRK1,0.0,0.0,0.0039059072098182484,0.0
MYOZ1,0.0,0.0,0.004037858613385109,0.0
FLRT1,0.0,0.0,0.007198011065764858,0.0
COX16,0.01342341527399239,0.0,0.0,0.0
AIM2,0.0,0.0,0.022031832589809647,0.0
GPRC5D,0.0,0.0026943215248988327,0.0,0.0
KAZN,0.00801396207024979,0.0,0.0,0.0
LYN,0.0,0.0,0.0024947244999425707,0.0
DDOST,0.0,0.007800112878676019,0.0,0.007581897220630024
UXS1,0.0,0.0,0.0,0.03683202977193546
GPRC5A,0.0,0.0,0.0018959798422870378,0.0
DNAAF11,0.0,0.0,0.0,0.1861498099477038
RMND1,0.0,0.0,0.0,0.029716738794924993
SLC6A8,0.03760113171061716,0.0,0.0,0.0
CCDC110,0.0,0.007800112878676019,0.0,0.0
AKT1S1,0.0,0.0,0.021143355113578326,0.0
MOXD1,0.0,0.0026943215248988327,0.0,0.0
NRN1,0.018893604889876087,0.0,0.0,0.0
LINC01268,0.0,0.0,0.0024426847490560968,0.0
PNCK,0.0,0.0,0.0671941683981041,0.0
UNC50,0.0,0.0,0.0,0.005088007496759677
LRTOMT,0.008137109119912205,0.0,0.0,0.0
PYHIN1,0.0,0.0,0.001904923597897208,0.0
SLC2A7,0.009835182926775854,0.0,0.0,0.0
HTT-AS,0.0,0.0,0.0030309496687092735,0.0
SEMA5A,0.0,0.0,0.004037858613385109,0.0
CCL5,0.0,0.0,0.001904923597897208,0.0
PPP2R5C,0.015823479517311143,0.0,0.0,0.0
MAST4,0.0,0.0,0.005534380901326686,0.0
DLX5,0.0,0.0,0.00439035579669836,0.0
PLPP5,0.0,0.0,0.0035332807797560078,0.0
RITA1,0.0,0.0,0.0020525489227043287,0.0
SPTSSB,0.0,0.0,0.0018551408690227267,0.0
KIAA0232,0.0,0.0,0.0,0.012785084838323978
OPRM1,0.008322909884151668,0.0,0.0,0.0
PRR7,0.0,0.0,0.00294628442809047,0.0
GMPPA,0.0,0.0026943215248988327,0.0,0.0
TM9SF3,0.0,0.0,0.003202704618723236,0.008094711331848062
TAPBP,0.011249760905856963,0.0,0.0,0.0
CXCR3,0.0,0.0,0.00517736206217318,0.0
BMPR1B,0.0,0.0,0.022527970591799753,0.0
LINC01094,0.009595217374188418,0.0,0.0,0.0
TMEM214,0.0,0.0026943215248988327,0.0,0.004903580289269506
ADRB2,0.0,0.0,0.0,0.04392275390922242
GOLGA8J,0.007898646767845973,0.0,0.0,0.0
PIM1,0.0,0.0,0.005534380901326686,0.0
CCDC60,0.0,0.0,0.0019981109693494514,0.0
VPS13C,0.0,0.0,0.0,0.019070729238621707
GABBR1,0.0,0.0,0.005701775324089334,0.0
CMKLR1,0.0,0.0,0.0025027760508500225,0.0
TRAJ22,0.01320991023168662,0.0,0.0,0.0
SLC1A3,0.0,0.0,0.0025875353492310522,0.0
PGS1,0.02710727910994241,0.0,0.0,0.0
RRM2B,0.0,0.07661945866331629,0.0,0.0
TAPT1,0.0,0.023410436480886084,0.0,0.04174741271348508
NRP1,0.0,0.0,0.002753716881780284,0.0
ARHGAP1,0.0,0.0,0.0024947244999425707,0.0
EIF2AK3,0.0,0.0,0.0,0.00848315635678102
P4HA1,0.0,0.0,0.003202704618723236,0.03142717052595623
PSMC4,0.0,0.0,0.0,0.0074456140768995975
COL15A1,0.016980862277668457,0.0,0.0,0.0
DLGAP1,0.0,0.0,0.0020585565642528016,0.0
HACD2,0.01384322440125558,0.0,0.003202704618723236,0.0
IGLV2-14,0.0,0.0,0.022031832589809647,0.0
AC007950.1,0.010165404688011808,0.0,0.0027814013529606626,0.0
SNHG18,0.0,0.0,0.004037858613385109,0.0
NCR3,0.0,0.0,0.0022660859665896097,0.0
BMP2K,0.0,0.0,0.002753716881780284,0.0
ANKRD9,0.0,0.0,0.0021956295813061405,0.0
FAM180A,0.0,0.0,0.007766843492681218,0.0
DCTN4,0.023158078914221718,0.0,0.0021241884605766844,0.0
CNTN2,0.0,0.0,0.0029656235463528953,0.0
GALT,0.0,0.0,0.0,0.014734326992435149
CNPY4,0.0,0.0,0.0,0.00813303927724072
ARHGAP29,0.014852598544983301,0.0,0.0018959798422870378,0.0
P3H2,0.0,0.0,0.0,0.027744896602251434
PRRC2C,0.0,0.0,0.007187518711465346,0.0
MSLN,0.0,0.0,0.004037858613385109,0.0
RNF146,0.0,0.0,0.0,0.07506490714822966
AL591806.1,0.0,0.0,0.0038261876328416623,0.0
AC013448.1,0.012516503481992325,0.0,0.0,0.0
CST3,0.028086281054821704,0.0,0.0,0.0
CDK15,0.00817130390222126,0.0,0.0,0.0
PREB,0.0,0.0026943215248988327,0.0,0.0
RPS16,0.01135143111655506,0.0,0.004103236285670304,0.0
SLC2A1-AS1,0.0,0.0,0.011956262995875041,0.0
APOD,0.014852598544983301,0.0,0.0,0.0
PDE9A,0.0,0.0,0.0021956295813061405,0.0
LINC00158,0.00961456590403178,0.0,0.003219405831601712,0.0
RPL22L1,0.013933536309278419,0.0,0.0,0.0
CRABP2,0.014852598544983301,0.0,0.005277680556110922,0.0
ZNF423,0.0,0.0,0.005277680556110922,0.0
CDC14A,0.0,0.0,0.0022143972816602788,0.010231453775211195
TAS2R31,0.0,0.0,0.0022060013408157424,0.0
LHCGR,0.0,0.0,0.01728761956412943,0.0
FEZ1,0.0,0.0,0.0,0.05728406840808849
STPG2,0.0,0.0,0.011928592975152216,0.0
CLIP4,0.0,0.0,0.0,0.02152862215970963
GADD45A,0.0,0.015203051712720753,0.0,0.0
LINC01443,0.0,0.0,0.0033379111466280914,0.0
ZNF154,0.0,0.0,0.0,0.014081579621428907
WNT9B,0.014852598544983301,0.0,0.002638703152382368,0.0
P2RX4,0.0,0.0,0.006714625621600455,0.0
CLDN7,0.0,0.0,0.0029891681598801117,0.0
CALB1,0.0,0.0,0.0023655380577692576,0.0
NMRK1,0.0,0.0,0.0,0.021977729413206276
CANT1,0.0,0.0,0.0,0.013372405157612927
YJU2B,0.0,0.0,0.0,0.0010903565678207197
RPS3,0.01135143111655506,0.0,0.1664520353238222,0.0
S100A16,0.014852598544983301,0.0,0.0018959798422870378,0.0
RGL3,0.0,0.0,0.004037858613385109,0.0
NTAN1,0.008934644827179504,0.0,0.0,0.0
SRPRB,0.0,0.0026943215248988327,0.0,0.0
AC005625.1,0.0,0.0,0.0030644529375715352,0.0
SIK1,0.0,0.0,0.0,0.01131608349725116
HNRNPA0,0.0,0.0006697813935502206,0.0,0.0
GJB2,0.0,0.0,0.0018959798422870378,0.0
TM4SF19,0.01337821873531947,0.0,0.0,0.0
HIBCH,0.02047725098290631,0.0026943215248988327,0.0,0.0
GTF2IRD1,0.0,0.0,0.002503729095820918,0.0
FICD,0.0,0.007800112878676019,0.0,0.0
KISS1,0.0,0.0,0.0024451411503330564,0.0
STEAP3,0.0,0.0,0.00214863273803992,0.0
EHD1,0.0,0.0,0.00845095342743356,0.0700650218765471
KCNC3,0.0,0.0,0.005002417643815242,0.0
IGHV2-5,0.0,0.0026943215248988327,0.0,0.0
MDS2,0.0,0.0,0.023193933552514912,0.0
MRFAP1L1,0.0,0.0,0.0,0.20882398229173116
IFI27L1,0.0,0.007800112878676019,0.0,0.0
FAM133B,0.0,0.0,0.003202704618723236,0.0
AP001626.1,0.0,0.0,0.004990260554754848,0.0
GSN-AS1,0.009869159566234846,0.0,0.0,0.0
LAMA5-AS1,0.0,0.0026943215248988327,0.0,0.0
PTGER2,0.0,0.0,0.005534380901326686,0.0
KCNK2,0.014852598544983301,0.0,0.0,0.0
FAM174A,0.036285329732181994,0.0,0.0,0.0
SDC2,0.014852598544983301,0.0,0.002917189898984809,0.0
LILRB5,0.0,0.0,0.0016612696293352752,0.0
HOXB5,0.0,0.0,0.0016612696293352752,0.01024666926419795
RPL24,0.01135143111655506,0.0,0.004103236285670304,0.0
IL12A-AS1,0.0,0.0,0.002668605234922329,0.0
PFDN1,0.0,0.0,0.0035436732607733628,0.0
SPTY2D1,0.0,0.0,0.0032279726970006026,0.0
ASB8,0.0,0.0,0.0,0.007209080575224155
RPS10,0.01135143111655506,0.0,0.0,0.0
HMSD,0.012270672688518688,0.0,0.0,0.0
IGKV3-15,0.011233505426615664,0.0,0.0,0.0
GPR160,0.009212278078666354,0.0,0.0,0.0
HSCB,0.019018197956129888,0.0,0.0,0.0
ITM2C,0.0,0.0026943215248988327,0.0,0.039369506792798666
BTNL8,0.012840338227756834,0.0,0.0,0.0
CCNH,0.0,0.0,0.002235639411402485,0.0
PRKCH,0.0,0.0,0.009104505590458943,0.0
PLBD1,0.009902159069156459,0.0013007603734426405,0.0,0.0
FAM110A,0.035056286533671675,0.0,0.0,0.0
WNK4,0.0,0.0,0.005230295782782617,0.0
IGHV1OR15-9,0.0,0.0,0.001730287155748956,0.0
GPATCH1,0.0,0.0,0.0,0.009673574854958972
SOD3,0.0,0.0,0.005277680556110922,0.0
MYT1L-AS1,0.0,0.0,0.004923736151708568,0.0
HMMR,0.0,0.0,0.008893234536529243,0.0
RASA2,0.0,0.0,0.0,0.011706782240054461
KRTCAP3,0.010199091422013128,0.0,0.0,0.0
FTCDNL1,0.0,0.0,0.0019119614680450177,0.0
PRSS35,0.0,0.0,0.005277680556110922,0.0
LSM5,0.0,0.0,0.0,0.016317304610570797
DFFB,0.0,0.0,0.0,0.0230024821011922
AC024361.1,0.0,0.0,0.0035324695243056344,0.0
BCKDK,0.0,0.0026943215248988327,0.0,0.0
CIDEC,0.06723086702930142,0.0,0.0,0.0
RGS7,0.008208567306993958,0.0,0.00693101778512071,0.0
HOXC6,0.011078475335699665,0.0,0.0,0.0
KDM2B,0.0,0.0013881482172667992,0.0,0.0
APOL6,0.009000456386119394,0.0,0.0,0.0
ADGRB1,0.01638978488228761,0.0,0.0,0.0
ARHGAP32,0.0,0.07645332052717345,0.0,0.0
PTOV1-AS1,0.0,0.0,0.014085269074873554,0.0
RPS27,0.01135143111655506,0.0,0.1664520353238222,0.0
CD248,0.0,0.0,0.0048028043612693356,0.004672779474902729
RNF112,0.0,0.0,0.0055848097467277365,0.0
IGF1,0.0,0.0026943215248988327,0.0,0.0
LINC01445,0.0,0.0,0.002207340363212521,0.0
DEDD,0.0,0.0,0.0,0.08498870646601675
UBA5,0.0,0.0026943215248988327,0.0,0.0
NGDN,0.014334780235993893,0.0,0.0,0.0
NABP1,0.0,0.0,0.002235639411402485,0.0
COL6A1,0.008914728388363977,0.0,0.0,0.0
BCKDHB,0.0,0.0,0.0,0.013088376908374883
GRM5,0.008196942710655263,0.0,0.0,0.0
LINC00887,0.014517156184352408,0.0,0.0,0.0
LMNA,0.0,0.0,0.004628463223941036,0.0
PRRC1,0.0,0.0,0.0,0.004129311717142281
WSB1,0.0,0.0,0.003202704618723236,0.0
AC017074.2,0.0,0.012048564203326447,0.0,0.0
AVPR1A,0.0,0.0,0.004465027340213073,0.0
SYF2,0.0,0.0,0.0,0.02579509118560438
SEC11C,0.0,0.0026943215248988327,0.0,0.0
EPYC,0.014852598544983301,0.0,0.0,0.0
HELZ,0.0,0.0,0.0021241884605766844,0.0
FKBP15,0.0,0.0,0.0021241884605766844,0.0
MYL10,0.0,0.0,0.00830503018783719,0.0
UNC13B,0.028327919323034485,0.0,0.0,0.0
HOXB-AS3,0.0,0.0,0.006262195559750959,0.0
NRCAM,0.0,0.0,0.0,0.006008109983221817
NRBF2,0.0,0.0,0.0,0.014555862174873745
TRBC2,0.026371289745632607,0.0,0.0,0.0
CD79A,0.0,0.0,0.022031832589809647,0.0
IGLV3-21,0.009503434999223901,0.0,0.0,0.0
RENBP,0.0,0.0,0.0,0.007905921259022949
RXRA,0.0,0.0,0.006085105491755753,0.0
RIF1,0.0,0.0,0.007187518711465346,0.0
FAM177A1,0.0,0.0,0.0028818098726656454,0.0
BTNL3,0.0,0.0,0.056821514667486445,0.0
REEP1,0.0,0.0,0.013591551905908498,0.0
COX7C,0.01135143111655506,0.0,0.0,0.0
HK3,0.011896252343331103,0.0,0.0,0.0
DLGAP1-AS5,0.0,0.0,0.005277680556110922,0.0
ELMOD1,0.0,0.0,0.0018314459188716356,0.0
POU2AF1,0.0,0.0,0.022031832589809647,0.0
FLT3LG,0.0,0.0,0.005534380901326686,0.0
FUT1,0.0,0.0,0.002917189898984809,0.0
NACA,0.01135143111655506,0.0,0.004103236285670304,0.0
OCLM,0.0,0.0,0.02098768707709038,0.0
HS3ST4,0.0,0.0,0.004037858613385109,0.0
DHX40,0.0,0.0,0.0,0.014188025703721765
MT1G,0.0,0.0,0.0021956295813061405,0.0
MT3,0.0,0.0,0.0021956295813061405,0.0
UQCRHL,0.014551375884712647,0.0,0.0,0.0
CTXN3,0.014852598544983301,0.0,0.004918158552620105,0.0
MEG8,0.0,0.0,0.002408265161038493,0.0
MSS51,0.055021885339998286,0.0,0.0,0.0
CSMD2,0.015155135346330484,0.0,0.0,0.0
NRIP1,0.0,0.0,0.0027040379262848265,0.0
C16orf72,0.0,0.0,0.003202704618723236,0.0
ZMIZ2,0.0,0.0,0.0,0.005171615212315936
KRTAP9-6,0.0,0.0,0.004830974206110798,0.0
MRAP2,0.014852598544983301,0.0,0.0,0.0
FAF2,0.0,0.0,0.007187518711465346,0.06386460147944313
BIRC7,0.0,0.0,0.004037858613385109,0.0
SPAST,0.0,0.0,0.0021241884605766844,0.0
CASC2,0.061241020022010116,0.0,0.0,0.0
ENAM,0.0,0.007800112878676019,0.0,0.0
ALKBH1,0.016217418584933606,0.0,0.0,0.0
STON2,0.0,0.0,0.0020275223604350745,0.0
IFT88,0.0,0.0,0.0,0.052168319476158104
IL24,0.0,0.0,0.002805095655357044,0.0
RRAGD,0.0,0.0,0.004037858613385109,0.0
PFKFB4,0.0,0.0,0.0,0.025853129310608843
MOV10,0.0,0.0,0.001899562287305967,0.0
WWC1,0.036959280516501006,0.0,0.0,0.0
IL2RB,0.0,0.0,0.009104505590458943,0.0
ACTA2-AS1,0.0,0.0,0.003251654856831518,0.0
RPL34,0.01135143111655506,0.0,0.004103236285670304,0.0
TCL1A,0.0,0.023410436480886084,0.02680486478309855,0.0
PSMD13,0.015344090539742032,0.0,0.0,0.0
HAS1,0.0,0.0,0.002503729095820918,0.0
FCER1G,0.0,0.0,0.06970023387876106,0.0
GPRIN1,0.0,0.0,0.07977191972448844,0.0
RUNX1T1,0.0,0.0,0.0018959798422870378,0.0
MS4A10,0.01287049296667075,0.0,0.0,0.0
MC2R,0.008407986866321713,0.0,0.0029494675533986987,0.0
PPP1R35,0.0,0.0,0.002766639292663309,0.0
MTX2,0.0,0.0,0.0,0.014515133010499866
AHI1,0.0,0.0,0.0,0.05255446826624595
SUV39H1,0.0,0.0,0.009752645926155908,0.0
CNN3,0.014852598544983301,0.0,0.0,0.0
ADGRE3,0.014583598238418033,0.0,0.0,0.0
PCAT18,0.009353403761455333,0.0,0.0,0.0
RTP1,0.0,0.0,0.040783773706287725,0.0
RASGRP4,0.0,0.0,0.00214863273803992,0.0
SPP1,0.0,0.0,0.0021956295813061405,0.0
PRG4,0.0,0.0,0.0018959798422870378,0.0
MAFF,0.0,0.0,0.0017372876633530985,0.0
RIN2,0.0,0.0,0.0027040379262848265,0.0
KCNMA1,0.014852598544983301,0.0026943215248988327,0.0,0.0
NAMPT,0.0,0.0,0.0,0.017077730585191176
GNAI2,0.01342341527399239,0.0,0.0,0.0
KCNMB4,0.0180460692762967,0.0,0.0,0.0
IGHV3-53,0.0,0.0,0.007969197441906889,0.0
TRADD,0.0,0.0,0.005534380901326686,0.012779862121867382
GCHFR,0.0,0.0,0.048855070600458426,0.0
MARCKS,0.0,0.0,0.0027040379262848265,0.0
AKAP13,0.0,0.0,0.002235639411402485,0.0
CNKSR1,0.0,0.0026943215248988327,0.007257414237961665,0.0
HIST1H4A,0.009234285347725085,0.0,0.023583784036733158,0.0
PRR7-AS1,0.0,0.0,0.02909615743807617,0.0
SMAD5,0.0,0.0,0.0023717954700292034,0.0
RIBC2,0.020195001369298884,0.0,0.002331652363966469,0.0
EFEMP2,0.014852598544983301,0.0,0.0,0.0
SLAMF8,0.014711592285716111,0.0,0.0,0.0
TNFRSF8,0.009628590039082629,0.0,0.0,0.0
APOC1,0.017461463100354308,0.0,0.0,0.04001479840968457
FZD6,0.0,0.0064025342118689665,0.0,0.0
CR2,0.0,0.0,0.05429098932043325,0.0
WSCD1,0.00903060113220739,0.0,0.0,0.0
GSDMA,0.011419157970559127,0.0,0.0,0.0
DTD2,0.0,0.0,0.0021593347054836474,0.0
PHGDH,0.0,0.007800112878676019,0.0,0.0
CTSD,0.0,0.0,0.004037858613385109,0.0
UBE2B,0.0,0.0,0.0,0.012962644106326061
SYT17,0.0,0.07645332052717345,0.00214863273803992,0.0
LINC00570,0.0,0.0,0.0020236052170430185,0.0
ACSS2,0.0,0.0,0.006085105491755753,0.0
SLBP,0.0,0.0,0.0,0.029168226097321195
DBNDD2,0.0,0.0,0.002661031612424502,0.0
TEX22,0.0,0.0,0.00369685743620738,0.0
GPR180,0.0,0.0,0.005541308956483758,0.0
PBRM1,0.0,0.0,0.0,0.009676735162455053
ELOVL1,0.0,0.0,0.0,0.007101931112651656
FRK,0.0,0.0,0.005277680556110922,0.0
IL3RA,0.0,0.0,0.0023525647243252904,0.0
GBP7,0.009757364571566498,0.0,0.0,0.0
TRAF3IP3,0.0,0.0,0.002451796018178156,0.0
KCNC2,0.0,0.0,0.0049002519829834945,0.0
LINC01410,0.0,0.0,0.00214863273803992,0.0
NUDCD3,0.0,0.0,0.0,0.015792255525321233
NMNAT2,0.014852598544983301,0.0,0.006298712146148822,0.0
IL13RA1,0.01426202950596629,0.0,0.0,0.0
GPC3,0.0,0.0,0.0028458092679807326,0.0
RBPJ,0.0,0.0,0.005248373509225675,0.0
TMEM144,0.010418944977526818,0.0,0.0,0.049997080935054415
LINC01141,0.0,0.0,0.004037858613385109,0.0
SOX5,0.0,0.0,0.05662905848099511,0.0
MTHFR,0.0,0.0,0.003202704618723236,0.0
DNAJC5B,0.0,0.0,0.0023163505473555797,0.0
GGTLC1,0.0,0.0,0.0023218278377058056,0.0
DPY19L4,0.0,0.0,0.0,0.026027487725623327
SYT16,0.0,0.0,0.001760223239785086,0.0
RSL24D1,0.0,0.0,0.01926762969271171,0.0
FBXO11,0.0,0.0,0.003202704618723236,0.0
CENPT,0.0,0.01601140393343238,0.0,0.0
AP000233.2,0.0,0.0,0.003409658489743406,0.0
SLC35B4,0.01906449340734195,0.0,0.0,0.0
TPR,0.0,0.0,0.007187518711465346,0.0
RALGPS2,0.0,0.0,0.022031832589809647,0.0
CCDC51,0.0,0.0,0.0,0.003949323451587956
KLF5,0.012689199082685693,0.0,0.0,0.0
TPCN1,0.0,0.0,0.005610706872055424,0.0
UQCR10,0.0,0.0,0.0,0.027522013824153303
MAN1A1,0.0,0.0026943215248988327,0.08642106086954383,0.0
MAP7D2,0.010540312126522566,0.0,0.0,0.0
LINC01150,0.016440642112477137,0.0,0.0,0.0
PIGP,0.0,0.0,0.0,0.001219052948660601
TMTC1,0.014852598544983301,0.0,0.0018959798422870378,0.0
JAK1,0.0,0.0,0.0,0.012834294459608597
P2RY10,0.0,0.0,0.006104232445859403,0.0
STARD7,0.0,0.0,0.0021241884605766844,0.0
CUL5,0.0,0.0,0.007187518711465346,0.0
SLCO2B1,0.0,0.0,0.0016612696293352752,0.0
GABRG3,0.0,0.0,0.002443701349176187,0.0
TMEM155,0.0,0.0,0.0048547416688366945,0.0
DIRAS3,0.0,0.0,0.007667312932401576,0.0
YIPF7,0.0,0.0,0.011869533167226016,0.0
TAF1A-AS1,0.02086268701860185,0.0,0.0,0.0
TCF25,0.0,0.0,0.007187518711465346,0.0
SLC25A21,0.0,0.0,0.0038214962442074565,0.0
PMEPA1,0.0,0.0,0.002503729095820918,0.0
GNLY,0.0,0.0,0.0,0.06094195021867766
IGLC3,0.0,0.0,0.022031832589809647,0.0
NXT2,0.0,0.0,0.005261530945214728,0.0
RPS23,0.01135143111655506,0.0,0.004103236285670304,0.0
ZBED5,0.0,0.0,0.0,0.012003303634465988
GOLGA8N,0.009204683862441054,0.0,0.0,0.0
MZB1,0.0,0.0026943215248988327,0.002844805342879422,0.0
CARD11,0.01191500804417243,0.0,0.0,0.0
SZRD1,0.01011669315045712,0.0,0.0,0.005388865144008229
FAM81B,0.0,0.0,0.008850620500825367,0.0
SOCS6,0.023961482271582478,0.0,0.0,0.0
TRAV41,0.0,0.0,0.004759191642728004,0.0
LINC00467,0.030952573705440158,0.0,0.0,0.0
FN1,0.008412282812859028,0.0,0.0,0.0
RGPD2,0.008787375398232584,0.0,0.0,0.0
CAB39L,0.0,0.0,0.0,0.006986492755634357
RFX2,0.0,0.0,0.002503729095820918,0.0
ASAP3,0.0,0.0,0.004126172135693281,0.0
TK2,0.0,0.0,0.00214863273803992,0.0
FBLN2,0.0,0.0,0.0,0.03694755478918222
DNAJC13,0.0,0.0,0.021143355113578326,0.0
IL6ST,0.0,0.0,0.0020275223604350745,0.0
FAM229B,0.014852598544983301,0.0,0.0,0.0
FRG2,0.028121688794889493,0.0,0.0,0.0
TCF12,0.008761245197166971,0.0,0.0,0.0
TRGV6,0.0,0.0,0.00208237945104017,0.0
PSD3,0.0,0.0,0.002228538557554733,0.0
FAM102B,0.0,0.0,0.08642106086954383,0.0
ZPLD1,0.0,0.0,0.016987279160216362,0.0
HSD17B6,0.0,0.0,0.0027720327761786524,0.0
RPS15,0.01135143111655506,0.0,0.004103236285670304,0.0
STK38L,0.011636405889332119,0.0,0.0,0.0
LINC01505,0.009914700534395221,0.0,0.0,0.0
P2RY12,0.0,0.0,0.004037858613385109,0.0
CRB1,0.0,0.0,0.0021127810565980637,0.0
FAM43A,0.02185334854700571,0.0,0.0,0.0
PRKACA,0.0,0.0,0.0023717954700292034,0.0
GRM7,0.011346009792140378,0.0,0.0,0.0
GPR31,0.009248781509750134,0.0,0.0,0.0
GZMK,0.0,0.0,0.001904923597897208,0.04121955090706646
TIE1,0.008569467066466066,0.0,0.0,0.0
TMEM51,0.011858967448546831,0.0,0.0,0.0
TXNDC11,0.0,0.0026943215248988327,0.0,0.0
NUCB2,0.0,0.0,0.0018280725321687184,0.007160476213159732
AMFR,0.0,0.0,0.0016916457506897862,0.0
CFAP65,0.0,0.0,0.0022332691491731066,0.0
MUC20,0.0,0.0,0.0018696253218226547,0.0
NBPF19,0.0,0.0,0.0024947244999425707,0.0
C1orf167,0.010850383720864028,0.0026943215248988327,0.0,0.0
C6orf99,0.00833238372718385,0.0,0.0,0.0
MZF1-AS1,0.011920850246327018,0.0,0.0,0.0
CHRM3-AS2,0.0,0.0,0.003343878804636624,0.0
BORA,0.0,0.0,0.0,0.0389265791393692
NCLN,0.0,0.007800112878676019,0.0,0.0
ENHO,0.0,0.0,0.005701775324089334,0.0
LGI1,0.0,0.0,0.025130148074204328,0.0
LINC00397,0.0,0.0,0.006674742871253327,0.0
FRAT2,0.016521215876148403,0.0,0.0,0.0
COL17A1,0.01347305322419963,0.0,0.0,0.0
DMBX1,0.013072089937431523,0.0,0.0,0.0
IGLJ1,0.0,0.0026943215248988327,0.0,0.0
FAM91A1,0.0,0.0,0.0024947244999425707,0.0
RGPD8,0.0,0.0,0.00443736628203214,0.0
SLAMF6,0.0,0.0,0.009104505590458943,0.0
C1QC,0.011291865318242137,0.0,0.0,0.0
LINC00682,0.00834547774599633,0.0,0.0,0.0
MARCH3,0.0,0.0,0.004037858613385109,0.0
PFDN5,0.01135143111655506,0.0,0.004103236285670304,0.0
LRFN1,0.0,0.0,0.0028454720889292792,0.0
MADD,0.0,0.0,0.0,0.012439857930849594
DST,0.0,0.0,0.003202704618723236,0.0
ANKS6,0.01270663323854824,0.0,0.0,0.0
KLF14,0.0,0.000545627640299856,0.0,0.0
ETV1,0.0,0.0,0.014133953749707252,0.0
MRVI1-AS1,0.0,0.0,0.05429098932043325,0.0
MIF-AS1,0.009255010211505418,0.0,0.0,0.0
RGL1,0.01530421679740973,0.0,0.0024267707829602613,0.0
ZNF808,0.0,0.0,0.002580195267056747,0.0
CCDC88A,0.0,0.0,0.0023717954700292034,0.0
PORCN,0.008043101247742289,0.0,0.0,0.0
HIST1H3F,0.008923438329089846,0.0,0.0,0.0
FAM87B,0.0,0.0,0.0017386566139165865,0.0
GK,0.0,0.0,0.002917189898984809,0.0
BCL2L12,0.008282137430984937,0.0,0.0,0.0
AAR2,0.014941990020243514,0.0,0.0,0.0
SASH1,0.012541945759331966,0.0,0.0,0.0
COX7A2L,0.0,0.0,0.01926762969271171,0.0
CHSY3,0.014852598544983301,0.0,0.0,0.0
TRMT1,0.0,0.0,0.021143355113578326,0.0
MS4A7,0.0,0.0,0.08642106086954383,0.0
IFITM10,0.0,0.0,0.004037858613385109,0.0
VN1R2,0.0,0.0,0.016267638822743898,0.0
ADAMTS17,0.0,0.0,0.004037858613385109,0.0
CDC42,0.0,0.0,0.0,0.10910607620490302
QPCTL,0.0,0.0026943215248988327,0.0,0.0
LINC01580,0.0,0.0,0.006510012228400893,0.0
KIF5A,0.0,0.0,0.0028416193001852895,0.0
TGFBR2,0.0,0.0,0.0021241884605766844,0.0
RFTN1,0.0,0.0,0.0,0.1289153791200694
COX6A2,0.0,0.0,0.0021956295813061405,0.0
FOXC1,0.014852598544983301,0.0,0.006298712146148822,0.0
LRP1,0.0,0.0,0.021143355113578326,0.08497529535301321
GDF11,0.03571673175041809,0.0,0.0,0.0
LINC00240,0.0,0.0,0.0018615142436165556,0.0
AIF1L,0.03147030314915965,0.0,0.0035434450715395,0.0
GUCY2C,0.0,0.0,0.022031832589809647,0.0
ATRN,0.0,0.0,0.0025027760508500225,0.0
LINC00345,0.0,0.0,0.0016763651625359595,0.0
BNIP3L,0.0,0.0,0.0035436732607733628,0.0
TCF4,0.0,0.0,0.0,0.0349836636156288
RPS6,0.01135143111655506,0.0,0.004103236285670304,0.015104883889414538
F5,0.010977626423166967,0.0,0.0,0.0
ANKRD20A4,0.0,0.0,0.003523040214834537,0.0
TTC21A,0.020506929847205823,0.0,0.0,0.0
DNAAF5,0.01742202155771453,0.0,0.0,0.0
SPATA2,0.0,0.0,0.0,0.15846233858609407
OSTN,0.013765191324226716,0.0,0.0,0.0
BLK,0.0,0.0,0.022031832589809647,0.0
COG1,0.011207302770216886,0.0,0.0,0.0
ABHD2,0.0,0.0,0.003202704618723236,0.0
PABPN1,0.0,0.0,0.005248373509225675,0.0
ZNF667,0.019518411074198265,0.0,0.0,0.0
TSC22D1,0.014852598544983301,0.0002663440779861218,0.004918158552620105,0.0
ARG1,0.010773468404457007,0.0,0.0,0.0
SLC9A9,0.0,0.0,0.002753716881780284,0.0
TACO1,0.010506852586715822,0.0,0.0,0.0
RGSL1,0.0,0.0,0.03024027859746669,0.0
MROH6,0.0,0.0,0.005057552330519102,0.0
PIEZO1,0.0,0.0,0.0,0.00778083951142474
CAMKK2,0.0,0.0,0.001789326186648859,0.0
STT3A,0.0,0.0026943215248988327,0.0,0.0
XCR1,0.0,0.0,0.004936004379297038,0.0
PPP1R1B,0.014852598544983301,0.0,0.0,0.0
GALNT7,0.0,0.0,0.0024947244999425707,0.0
SGK3,0.03173944004741941,0.0,0.0,0.0
FAM187B,0.010181712993570636,0.00501881101529267,0.0,0.0
CRTAM,0.0,0.0,0.002480156745107491,0.0
RPRML,0.0,0.0,0.0018988106740029202,0.0
PAX5,0.0,0.0,0.022031832589809647,0.0
IQCC,0.008535136536928476,0.0,0.0,0.0
CCDC170,0.0,0.0,0.0020275223604350745,0.0
LINC01570,0.0,0.0,0.00594364151412753,0.0
CCDC89,0.009961639995313838,0.0,0.0,0.0
UBB,0.0,0.0015103416270974297,0.0,0.0
ZNF442,0.0,0.0,0.0,0.010023917107051626
BMP7,0.021189563712078436,0.0,0.0,0.0
SCN1B,0.0,0.0,0.002753716881780284,0.0
GHITM,0.015344090539742032,0.0,0.0,0.0
RABEPK,0.0,0.0,0.0,0.03324708335123187
OR10G3,0.009047607819595297,0.0,0.0,0.0
SPATA2L,0.0,0.0,0.0,0.03316099424196217
COL4A2-AS1,0.0,0.0,0.004037858613385109,0.0
TBC1D14,0.0,0.0,0.021143355113578326,0.0
FTHL17,0.0,0.0,0.00239827419990837,0.0
RPL38,0.01135143111655506,0.0,0.004103236285670304,0.0
EXTL3,0.00957638309626281,0.0,0.0023717954700292034,0.0
LINC01170,0.007965108453730368,0.0,0.0,0.0
BDNF,0.0,0.0,0.001918967939941798,0.0
GAA,0.01073554453723634,0.0,0.0027040379262848265,0.0
SPIN1,0.0,0.0,0.001812968232095479,0.0
RTL8C,0.0,0.0,0.0,0.011057399377542585
NSUN7,0.0,0.023410436480886084,0.0,0.0
FEM1B,0.0,0.0,0.007187518711465346,0.0
SMIM13,0.014873833451925481,0.0,0.0,0.0
NAV3,0.0,0.0,0.004037858613385109,0.0
VARS2,0.0,0.005534604353316844,0.0,0.0
IGLV2-11,0.0,0.0,0.009845682703650353,0.0
RING1,0.0,0.0,0.0,0.027801354297621716
KPNA6,0.0,0.0,0.002235639411402485,0.0
CYB5R3,0.0,0.0,0.0028818098726656454,0.002467389464206063
RNASE10,0.0,0.0,0.001997839792842592,0.0
CRYM,0.0,0.0,0.004197470809289576,0.0
COX7A1,0.014852598544983301,0.0,0.004918158552620105,0.0
LIX1,0.0,0.023410436480886084,0.0,0.0
DESI2,0.0,0.0,0.007187518711465346,0.0
MFN2,0.0,0.0,0.0,0.042055092485197974
MICAL1,0.013168261477129862,0.0,0.0,0.0
RPS18,0.01135143111655506,0.0,0.004103236285670304,0.0
GNAS-AS1,0.010170645785101627,0.0,0.0,0.0
CCNB1,0.0,0.0,0.008893234536529243,0.0
PLD1,0.0,0.0,0.005610706872055424,0.0
GJA5,0.0,0.0,0.0,0.01394655346507946
CMIP,0.0,0.0,0.003202704618723236,0.0
DPF3,0.0,0.0,0.022031832589809647,0.0
PDGFC,0.0,0.0,0.0028562019070640363,0.0
CCDC148,0.0,0.0,0.007202530338318401,0.0
EMP1,0.0,0.0,0.004628463223941036,0.0
P2RY8,0.015434596794599718,0.0,0.020151294162421347,0.0
SMAGP,0.0,0.0,0.0,0.04624679759015571
RPLP1,0.01135143111655506,0.0,0.004103236285670304,0.0
A4GALT,0.014852598544983301,0.0,0.0018959798422870378,0.0
SYCE1L,0.008816532828234079,0.0,0.0,0.0
WASF3-AS1,0.018923177816014568,0.0,0.0,0.0
ERICH6B,0.0,0.0,0.008750874767136702,0.0
CSNK2A1,0.0,0.0,0.0,0.012749510803950816
IL1A,0.0,0.0,0.004037858613385109,0.0
NAA11,0.0,0.0,0.00855565129868142,0.0
A2M,0.0,0.0,0.001812968232095479,0.0
FAT3,0.0,0.0,0.0040223399332305855,0.0
CCL15,0.0,0.0,0.0021043636529909726,0.0
C10orf25,0.01155278407973427,0.0,0.0,0.0
DANT2,0.019011572558422913,0.0,0.0,0.0
EDEM1,0.0,0.0026943215248988327,0.0,0.0
CYCS,0.0,0.0,0.0,0.004166454301576328
XBP1,0.0,0.007800112878676019,0.0,0.0
MROH9,0.0,0.0,0.009889904530123167,0.0
CERS2,0.0,0.0,0.0,0.005599591241133863
SLC6A12,0.0,0.0,0.0,0.03846685656534845
CRISPLD2,0.0,0.0,0.0,0.011470060685007015
EWSR1,0.0,0.0,0.0,0.02543002167269784
IL17C,0.00883526435709329,0.0,0.0,0.0
PLEKHG1,0.0,0.0,0.06464807182607922,0.0
XIRP1,0.009888538248400884,0.0,0.0,0.0
AGO2,0.0,0.0,0.0,0.02520075804204017
MOCS2,0.008363657055923943,0.0,0.0,0.0
BHLHE41,0.0,0.0,0.0027040379262848265,0.0
RAB30,0.0,0.029482099199530067,0.0,0.0
ZNF341-AS1,0.009179565965390591,0.0,0.0,0.0
CXCR5,0.014448809561539775,0.0,0.05429098932043325,0.0
TAX1BP1,0.0,0.0,0.007187518711465346,0.0030493234373586385
DGKQ,0.0,0.0,0.0023025588309771392,0.0
ANAPC16,0.0,0.0,0.005814449352544857,0.0
DAB2IP,0.0,0.0,0.009325068679040358,0.0
AGBL1,0.0,0.0,0.005277680556110922,0.0
IGLC7,0.0,0.0,0.005780658666939297,0.0
XRCC6,0.015344090539742032,0.0,0.0,0.0
SELENBP1,0.014852598544983301,0.0,0.0,0.0
NPIPA5,0.0,0.007800112878676019,0.004419118923970961,0.0
CDK2AP2,0.0,0.0,0.0,0.03932543828695837
FILIP1L,0.020091153265667763,0.0,0.0,0.0
ZFAND5,0.0,0.0,0.003202704618723236,0.0
NEGR1,0.0,0.0,0.0032934622218002605,0.0
EIF3G,0.0,0.0,0.01926762969271171,0.0
CAPS2,0.0,0.0,0.006538199273736944,0.0
PPIF,0.0,0.0,0.002235639411402485,0.0
HOXD8,0.014852598544983301,0.0,0.0,0.0
PXDN,0.0,0.0,0.0018537317408528927,0.0
PPFIA3,0.0,0.0,0.04187503789535398,0.0
SPRY1,0.0,0.0,0.0021956295813061405,0.0
ADM,0.014852598544983301,0.0,0.0,0.0
FPR2,0.0,0.0,0.0030701679309464414,0.0
BACH2,0.0,0.023410436480886084,0.0,0.013506936621933072
AC005498.3,0.0,0.0,0.0024815195623418677,0.0
CD28,0.0,0.0,0.0,0.02298647449834596
STRN,0.0,0.0,0.0,0.03755605852751761
PRKCA,0.0,0.0,0.0,0.024361737502275754
GOLGA8M,0.00796253184354334,0.0,0.0,0.0
RPL10,0.01135143111655506,0.0,0.004103236285670304,0.0
IL17RA,0.0,0.0,0.00214863273803992,0.0
CD68,0.0,0.0,0.0,0.01247465747887708
DAPK1,0.0,0.0,0.006085105491755753,0.0
CFAP36,0.0,0.0,0.0034314681506954882,0.0
GM2A,0.011458353588323623,0.0,0.0,0.0
USP1,0.0,0.0,0.0,0.0049277352230167725
HAUS4,0.0,0.0,0.0,0.008036601827022434
GRIN2D,0.011835261891725332,0.0026943215248988327,0.0,0.0
DENND2D,0.0,0.0,0.009104505590458943,0.0
JAKMIP2-AS1,0.0,0.0,0.0074600667800203725,0.0
HACE1,0.0,0.0,0.006458511128241621,0.0
SSTR2,0.019533071164782718,0.0,0.0,0.0847236543696421
GALR2,0.0,0.0,0.002917189898984809,0.0
DRD3,0.008370681913900007,0.0,0.0,0.0
BMP8B,0.0,0.0026943215248988327,0.0,0.0
ZBED3-AS1,0.013363402099848964,0.0,0.0,0.0
PCDHA9,0.01208345983218856,0.0,0.0,0.0
ZNF81,0.0,0.0,0.0043108895563423325,0.0
CYP2S1,0.013453278922703642,0.0,0.0,0.0
ARHGEF6,0.0,0.0,0.0021241884605766844,0.026600624378231765
KLHL29,0.0,0.0,0.0023433379628632774,0.0
EVL,0.0,0.0,0.0,0.011855688867534192
BRI3,0.0,0.0,0.002586701474319574,0.0
ZNF415,0.014975430943186235,0.0,0.0,0.0
B3GALNT1,0.008147361426952814,0.0,0.0,0.0
SYP-AS1,0.008293534664767075,0.0,0.0,0.0
CLRN3,0.0,0.0,0.023378413295522864,0.0
CLN8,0.0,0.0,0.0,0.07567219010792939
AC053503.4,0.03096952737933527,0.0,0.0,0.0
RHOA,0.0,0.0,0.0,0.005692555432159408
RBM47,0.0,0.0026943215248988327,0.0028562019070640363,0.0
TCL1B,0.00828356395748058,0.023410436480886084,0.0,0.0
HM13,0.0,0.0026943215248988327,0.0,0.0
LARP4B,0.0,0.0,0.0024947244999425707,0.004440501596426858
MOSPD3,0.0,0.0,0.002888979408245561,0.0
EGFLAM,0.014852598544983301,0.0,0.005277680556110922,0.0
RAB31,0.0,0.0,0.002068800698233191,0.0
EPCAM,0.009897418022563945,0.0,0.0,0.0
TXLNG,0.009696420719282596,0.0,0.0,0.0
AC240274.1,0.0,0.0,0.003202704618723236,0.0
TTC27,0.0,0.0,0.0026315943016198924,0.0
RAI2,0.014852598544983301,0.0,0.0018959798422870378,0.0
PRRX1,0.0,0.0,0.005277680556110922,0.0
HTR2B,0.0,0.0,0.004037858613385109,0.0
ASCL4,0.012273550626626932,0.0,0.0020324318472990373,0.0
CASP3,0.0,0.0026943215248988327,0.0,0.0
ATXN7L2,0.0,0.0,0.013005637411851808,0.0
CCR10,0.0,0.0026943215248988327,0.0,0.0
MB21D2,0.0,0.0,0.002503729095820918,0.0
PDIA3,0.014248824454112635,0.0,0.0,0.0
OGFOD1,0.0,0.0,0.0,0.0069779422288483665
GPR61,0.007979043844250008,0.0,0.0,0.0
CTNND1,0.0,0.0,0.005248373509225675,0.0
SUMO3,0.0,0.0,0.0,0.009135570927506853
HEXB,0.0,0.0,0.0,0.012555009570611715
PHACTR1,0.012078210659161015,0.0,0.0,0.0
ZIM3,0.0,0.0,0.015360529546077173,0.0
PPEF1,0.0,0.0,0.005667896874085806,0.0
LYVE1,0.0,0.0,0.0024267707829602613,0.0
AC007682.1,0.0,0.0,0.001829383709742404,0.0
HLCS,0.0,0.0,0.0,0.005788511451269154
PLPPR4,0.0,0.0017065418471832162,0.0,0.0
DYRK3,0.0,0.0,0.007734067548140581,0.0
IGHA1,0.01949499780697388,0.007800112878676019,0.022031832589809647,0.0
VRK3,0.0,0.0,0.0,0.01468579985244435
HYAL2,0.0,0.0,0.01618326511752471,0.0
TYROBP,0.028086281054821704,0.0,0.06970023387876106,0.0
COL4A4,0.0,0.0,0.022031832589809647,0.0
ATP10D,0.0,0.0,0.0023717954700292034,0.0
SATB1,0.0,0.0,0.0,0.0109910096863719
ZNF503,0.0,0.0,0.003202704618723236,0.0
EFHC2,0.0,0.0,0.0,0.04849880084160339
IL1R2,0.025859367725484902,0.0,0.0,0.0
ZNF266,0.0,0.0,0.0,0.04152723255661458
BOK,0.014852598544983301,0.0,0.0,0.0
FAM71A,0.0,0.0,0.004037858613385109,0.0
FRG1,0.0,0.0,0.0,0.007867859715599414
DOK1,0.03450169896873952,0.0,0.0,0.0
ZNF730,0.011117170032453497,0.0,0.0,0.0
PDIA6,0.0,0.007800112878676019,0.0,0.0
OLR1,0.0,0.0,0.002503729095820918,0.0
LDB2,0.0,0.0,0.0,0.01707827625674182
EDEM2,0.0,0.0026943215248988327,0.0,0.011239566300100154
CTSW,0.0,0.0,0.009104505590458943,0.0
AMPD3,0.0,0.0,0.0021443589872800354,0.0035044251379480083
LINC01412,0.0,0.0,0.001952100423256162,0.0
PLXDC2,0.0,0.0,0.08642106086954383,0.0
PDGFRA,0.0,0.0,0.0028508628153445397,0.0
PNN,0.0,0.0,0.0,0.006624459842639742
MRE11,0.0,0.0,0.0,0.0058277764042161855
GATA2-AS1,0.008415465432632009,0.0,0.005224370574867392,0.0
CHKB,0.008902187613882928,0.0,0.0,0.0
PARK7,0.0,0.0,0.0,0.020463931487302706
GRASP,0.0,0.0,0.002503729095820918,0.0
FSTL1,0.0,0.0,0.0024211570233288186,0.0
PPIP5K1,0.0,0.0,0.0018969715660165033,0.0
CD247,0.0,0.0,0.005534380901326686,0.0
MMS22L,0.0,0.0,0.01235540059586199,0.0
GPNMB,0.0,0.004101523741997937,0.004037858613385109,0.0
ENO1,0.0,0.0,0.0,0.004505102606005678
CLEC4E,0.008106100224197487,0.0,0.0,0.0
IGHV3-11,0.0,0.0026943215248988327,0.003974669088189005,0.0
MANBAL,0.026108818225318558,0.0,0.0,0.0
CNPPD1,0.0,0.0,0.0,0.013293724616770357
CCDC175,0.012605701251555744,0.0,0.0035802072475631876,0.0
PCAT19,0.009723351561813651,0.0,0.0,0.0
PIK3C2A,0.0,0.0,0.0023717954700292034,0.0
PDXK,0.0,0.0026943215248988327,0.0,0.0
TAF1,0.0,0.0,0.0,0.02464637494321177
CELF2-AS1,0.01029539636034396,0.0,0.0035648785797314296,0.0
IGHG1,0.0,0.0,0.005780658666939297,0.0
WNT10B,0.041778880445304985,0.0,0.0,0.0
CADPS,0.0,0.007800112878676019,0.0,0.0
CHRNE,0.0,0.0,0.002503729095820918,0.0
PDLIM7,0.0,0.0,0.0023525647243252904,0.0
IGLV4-3,0.0,0.0026943215248988327,0.0,0.0
SPDYE6,0.009348548719399587,0.0,0.0,0.0
CYFIP2,0.0,0.0,0.00845095342743356,0.0
CD3E,0.0,0.0,0.0058243166226229805,0.0
EHD3,0.0,0.0,0.005793975942588691,0.0
MST1R,0.0,0.0,0.003666237808355773,0.0
TET2,0.027271884386525558,0.0,0.0,0.0
MT1F,0.0,0.0,0.0,0.06533412705021291
PHKA2-AS1,0.0,0.0,0.010833718204815653,0.0
LDLRAD4,0.0,0.0,0.08642106086954383,0.0
PCBP1,0.0,0.0,0.0,0.011160725952630315
CMTM6,0.0,0.0,0.015072371368767464,0.0
USP41,0.0,0.0,0.008174782091569872,0.0
BCL2A1,0.0,0.0,0.013697520264161225,0.0
RPL32,0.01135143111655506,0.0,0.004103236285670304,0.0
RASAL1,0.028818037308503543,0.0,0.0,0.0
UQCRB,0.01135143111655506,0.0,0.0,0.0
CCDC169,0.0,0.0007170033575037344,0.0,0.0
MZT1,0.0,0.0,0.005814449352544857,0.0
OR51I1,0.0,0.0,0.005121427057572626,0.0
PCAT14,0.0,0.0033316072936604604,0.0,0.0
GOSR2,0.0,0.0,0.0,0.006313900060966208
PICALM,0.008875812796780106,0.0,0.003202704618723236,0.0
HSH2D,0.0,0.0,0.022031832589809647,0.0
LINC00989,0.0,0.0,0.0017153455883914446,0.0
MAP2K3,0.0,0.0,0.0028818098726656454,0.0
PDGFRL,0.014852598544983301,0.0,0.0,0.0
IGFBPL1,0.0,0.0,0.0030416249745838964,0.0
CSNK1A1,0.0,0.0,0.007187518711465346,0.0
FAM228A,0.0,0.018471796072358857,0.0,0.0
VHL,0.0,0.0,0.0,0.01374455927639692
PUS7,0.0,0.0,0.0,0.017109095568845618
LBH,0.0,0.0,0.00517736206217318,0.0
VCAM1,0.008618553154033474,0.0,0.0,0.0
TTC7A,0.0,0.0,0.006085105491755753,0.0
ZSCAN5B,0.0,0.0,0.00588662493442575,0.0
ABL1,0.0,0.0,0.0,0.017460292038868445
TMEM114,0.0,0.0,0.0021956295813061405,0.0
ULBP1,0.008867478712759561,0.0,0.0,0.0
FAM86B1,0.013306900709484112,0.0,0.0,0.0
NIM1K,0.0,0.0,0.03749247311167684,0.0
DUSP26,0.014852598544983301,0.0,0.017806751121255054,0.0
TEX36-AS1,0.0,0.0,0.002508299899568802,0.0
TAF6,0.02320407563249137,0.0,0.0,0.09453902367654063
AP003774.1,0.0,0.0,0.012549253143953895,0.0
EPHB4,0.0,0.0,0.00804256927286839,0.0
CCNJ,0.009659652327659477,0.0013012397024885843,0.0,0.0
EPB41L4A-AS1,0.0,0.0,0.0030386291784572756,0.0
SRGAP2,0.0,0.0,0.0023717954700292034,0.0
FCRL5,0.008399452629148502,0.0,0.022031832589809647,0.0
NDUFA5,0.0,0.0,0.0,0.07356464174358973
NECTIN1,0.0,0.0,0.0,0.024471403297022434
FAM215B,0.02418316064566732,0.0,0.0,0.0
ZFP36,0.0,0.0,0.0031227719731439134,0.0
CITED2,0.052550159165480094,0.0,0.0,0.010004335972974001
LINC01140,0.0,0.0,0.004462113175241071,0.0
CCDC183-AS1,0.0,0.0,0.035783507049245156,0.0
SCGB1B2P,0.011670921518751765,0.0,0.0,0.0
RGR,0.0,0.0,0.0016722560200445507,0.0
MIA,0.009070472852504065,0.0,0.0,0.0
AC002480.2,0.0,0.0,0.0035093322736585966,0.0
FAM85B,0.012639449139973311,0.0,0.0,0.0
LPP,0.0,0.0,0.005248373509225675,0.0
SNAI2,0.014852598544983301,0.0,0.0,0.0
ERICH1,0.0,0.0,0.0,0.14041240065139654
PGM5P4-AS1,0.009191387703266838,0.0,0.0,0.0
CFAP100,0.0,0.0,0.0018224228770963539,0.0
MRPL35,0.0,0.0,0.0,0.020778484100651723
COMMD1,0.02370956058056829,0.0,0.0,0.0
LINC01134,0.014631705141443737,0.0,0.0,0.0
MTRNR2L1,0.13597685412935123,0.0,0.0,0.0
FBXO16,0.0,0.0,0.004234554297033569,0.0
GNL3L,0.02479077969686568,0.0,0.0,0.0
FAM183A,0.0,0.0,0.005277680556110922,0.0
TSPYL6,0.0,0.0,0.003646044766254775,0.0
NPC2,0.0,0.0,0.06970023387876106,0.0
COL1A2,0.014852598544983301,0.0,0.006298712146148822,0.0
SGPL1,0.0,0.0,0.003202704618723236,0.0
SH2B3,0.0,0.0,0.002076730681406602,0.0
GMPPB,0.0,0.0026943215248988327,0.0,0.0
SOX15,0.014852598544983301,0.0,0.004918158552620105,0.0
TDRD15,0.0,0.0,0.0346419853898567,0.0
FBLN1,0.014852598544983301,0.0,0.005277680556110922,0.0
LINC01566,0.018780262981167955,0.0,0.0,0.0
SLC6A9,0.0,0.0026943215248988327,0.0,0.0
PDIA4,0.0,0.0026943215248988327,0.0,0.0
LINC01226,0.0,0.0,0.0038955310173482893,0.0
TMEM39A,0.0,0.007800112878676019,0.0,0.0
MPDZ,0.0,0.0,0.004037858613385109,0.0
DNAJC6,0.0,0.0,0.003816077617700119,0.0
PARM1,0.0,0.007800112878676019,0.0,0.0009443765896622101
AC133785.1,0.0,0.0,0.0027523611012587163,0.0
FAM120A,0.0,0.0,0.0021241884605766844,0.0
THAP5,0.017516374847329142,0.0,0.0,0.0
KCNG2,0.009541044849403489,0.0,0.0,0.0
DNAJA3,0.0,0.0,0.0,0.0662257279908855
CFI,0.013780844989426217,0.0,0.0,0.0
SMARCE1,0.0,0.0,0.0,0.010093307498562543
TMEM74,0.0,0.0,0.11232610426545271,0.0
SEMA4B,0.0,0.0,0.022031832589809647,0.0
EIF5AL1,0.0,0.0,0.0020117353904229207,0.0
IGHD,0.0,0.023410436480886084,0.02680486478309855,0.0
UTS2B,0.0,0.0,0.022031832589809647,0.0
LCK,0.0,0.0,0.0058243166226229805,0.0
FSIP2-AS1,0.0,0.0,0.0035087743524658426,0.0
CHTOP,0.0,0.0,0.0,0.00530346801156374
ASH1L,0.0,0.0,0.007187518711465346,0.0
LIFR-AS1,0.0,0.0,0.009759196369491248,0.0
ABCA1,0.0,0.0,0.0016612696293352752,0.42377776283466634
SNU13,0.015344090539742032,0.0,0.0,0.0
FAM83E,0.0,0.0,0.009755733420903776,0.0
NDST2,0.0,0.0,0.004691170364298201,0.0
HSPB2,0.014852598544983301,0.0,0.0,0.0
FGD5-AS1,0.0,0.0,0.0024947244999425707,0.0
CCT8L2,0.0,0.0,0.001972536698898759,0.0
VEGFA,0.0,0.0,0.002917189898984809,0.0
PDCL,0.0,0.0,0.0,0.039401737562737446
UBL7-AS1,0.0,0.0,0.009831292827308996,0.0
PTGIR,0.0,0.0,0.005701775324089334,0.0
MERTK,0.0,0.0,0.0,0.009562588666165583
SPCS2,0.014248824454112635,0.0,0.0,0.0
GJD3,0.0,0.0,0.011780444177722418,0.0
DNASE2,0.021798326477634907,0.0,0.0,0.029683240177342758
UBE2E1,0.0,0.0,0.0,0.007712344678840237
HDAC9,0.01132358105710932,0.0,0.0,0.0
IRX5,0.0,0.0,0.004037858613385109,0.0
CREB3,0.0,0.0026943215248988327,0.0,0.0
RARRES2,0.0,0.0,0.004918158552620105,0.0
ANKS4B,0.0,0.0,0.002731039666107862,0.0
TMEM233,0.027481640681334994,0.0,0.0,0.0
RPL7A,0.01135143111655506,0.0,0.004103236285670304,0.0
SPTA1,0.017421819798898706,0.0,0.0,0.0
ZBED9,0.0,0.0,0.05710651489327154,0.0
GPR107,0.0,0.0,0.003202704618723236,0.0
RPL15,0.01135143111655506,0.0,0.004103236285670304,0.0
BCAS4,0.0,0.0,0.0,0.09029100854225203
SMIM10,0.014306360934308295,0.0,0.0,0.0
TGM1,0.030667530453175634,0.0,0.0,0.0
TRAJ5,0.0,0.0,0.01768150877226897,0.0
FERMT2,0.011095636748430634,0.0,0.0,0.0
ABLIM2,0.027314934678488726,0.0,0.0,0.0
C16orf89,0.014852598544983301,0.0,0.0,0.0
FGD4,0.0,0.0,0.003202704618723236,0.0
FOXN1,0.0,0.0,0.004119046633659048,0.0
GHR,0.014852598544983301,0.0,0.0,0.0
PFKFB1,0.008861740765753613,0.0,0.0,0.0
TRGC2,0.019653367543834645,0.0,0.0,0.0
CLNK,0.0,0.0,0.010787039812242903,0.0
MORN3,0.0,0.0,0.0,0.023142786701649567
VAPA,0.0,0.0,0.0,0.024660959606183027
VAPB,0.0,0.0,0.0,0.03727387171012552
NLN,0.0,0.0,0.0023717954700292034,0.0
KRTAP19-8,0.011704686751426266,0.0,0.014145179317602962,0.0
LYPD6B,0.0,0.0,0.05429098932043325,0.0
EIF4G1,0.0,0.0,0.0,0.09675357524030596
IGKV1OR22-5,0.0,0.0,0.010521839051817496,0.0
PPP1R15B,0.0,0.0,0.003190622002685055,0.0
ENTPD8,0.0,0.0,0.0025189135123314657,0.0
KHNYN,0.0,0.0,0.0,0.011365033183354484
TRGV9,0.0,0.0,0.005209189169503896,0.0
MALT1,0.0,0.0,0.002917189898984809,0.0
IGHV3-23,0.0,0.0026943215248988327,0.0,0.0
CHUK,0.0,0.0,0.0,0.009223527895692071
MAP2K6,0.0,0.0,0.002838962280357386,0.0
TMEM253,0.0,0.0,0.014133953749707252,0.0
USP6NL,0.016930956289360262,0.0,0.0,0.0
NKX6-1,0.014852598544983301,0.0,0.0,0.0
C5AR2,0.0,0.0,0.001812968232095479,0.0
INPP4B,0.0,0.0,0.005534380901326686,0.0
RPS11,0.01135143111655506,0.0,0.1664520353238222,0.0
NRXN3,0.0,0.0,0.0030450085221895317,0.0
GPR15,0.0,0.0026943215248988327,0.0,0.0
NPAS3,0.008433654939463305,0.0,0.0,0.0
FCRLA,0.0,0.0,0.022031832589809647,0.0
AP001042.1,0.0,0.0,0.061659735794232215,0.0
HEPH,0.0,0.0,0.0019201108461897195,0.0
ING2,0.0,0.0,0.0,0.12363911196628956
MIR99AHG,0.0521823997051583,0.0,0.0,0.0
LINC00638,0.01381922434377393,0.0,0.0,0.0
COTL1,0.0,0.0,0.0,0.05268948650184976
ATL3,0.0,0.0,0.0024947244999425707,0.0
RRP7A,0.0,0.0,0.0,0.07845339637208425
SRRM5,0.009973605326734065,0.0,0.0,0.0
CABLES2,0.0,0.0,0.001942994094893498,0.0
OCA2,0.0,0.0,0.0016791773294826213,0.0
ZNF142,0.0,0.0,0.0,0.014467844328266928
AFAP1,0.0,0.0,0.0,0.021250132599662377
TOMM20,0.0,0.0,0.0030386291784572756,0.0
PLEKHA5,0.0,0.0,0.003202704618723236,0.0
KIR2DL4,0.0,0.0,0.0,0.013966485231339566
AGRP,0.009479802052676003,0.0,0.0,0.0
IGHGP,0.0,0.0026943215248988327,0.005780658666939297,0.0
FOXM1,0.0,0.0,0.008893234536529243,0.0
GAS6,0.0080467909263762,0.0,0.0,0.0
HNRNPA2B1,0.011248754604221957,0.0,0.0,0.0
LIPJ,0.016052385094264047,0.0,0.0,0.0
RPL9,0.01135143111655506,0.0,0.004103236285670304,0.0
CD4,0.009794554402524329,0.0,0.021143355113578326,0.008903779759500616
LHFPL2,0.0,0.0,0.0027040379262848265,0.0
RNF217,0.0,0.0,0.0028562019070640363,0.0
ID1,0.014852598544983301,0.0,0.005277680556110922,0.0
PANK4,0.0,0.0,0.0,0.06038418676208012
SUSD6,0.011457007316999739,0.0,0.0,0.0
SYBU,0.0,0.0,0.0018623660690194614,0.0
IMPG1,0.02882001207008592,0.0,0.0,0.0
TUBA4B,0.015114409275620027,0.0,0.0,0.0
MAFA,0.015078067924344891,0.0,0.0,0.0
NUDT15,0.0,0.0,0.0035436732607733628,0.0
AC005224.2,0.0,0.0,0.002632290907777965,0.0
FAM230A,0.0,0.0,0.015656816443215454,0.0
DMXL2,0.0,0.0,0.014133953749707252,0.0
RASGEF1A,0.0,0.0,0.009104505590458943,0.0
HYI,0.0,0.007800112878676019,0.0,0.0
CD200,0.008133912867498143,0.023410436480886084,0.0,0.0
AC079584.2,0.0,0.0,0.0018477002635337975,0.0
CD63,0.0,0.0,0.0,0.029201334622474987
ZNF252P-AS1,0.01688944678507908,0.0,0.0,0.0
MT1H,0.0,0.0,0.004037858613385109,0.0
ASCC1,0.0,0.0,0.0,0.03298893133052751
PTPN20,0.0,0.0,0.0044464193781142865,0.0
ITGAV,0.0,0.0,0.003202704618723236,0.0
C1orf115,0.0,0.0,0.0,0.015258856842541996
ZAR1,0.010268992500783154,0.0,0.0,0.0
LARS2-AS1,0.009829517385550882,0.0,0.0,0.0
KCNIP1,0.0,0.0,0.004037858613385109,0.0
LGALS4,0.0,0.003422611552056846,0.0,0.0
MAF,0.0,0.0,0.002753716881780284,0.0
C1orf56,0.12653408913706793,0.0,0.0,0.013683844252484043
STAM,0.014024878579689572,0.0,0.0,0.0
ADARB1,0.0,0.023410436480886084,0.0,0.0
GATC,0.0,0.0,0.0,0.008959612568233728
SNX29,0.0,0.07661945866331629,0.0,0.0
LINC00964,0.04438842802724693,0.0,0.0,0.0
GNG11,0.014852598544983301,0.0,0.0,0.0
PRDX4,0.0,0.0026943215248988327,0.0,0.0
TRAJ47,0.0,0.0,0.0021982734584766518,0.0
CALD1,0.014852598544983301,0.0,0.004918158552620105,0.0
SPATC1,0.008407579852353596,0.0,0.0,0.0
AZU1,0.0,0.0,0.002395484799074274,0.0
HCN1,0.0,0.0,0.0017561224220449137,0.0
ANAPC2,0.0,0.0,0.0,0.007406020012929776
DBN1,0.0,0.0,0.0,0.10343125766458797
POLI,0.008929918100834754,0.0,0.0,0.0
LMOD1,0.014852598544983301,0.0,0.006298712146148822,0.0
ENPP3,0.027024604295293422,0.0,0.0,0.0
ZNF48,0.01692156889157703,0.0,0.0,0.0
IGKV1-12,0.0,0.0,0.00327281138010094,0.0
ZNF850,0.009996415329314475,0.0031445863194446057,0.0,0.0
IER2,0.01098895956529786,0.0,0.0,0.0
MT-ND1,0.0,0.0,0.021963858769248026,0.0
ATP2C2,0.010335817713351932,0.0,0.0,0.0
NPNT,0.0,0.0,0.004918158552620105,0.0
TAC3,0.0,0.0,0.014186046748638987,0.0
DDX56,0.0,0.0,0.0,0.007769530095691228
NPIPB15,0.0,0.0026943215248988327,0.0,0.0
B3GNT4,0.0,0.0,0.00423911084721641,0.0
ZNF562,0.023409578779494948,0.0,0.0,0.0
CLTC,0.0,0.0,0.021143355113578326,0.0
AC024084.1,0.007893510349328727,0.0,0.0,0.0
PLEKHG5,0.0,0.0,0.002753716881780284,0.0
TXK,0.0,0.0,0.0021635777474186433,0.0
CHST12,0.0,0.0,0.0058243166226229805,0.0
MSMP,0.0,0.07645332052717345,0.0,0.0
HNRNPCL1,0.008726901760419646,0.0,0.0,0.0
MYO5C,0.00946057943411764,0.0,0.0,0.0
HSPH1,0.0,0.0,0.0,0.019500677221686247
DCN,0.014852598544983301,0.0,0.0018959798422870378,0.0
SRBD1,0.0,0.0,0.002888567513113154,0.0
RHOBTB3,0.011769884997915517,0.0,0.0,0.0
ADGRG6,0.025393493363404754,0.0,0.002753716881780284,0.0
EPS8L2,0.0,0.0,0.00517736206217318,0.0
CD52,0.0,0.0,0.00517736206217318,0.0
SIX5,0.0,0.0026943215248988327,0.0,0.0
RPL18A,0.01135143111655506,0.0,0.004103236285670304,0.0
CCDC122,0.01946246293274162,0.0,0.0,0.0
FEM1A,0.0,0.0,0.007187518711465346,0.0
ISLR,0.014852598544983301,0.0,0.0018959798422870378,0.0
GFRA2,0.0,0.007764363971221113,0.0,0.0
SOS2,0.0,0.0,0.0024947244999425707,0.0
SPPL3,0.0,0.0,0.0023717954700292034,0.0
MICU1,0.0,0.0,0.0,0.021467418097038674
CHORDC1,0.0,0.0,0.0,0.013911570787235837
IGKV1-9,0.0,0.0026943215248988327,0.004235370181777926,0.0
WWC2-AS1,0.0,0.0,0.0031642598289938887,0.0
P2RY2,0.011463632280054738,0.0,0.0,0.0
AADACL2-AS1,0.0,0.0,0.010041899360459416,0.0
TMEM74B,0.0,0.0,0.002315780681667744,0.0
HOXB7,0.11279926761992319,0.0,0.0024267707829602613,0.0
H2BC5,0.0,0.0,0.0,0.020487381011850773
IGKV3-20,0.0,0.0026943215248988327,0.0034500359125219037,0.0
SLC12A3,0.0,0.0,0.001760820721453364,0.0
POLM,0.0,0.0,0.0,0.009564131570868651
ANKS3,0.008575086484144095,0.0,0.0,0.0
MOCOS,0.008820906867949512,0.0,0.0,0.0
TESC-AS1,0.0,0.0,0.005973958633845842,0.0
SLC52A2,0.0,0.007800112878676019,0.0,0.0
ACADVL,0.0,0.0026943215248988327,0.0,0.0
LCN8,0.0,0.0,0.05429098932043325,0.0
TTC36,0.0,0.0,0.003092303006056432,0.0
SS18,0.0,0.0,0.0,0.017093738506768954
PDIA5,0.0,0.0026943215248988327,0.0,0.0
EPB41L3,0.0,0.0,0.001812968232095479,0.0
GAGE1,0.0,0.0,0.004023942587078675,0.0
PDCD4,0.015971815420560687,0.0,0.0,0.0
SGCG,0.015314276484570026,0.0,0.0023525647243252904,0.0
MGP,0.014852598544983301,0.0,0.006298712146148822,0.0
ZNF490,0.009247213569072685,0.0,0.0,0.0
TANGO6,0.0113198594924168,0.0,0.0,0.0
IL4R,0.0,0.07645332052717345,0.0,0.0
RTBDN,0.0,0.0011248094528574068,0.0,0.0
COX14,0.0,0.0,0.0,0.08522592483679238
MIP,0.012196625498214056,0.0,0.0,0.0
CSTB,0.0,0.0,0.0,0.03889322052341869
ITGAM,0.0,0.0,0.00214863273803992,0.0
CD1E,0.0,0.0,0.0,0.051235148530285046
AHDC1,0.0,0.0,0.015072371368767464,0.0
RPLP2,0.01135143111655506,0.0,0.004103236285670304,0.0
COLGALT2,0.0,0.0,0.0,0.014171646696179818
UBE2G1,0.0,0.007800112878676019,0.0,0.0
CNTF,0.0,0.0,0.00515502328191762,0.0
DEFB1,0.014852598544983301,0.0,0.0,0.0
N6AMT1,0.010113002951814797,0.0,0.0,0.017072484916307577
ZNF544,0.009427233660607565,0.0,0.0,0.0
PCDHGA11,0.0,0.0,0.002503729095820918,0.0
EFCAB14,0.0,0.0,0.0021241884605766844,0.0
KLF3-AS1,0.0,0.0,0.0,0.21342996862072747
KLRF1,0.0,0.0,0.0,0.03124920930340138
TRAM2,0.0,0.0026943215248988327,0.0,0.0
C19orf33,0.014852598544983301,0.0,0.005277680556110922,0.0
ZNF862,0.0,0.0,0.01935216768786713,0.0
SMG1,0.0,0.0,0.007187518711465346,0.0
MEIOB,0.0,0.0,0.043835942173145924,0.0
LINC01402,0.0,0.0,0.0017799959311700433,0.0
CRACR2B,0.012417708112620966,0.0,0.0,0.0
FRZB,0.014852598544983301,0.0,0.004918158552620105,0.0
NADK,0.0,0.0,0.0,0.07233232778206343
VIPR2,0.0,0.0,0.008886096139161864,0.0
TOX,0.0,0.0,0.08762185181515936,0.0
BNIP3,0.0,0.0,0.009024164783515972,0.0
ERLEC1,0.0,0.0026943215248988327,0.0,0.0
OTX2-AS1,0.0,0.0,0.003179471040492094,0.0
DSC2,0.0,0.0,0.021143355113578326,0.0
ZNF284,0.01613316424986315,0.0,0.0,0.0
CGNL1,0.0,0.0,0.0021956295813061405,0.0
TPPP3,0.0,0.0,0.01188330051186843,0.0
B9D1,0.0,0.0026943215248988327,0.0,0.0
BBX,0.0,0.0,0.005814449352544857,0.0
CERKL,0.0,0.0,0.002499821408887167,0.0
PDE7B,0.0,0.07645332052717345,0.0,0.0
ANXA3,0.0,0.0,0.0,0.022963866031475787
LINC01284,0.0,0.0,0.004322146487797005,0.0
PRKAR1A,0.0,0.0,0.0,0.013523040415220115
ITM2B,0.0538669754299177,0.0,0.0,0.0
BTBD6,0.0,0.0,0.010777489504559716,0.0
FRMD1,0.0,0.0,0.02974015296088481,0.0
CD3G,0.0,0.0,0.0058243166226229805,0.0
NXPE3,0.0,0.0026943215248988327,0.0,0.0
ADAMTS18,0.0,0.0,0.006596658208134489,0.0
DENND2C,0.0,0.0026943215248988327,0.0,0.0
DHX16,0.0,0.0,0.0021605045709162884,0.0
OTOF,0.0,0.0,0.0,0.008923290695758193
PLSCR1,0.024190877064267702,0.0,0.08642106086954383,0.0
TLR10,0.0,0.000545627640299856,0.022031832589809647,0.0
CLCN6,0.0,0.0,0.003202704618723236,0.0
EFCAB7,0.0182854773354152,0.0,0.0,0.0
KLF10,0.0,0.0,0.0017877878806466184,0.0
L34079.3,0.0,0.0,0.0024016252694343604,0.0
CADM2-AS1,0.0,0.0,0.02775088383130361,0.0
GPLD1,0.0,0.0026943215248988327,0.0,0.0
CAP2,0.0,0.0,0.0026848626093538253,0.0
PSKH1,0.0,0.0,0.0028479867908202425,0.0
GPR25,0.0,0.0,0.002101602532365325,0.0
SET,0.018406846764145633,0.0,0.0,0.0
PCDHGA8,0.06419917175940534,0.0,0.0,0.0
PGC,0.01153587220287656,0.0,0.0,0.0
RPL8,0.01135143111655506,0.0,0.004103236285670304,0.013239535604798952
TMEM11,0.0,0.0,0.0028818098726656454,0.0
KLK1,0.0,0.000545627640299856,0.06464807182607922,0.0
HCG27,0.0,0.0,0.0028364221259550046,0.0
NDUFS5,0.0,0.0,0.0,0.3599050004923352
OTOA,0.0,0.0,0.004037858613385109,0.0
N4BP3,0.0,0.0,0.05429098932043325,0.0
PLSCR4,0.014852598544983301,0.0,0.0,0.0
U91324.1,0.0,0.0,0.001816220918322968,0.0
IGKV6-21,0.0,0.0026943215248988327,0.0,0.0
NEURL4,0.008494939659355502,0.0,0.0,0.0
FMO2,0.014852598544983301,0.0,0.0,0.0
GPX2,0.009263789011210947,0.0,0.004218286524306254,0.0
C15orf39,0.0,0.0,0.006085105491755753,0.0
CTTN,0.014852598544983301,0.0,0.0,0.0
CRTAP,0.0,0.0,0.0,0.14271759805736073
ENSA,0.0,0.0,0.0,0.033604160859348406
COMMD6,0.01135143111655506,0.0,0.0,0.0
IGHV1OR15-1,0.0,0.0,0.0019200939492654268,0.0
TRBV23-1,0.012443053891514415,0.0,0.027908156982114993,0.0
LILRA3,0.0,0.0,0.0,0.020180176346471138
SH3GL3,0.0,0.0,0.003378502824024173,0.0
CRYBB1,0.0,0.0026943215248988327,0.0016612696293352752,0.0
C7orf61,0.009474944896613477,0.0,0.0,0.0
JSRP1,0.0,0.0026943215248988327,0.0,0.0
TTL,0.0,0.0,0.0032279726970006026,0.0
LY9,0.008959929544290653,0.0,0.002451796018178156,0.0
TRAT1,0.0,0.0,0.005534380901326686,0.008214508475940352
PDLIM1,0.0,0.0,0.022031832589809647,0.0
PENK,0.009743857198921412,0.0,0.0,0.0
SAMSN1,0.012920683446838374,0.0,0.08642106086954383,0.005708837718173493
GPR179,0.0,0.0,0.0026397853991046954,0.0
SLC22A2,0.0,0.0,0.0018959798422870378,0.0
RPS7,0.01135143111655506,0.0,0.004103236285670304,0.0
YBX3,0.0,0.023410436480886084,0.0,0.0
RPSA,0.01135143111655506,0.0,0.0,0.0135646753936922
AHSP,0.0,0.0,0.0,0.018688683932313432
NIPAL4,0.0,0.0,0.0022289183820951874,0.0
COL9A3,0.0,0.0,0.02680486478309855,0.0
CSNK2A2,0.0,0.0,0.0,0.07861638641670414
PIGH,0.0,0.0,0.0,0.014616236987457476
SRPX,0.03737698949497517,0.0,0.0,0.0
PCDHGA6,0.00791446092114363,0.0,0.0,0.0
OTX1,0.0,0.0,0.04019640692055214,0.0
GALNT18,0.0,0.0,0.0037379679721736467,0.0
ARHGEF4,0.010673992703306823,0.0,0.0,0.0
NR2E1,0.0,0.0,0.0023032564996570987,0.0
NBEAL1,0.012296808480290529,0.0,0.0,0.0
AARS,0.0,0.0026943215248988327,0.0,0.0
TMT1A,0.0,0.0,0.0,0.12445545419938442
B3GALT1,0.0,0.0,0.012405379770124552,0.0
MARCH10,0.02390058775358175,0.0,0.0022971693386832854,0.0
PCDHB4,0.014852598544983301,0.0,0.0,0.0
RPL31,0.01135143111655506,0.0,0.004103236285670304,0.0
ZC3H11A,0.009893297294707098,0.0,0.0,0.0
C5,0.016070439930497105,0.0,0.0,0.0
TGM5,0.0,0.0,0.02493051477242435,0.0
IL7R,0.0,0.0,0.005534380901326686,0.0
TRDC,0.0,0.0,0.004534933096767737,0.0
HEATR6,0.0,0.0,0.0,0.027065237373434792
C20orf194,0.0,0.0,0.0023717954700292034,0.0
MT-ND4,0.0,0.0,0.021963858769248026,0.0
PNRC1,0.0127647020317331,0.0,0.0,0.0
C4orf50,0.013487380638714257,0.0,0.0,0.0
TBX21,0.017192587931876578,0.0,0.0,0.0
ADPRH,0.0,0.0,0.08642106086954383,0.0
H1F0,0.0,0.0,0.001812968232095479,0.0
OR52A1,0.0,0.0,0.004186315255802362,0.0
ITSN1,0.0,0.0,0.004138429393094373,0.0
SYNE1,0.0,0.0,0.009104505590458943,0.0
CDK3,0.0,0.0,0.0,0.03787213328891124
LYPD2,0.0,0.0,0.061659735794232215,0.0
TRAV29DV5,0.0,0.0,0.013652619257655197,0.0
IQCD,0.0,0.0,0.005312567381979511,0.0
DMRTA2,0.0,0.0,0.0021039998689851482,0.0
LARP1B,0.0,0.007800112878676019,0.0,0.0
OXNAD1,0.0,0.0,0.005534380901326686,0.0
PLA2G7,0.0,0.0,0.0021956295813061405,0.013027057091280348
PDK1,0.0,0.0,0.0,0.020663830746747557
KLHL33,0.0,0.0,0.002156858444455806,0.0
ENPP7,0.0,0.0026943215248988327,0.0,0.0
FEM1C,0.0,0.0,0.0021241884605766844,0.0
DSE,0.0,0.0,0.012678194319313794,0.0
LUM,0.014852598544983301,0.0,0.0018959798422870378,0.0
ZNF675,0.016151126044857966,0.0,0.0,0.0
CASC1,0.007962429201680799,0.0,0.0,0.0
COMMD5,0.0,0.0,0.0035436732607733628,0.0
EPB42,0.039422366375048354,0.0,0.0,0.0
ITGB8,0.043242935630629725,0.0,0.0,0.0
TEX29,0.0,0.0026943215248988327,0.0,0.0
RILPL2,0.0,0.0,0.004020934957683447,0.0
VPREB3,0.0,0.0,0.022772159052835604,0.0
LAX1,0.0,0.0,0.00845095342743356,0.0
MED13L,0.0,0.0,0.0021241884605766844,0.0
FKBP11,0.0,0.007800112878676019,0.0,0.0
SMPDL3A,0.0,0.0,0.0016612696293352752,0.0
LINC00461,0.0,0.0,0.004569591523805942,0.0
FXYD6,0.013226164764956028,0.0,0.0,0.0
RMDN2-AS1,0.0,0.0,0.003996237406192785,0.0
FAM185A,0.011935817614225437,0.0,0.0,0.0
SPDYE3,0.011315441676885585,0.0,0.0,0.0
ARHGAP18,0.0,0.0,0.021143355113578326,0.0
CHRNB2,0.015927622030041486,0.0,0.0,0.0
CCNL1,0.0,0.0,0.0,0.013899304492934108
MYO9B,0.0,0.0,0.002235639411402485,0.0
ENPP1,0.0,0.0,0.0023525647243252904,0.0
OR7G3,0.0,0.0,0.009124831107201066,0.0
EPPK1,0.0,0.0,0.0018730679535530492,0.0
LGALS2,0.013473798137364856,0.0,0.0,0.0
HYPK,0.0,0.0,0.0,0.017630995455518987
RBL1,0.0,0.0,0.013417364728496441,0.0
PRKCD,0.0,0.0,0.0,0.0169901518647152
LILRA2,0.017332952991123807,0.0,0.0,0.18088312908868937
RPS5,0.01135143111655506,0.0,0.004103236285670304,0.0
ZNF22,0.0,0.0,0.0,0.0031178404790616395
FAM209B,0.0,0.0,0.0034768055614367278,0.0
COL19A1,0.008668515576640218,0.07645332052717345,0.02680486478309855,0.0
RSPH1,0.009385369650860674,0.0,0.0,0.0
PCSK9,0.0,0.0,0.01342456926907855,0.0
MCOLN1,0.0,0.0,0.006714625621600455,0.0
C17orf80,0.0,0.0,0.0,0.006756032231570642
NIPA2,0.0,0.0,0.0028818098726656454,0.0
WIPI1,0.0,0.0,0.002038111939515725,0.0
CROCC,0.0,0.0,0.0,0.23561278175067588
ISG20,0.0,0.0,0.00517736206217318,0.0
IQCF5,0.0,0.0,0.0026465557648086453,0.0
BACH1-IT2,0.014514901948586748,0.0,0.0,0.0
VPS41,0.0,0.0,0.0021241884605766844,0.0
EGR1,0.038419715538392726,0.0,0.0,0.023358725687356103
NMS,0.00927377508529092,0.0,0.0,0.0
HIPK3,0.0,0.0,0.0023717954700292034,0.0
DHX35,0.0,0.0,0.006941500589953153,0.0
PPM1A,0.009760190835027516,0.0,0.0,0.009463831977218907
HSPB7,0.0,0.0,0.0021956295813061405,0.0
FNDC4,0.0,0.0,0.007655067266172788,0.0
LMAN1,0.0,0.0026943215248988327,0.0,0.0
LINC01470,0.0,0.0,0.030858644411668433,0.0
SLC6A11,0.008082505916178017,0.0,0.0,0.0
NT5E,0.0,0.0,0.06464807182607922,0.0
PATJ,0.0,0.0,0.0,0.03923636879786239
SCNN1B,0.0,0.0026943215248988327,0.0,0.0
KIF5B,0.0,0.0,0.007187518711465346,0.0
S100A1,0.0,0.0,0.0021956295813061405,0.0
GLDC,0.0,0.0026943215248988327,0.0,0.0
SPHK1,0.007946204931580391,0.0,0.0021956295813061405,0.0
CPVL,0.03269779450138729,0.0,0.0,0.0
AP5S1,0.0,0.0,0.002583187849950301,0.0
LRRTM2,0.0,0.0028784669752639786,0.0,0.0
PIR,0.014852598544983301,0.0,0.0,0.0
ZNF644,0.0,0.0,0.007187518711465346,0.0
SLF1,0.011860243415885067,0.0,0.002974731790162781,0.0
SLAMF7,0.0,0.0026943215248988327,0.0,0.0
PLEKHS1,0.0,0.0,0.002219329775222952,0.0
SEMA3C,0.008796515448561514,0.0,0.0,0.0
CNOT2,0.0,0.0,0.007187518711465346,0.0
LINC00649,0.0,0.0,0.0058243166226229805,0.0
GALNT16,0.010040693418509388,0.0,0.0,0.0
STARD3NL,0.0,0.0,0.0035436732607733628,0.0
ZNF710,0.0,0.0,0.0023717954700292034,0.0
DCST2,0.02706537746191794,0.0,0.0,0.0
OR10K1,0.0,0.0,0.004465075769917456,0.0
TMEM104,0.0,0.0,0.0024947244999425707,0.0
CHD1,0.0,0.0,0.0,0.003947148455992376
C10orf88,0.032766882873249914,0.002159548474696214,0.0,0.0
OVOL1,0.0,0.0,0.00829224736811243,0.0
SNURF,0.009984052338164294,0.0,0.014046664694972556,0.0
ERCC5,0.0,0.0,0.0,0.011841445889087223
ZFY-AS1,0.01863005466915628,0.0,0.0,0.0
GABARAP,0.01342341527399239,0.0,0.007825805082955084,0.0
MACROD2,0.01578595636580491,0.07645332052717345,0.018079511686865786,0.0
SPP2,0.008177939581419259,0.0,0.0034295487280932777,0.0
RHBDL1,0.0,0.0,0.0025663205598358157,0.0
CXCR4,0.0,0.0,0.0,0.017215355069722795
NLRP7,0.017775027733163945,0.0,0.0,0.0
NRDE2,0.0,0.0,0.0,0.03717183432457444
SDK2,0.0,0.0,0.012516398600710674,0.057759722497884365
LINC00332,0.0,0.0,0.18515827494624976,0.0
CBL,0.0,0.0,0.012678194319313794,0.0
AMDHD1,0.018651306755962584,0.0,0.0,0.0
IGHV1-45,0.0,0.0,0.010794413990491695,0.0
HSF2BP,0.0,0.0,0.0018597609478687152,0.0
RBM39,0.0,0.0,0.0,0.00429642945513677
NFIC,0.0,0.0,0.001812968232095479,0.0
EMX2,0.008420272870834212,0.0,0.0,0.0
HERPUD1,0.0,0.0,0.0031227719731439134,0.0
FCGR2A,0.0,0.0,0.08642106086954383,0.0
NEDD8,0.0,0.0,0.0,0.03495572738507356
XPO7,0.024228408558879807,0.0,0.0,0.0
OR4P4,0.0,0.0036581374280654838,0.0,0.0
ZC3H13,0.0,0.0,0.007187518711465346,0.0
NCCRP1,0.0,0.0,0.0055203463715953255,0.0
NEDD9,0.016971738227157,0.0,0.0,0.0
CACNG1,0.0,0.0,0.0028938006121974158,0.0
IGKC,0.0,0.0,0.0029719363863268213,0.0
ART1,0.0,0.0,0.001786808495464551,0.0
CALML4,0.0,0.007800112878676019,0.0,0.0
RPL13,0.01135143111655506,0.0,0.004103236285670304,0.0
ATP6V0A1,0.0,0.0,0.0027040379262848265,0.0
MBTPS1,0.0,0.0,0.0,0.014862851969240998
ZNF469,0.0,0.0,0.005981624066240956,0.0
SKI,0.0,0.0,0.0,0.00851613163129792
TBC1D2B,0.011083819067965121,0.0,0.0,0.0
CHODL,0.0,0.007800112878676019,0.005277680556110922,0.0
ZNF514,0.011806279849675356,0.0,0.0,0.0
TMEM169,0.0,0.0,0.002064035154796506,0.0
ZNF578,0.008734566945631201,0.0,0.011348968681361421,0.0
LMO2,0.02214255876622193,0.0,0.0,0.0
AMBRA1,0.0,0.0,0.0,0.003047377947782478
NUF2,0.023427140684291272,0.0,0.0,0.0
PAQR6,0.0,0.0026943215248988327,0.0,0.0
HSD3B7,0.0,0.0,0.0021956295813061405,0.0
RBM4,0.0,0.0,0.0,0.05517359707486588
ELP3,0.0,0.0,0.0,0.01034570389712554
AK8,0.0,0.0,0.022031832589809647,0.0
CXCL3,0.008744107842680173,0.0,0.0,0.0
IGKJ5,0.0,0.0,0.009908742424270587,0.0
HSPB1,0.008786468579759642,0.0,0.0023525647243252904,0.0
ZIC2,0.014852598544983301,0.0,0.004918158552620105,0.0
UBA52,0.01135143111655506,0.0,0.004103236285670304,0.0
RHBDF2,0.0,0.0,0.003202704618723236,0.0003503301099430851
IGLV3-1,0.0,0.0,0.022031832589809647,0.0
CALML3-AS1,0.01892652255248598,0.0,0.0,0.0
COX4I1,0.01135143111655506,0.0,0.0,0.0
GP1BA,0.014341884963360026,0.0,0.0,0.0
GPC5,0.0,0.0,0.003736761109484091,0.0
OSMR,0.009198108650349857,0.0,0.0,0.0
GPBAR1,0.01424911925844852,0.0,0.0,0.0
RGS4,0.0,0.0,0.0017401930391634768,0.0
NEUROG3,0.0,0.0,0.0,0.004716561423302333
KDM4B,0.0,0.0,0.0,0.02209728808761349
ATG4A,0.0,0.007800112878676019,0.0,0.0
ATP6V1G1,0.0,0.0,0.0,0.0274076619359571
HCFC2,0.06362200850165689,0.0,0.0,0.0
ATXN8OS,0.033697464963029534,0.0,0.0,0.0
DRC3,0.046443989746776326,0.0,0.0,0.0
MYDGF,0.0,0.0026943215248988327,0.0,0.0018903844296817354
BACE2,0.0,0.0,0.0,0.024904394144558015
SLC1A1,0.014623460546636496,0.0,0.0,0.0
ESRRB,0.0,0.0,0.0021956295813061405,0.0
CYP1B1,0.0,0.0,0.0,0.0062731495503917075
NEIL3,0.018350416567977042,0.0,0.0,0.0
PTCSC3,0.0,0.0,0.002734427803851612,0.0
PTPRE,0.0,0.0,0.006240486288531679,0.0
ESRP1,0.009410115600483937,0.0,0.0,0.0
TBC1D9B,0.012080036273222789,0.0,0.0,0.023849084859898673
C15orf48,0.010021182137053527,0.0,0.0024465228237119667,0.0
EPHA1,0.0,0.0,0.0,0.07550686853817565
UBE2M,0.01342341527399239,0.0,0.0,0.0
FGF9,0.0,0.0,0.002908034056521422,0.0
ISL2,0.0084073369597949,0.0026943215248988327,0.0,0.0
CD1C,0.00863018937980842,0.0,0.0,0.0
APOE,0.011291865318242137,0.0,0.0,0.0
RFPL2,0.0,0.0,0.013008686303509398,0.0
LRRC63,0.022494896555117577,0.0,0.0,0.0
PPP1R14A,0.0,0.0,0.06464807182607922,0.0
ZDHHC7,0.0,0.0,0.001789326186648859,0.0
FAM224A,0.009054143846752398,0.0,0.0,0.0
IGLV1-41,0.0,0.0,0.0034224119182707942,0.0
TRAFD1,0.02428976581346053,0.0,0.0,0.016493046300554006
CLDN11,0.014852598544983301,0.0,0.0,0.0
LINC00700,0.0,0.0,0.07030227458928832,0.0
FGL2,0.0,0.0,0.08642106086954383,0.0
NPIPA2,0.0,0.0026943215248988327,0.0,0.0
HSBP1,0.0,0.0,0.0035436732607733628,0.0
KIR3DL1,0.0,0.0,0.0030042942353479367,0.0
SCRT2,0.0,0.0,0.02845011265483593,0.0
TMEM86B,0.012034748253178145,0.0,0.0,0.0
ANGPTL5,0.014852598544983301,0.0,0.0018959798422870378,0.0
NCK2,0.0,0.0,0.0,0.005952746824743523
SLC10A2,0.008715286810250529,0.0,0.0,0.0
SPATA7,0.0,0.0,0.0,0.21138137835470483
TPST1,0.0,0.023410436480886084,0.0,0.0
ZCCHC18,0.0,0.005061246825097225,0.0,0.0
REP15,0.0,0.0,0.005064343067532234,0.0
NLGN3,0.0,0.0,0.016595599543956292,0.0
CARMN,0.0,0.0,0.002004313482315067,0.0
MT-ND5,0.0,0.0,0.021963858769248026,0.0
FOSB,0.0,0.0,0.0017372876633530985,0.0
DERL3,0.0,0.0026943215248988327,0.0038395733024086547,0.0
PAPSS2,0.0,0.0,0.012678194319313794,0.0
MAMLD1,0.0,0.0,0.0,0.18546270353927777
TBC1D30,0.0416673695623819,0.0,0.0,0.0
APLP2,0.0,0.023410436480886084,0.0021108067863353443,0.0
TRAV14DV4,0.009790261461416441,0.0,0.0,0.0
ATP8B4,0.0,0.0,0.003202704618723236,0.0
MAP1LC3B2,0.024348033584920846,0.0,0.0,0.0
TBRG1,0.008270451368486607,0.0,0.0,0.0
CISTR,0.0,0.0,0.020024605761026975,0.0
CHTF8,0.012735850449158821,0.0,0.0,0.0
RASSF6,0.0,0.0,0.06464807182607922,0.0
IFI30,0.0,0.0,0.01618326511752471,0.0
PGP,0.0,0.0,0.003137485462225157,0.0
RPL39,0.01135143111655506,0.0,0.004103236285670304,0.0
ATOH8,0.01240221823147103,0.0,0.0,0.0
WDFY3,0.0,0.0,0.0028562019070640363,0.0
TMEM132B,0.010147585523968298,0.0,0.0,0.0
MAN2A1,0.0,0.0,0.0021241884605766844,0.0
RAB6C,0.0,0.0,0.0020724256710302155,0.0
ADSSL1,0.008486712237591135,0.0,0.004037858613385109,0.0
ENOPH1,0.012518482213216884,0.0,0.0,0.0
LAPTM4B,0.0,0.0,0.0,0.0725097022503561
PLB1,0.029135963274428224,0.0,0.0,0.0
DPM1,0.022783228583107915,0.0,0.0,0.0
ADD2,0.014006539150421576,0.0,0.0,0.0
CHN1,0.0,0.0,0.0,0.0030390431111775597
UCHL1,0.014852598544983301,0.007800112878676019,0.005277680556110922,0.0
SWT1,0.0,0.0,0.013847433124255201,0.0
NDUFAF5,0.0,0.0,0.0,0.002874274320742516
CDK18,0.0,0.0,0.0,0.014631986126217541
C12orf65,0.0,0.0,0.002451796018178156,0.0
ARHGAP44,0.0,0.0,0.003466485155913915,0.0
IKZF3,0.0,0.0,0.00845095342743356,0.028841281643062253
SDC1,0.0,0.0026943215248988327,0.010934023373280413,0.0
HID1,0.0,0.0026943215248988327,0.0017795317600197724,0.0
SSB,0.015344090539742032,0.0,0.0,0.0
SPEF2,0.0,0.0,0.0023783604844991313,0.0
KCNMB2-AS1,0.017044846062936766,0.0,0.0,0.0
MFAP4,0.014852598544983301,0.0,0.004918158552620105,0.0
HMX2,0.0,0.0,0.015552345216049502,0.0
ANXA2R,0.0,0.0,0.0058243166226229805,0.0
SEMA6A,0.01352466498992077,0.0,0.0,0.0
TUBA3E,0.0,0.0,0.013416127959419311,0.0
NXF1,0.0,0.0,0.015072371368767464,0.0
CYBB,0.0,0.0,0.0020275223604350745,0.0
ANKRD16,0.0,0.0026943215248988327,0.0,0.0
CD209,0.0,0.0,0.0024267707829602613,0.0
TEX14,0.0,0.0,0.0021956295813061405,0.0
TAOK2,0.0,0.0,0.0,0.008247449630028068
RPS4X,0.01135143111655506,0.0,0.1664520353238222,0.0
ADAM9,0.0,0.0,0.003202704618723236,0.0
TXNDC12-AS1,0.0,0.0,0.017576041536946953,0.0
LINC01362,0.0,0.0,0.012434574555062793,0.0
LIM2,0.0,0.0,0.006039946238849277,0.0
NFKBID,0.022168342633812045,0.0,0.0,0.0
AL132709.8,0.0,0.023410436480886084,0.0,0.0
TNS1,0.0,0.0,0.0024267707829602613,0.0
ZNF394,0.02623898378170449,0.0,0.0,0.0
PAN2,0.01619022039660735,0.0,0.0,0.0
PIGM,0.02013015261767012,0.0,0.0,0.0
AC008691.1,0.0,0.0,0.011322246469896713,0.0
FAM180B,0.0,0.0,0.004037948145957724,0.0
SCARNA9,0.01504920179582506,0.0,0.0,0.0
NFE2,0.0,0.0,0.0,0.02349144165513636
SENP1,0.016513226334480727,0.0,0.0,0.0
PIK3AP1,0.0,0.0,0.021143355113578326,0.0
NKPD1,0.0,0.0,0.0066010038919616315,0.0
SLTM,0.0,0.0,0.007187518711465346,0.0
RASSF4,0.0,0.0,0.0,0.004751863680736851
AC062028.1,0.0085709342031793,0.0,0.0,0.0
RASGRP1,0.0,0.0,0.0058243166226229805,0.0
DGKG,0.0,0.009868327895634294,0.0,0.0
SGCE,0.0,0.0,0.03342583867791148,0.0
DUSP6,0.0,0.0,0.0020275223604350745,0.0
PTCRA,0.0,0.0,0.0,0.028401273660781347
KCNG4,0.01832328318742683,0.0,0.0,0.0
OR10T2,0.0,0.0,0.0016962010581953876,0.0
NIBAN1,0.0,0.0,0.0,0.009813627385478566
NRAV,0.0,0.0,0.0028924630964775556,0.0
LINC01139,0.014852598544983301,0.0,0.0,0.0
ACR,0.0,0.009370508595709228,0.0,0.0
FAM114A1,0.0,0.0026943215248988327,0.0,0.0
CYB561D2-1,0.0,0.0,0.003214797280546725,0.0
ITIH5,0.025102476089307463,0.0,0.0,0.0
FCRL1,0.0,0.07645332052717345,0.022031832589809647,0.0
PGRMC1,0.008831126499312756,0.0,0.0,0.0
CAVIN2,0.0,0.0,0.0,0.012703589343902113
TSPAN4,0.00886167381722803,0.0,0.0,0.0
TMEM158,0.0,0.0,0.0021956295813061405,0.0
FITM2,0.00804530812114645,0.0,0.0,0.0
LMAN2,0.0,0.007800112878676019,0.0,0.0
AKNAD1,0.011931844335992476,0.0,0.0,0.0
NME2,0.0,0.0,0.003982983525957293,0.0
EPHX2,0.0,0.0,0.008578207260759302,0.0
RPL29,0.01135143111655506,0.0,0.004103236285670304,0.0
KCNQ1,0.0,0.0,0.0020275223604350745,0.0
FHOD1,0.0,0.0,0.0,0.02186713583602335
DCPS,0.0,0.0026943215248988327,0.0,0.0
ALPK3,0.051454324250631615,0.0,0.0021956295813061405,0.0
EPHB6,0.0,0.0,0.005701775324089334,0.0
TTI2,0.0,0.0,0.0,0.047195166787554636
MIR1-1HG,0.0,0.0044003716869469535,0.0,0.0
TREM1,0.0,0.0,0.002503729095820918,0.0
DISC1,0.018304633049032293,0.0,0.005248373509225675,0.0
MTHFD2,0.0,0.007800112878676019,0.0,0.0
CD70,0.0,0.0,0.005541412365086941,0.0
GLRX5,0.01342341527399239,0.0,0.0,0.0
LRRIQ1,0.0,0.0,0.0031352049615037893,0.0
CCR1,0.0,0.0,0.0020275223604350745,0.0
NEAT1,0.0,0.0,0.003202704618723236,0.0
GNAS,0.01342341527399239,0.0,0.0,0.0
ASIP,0.009553498221382607,0.0,0.0,0.0
WDR86,0.01157124848641354,0.0,0.0,0.0
ADGRE2,0.0,0.0,0.08642106086954383,0.0
XG,0.0,0.0,0.0021292029894547453,0.0
ZNF250,0.0,0.0,0.0,0.013274596498916661
MED23,0.0,0.0,0.0,0.006006491882493365
TRAPPC2,0.0,0.0,0.00517736206217318,0.0
RNF31,0.0,0.0,0.00384014530450479,0.0
ALPL,0.0,0.0026176840998698714,0.0,0.0
SPAG4,0.0,0.0,0.003732060130162366,0.0
H1FX,0.029037550377115234,0.0,0.0,0.0
DLL1,0.0,0.0,0.0020891013859490413,0.0
SLC23A2,0.013254322547102928,0.0,0.0,0.0
TMEM243,0.0,0.0,0.005814449352544857,0.0
HS1BP3,0.014518672187806973,0.0,0.0,0.0
ZPR1,0.0,0.0,0.0,0.007109624809677019
PATL1,0.0,0.0,0.0024947244999425707,0.0
IRF4,0.0,0.0026943215248988327,0.0,0.0
PTPN6,0.0,0.0,0.0,0.053584013050905946
SIGLEC11,0.0,0.0,0.002753716881780284,0.0
IL31RA,0.0,0.0,0.026043436148625313,0.0
GCSH,0.0,0.0,0.008633632973817782,0.0
IP6K1,0.028901343629775027,0.0,0.0,0.0
ABHD11,0.009303653596862884,0.0,0.0,0.0
SLC26A6,0.022009215382248006,0.0,0.0,0.0
AQP9,0.0,0.0,0.00972382113804713,0.009353894152048828
TCEAL2,0.0,0.0,0.0,0.07511596792871006
SRPX2,0.0,0.0,0.007484430907050669,0.0
PTGFRN,0.0,0.0,0.015770884447941162,0.0
RABL2B,0.0,0.0,0.005814449352544857,0.0
LMF1-AS1,0.0,0.0,0.0016930663988391436,0.0
PSME4,0.0,0.0,0.0,0.02495007207452081
OR2L8,0.0,0.0052558501551823,0.0,0.0
ZNF215,0.0,0.0,0.06690950944031081,0.0
RAB42,0.014041403307434171,0.0,0.004037858613385109,0.0
FANCF,0.0,0.0,0.0,0.00725392287091008
PTGS1,0.009390775246072637,0.0,0.004020934957683447,0.0
KLHL3,0.014075014688966889,0.0,0.0,0.0
SRSF9,0.01342341527399239,0.0,0.0,0.0
STX12,0.0,0.0,0.006714625621600455,0.0
FBXW2,0.0,0.0,0.007187518711465346,0.0
CPA2,0.0,0.005098710543054951,0.0,0.0
C22orf23,0.0,0.0,0.03843036206853104,0.0
TRIM63,0.0,0.0,0.01077543946535604,0.0
EPHB1,0.0,0.0,0.0,0.07160538583341604
WNT6,0.009663579396523594,0.0,0.0,0.0
LINC01299,0.009048414853337738,0.0,0.0,0.0
ABCC9,0.0,0.0,0.0019657868961605583,0.0
CCDC50,0.0,0.000545627640299856,0.0,0.0
ESRRG,0.0,0.0,0.004093451301746517,0.0
NFIB,0.014852598544983301,0.0,0.004918158552620105,0.0
CEBPB,0.016088900624786406,0.0,0.0,0.0
MMP19,0.0,0.0,0.0021956295813061405,0.0
MRPL16,0.025890078004939976,0.0,0.0,0.0
PNMA5,0.0,0.009868327895634294,0.0,0.0
NKRF,0.0,0.0,0.0,0.02520723121692938
CCDC181,0.014852598544983301,0.0,0.0,0.0
SLC4A3,0.009038813176049178,0.0,0.0,0.0
GABRA1,0.0,0.0,0.009053263469715914,0.0
GPS2,0.010620210410939393,0.0,0.0,0.0
SF3B1,0.0,0.0,0.0,0.016620437637229986
NOB1,0.008472632073709765,0.0,0.0,0.0
SLC12A6,0.0,0.0,0.003202704618723236,0.0
XCL1,0.0,0.0,0.0016825423889371242,0.0
AGPAT5,0.0,0.029482099199530067,0.0,0.0
TNFSF8,0.0,0.0,0.0,0.021974443867802992
AC009065.4,0.02129368045047729,0.0,0.0,0.0
AGFG1,0.0,0.0,0.021143355113578326,0.0
CR1,0.0,0.0,0.002753716881780284,0.0
CPB2-AS1,0.05474817653813576,0.0,0.0,0.0
GCNT2,0.02491272366690472,0.0,0.0,0.01142844528203886
CCR9,0.0,0.0026943215248988327,0.0018449956706399588,0.0
OXCT2,0.0,0.0026943215248988327,0.0,0.0
HBP1,0.0,0.0,0.0,0.013931472474971339
TGFBR3,0.0,0.0,0.001904923597897208,0.0
TSEN34,0.010980390130532888,0.0,0.0,0.0
CMTM5,0.014852598544983301,0.0,0.0,0.0
TSHZ2,0.010066301243799184,0.0,0.0,0.009479339799569155
KCNQ1OT1,0.0,0.0,0.003202704618723236,0.0
KCTD15,0.0,0.0,0.011850869291843608,0.0
FOXJ2,0.0,0.0,0.002479327664590367,0.0
HSPA4,0.015994473391026224,0.0,0.0,0.0
TXNDC15,0.0,0.0026943215248988327,0.0,0.0
STX18,0.0,0.0,0.0,0.013928966550928248
MKLN1,0.0,0.0,0.003202704618723236,0.0
IGLV8-61,0.0,0.0,0.0038731405499557313,0.0
KIAA1755,0.0,0.0,0.005277680556110922,0.0
SLC25A1,0.03263485269238824,0.0,0.0,0.0
MST1,0.011520280268917153,0.0,0.0,0.0
RHOH,0.0,0.0,0.002451796018178156,0.0
VPREB1,0.009701956384315494,0.0,0.0,0.0
HAPLN3,0.0,0.0,0.004616791736351179,0.0
AL365273.1,0.0,0.0,0.024900053910447504,0.0
PRSS16,0.0,0.007800112878676019,0.0,0.0
ULK2,0.0,0.0,0.0020275223604350745,0.0
FCN1,0.0,0.0,0.011715223799100834,0.0
ACTR2,0.0,0.0,0.0021241884605766844,0.0
TPX2,0.0,0.0,0.008893234536529243,0.0
GMFG,0.0,0.0,0.0,0.039649167512193405
IGHV3-20,0.0,0.0,0.003154572597799411,0.0
SLAMF1,0.0,0.0,0.006706624096100514,0.0
TSPAN13,0.0,0.023410436480886084,0.02680486478309855,0.0
ABL2,0.0,0.0,0.002235639411402485,0.0
INPP5F,0.0,0.0,0.0,0.032646270659115025
WNT9A,0.0,0.0,0.0018959798422870378,0.0
CHD5,0.01888483676923289,0.0,0.0,0.0
RTN4RL2,0.008918720827129717,0.0,0.0,0.0
RPL23,0.01135143111655506,0.0,0.004103236285670304,0.0
SMYD3,0.020550914282373146,0.0,0.0,0.0
SAMD8,0.0,0.0,0.003202704618723236,0.0
MTFR1,0.008672683069951856,0.0,0.0,0.0
KLHL26,0.0,0.0,0.0,0.011749407486821297
ALPP,0.0,0.0,0.011375257320298088,0.008629627100663955
LAMA4,0.014852598544983301,0.0,0.005277680556110922,0.0
SIAH1,0.0,0.0,0.0,0.10853653930162618
RBM6,0.0,0.0,0.0,0.03164089163056514
RAB11FIP3,0.0,0.0,0.004355552154398322,0.0
EXOC1,0.0,0.0,0.0021241884605766844,0.0
TMEM222,0.0,0.0,0.0,0.014050091463383384
LYAR,0.0,0.0,0.0058243166226229805,0.0
PTPRG,0.0,0.0026943215248988327,0.0,0.0
DOP1B,0.0,0.0,0.0,0.014653071730553736
ZNF445,0.034715196119046436,0.0,0.0,0.0
TMEM127,0.0,0.0,0.0021241884605766844,0.0
TIMP2,0.0,0.0,0.001812968232095479,0.0
SIRPA,0.0,0.0,0.003202704618723236,0.0
FA2H,0.0,0.0026943215248988327,0.0,0.0
KIDINS220,0.0,0.0,0.0021241884605766844,0.0
PARP4,0.0,0.0,0.0,0.006332881193399882
DAGLB,0.0,0.0,0.006240486288531679,0.0
SNX15,0.0,0.0,0.003450306503477569,0.0
PJA2,0.0,0.0,0.0032279726970006026,0.0
ARHGAP22,0.0,0.0,0.012678194319313794,0.0
UFL1-AS1,0.008361941251692083,0.0,0.0,0.0
ASAP2,0.009682407106960264,0.0,0.0,0.0
TACC1,0.0,0.0,0.002235639411402485,0.016918631973739075
MGRN1,0.017262720617978983,0.0,0.0,0.0
ZGLP1,0.0,0.0,0.008866200871025097,0.0
LGI4,0.0,0.0,0.035248752034592594,0.0
RPL21,0.01135143111655506,0.0,0.004103236285670304,0.0
CYB561D2,0.0,0.0,0.0,0.007963481349924376
XPO6,0.0,0.0044031311747087755,0.0,0.0
TOMM7,0.01135143111655506,0.0,0.1664520353238222,0.0
ABHD4,0.0,0.0,0.0,0.0022173233222582468
RPL37,0.01135143111655506,0.0,0.004103236285670304,0.0
WNT16,0.0,0.0,0.05429098932043325,0.0
CLEC7A,0.0,0.0,0.005248373509225675,0.0
STC1,0.01773387075432538,0.0,0.0,0.0
ADAMTS8,0.014852598544983301,0.0,0.0,0.0
TEX38,0.0,0.0,0.0035869768376830835,0.0
MEF2D,0.0,0.0,0.0020836444469801937,0.0
FAM171A2,0.0,0.0,0.03623632356274021,0.0
CCDC27,0.0,0.0,0.0050609103535671635,0.0
RAB34,0.0,0.0,0.004020934957683447,0.0
C6orf223,0.01456131850124381,0.0,0.0,0.0
TGFB1,0.0,0.0,0.001696490245787361,0.0
PRKAG3,0.0,0.0,0.0020668455260540366,0.0
ZNF853,0.0,0.0,0.0032691181231332823,0.0
FCER1A,0.03641489243093456,0.0,0.0,0.0
MIR193BHG,0.0,0.0026943215248988327,0.0,0.0
INSL5,0.0,0.0,0.015012452116312943,0.0
GRID2,0.0,0.0,0.0021956295813061405,0.0
RAB26,0.0,0.0026943215248988327,0.0,0.0
LINC01104,0.01472628947262453,0.023410436480886084,0.0,0.0
GRAMD1C,0.0,0.0,0.022031832589809647,0.0
AC007880.1,0.0,0.0,0.004077795998761875,0.0
CCDC59,0.0,0.0,0.005814449352544857,0.0
PRCD,0.0,0.0,0.05429098932043325,0.0
RANBP17,0.012245775997179773,0.0,0.0,0.0
TLR5,0.0,0.0,0.018079511686865786,0.0
LINC00326,0.0,0.0,0.011334145508018076,0.0
WIPF3,0.0,0.0,0.004037858613385109,0.0
ARHGAP20,0.0,0.0,0.01622067662921996,0.0
DOCK1,0.010208955892310507,0.0,0.0,0.0
UBXN10-AS1,0.0,0.0,0.006599891898874992,0.0
GEM,0.0,0.0,0.006782527060779421,0.0
DDC,0.011377549153999187,0.0,0.0,0.0
TIMM10B,0.0,0.0,0.0,0.0034852733747291133
SPTLC3,0.0,0.0,0.004037858613385109,0.0
CFP,0.0,0.0,0.005601798654062009,0.0
ATP13A5,0.0,0.0,0.00227080288203252,0.0
RAB22A,0.0,0.0,0.0,0.037901748082239485
RPL19,0.01135143111655506,0.0,0.004103236285670304,0.0
REST,0.018629067033623034,0.0,0.0,0.0
TAS2R5,0.015891246580455206,0.0,0.0,0.0
TGFBR3L,0.00869979270412799,0.0,0.0,0.0
LINC01179,0.0,0.0,0.01461810090466092,0.0
TPT1,0.01135143111655506,0.0,0.0,0.0
SIPA1L2,0.0,0.0,0.002038111939515725,0.0
TAS2R43,0.0,0.0,0.0034030693253600365,0.0
C7orf57,0.0,0.0,0.0023700940881579984,0.0
C17orf98,0.0,0.0,0.02810574396258802,0.0
NFKBIA,0.0,0.0,0.0,0.008351904696862127
USP13,0.008237453718944118,0.0,0.0,0.008591645406935933
B3GNT2,0.0,0.0,0.0,0.0175844244828342
IGHV4-28,0.0,0.0,0.021477881391157035,0.0
EEA1,0.0,0.0,0.0023717954700292034,0.0
GXYLT2,0.014852598544983301,0.0,0.004918158552620105,0.0
C19orf48,0.008890615612653332,0.0,0.0,0.0
RPE65,0.0,0.0,0.005647052827708758,0.0
TM4SF18,0.0,0.0005239062362487265,0.0,0.0
LINC00668,0.0,0.0,0.03429441763471647,0.0
TMEM198,0.0,0.0026943215248988327,0.0,0.0
AL358852.1,0.0,0.0,0.0018958222825909078,0.0
HMGCLL1,0.014852598544983301,0.0,0.0,0.0
GOLM1,0.0,0.0,0.013614411262973152,0.0
AP1B1,0.0,0.0,0.021143355113578326,0.0
HIST1H3E,0.008948799821060812,0.0,0.0,0.0
BCL9,0.0,0.0,0.0,0.02873554543730204
FUZ,0.014006257639253124,0.0,0.0,0.10595959649028297
CACHD1,0.0,0.0,0.004197654409091409,0.0
AP4S1,0.008098951937151344,0.0,0.0,0.0
TCAP,0.02392225155167149,0.0,0.0,0.0
GGT7,0.015155763327818216,0.0,0.0,0.0
LY86-AS1,0.010622354273363959,0.0,0.0,0.0
SERTAD4-AS1,0.0,0.004560506270401827,0.0,0.0
MT-CYB,0.0,0.0,0.021963858769248026,0.0
AC009506.1,0.0,0.0,0.013912844288196502,0.0
HIST2H3PS2,0.014727423318963352,0.0,0.004037858613385109,0.0
PPP1R9A,0.0,0.0,0.003435933093507206,0.0
DYNAP,0.0,0.0,0.006298712146148822,0.0
EMD,0.0,0.0,0.002038111939515725,0.013640444424642139
SCARB2,0.0,0.0026943215248988327,0.0,0.0
UBE2J1,0.0,0.0026943215248988327,0.0,0.0
PRR3,0.0,0.0,0.0,0.05118278443784634
OBSCN,0.0,0.0,0.003107490816080934,0.0
CD300LD,0.0,0.0,0.48131675128734314,0.0
SRGN,0.0,0.0,0.003202704618723236,0.0
PLK4,0.0,0.0,0.0,0.06264487239265212
ARL11,0.011400718810616748,0.0,0.0,0.0
EHD4,0.0,0.0,0.012678194319313794,0.0
CPNE6,0.0,0.0,0.0038018391812862755,0.0
LPAR6,0.0,0.0,0.0,0.05041996612312238
FKBP5,0.0,0.0,0.0,0.14221343024269112
LILRA5,0.0,0.0,0.0016684198145751944,0.0
SUCLA2,0.0,0.0,0.0,0.009896016480519592
KIAA2012,0.018796726275905794,0.0,0.0,0.0
ZSCAN18,0.0,0.0,0.0,0.005644392132802092
SERPINE3,0.01574800509361005,0.0,0.0,0.0
CEACAM1,0.0,0.0,0.00214863273803992,0.01151973111271432
ANP32CP,0.0,0.0,0.0,0.007198803875315262
CRABP1,0.014852598544983301,0.0,0.004918158552620105,0.0
SYVN1,0.0,0.0026943215248988327,0.0,0.0
PLEKHG6,0.0,0.0,0.01124035394896589,0.0
PLPP6,0.0,0.0,0.002564966477981482,0.0
GAS2L2,0.008791282166579036,0.0,0.0,0.0
SCD,0.0,0.0,0.0,0.016693248707793974
RPS9,0.01135143111655506,0.0,0.004103236285670304,0.0
CILP2,0.0,0.0,0.0036025291153909613,0.0
TIMM10,0.0,0.0,0.0,0.07700704086536073
IGHV3OR16-10,0.0,0.0026943215248988327,0.0,0.0
RTCB,0.015344090539742032,0.0,0.0,0.0
IGFBP3,0.0,0.0,0.0,0.01581278693677405
DACT3,0.009230490379711563,0.0,0.0,0.0
SLC38A5,0.0,0.0026943215248988327,0.00977828240251658,0.0
EIF3A,0.0,0.0,0.0,0.07815054361807178
ZDHHC19,0.0,0.023410436480886084,0.0,0.0
ARID4B,0.0,0.0,0.007187518711465346,0.0
IGLCOR22-2,0.0,0.0,0.0016970213432021613,0.0
C2CD2L,0.0,0.0,0.021143355113578326,0.0
CREM,0.0,0.0,0.002917189898984809,0.0
SAMSN1-AS1,0.0,0.0006936267348439325,0.0,0.0
NME5,0.014852598544983301,0.0,0.006298712146148822,0.0
RPL14,0.01135143111655506,0.0,0.004103236285670304,0.025258387142723833
KCNC4,0.0,0.0,0.0016920255386512302,0.0
GEN1,0.009244489406402944,0.0,0.0,0.0
FAM149A,0.0,0.0,0.002503729095820918,0.0
COL10A1,0.0,0.002584044876596471,0.0,0.0
RASD2,0.0,0.0,0.0021956295813061405,0.0
FXYD7,0.0,0.0,0.0,0.015105279737308462
ISY1,0.02071352114095881,0.0,0.0,0.0
SYNPO,0.0,0.000545627640299856,0.0,0.0
SH3BP2,0.0,0.0,0.0024947244999425707,0.0
CUBN,0.0,0.0,0.0,0.02905753749058458
TRPA1,0.0,0.0,0.010991159551531156,0.0
AGGF1,0.0,0.0,0.0,0.005504001785852048
UTS2,0.0,0.0,0.020639613171751975,0.0
RPS29,0.01135143111655506,0.0,0.1664520353238222,0.0
PTPN9,0.0,0.0,0.0,0.003823128926185469
DENND4C,0.0,0.0,0.0,0.0026744669434652295
CD207,0.0,0.0,0.02751843295591514,0.0
ATP6V1B1,0.013905939069798466,0.0,0.0,0.0
IGBP1,0.0,0.0,0.0030386291784572756,0.0
ADCY7,0.0,0.0,0.0024947244999425707,0.0
TMEM52,0.0,0.0026943215248988327,0.0,0.0
SIN3B,0.0,0.0,0.005830931114592549,0.0
HOXA10-AS,0.025154480690236035,0.0,0.0,0.0
GNG3,0.0,0.0,0.06464807182607922,0.0
SIRT5,0.0,0.0,0.0,0.032292470904013104
CENPO,0.0,0.0,0.0,0.03392963931501038
ADORA2A,0.0,0.0,0.05506170632142142,0.0
DNAJB5,0.009689536993887252,0.0,0.0,0.0
IGHG3,0.0,0.0,0.0038395733024086547,0.0
POLR2H,0.0,0.0,0.0035436732607733628,0.0
FCER2,0.0,0.017650429059889464,0.02680486478309855,0.0
EIF3E,0.0,0.0,0.0030386291784572756,0.0
CEP112,0.012933998716749938,0.0,0.0,0.0
CPLX1,0.0,0.0,0.0072044988411428595,0.0
RFPL4AL1,0.014629461042896074,0.0,0.0,0.0
MYCBP2,0.01018238395339239,0.0,0.0,0.0
SPATS2,0.0,0.0026943215248988327,0.0,0.0
RPS3A,0.01135143111655506,0.0,0.004103236285670304,0.0
SLC38A8,0.020445601125704576,0.0,0.0,0.0
IGF2,0.014852598544983301,0.0,0.0,0.0
ALLC,0.0,0.0,0.005277680556110922,0.0
LILRB2,0.0,0.0,0.08642106086954383,0.0
TRIM36,0.007964611835680563,0.0,0.0,0.0
AGPAT3,0.01030572130622901,0.0,0.0032279726970006026,0.0
MORF4L1,0.01372716226414923,0.0,0.0,0.0
ANKRD50,0.0,0.0,0.00774779279555995,0.0
ZNF287,0.0,0.0,0.002260599785729859,0.0
SEL1L,0.0,0.0026943215248988327,0.0023717954700292034,0.0
LIPN,0.0,0.0,0.001889967966563899,0.0
RPL6,0.01135143111655506,0.0,0.004103236285670304,0.0
LINC01254,0.01920846466936976,0.0,0.0,0.0
FAM167A,0.016957729838312775,0.0,0.022031832589809647,0.0
VTI1B,0.0,0.0,0.0035436732607733628,0.0
PPIAL4A,0.0,0.007800112878676019,0.0,0.0
AC026202.3,0.0,0.0,0.005779723877147571,0.0
LINC00346,0.014852598544983301,0.0,0.0018959798422870378,0.0
THEMIS,0.0,0.0,0.002974731790162781,0.0
MORF4L2-AS1,0.021500461705301663,0.0,0.0,0.0
BMX,0.0,0.0,0.0017561110596858625,0.0
FTH1,0.0,0.0,0.0,0.03611703781805847
PCDHGA12,0.0,0.0,0.003636987739637637,0.0
ICOSLG,0.0,0.0,0.08642106086954383,0.0
ZNF729,0.0,0.0,0.036989785388954685,0.0
MIB2,0.0,0.0,0.0058243166226229805,0.0
PPP2R2A,0.0,0.0,0.0,0.007657000795006752
LCOR,0.0,0.0,0.0,0.022913385985960762
DBET,0.012358353074608008,0.0,0.0,0.0
C12orf60,0.016002876313991492,0.0,0.0,0.0
CAND1,0.0,0.0,0.007187518711465346,0.0
TMSB4X,0.0,0.0,0.029696012343210034,0.0
SOX30,0.0,0.0,0.01616264471535079,0.0
FANCD2,0.0,0.0,0.04857132555110025,0.0
TFCP2,0.0,0.0,0.0,0.02312335158364495
MTHFD1,0.0,0.0,0.0,0.013530394913007915
KRTAP5-8,0.009457047286176593,0.0,0.0,0.0
SYT6,0.00917068448924897,0.0,0.0,0.0
GPRC5C,0.01017680436393989,0.0,0.0,0.0
PPIL2,0.0,0.0,0.0,0.010265584891672739
LINC00837,0.0,0.0,0.011627069855336968,0.0
LARP1,0.0,0.0,0.0021241884605766844,0.0
C3,0.0,0.0006176314882265958,0.0,0.0
EFCAB8,0.0,0.0,0.005362069226806689,0.0
IL7,0.0,0.000545627640299856,0.0,0.0
CDK17,0.0,0.0,0.0,0.004620215686501099
DNPEP,0.01663809551684929,0.0,0.0,0.0
CLDN10,0.019517052061113004,0.0,0.0,0.0
EID3,0.0,0.0,0.003867159128846096,0.0
TRBV4-2,0.0,0.0,0.0038426098975617045,0.0
SLPI,0.014852598544983301,0.0,0.005277680556110922,0.0
BICC1,0.014852598544983301,0.0,0.0,0.0
MED4,0.015344090539742032,0.0,0.0,0.0
DDIT4,0.0,0.0,0.0,0.06842779903724701
RGS2,0.0,0.0,0.0031227719731439134,0.0
WFDC1,0.0,0.0,0.012812472270509436,0.0
IGLC2,0.0,0.0,0.022031832589809647,0.0
DDO,0.008527327916506178,0.0,0.0,0.0
FOXC2,0.014852598544983301,0.0,0.006298712146148822,0.0
XKR8,0.00970073681589125,0.0,0.0,0.0
DIMT1,0.0,0.0008158609817925714,0.0,0.0
GML,0.010919543075675575,0.0,0.0,0.0
NINL,0.0,0.0,0.004194417937272284,0.0
DBR1,0.010855842779972636,0.0,0.0,0.0
AC019117.2,0.0,0.0,0.011900132169595479,0.0
ARSA,0.0,0.0026943215248988327,0.0,0.0
GABPB1,0.011500083750497256,0.0,0.0,0.0
RAB32,0.010771511446886295,0.0,0.0,0.0
NAGLU,0.0,0.0,0.0,0.0016405827625293903
FAM118A,0.007979512292979878,0.0,0.0,0.0
CATSPERG,0.013500160407182556,0.0,0.0,0.0
TNR,0.012461327067160754,0.0,0.0,0.0
WRNIP1,0.0,0.0,0.0,0.008616735174971985
PDCD4-AS1,0.0,0.0,0.0038981986657158144,0.0
ELMO1-AS1,0.061415273935068196,0.0,0.0,0.0
RAP1B,0.024842168534986307,0.0,0.0,0.0
OSR1,0.014852598544983301,0.0,0.0,0.0
CCDC81,0.008609444743650906,0.0,0.0047431600957448215,0.0
CXCL12,0.019553638749302684,0.0,0.0,0.0
LAD1,0.0,0.0,0.0055203463715953255,0.0
ABCB4,0.0,0.023410436480886084,0.0,0.0
ORMDL3,0.0,0.0,0.002451796018178156,0.0
STK32A,0.012460687599923234,0.0,0.0,0.0
SLC32A1,0.008520681160842836,0.0,0.0,0.0
NIT1,0.0,0.0,0.0,0.023431385873111582
CMC1,0.0,0.0,0.001904923597897208,0.0
EMC1,0.008652476009664324,0.0,0.0,0.0
ZMYND10,0.011308548110835386,0.0,0.0018607861871288807,0.0
FDX1,0.0,0.007800112878676019,0.0,0.0
ZNF860,0.0,0.0,0.022031832589809647,0.0
EFCAB14-AS1,0.0,0.0,0.0027937245858892156,0.0
DEPTOR,0.0,0.0,0.003999732087722793,0.0
SLC12A4,0.0,0.0026943215248988327,0.0,0.0
OPRK1,0.0,0.0,0.006317479138975413,0.0
IST1,0.0,0.0,0.0024947244999425707,0.0
PARP15,0.018263639639600676,0.0,0.0,0.0
SLC22A4,0.011964381616747687,0.0,0.0,0.0
RPL23A,0.01135143111655506,0.0,0.004103236285670304,0.009417539386003421
SLX4,0.0,0.0,0.002830317141483383,0.0
LRP6,0.0,0.0,0.002503729095820918,0.0
DHTKD1,0.0,0.0,0.0,0.028429556582813816
CDYL,0.0,0.0,0.0,0.01138100801559748
SRSF3,0.0,0.0,0.0028818098726656454,0.0
ATP6V0C,0.01342341527399239,0.0,0.0018172572788620284,0.0
NTS,0.012994215267943032,0.0,0.005277680556110922,0.0
ANKRD11,0.0,0.0,0.007187518711465346,0.0
SYTL1,0.0,0.0,0.002451796018178156,0.0
SLA,0.0,0.0,0.0,0.008384368874434105
RGN,0.014852598544983301,0.0,0.004918158552620105,0.0
JAK2,0.0,0.0,0.0023717954700292034,0.0
MPZL2,0.0,0.0,0.008443091142825154,0.0
LY6H,0.017443350278225266,0.0,0.0,0.0
WNT4,0.0,0.0026943215248988327,0.0,0.0
HIF1A-AS1,0.0,0.0,0.0026551617002881583,0.0
PRTN3,0.0,0.0,0.0022561309596600947,0.0
RAN,0.015344090539742032,0.0,0.0,0.0
PHLDA1,0.0,0.0,0.0021956295813061405,0.0
CDKN2C,0.0,0.0,0.0,0.011582188672334268
ARHGAP4,0.0,0.0,0.0,0.013053810271490017
RAPGEF4,0.0,0.0,0.012236011386733242,0.0
RAB5IF,0.0,0.0,0.0,0.01650338426555325
RHOU,0.015483432257171604,0.0,0.0,0.0
FOXN3,0.0,0.0,0.003202704618723236,0.0
SLC22A9,0.013791956044518442,0.0,0.0,0.0
STEAP2,0.011086364622794727,0.0,0.0,0.0
PLEKHO1,0.0,0.000545627640299856,0.0,0.0
C5orf30,0.0,0.007800112878676019,0.0,0.0
BID,0.0,0.0,0.004020934957683447,0.038919513999961554
EQTN,0.0,0.0014583019170307412,0.0,0.0
SP5,0.0,0.0,0.03266858624015012,0.0
AC125421.1,0.0,0.0,0.004177612249998431,0.0
CCNC,0.0,0.007800112878676019,0.0,0.0
SHMT1,0.0,0.007800112878676019,0.0,0.0
LANCL3,0.00807735519757717,0.0,0.0,0.0
GSTM1,0.017935880596017594,0.0,0.0,0.0
DNMT3B,0.007981911793441165,0.0,0.0,0.0
IGKV3-11,0.009817960617732577,0.0026943215248988327,0.0,0.0
GPR62,0.013222177408417185,0.0,0.0,0.0
VAV2,0.0,0.0,0.0019016947819050008,0.0
GPC4,0.0,0.0,0.017625785407538123,0.0
PRC1-AS1,0.0,0.0,0.002594755651673783,0.0
VGLL4,0.0,0.0,0.0021241884605766844,0.02912830514178362
DLX4,0.0,0.0,0.0020819858786301896,0.0
SLC4A8,0.0,0.0,0.0,0.008399342189440677
TMEM61,0.0,0.0,0.004675535559210478,0.0
PRKAB1,0.0,0.0,0.002917189898984809,0.0
RGS9,0.0,0.0,0.0021956295813061405,0.0
LINC01311,0.010296965731062093,0.0,0.0,0.0
ASB13,0.0,0.0,0.058025106440318885,0.013634904976754705
TVP23C,0.007922794796088864,0.0,0.0,0.0
POFUT1,0.0,0.0,0.0029654659545469905,0.0
GBP2,0.0,0.0,0.0,0.040483242392428884
COL8A2,0.025235324374226088,0.0,0.0,0.0
DNAJB11,0.0,0.007800112878676019,0.0,0.0
FGGY,0.0,0.0,0.0,0.09178972661575976
TEX9,0.0,0.0,0.022031832589809647,0.0
MIXL1,0.0,0.0026943215248988327,0.01636092472239892,0.0
TRBV13,0.0,0.0,0.0019474145379210887,0.0
ZNF843,0.018612765612303673,0.0,0.0,0.0
LINC01198,0.008700499318663124,0.0,0.0,0.0
POLH,0.0,0.0,0.0,0.03964139880034695
SLC26A8,0.0,0.0,0.0041689919778611405,0.0
KIF17,0.012324441493893775,0.0,0.0,0.0
WNT5A,0.0,0.0,0.004037858613385109,0.0
P4HB,0.0,0.007800112878676019,0.0,0.0
KDELR2,0.0,0.0026943215248988327,0.0,0.0
SLC35B1,0.0,0.007800112878676019,0.0,0.08335589897319906
NT5DC2,0.0,0.0026943215248988327,0.0,0.0
SLC25A36,0.0,0.0,0.0,0.002179097511692527
ADAMDEC1,0.0,0.0025728352496867616,0.0,0.0
TRBJ1-5,0.0,0.0,0.006532034275411482,0.0
PRMT8,0.0,0.0,0.0021127061530241712,0.0
NME3,0.0,0.0,0.0,0.0034275555157736413
WWC2,0.0,0.0,0.0028562019070640363,0.0
PPP1CB,0.023818770449094875,0.0,0.0,0.0
LINC00501,0.014180883462037634,0.0,0.0,0.0
PANX1,0.0,0.0,0.0,0.04318309048260696
SPOCK3,0.012971256600028722,0.0,0.0,0.0
KCNK12,0.0,0.007800112878676019,0.0,0.0
DALRD3,0.0,0.0,0.0,0.00843669007078302
MFSD5,0.0,0.0,0.0,0.012899097705902402
PITPNC1,0.0,0.0,0.0058243166226229805,0.0
TAS2R41,0.014026075707663819,0.0,0.0,0.0
SYNGR1,0.013123862234463145,0.0,0.0,0.0
PLXND1,0.0,0.0,0.0024947244999425707,0.0
PREX1,0.0,0.0,0.0021241884605766844,0.0
TXNDC5,0.0,0.0026943215248988327,0.0,0.0
H3F3C,0.01883447963519494,0.0,0.0,0.0
AC092159.1,0.01669740538922981,0.0,0.0,0.0
BIK,0.0,0.0026943215248988327,0.0,0.0
ZNF143,0.0,0.0,0.0,0.015028745588507508
NAA16,0.0,0.0,0.0,0.0030912914975530213
HLA-DQB2,0.01747799154619428,0.0,0.0,0.0
CHAC2,0.0,0.007800112878676019,0.0,0.0
IGHV3-66,0.0,0.0026943215248988327,0.0,0.0
IQCJ-SCHIP1,0.008248921009252964,0.0,0.0,0.0
LARP4,0.0,0.0,0.003190622002685055,0.0
NUPR1,0.00856397242599477,0.0,0.0,0.0
AC112721.1,0.011632687949397244,0.0,0.0,0.0
TCAF2,0.00899829487680676,0.0,0.0,0.0
MS4A1,0.0,0.0,0.022031832589809647,0.0
RPL27A,0.01135143111655506,0.0,0.004103236285670304,0.0
DISP2,0.013257037977538546,0.0,0.0,0.0
HSD17B8,0.0,0.007800112878676019,0.0,0.0
PBX1,0.0,0.0,0.05125660585325153,0.0
DSTYK,0.0,0.0,0.0,0.013032216453612348
VWA5A,0.0,0.0,0.0,0.002833273819789493
UNC93B1,0.0,0.0,0.0,0.012457813275995926
LINC01293,0.0,0.0,0.007961523910929282,0.0
ANKRD65,0.014852598544983301,0.0,0.0,0.0
TCHH,0.0,0.0,0.0025875353492310522,0.0
TPD52L2,0.009178221121830034,0.0,0.0,0.0
P2RX7,0.0,0.0,0.006085105491755753,0.0
TRAV39,0.019144166219033476,0.0,0.0,0.0
PPP3R2,0.0,0.0,0.004045795243150181,0.0
CDR2,0.0,0.0,0.0,0.012457899456782722
C19orf67,0.013188795300978795,0.0,0.0,0.0
EZH1,0.0,0.0,0.0,0.027222567222669573
DRG1,0.009336242719507603,0.0,0.0,0.0
EPHA3,0.011084918036428845,0.0,0.0,0.0
LPL,0.0,0.0,0.004037858613385109,0.0
FOCAD-AS1,0.010846779898784391,0.0,0.0,0.0
HMGN3-AS1,0.0,0.0,0.006085105491755753,0.0
SNX22,0.0,0.0,0.06464807182607922,0.0
SCN7A,0.0,0.0,0.03270973799424384,0.0
DAXX,0.0,0.0,0.002451796018178156,0.0
MPV17L2,0.025793806646123758,0.0,0.0,0.0
FAM201A,0.0,0.0,0.04819170245751836,0.0
COL5A3,0.0,0.0,0.019811625829271456,0.0
TRAK1,0.0,0.0,0.0023717954700292034,0.0
KLRB1,0.0,0.0,0.0038500037676534107,0.0
TLR4,0.0,0.0,0.0020275223604350745,0.0
TESC,0.0,0.0,0.0,0.0032221650049405874
PREPL,0.0,0.0,0.0021032041237235006,0.016715125114027007
DDA1,0.0,0.0,0.0,0.02595917761828303
GIGYF1,0.013268153861913783,0.0,0.0,0.0
FAM27C,0.0,0.007800112878676019,0.0,0.0
VCL,0.0,0.0,0.001789326186648859,0.0
FGF13-AS1,0.0,0.0,0.003930605504576204,0.0
HOXB4,0.0,0.0,0.002084258600375337,0.0
HLA-DRB5,0.0,0.0,0.003140617576522289,0.23398413513076485
NDUFV3,0.0,0.0,0.003202704618723236,0.0
C2orf73,0.014852598544983301,0.0,0.0,0.0
TMEM143,0.0,0.0,0.0,0.03460230088912975
SUOX,0.007927501546594636,0.0,0.08642106086954383,0.0
TNFRSF17,0.0,0.0026943215248988327,0.0038395733024086547,0.0
CACNA2D3,0.010749132790391545,0.0,0.0,0.0
C19orf47,0.00828561171185066,0.0,0.0,0.0
PTPRJ,0.0,0.0,0.021143355113578326,0.0
AKR7A3,0.0,0.0,0.0017607000599016724,0.0
ZSCAN5A,0.0,0.0,0.0,0.015649035567074858
RPS8,0.01135143111655506,0.0,0.004103236285670304,0.0
KIF16B,0.0,0.0,0.005248373509225675,0.0
ZP3,0.0,0.007800112878676019,0.0,0.0
C7orf31,0.01928257447161092,0.0,0.0,0.0
PPP3CC,0.0,0.0,0.002451796018178156,0.0
LRRC37BP1,0.0,0.0,0.0,0.01320547043031853
ST18,0.0,0.0,0.004817438719720329,0.0
SOCS5,0.009860775758154342,0.0,0.0,0.0
NOTCH2,0.0,0.0,0.00214863273803992,0.0
RPS17,0.0,0.0,0.004103236285670304,0.0
GAL3ST1,0.0,0.0,0.002882635024132287,0.0
NPY1R,0.0,0.0,0.0021956295813061405,0.0
NCDN,0.0,0.0,0.002159794849039842,0.0
AMOTL2,0.0,0.0,0.00585559639750321,0.0
UHRF1BP1L,0.0,0.0,0.0023717954700292034,0.0
COPA,0.0,0.0,0.003202704618723236,0.0
SFRP2,0.014852598544983301,0.0,0.005277680556110922,0.0
CUL4B,0.0,0.0,0.0,0.009103488708507024
HYOU1,0.0,0.0026943215248988327,0.0,0.0
MGST1,0.0,0.0,0.011715223799100834,0.0
H2BC21,0.0,0.0,0.0,0.07309183900671609
GNB1,0.0,0.0,0.0024947244999425707,0.0
RHBDF1,0.0,0.0,0.008972482268879495,0.0
ZC3H12B,0.021237405571119024,0.0,0.0,0.0
CD72,0.010848203119607741,0.0,0.0,0.0
ZNF460,0.008858052001738701,0.0,0.0,0.0
ULK4,0.00839238114056628,0.0,0.0,0.0
NFATC2,0.0,0.0020777653442600828,0.0,0.0
CAGE1,0.0,0.0,0.004619960405598185,0.0
NKX6-3,0.010324890963820287,0.0,0.0,0.0
PPP1R16B,0.0,0.0,0.0,0.013624918322816442
GRIK5,0.00830645038487546,0.0,0.0,0.0
CCT7,0.015344090539742032,0.0,0.0,0.0
MCCC1-AS1,0.0,0.0,0.005584751570471535,0.0
CATSPER4,0.016656020794792115,0.0,0.0,0.0
SAMD4B,0.0,0.0,0.0,0.007621990781284443
CCDC153,0.009084272156130295,0.0,0.0,0.0
TRBV10-3,0.0,0.0,0.0025342210318155312,0.0
STKLD1,0.030362787080579604,0.0,0.0,0.0
ARPIN,0.03671243587548853,0.0,0.0,0.0
RBAKDN,0.018027762170672756,0.0,0.0,0.0
PKIB,0.0,0.0,0.006445827634153807,0.0
PLA2G5,0.015019947357310989,0.0,0.0,0.0
SNHG9,0.009638819282450369,0.0,0.0,0.0
TRIM45,0.0,0.0,0.013488925638759417,0.0
EPC2,0.0,0.0,0.0024947244999425707,0.0
RPL13A,0.01135143111655506,0.0,0.004103236285670304,0.0
BVES,0.010058543441726795,0.0,0.0,0.0
C11orf98,0.009809586921303258,0.0,0.0,0.0
LINC00678,0.03738644933530236,0.0,0.0,0.0
WEE2,0.008568575864877867,0.0,0.0,0.0
KIZ-AS1,0.008135600416500539,0.0,0.0,0.0
NLRP3,0.0,0.0,0.005248373509225675,0.0
FLT3,0.011820697300403653,0.0,0.0,0.0
LINC01222,0.0,0.0,0.005880155364911281,0.0
ACMSD,0.0,0.0,0.001700268163756383,0.0
TUBA4A,0.0,0.0,0.002451796018178156,0.0
CFDP1,0.0,0.0,0.0,0.008741901603048184
SCN11A,0.015756283181122432,0.0,0.0,0.0
BTRC,0.0,0.0,0.0,0.022233729795740956
FANCC,0.013285631457093989,0.0,0.0,0.0
OSBPL1A,0.0,0.0,0.0,0.11197076915841363
HTR5A-AS1,0.0,0.0,0.0024292389456261666,0.0
MARCKSL1,0.01683119910954027,0.0,0.0,0.0
ADORA2B,0.0,0.017488220583321123,0.0,0.0
NNAT,0.014852598544983301,0.0,0.0,0.0
NFAT5,0.0,0.0,0.002235639411402485,0.0
CDKN2AIP,0.02227996854806105,0.0,0.0,0.0
USP32,0.0,0.0,0.005248373509225675,0.0
LRRC41,0.010862050712714458,0.0,0.0,0.0
PCBP4,0.0,0.0,0.002123692493155057,0.0
SARDH,0.0,0.0,0.05639646535995749,0.0
SERPINB9P1,0.0,0.07645332052717345,0.0,0.0
RPL12,0.01135143111655506,0.0,0.004103236285670304,0.0
TAF12,0.0,0.0,0.0,0.017184709753331664
STX4,0.0,0.0,0.002503729095820918,0.0
EDAR,0.0,0.0,0.0,0.011537788135424835
RGS13,0.0,0.0026943215248988327,0.0,0.0
LINC01030,0.0,0.0,0.0858364006395047,0.0
NOD2,0.0,0.0,0.005701775324089334,0.013805629891605362
USP25,0.0,0.0,0.0,0.013196521300557127
SAMD3,0.0,0.0,0.009104505590458943,0.0
TBK1,0.0,0.0,0.0,0.014458323655998412
KCNK6,0.0,0.007800112878676019,0.0,0.0
RPA2,0.043105201191418814,0.0,0.0,0.0
RPL5,0.01135143111655506,0.0,0.004103236285670304,0.0
PADI2,0.0,0.0,0.002917189898984809,0.0
EPHX3,0.010443304299199012,0.046843341913230994,0.0,0.0
ANKUB1,0.009664629831638313,0.0,0.0,0.0
IGKV1-17,0.0,0.0026943215248988327,0.0,0.0
DSP,0.0,0.023410436480886084,0.0,0.0
SLC25A16,0.0,0.0,0.0,0.011671383128095885
ZNF543,0.04614589921011951,0.0,0.0,0.0
CLU,0.0,0.0,0.005277680556110922,0.0
TPST2,0.020082779586775297,0.0,0.0,0.0
EFHD1,0.014852598544983301,0.0,0.0018959798422870378,0.0
HTN1,0.0,0.0,0.07657381871120628,0.0
NPAP1,0.011214104092450848,0.0,0.0,0.0
RNF222,0.008939461088448794,0.0,0.0,0.0
ZNF503-AS2,0.00801604557697039,0.0,0.0,0.0
TRH,0.009088918006811837,0.0,0.0,0.0
ATP11A,0.0,0.0,0.0024947244999425707,0.0
NAV2,0.0,0.0,0.002753716881780284,0.0
HOOK3,0.0,0.0,0.005248373509225675,0.0
SH3D21,0.0,0.0,0.004020934957683447,0.0
MED24,0.0,0.0,0.0,0.013251211109476158
EZH2,0.010006617728839293,0.0,0.0,0.0
WFIKKN2,0.0,0.0,0.0019837632724679674,0.0
ADH1A,0.0,0.0,0.006868232997052008,0.0
DLD,0.03498473093912191,0.0,0.0,0.0
CDC23,0.0,0.0,0.0,0.01089643112281485
CCDC88C,0.0,0.0,0.002451796018178156,0.0
FAM215A,0.0,0.0,0.0025179454903261297,0.0
FCRL2,0.0,0.0,0.022031832589809647,0.0
FAM120B,0.0,0.0006549276550308543,0.0,0.0
EIF2S2,0.0,0.0,0.0,0.2109245362167198
APOO,0.03100907742808933,0.0,0.0,0.0
IGHV3-41,0.0,0.0026943215248988327,0.0,0.0
EDEM3,0.0,0.0,0.0021241884605766844,0.0
RSRC2,0.0,0.0,0.007187518711465346,0.0
TTC28,0.008090164286095335,0.0,0.0,0.0
TRAJ20,0.0,0.0,0.0023120369903063672,0.0
CCDC106,0.0,0.0,0.0,0.01001621053699483
IL1B,0.0,0.0,0.0,0.009413894418347123
LZTR1,0.008585368004513268,0.0,0.0,0.0
GPT2,0.0,0.0026943215248988327,0.0,0.0
C5orf24,0.0,0.0,0.0021241884605766844,0.0
HSPBAP1,0.0,0.0,0.0,0.009057276319992296
LPXN,0.0,0.011684349445778584,0.0,0.0
F2RL1,0.0,0.0,0.0,0.04208359630756885
OSBPL10-AS1,0.0,0.0,0.022031832589809647,0.0
ZNF670,0.0,0.0,0.00846506651415673,0.0
CHPF,0.0,0.0026943215248988327,0.0,0.0
TNFRSF21,0.0,0.0,0.0021956295813061405,0.0
PANX2,0.0,0.0,0.0026321222853391375,0.0
COPS7B,0.009326266968946615,0.0,0.0,0.0
B3GAT1,0.0,0.0,0.0,0.015730457445229787
LRRN4CL,0.010203902332745624,0.0,0.0,0.0
ZNF551,0.0,0.0,0.0,0.0407370063882529
FGF13,0.014303345893586571,0.0,0.0,0.0
TRBV10-2,0.0,0.0,0.003279055076686862,0.0
MEOX2,0.010877179058670564,0.0,0.005277680556110922,0.0
XAF1,0.0,0.0,0.0,0.01270736768960195
PLEKHO2,0.0,0.0,0.001812968232095479,0.0
BAG5,0.0,0.0,0.0,0.01979227895595413
REEP5,0.0,0.0,0.0,0.01113276273313632
AKIRIN2,0.011946889711860692,0.0,0.0,0.0
TPM2,0.0,0.0,0.0,0.013660300369580932
LY6D,0.0,0.0,0.0019454280582282626,0.0
XKRX,0.0,0.0,0.08788058383104547,0.0
SHCBP1,0.0,0.007800112878676019,0.0,0.0
MYOM1,0.0,0.0,0.0,0.011588610340024551
MED30,0.0,0.0,0.005814449352544857,0.0
CAPN5,0.0,0.0,0.0,0.009603706240987619
TMEM208,0.0,0.0,0.0,0.013222252028080852
CLEC10A,0.016243300655297107,0.0,0.0,0.017382253164960306
GZMM,0.0,0.0,0.001904923597897208,0.008434676521804026
AC083949.1,0.0,0.0,0.0026461477004782632,0.0
WFDC2,0.0,0.0026943215248988327,0.0,0.0
CSF3R,0.0,0.0,0.0033558470565545465,0.0
ZNF230,0.0,0.0,0.0,0.013782390017198875
CD300E,0.04385909189661829,0.0,0.0,0.0
PYCR1,0.0,0.0026943215248988327,0.0,0.0
LTC4S,0.008006109601545136,0.0,0.0,0.0
KCNN1,0.023160740646609043,0.0,0.0,0.0
TSPAN6,0.01320811865639079,0.0,0.0,0.0
CCDC18,0.0,0.0,0.0024947244999425707,0.0
TMUB2,0.008429549813552796,0.0,0.0,0.0
LINC00882,0.02016741448727066,0.0,0.0,0.0
IGLC6,0.0,0.0,0.022031832589809647,0.0
SMIM24,0.0,0.0,0.0021956295813061405,0.0
PLXNB2,0.0,0.0,0.006085105491755753,0.0
SPIN2A,0.017434431530858666,0.0,0.0,0.0
RAPGEF1,0.0,0.0,0.002038111939515725,0.039606350895649074
DERA,0.0,0.0,0.0,0.008029762406856822
MT-CO2,0.0,0.0,0.021963858769248026,0.0
MYZAP,0.0,0.0,0.00214863273803992,0.0
TIMP3,0.014852598544983301,0.0,0.0018959798422870378,0.0
CUX1,0.0,0.0,0.0,0.012088875998249787
PI16,0.0,0.0,0.07907175823637118,0.0
FGD1,0.015058461606321865,0.0,0.0,0.0
RABIF,0.0,0.0,0.0035436732607733628,0.0
NFIL3,0.0,0.0,0.0,0.024231725371369566
PSG8,0.0,0.0,0.036167359419018996,0.0
NPIPA1,0.010467949892319568,0.0,0.0,0.0
SERPINA1,0.01943033806699328,0.0,0.0,0.0
MX2,0.00869162781062549,0.0,0.0,0.0
NR4A2,0.0,0.0,0.006240486288531679,0.0
SOD1,0.0,0.0,0.0,0.05099774414377333
SLC22A18AS,0.0,0.0,0.0,0.006959690765149272
PSMB9,0.0,0.0,0.0,0.05297932723095655
USP8,0.0,0.0,0.007187518711465346,0.0
BCL7A,0.0,0.07645332052717345,0.004072533057348405,0.0
RPS15A,0.01135143111655506,0.0,0.0017661531123665745,0.00611233252787925
TRIM58,0.010397919718178595,0.0,0.0,0.0
JAKMIP1,0.0,0.0,0.002974731790162781,0.0
MYO1D,0.0,0.0026943215248988327,0.0021184187855501097,0.0
ITPK1,0.0,0.0,0.0037925995436561733,0.0
FAM8A1,0.0,0.0,0.014266934277600308,0.0
LINC01535,0.06074341372659843,0.0,0.0,0.0
IER3IP1,0.0,0.0,0.0,0.0019121838228952914
CNTLN,0.0,0.0,0.021143355113578326,0.0
C1orf146,0.019263369076273303,0.0,0.0,0.0
FAM171B,0.0,0.0,0.0016679880857810422,0.0
BCL11B,0.0,0.0,0.0058243166226229805,0.0
ELAPOR1,0.0,0.0,0.0,0.007873956811163868
RHOBTB1,0.0,0.0,0.002753716881780284,0.0
PPP1R14B,0.0,0.0,0.011783423619606787,0.0
UBQLN2,0.0,0.0,0.0,0.0024419947313090457
CCL1,0.0,0.0,0.0021956295813061405,0.0
TBXA2R,0.0,0.0,0.0028739123145752484,0.0
IGKV1-5,0.012395312976916659,0.0,0.0,0.0
OR2L2,0.0,0.0,0.0023485798481192896,0.0
TAB3,0.02495639320347515,0.0,0.0,0.0
TRAV27,0.0,0.0,0.0037798395556222627,0.0
EXOSC6,0.01066041655399368,0.0,0.0,0.0
SLC38A10,0.0,0.0026943215248988327,0.0020275223604350745,0.0
CEP131,0.0,0.0,0.006593743845252397,0.0
ALG14,0.0,0.0026943215248988327,0.0,0.0
ADAP1,0.0,0.0,0.006085105491755753,0.0
CYP2W1,0.0,0.0,0.004393858815477168,0.0
ZNF432,0.0,0.0,0.0,0.10455761568902515
P2RY14,0.0,0.07645332052717345,0.0,0.0
NOTCH1,0.0,0.0,0.0,0.007111528259352172
TINF2,0.0,0.0,0.0,0.001689414790255502
FPGT,0.011352804001592831,0.0,0.0,0.0
SALL4,0.0,0.0,0.024708673238392532,0.0
SLC39A9,0.0,0.0,0.0024947244999425707,0.0
RPN1,0.0,0.0026943215248988327,0.0,0.0
LINC01054,0.009836145491665773,0.0,0.0018004071462099334,0.0
DCDC2B,0.0,0.0,0.002280029399054767,0.0
RPL35A,0.01135143111655506,0.0,0.004103236285670304,0.0
GMDS,0.0,0.0026943215248988327,0.0,0.02861167037585006
AFAP1L1,0.0,0.0,0.013225886244691374,0.0
B4GALT2,0.0,0.0026943215248988327,0.0,0.0
DRGX,0.049020987361837486,0.0,0.0020357504065576073,0.0
IGLV3-27,0.0,0.0,0.0037897707399693007,0.0
CEP128,0.0,0.0026943215248988327,0.0,0.0
YWHAG,0.0,0.0,0.003202704618723236,0.0
CD22,0.0,0.0,0.022031832589809647,0.0
TIMM13,0.0,0.0,0.0,0.02943937211306416
C1orf53,0.0,0.0026943215248988327,0.0,0.0
TTLL10,0.0,0.0,0.008941797906842557,0.0
LINC00896,0.01317069527824554,0.0,0.009992822477363295,0.0
PRAP1,0.0,0.0,0.002199969175013659,0.0
ICAM4,0.0,0.0,0.010980008006482907,0.0
PXMP4,0.0,0.0,0.0,0.009168480518408713
CLEC2D,0.01864647812081406,0.0,0.002451796018178156,0.0033644277405761058
CDCA2,0.00795871739467553,0.0,0.0,0.0
HOXC8,0.0,0.0,0.007194361128266962,0.0
NR2F2,0.014852598544983301,0.0,0.0,0.01735353262843783
NOX5,0.0,0.0,0.004473996612155871,0.0
IGKV2-26,0.0,0.0,0.0019130681196518273,0.0
RAB27A,0.0,0.0,0.0,0.00972350932897287
SERP1,0.0,0.0,0.0029496290507149033,0.0
DSG2-AS1,0.0,0.0,0.08981641238972822,0.0
HAP1,0.00802499596015124,0.0,0.0,0.0
USP47,0.0,0.0,0.007187518711465346,0.0
ATP6V1C1,0.0,0.0,0.004037858613385109,0.0
ST3GAL6,0.014273802592642545,0.0,0.0,0.0
SGMS1,0.011024478155659182,0.0,0.014133953749707252,0.0
TAOK1,0.0,0.0,0.0021241884605766844,0.0
PTK6,0.0,0.0,0.0025942687477373536,0.0
SIGLEC1,0.0,0.0,0.0024267707829602613,0.0
PLEKHD1,0.010310134369837878,0.0,0.0035774039035545786,0.0
LHX4,0.0,0.0,0.018870226953740497,0.0
RPS25,0.01135143111655506,0.0,0.004103236285670304,0.013865808256487281
LINC01209,0.0,0.0,0.09466397886456653,0.0
SETMAR,0.0,0.0,0.0,0.00965212125769017
TMEM165,0.0,0.0,0.0,0.007474600943612866
TM9SF1,0.0,0.0,0.0,0.07107859027603819
RPS27A,0.01135143111655506,0.0,0.004103236285670304,0.0
MARS,0.0,0.007800112878676019,0.0,0.0
SPRR1A,0.0,0.0,0.0,0.01112111322334114
C3orf18,0.0,0.0,0.002324284469704828,0.0
MXRA8,0.014852598544983301,0.0,0.0,0.0
AC008686.1,0.0,0.0,0.021538383870900676,0.0
