Official Symbol of Gene;Species;Entrez Gene ID;Official Full Name;Also known as;Gene Type;dbXrefs;Map Location;Detected Sample;Sample detail;Detected Method;Disease;Disease subtype;Population;Sample size;Expression;Risk type;Result;Mechanism/pathway;PubMed ID;Year;Title
Ifng;Rattus norvegicus;25712;interferon gamma;"If2f; IFNG2";protein coding;Ensembl:ENSRNOG00000007468 AllianceGenome:RGD:2866;7q22;CNS tissue;N/A;qPCR;EAE;N/A;DA rats;n = 4-6 per diet group;down-regulation;Disease risk;The analysis revealed vitamin D supplementation-associated significant downregulation of Ifng and Il2, cytokines associated with the pro-inflammatory Th1 immune response, in both congenic and DA rats.;pro-inflammatory cytokines;33304315;2020;Effect of Vitamin D on Experimental Autoimmune Neuroinflammation Is Dependent on Haplotypes Comprising Naturally Occurring Allelic Variants of CIITA ( Mhc2ta)
Il2;Rattus norvegicus;116562;interleukin 2;N/A;protein coding;Ensembl:ENSRNOG00000017348 AllianceGenome:RGD:620047;2q25;CNS tissue;N/A;qPCR;EAE;N/A;DA rats;n = 4-6 per diet group;down-regulation;Disease risk;The analysis revealed vitamin D supplementation-associated significant downregulation of Ifng and Il2, cytokines associated with the pro-inflammatory Th1 immune response, in both congenic and DA rats.;pro-inflammatory cytokines;33304315;2020;Effect of Vitamin D on Experimental Autoimmune Neuroinflammation Is Dependent on Haplotypes Comprising Naturally Occurring Allelic Variants of CIITA ( Mhc2ta)
Il17a;Rattus norvegicus;301289;interleukin 17A;"Il17; IL-17; CTLA-8; IL-17A";protein coding;Ensembl:ENSRNOG00000012467 AllianceGenome:RGD:2888;9q13;CNS tissue;N/A;qPCR;EAE;N/A;DA rats;n = 4-6 per diet group;down-regulation;Disease risk;We could also observe reduced expression of Il17a and Rorc, genes important for the Th17 immune response, upon vitamin D supplementation in both the congenic and parental DA strain.;N/A;33304315;2020;Effect of Vitamin D on Experimental Autoimmune Neuroinflammation Is Dependent on Haplotypes Comprising Naturally Occurring Allelic Variants of CIITA ( Mhc2ta)
Rorc;Rattus norvegicus;368158;RAR-related orphan receptor C;N/A;protein coding;Ensembl:ENSRNOG00000020836 AllianceGenome:RGD:1595785;2q34;CNS tissue;N/A;qPCR;EAE;N/A;DA rats;n = 4-6 per diet group;down-regulation;Disease risk;We could also observe reduced expression of Il17a and Rorc, genes important for the Th17 immune response, upon vitamin D supplementation in both the congenic and parental DA strain.;N/A;33304315;2020;Effect of Vitamin D on Experimental Autoimmune Neuroinflammation Is Dependent on Haplotypes Comprising Naturally Occurring Allelic Variants of CIITA ( Mhc2ta)
STAT1;Homo sapiens;6772;signal transducer and activator of transcription 1;"CANDF7; IMD31A; IMD31B; IMD31C; ISGF-3; STAT91";protein coding;"Ensembl:ENSG00000115415 MIM:600555; AllianceGenome:HGNC:11362";2q32.2;cerebral tissue;astrocytes;Northern blot;MS;N/A;N/A;N/A;up-regulation;Disease risk;Western blot analysis for total Stat1 and Stat2 proteins was performed at 8 and 24 h post-stimulation and show that both IFN-b and IFN-c increase the amounts of total Stat protein expression.;N/A;12437583;2002;Modulation of astrocyte inducible nitric oxide synthase and cytokine expression by interferon beta is associated with induction and inhibition of interferon gamma-activated sequence binding activity
STAT2;Homo sapiens;6773;signal transducer and activator of transcription 2;"P113; IMD44; ISGF-3; PTORCH3; STAT113";protein coding;"Ensembl:ENSG00000170581 MIM:600556; AllianceGenome:HGNC:11363";12q13.3;cerebral tissue;astrocytes;Northern blot;MS;N/A;N/A;N/A;up-regulation;Disease risk;Western blot analysis for total Stat1 and Stat2 proteins was performed at 8 and 24 h post-stimulation and show that both IFN-b and IFN-c increase the amounts of total Stat protein expression.;N/A;12437583;2002;Modulation of astrocyte inducible nitric oxide synthase and cytokine expression by interferon beta is associated with induction and inhibition of interferon gamma-activated sequence binding activity
Pomc;Rattus norvegicus;24664;proopiomelanocortin;"Pomc1; Pomc2; alphaMSH";protein coding;Ensembl:ENSRNOG00000012686 AllianceGenome:RGD:3366;6q14;blood;serum;qRT-PCR;EAE;N/A;DA rats;n = 6/group;up-regulation;Disease risk;Our results reveal an upregulation of Pomc gene expression, followed by POMC and ACTH protein increase at the peak of the EAE in the pituitary.;The increased gene and protein levels of POMC and ACTH in the pituitary lead to increased corticosterone levels.;34220419;2021;The Function of the Hypothalamic-Pituitary-Adrenal Axis During Experimental Autoimmune Encephalomyelitis: Involvement of Oxidative Stress Mediators
Tnf;Rattus norvegicus;24835;tumor necrosis factor;"Tnfa; RATTNF; TNF-alpha";protein coding;Ensembl:ENSRNOG00000070745 AllianceGenome:RGD:3876;20p12;blood;serum;qRT-PCR;EAE;N/A;DA rats;n = 6/group;up-regulation;Disease risk;The upregulated Tnf expression in the pituitary during the peak of EAE occurred.;Tnf can further activate oxidative pathways and induce the expression of Nos2.;34220419;2021;The Function of the Hypothalamic-Pituitary-Adrenal Axis During Experimental Autoimmune Encephalomyelitis: Involvement of Oxidative Stress Mediators
Mc2r;Rattus norvegicus;282839;melanocortin 2 receptor;N/A;protein coding;Ensembl:ENSRNOG00000016681 AllianceGenome:RGD:628649;18q12.1;blood;serum;qRT-PCR;EAE;N/A;DA rats;n = 6/group;up-regulation;Disease risk;The expression of MC2R in the adrenal glands increases at the peak of EAE.;N/A;34220419;2021;The Function of the Hypothalamic-Pituitary-Adrenal Axis During Experimental Autoimmune Encephalomyelitis: Involvement of Oxidative Stress Mediators
Il6;Mus musculus;3569;interleukin 6;"CDF; HGF; HSF; BSF2; IL-6; BSF-2; IFNB2; IFN-beta-2";protein coding;"Ensembl:ENSG00000136244 MIM:147620; AllianceGenome:HGNC:6018";7p15.3;brain;N/A;Northern blot;EAE;N/A;IL-6/IL-6R double-transgenic mice;N/A;up-regulation;Disease risk;L-6/IL-6R double-transgenic mice had elevated IL-6 plasma levels, and the plasma half-life of IL-6 was significantly prolonged.;a major cytokine;11073809;2000;Astrocytic alterations in interleukin-6/Soluble interleukin-6 receptor alpha double-transgenic mice
CYBB;Homo sapiens;1536;cytochrome b-245 beta chain;"CGD; CGDX; NOX2; IMD34; AMCBX2; GP91-1; GP91PHOX; p91-PHOX; GP91-PHOX";protein coding;"Ensembl:ENSG00000165168 MIM:300481; AllianceGenome:HGNC:2578";Xp21.1-p11.4;blood;peripheral blood mononuclear cells;real-time RT-PCRs;MS;RRMS;Finnish;21 MS cases and 21 controls;up-regulation;Disease risk;We found a 1.43-fold significant up-regulation (p = 0.032) of CYBB in RR-MS pati;N/A;30567305;2018;Genetic Association and Altered Gene Expression of CYBB in Multiple Sclerosis Patients
Lama4;Mus musculus;16775;laminin, alpha 4;N/A;protein coding;Ensembl:ENSMUSG00000019846 AllianceGenome:MGI:109321;"10 B1; 10 20.02 cM";barin;N/A;RT-qPCR;EAE;N/A;SJL mice;N/A;up-regulation;Disease risk;Cortical Lama4, Lama5 and Col4a1 expression increased 2 to 3 -fold in EAE in both sexes while Fn1 decreased only in males (all p < 0.05).;N/A;35205095;2022;Sexual Dimorphism in Extracellular Matrix Composition and Viscoelasticity of the Healthy and Inflamed Mouse Brain
Lama5;Mus musculus;16776;laminin, alpha 5;"[a]5; mKIAA0533; laminin-511";protein coding;Ensembl:ENSMUSG00000015647 AllianceGenome:MGI:105382;"2 H4; 2 102.7 cM";barin;N/A;RT-qPCR;EAE;N/A;SJL mice;N/A;up-regulation;Disease risk;Cortical Lama4, Lama5 and Col4a1 expression increased 2 to 3 -fold in EAE in both sexes while Fn1 decreased only in males (all p < 0.05).;N/A;35205095;2022;Sexual Dimorphism in Extracellular Matrix Composition and Viscoelasticity of the Healthy and Inflamed Mouse Brain
Col4a1;Mus musculus;12826;collagen, type IV, alpha 1;"Bru; Raw; Svc; Col4a-1";protein coding;Ensembl:ENSMUSG00000031502 AllianceGenome:MGI:88454;"8 A1.1; 8 5.53 cM";barin;N/A;RT-qPCR;EAE;N/A;SJL mice;N/A;up-regulation;Disease risk;Cortical Lama4, Lama5 and Col4a1 expression increased 2 to 3 -fold in EAE in both sexes while Fn1 decreased only in males (all p < 0.05).;N/A;35205095;2022;Sexual Dimorphism in Extracellular Matrix Composition and Viscoelasticity of the Healthy and Inflamed Mouse Brain
IL17;Homo sapiens;3605;interleukin 17A;"IL17; CTLA8; IL-17; ILA17; CTLA-8; IL-17A";protein coding;"Ensembl:ENSG00000112115 MIM:603149; AllianceGenome:HGNC:5981";6p12.2;blood;T cell line;Real-time PCR;MS;N/A;N/A;N/A;up-regulation;Disease risk;pSTAT3 and RelA/NF-κB Cooperate to Trans-activate the Human IL-17A Promoter in CD28-stimulated CD4+ T Cells;a novel mechanism by which human CD28 may amplify IL-17A expression in human T lymphocytes and provide biological bases for immunotherapeutic approaches targeting CD28-associated class 1A PI3K to dampen IL-17A-mediated inflammatory response in autoimmune/inflammatory disorders.;31068940;2019;CD28 Individual Signaling Up-regulates Human IL-17A Expression by Promoting the Recruitment of RelA/NF-κB and STAT3 Transcription Factors on the Proximal Promoter
NCAM1;Homo sapiens;4684;neural cell adhesion molecule 1;"CD56; NCAM; MSK39";protein coding;"Ensembl:ENSG00000149294 MIM:116930; AllianceGenome:HGNC:7656";11q23.2;N/A;T cell lines;N/A;MS;N/A;N/A;N/A;down-regulation;Disease risk;High CD56 cell lines, when rested in IL-2, lost cytotoxic activity and had reduced expression of CD56.;N/A;9469416;1998;Non-MHC-restricted cell-mediated lysis of human oligodendrocytes in vitro: relation with CD56 expression
CD44;Mus musculus;12505;CD44 antigen;"Ly-24; Pgp-1; HERMES";protein coding;Ensembl:ENSMUSG00000005087 AllianceGenome:MGI:88338;"2 E2; 2 54.13 cM";brain;glial ceils;Northern blot;EAE;N/A;C57BI/6 × SJL;N/A;up-regulation;Disease risk;The level of CD44 expression on these glial ceils was clearly above that found in the white matter of normal mice.;The CD44 adhesion molecule is expressed by astrocytes, glial-type cells which exhibit features of accessory cells for immune responses in the central nervous system.;8354694;1993;Activated mouse astrocytes and T cells express similar CD44 variants. Role of CD44 in astrocyte/T cell binding
Mbp;Mus musculus;17196;myelin basic protein;"jve; mld; shi; Hmbpr; golli-mbp";protein coding;Ensembl:ENSMUSG00000041607 AllianceGenome:MGI:96925;"18 E3; 18 55.84 cM";brain;N/A;Northern blot;N/A;N/A;C57BI/6J mice;N/A;down-regulation;Disease risk;Myelin protein gene expression was, however, dramatically reduced in both the treated control and the transgenic animals, indicating that demyelination is not an obligatory consequence of a large diminution of myelin protein synthesis.;N/A;11085872;2000;Interferon-gamma protects against cuprizone-induced demyelination
Mir181a-1;Mus musculus;735252;microRNA 181a-1;"Mirn213; miR-213; Mirn181a-1; mir-181a-1; mmu-mir-213";ncRNA;"Ensembl:ENSMUSG00000065565 miRBase:MI0000697; AllianceGenome:MGI:3629589";"1 E4; 1";brain;N/A;Real-time RT-PCR;EAE;N/A;C57BL/6 mice;n = 30;down-regulation;Disease risk;miR-181a and miR-181b Are Downregulated in the CNS of MS Patients and EAE Animal Model;The miR-181 family of member;28769921;2017;MicroRNA-181 Variants Regulate T Cell Phenotype in the Context of Autoimmune Neuroinflammation
Mir181b-1;Mus musculus;723890;microRNA 181b-1;"Mirn181b-1; mir-181b-1";ncRNA;"Ensembl:ENSMUSG00000065458 miRBase:MI0000723; AllianceGenome:MGI:3618735";"1; 1 E4";brain;N/A;Real-time RT-PCR;EAE;N/A;C57BL/6 mice;n = 30;down-regulation;Disease risk;miR-181a and miR-181b Are Downregulated in the CNS of MS Patients and EAE Animal Model;The miR-181 family of member;28769921;2017;MicroRNA-181 Variants Regulate T Cell Phenotype in the Context of Autoimmune Neuroinflammation
H1;Homo sapiens;109740;histocompatibility 1;H-1;protein coding;AllianceGenome:MGI:95882;chromosome: 7;brain;N/A;RT-PCR;EAE;N/A;(C57Bl/6 1 DBA/2) 1 C57Bl/6;N/A;up-regulation;Disease risk;Additionally, major histocompatibility complex (MHC) class I and class II mRNA levels were increased in the CNS of MBP/IFN-g many immune-mediated demyelinating disorders, includ- transgenic mice, and the increase in MHC class I mRNA expression was detected in both white and gray matter regions.;N/A;8812062;1996;Targeted CNS expression of interferon-gamma in transgenic mice leads to hypomyelination, reactive gliosis, and abnormal cerebellar development
H2;Mus musculus;111364;histocompatibility-2, MHC;"H-2; MHC-II";other;N/A;chromosome: 17;brain;N/A;RT-PCR;EAE;N/A;(C57Bl/6 1 DBA/2) 1 C57Bl/6;N/A;up-regulation;Disease risk;Additionally, major histocompatibility complex (MHC) class I and class II mRNA levels were increased in the CNS of MBP/IFN-g many immune-mediated demyelinating disorders, includ- transgenic mice, and the increase in MHC class I mRNA expression was detected in both white and gray matter regions.;N/A;8812062;1996;Targeted CNS expression of interferon-gamma in transgenic mice leads to hypomyelination, reactive gliosis, and abnormal cerebellar development
Ifng;Mus musculus;15978;interferon gamma;"Ifg; If2f; IFN-g";protein coding;Ensembl:ENSMUSG00000055170 AllianceGenome:MGI:107656;"10 D2; 10 66.75 cM";brain;N/A;RT-PCR;N/A;N/A;BALB/c mice;N/A;up-regulation;Disease risk;A significant increase was also observed in the level of IFN-<U+00DF> present in the spinal cord of rSFV10-E-IFN-<U+00DF>-inoculated mice at 48 h post inoculation(p<0.001).;N/A;21479414;2008;Effect of intranasal administration of Semliki Forest virus recombinant particles expressing interferon-β on the progression of experimental autoimmune encephalomyelitis
IL10;Homo sapiens;3586;interleukin 10;"CSIF; TGIF; GVHDS; IL-10; IL10A";protein coding;"Ensembl:ENSG00000136634 MIM:124092; AllianceGenome:HGNC:5962";1q32.1;blood;T cell;RT-qPCR;MS;N/A;N/A;N/A;up-regulation;Disease risk;Our results demonstrated that retinal nerve fiber layer was mildly thinned, and T cells had a distinct gene expression profile that included upregulation of interleukin 10 and leukemia inhibitory factor, downregulation of interleukin 6 and neurotensin high affinity receptor 1 (a novel neurotrophin receptor).;N/A;28966652;2017;Optical coherence tomography and T cell gene expression analysis in patients with benign multiple sclerosis
LIF;Homo sapiens;3976;leukemia inhibitory factor;"CDF; DIA; HILDA; MLPLI";protein coding;"Ensembl:ENSG00000128342 MIM:159540; AllianceGenome:HGNC:6596";22q12.2;blood;T cell;RT-qPCR;MS;N/A;N/A;N/A;up-regulation;Disease risk;Our results demonstrated that retinal nerve fiber layer was mildly thinned, and T cells had a distinct gene expression profile that included upregulation of interleukin 10 and leukemia inhibitory factor, downregulation of interleukin 6 and neurotensin high affinity receptor 1 (a novel neurotrophin receptor).;N/A;28966652;2017;Optical coherence tomography and T cell gene expression analysis in patients with benign multiple sclerosis
IL6;Homo sapiens;3569;interleukin 6;"CDF; HGF; HSF; BSF2; IL-6; BSF-2; IFNB2; IFN-beta-2";protein coding;"Ensembl:ENSG00000136244 MIM:147620; AllianceGenome:HGNC:6018";7p15.3;blood;T cell;RT-qPCR;MS;N/A;N/A;N/A;down-regulation;Disease risk;Our results demonstrated that retinal nerve fiber layer was mildly thinned, and T cells had a distinct gene expression profile that included upregulation of interleukin 10 and leukemia inhibitory factor, downregulation of interleukin 6 and neurotensin high affinity receptor 1 (a novel neurotrophin receptor).;N/A;28966652;2017;Optical coherence tomography and T cell gene expression analysis in patients with benign multiple sclerosis
NTSR1;Homo sapiens;4923;neurotensin receptor 1;NTR;protein coding;"Ensembl:ENSG00000101188 MIM:162651; AllianceGenome:HGNC:8039";20q13.33;blood;T cell;RT-qPCR;MS;N/A;N/A;N/A;down-regulation;Disease risk;Our results demonstrated that retinal nerve fiber layer was mildly thinned, and T cells had a distinct gene expression profile that included upregulation of interleukin 10 and leukemia inhibitory factor, downregulation of interleukin 6 and neurotensin high affinity receptor 1 (a novel neurotrophin receptor).;N/A;28966652;2017;Optical coherence tomography and T cell gene expression analysis in patients with benign multiple sclerosis
Ccl2;Mus musculus;20296;chemokine (C-C motif) ligand 2;"JE; HC11; MCAF; MCP1; MCP-1; Scya2; Sigje; SMC-CF";protein coding;Ensembl:ENSMUSG00000035385 AllianceGenome:MGI:98259;"11 B5; 11 49.82 cM";brain and spinal cord;N/A;qRT-PCR;EAE;N/A;C57BL/6 mice;three individual mice;up-regulation;Disease risk;Both CNS microvessel and parenchymal populations prepared by crude bulk isolation showed up-regulation of CCL2 mRNA following MOG immunization or injection of adjuvants alone;High-precision LCM affirmed both microvascular endothelial cells and astrocytes as the major CNS sources of CCL2 gene expression during EAE.;24589378;2014;Resolution of central nervous system astrocytic and endothelial sources of CCL2 gene expression during evolving neuroinflammation
Irf1;Rattus norvegicus;24508;interferon regulatory factor 1;N/A;protein coding;AllianceGenome:RGD:2920;10q22;brain;N/A;Real-time PCR;N/A;N/A;Lewis rats;N/A;up-regulation;Disease risk;Among nine IRFs, IRF1 and IRF8 were preferentially up-regulated by IFNg.;N/A;21261980;2011;Cooperative contributions of interferon regulatory factor 1 (IRF1) and IRF8 to interferon-γ-mediated cytotoxic effects on oligodendroglial progenitor cells
Irf8;Rattus norvegicus;292060;interferon regulatory factor 8;"ICSBP; Icsbp1";protein coding;Ensembl:ENSRNOG00000017869 AllianceGenome:RGD:1312024;19q12;brain;N/A;Real-time PCR;N/A;N/A;Lewis rats;N/A;up-regulation;Disease risk;Among nine IRFs, IRF1 and IRF8 were preferentially up-regulated by IFNg.;N/A;21261980;2011;Cooperative contributions of interferon regulatory factor 1 (IRF1) and IRF8 to interferon-γ-mediated cytotoxic effects on oligodendroglial progenitor cells
Cxcr3;Mus musculus;12766;chemokine (C-X-C motif) receptor 3;"Cd183; Cmkar3";protein coding;Ensembl:ENSMUSG00000050232 AllianceGenome:MGI:1277207;"X D; X 44.58 cM";blood;T cell;Real-time, quantitative reverse transcriptase-polymerase chain reaction;EAE;N/A;C57BL/6 mice;N/A;up-regulation;Disease risk;Using an anti- mCXCR3 antibody, we have shown that in vitro-differentiated T helper (Th) 1 and Th2 cells up-regulated CXCR3 upon stimulation with specific antigen/major histocompatibility complex.;N/A;12773510;2003;Antibody-mediated blockade of the CXCR3 chemokine receptor results in diminished recruitment of T helper 1 cells into sites of inflammation
Padi2;Rattus norvegicus;29511;peptidyl arginine deiminase 2;Pdi2;protein coding;Ensembl:ENSRNOG00000007574 AllianceGenome:RGD:3288;5q36;N/A;C6 glioma cells;real-time qRT-PCR;N/A;N/A;rats;N/A;up-regulation;Disease risk;The PAD2 gene expression level and its catalytic activity increased significantly in estradiol-treated cells (P = 0.0435 and P = 0.0015, respectively).;N/A;34461573;2021;Vitamin D3 and estradiol alter PAD2 expression and activity levels in C6 glioma cells
Tnf;Mus musculus;21926;tumor necrosis factor;"DIF; Tnfa; TNF-a; TNFSF2; Tnlg1f; Tnfsf1a; TNFalpha; TNF-alpha";protein coding;Ensembl:ENSMUSG00000024401 AllianceGenome:MGI:104798;"17 B1; 17 18.59 cM";the spinal cord;lymphocytes;qRT-PCR;EAE;N/A;DA rats;n=6 for each experimental group;up-regulation;N/A;The mRNA levels of all these cytokines were significantly increased in EAE animals during the acute phase of the disease.;TNF-α and IL-1β released by activated T-cells and macrophages facilitate the initiation of local immune reaction.;22870853;2013;Multimodal analysis in acute and chronic experimental autoimmune encephalomyelitis
Il1b;Mus musculus;16176;interleukin 1 beta;"Il-1b; IL-1beta";protein coding;Ensembl:ENSMUSG00000027398 AllianceGenome:MGI:96543;"2 F1; 2 62.97 cM";the spinal cord;lymphocytes;qRT-PCR;EAE;N/A;DA rats;n=6 for each experimental group;up-regulation;N/A;The mRNA levels of all these cytokines were significantly increased in EAE animals during the acute phase of the disease.;TNF-α and IL-1β released by activated T-cells and macrophages facilitate the initiation of local immune reaction.;22870853;2013;Multimodal analysis in acute and chronic experimental autoimmune encephalomyelitis
Tgfb1;Mus musculus;21803;transforming growth factor, beta 1;"Tgfb; Tgfb-1; TGFbeta1; TGF-beta1";protein coding;Ensembl:ENSMUSG00000002603 AllianceGenome:MGI:98725;"7 A3; 7 13.98 cM";the spinal cord;lymphocytes;qRT-PCR;EAE;N/A;DA rats;n=6 for each experimental group;up-regulation;N/A;The mRNA levels of all these cytokines were significantly increased in EAE animals during the acute phase of the disease.;while further estrogen metabolites, such as estriol, may also promote release of anti-inflammatory cytokines, like TGF-β and IL-10.;22870853;2013;Multimodal analysis in acute and chronic experimental autoimmune encephalomyelitis
Plp1;Mus musculus;18823;proteolipid protein (myelin) 1;N/A;protein coding;Ensembl:ENSMUSG00000031425 AllianceGenome:MGI:97623;"X F1; X 59.1 cM";the spinal cord;N/A;real time PCR;EAE;N/A;DA rats;n=7 for each experimental group;down-regulation;N/A;A similar change (i.e., a signifi cant decrease only at the acute phase) occurred for the mRNA levels of PLP.;N/A;22870853;2013;Multimodal analysis in acute and chronic experimental autoimmune encephalomyelitis
Il1b;Mus musculus;16176;interleukin 1 beta;"Il-1b; IL-1beta";protein coding;Ensembl:ENSMUSG00000027398 AllianceGenome:MGI:96543;"2 F1; 2 62.97 cM";the spinal cord;lymphocytes;qRT-PCR;EAE;N/A;DA rats;n=6 for each experimental group;up-regulation;N/A;During the chronic phase, the mRNA levels of TNF-α and TGF-β returned to control values (Fig. 4d and f), while those of IL-1β still remained significantly higher.;TNF-α and IL-1β released by activated T-cells and macrophages facilitate the initiation of local immune reaction.;22870853;2013;Multimodal analysis in acute and chronic experimental autoimmune encephalomyelitis
Nos1;Mus musculus;18125;nitric oxide synthase 1, neuronal;"NO; NOS; bNOS; nNOS; N-NOS; NOS-I; Nos-1; NC-NOS; 2310005C01Rik";protein coding;Ensembl:ENSMUSG00000029361 AllianceGenome:MGI:97360;"5 F; 5 57.29 cM";brain;N/A;qRT-PCR;EAE;N/A;C57/BL6 female mice;n = 250 cells for each group (n=5 mice per group);down-regulation;phenotypics risk;Interestingly, EE was able to revert EAE effects on mRNA expression and DNA methylation levels of Dexras 1 and reduced gene expression of nNOS and 5-lipoxygenase (Alox5).;NMDA receptors activation triggers nNOS activation and, via the scaffolding protein Carboxy-terminal PDZ ligand of nNOS, it leads to S-nitrosylation and subsequent activation of Dexras 1.;27138096;2016;Epigenetic modifications of Dexras 1 along the nNOS pathway in an animal model of multiple sclerosis
Alox5;Mus musculus;11689;arachidonate 5-lipoxygenase;"5LO; 5LX; 5-LO; 5-LOX; F730011J02";protein coding;Ensembl:ENSMUSG00000025701 AllianceGenome:MGI:87999;"6 E3; 6 53.79 cM";brain;N/A;qRT-PCR;EAE;N/A;C57/BL6 female mice;n = 250 cells for each group (n=5 mice per group);down-regulation;phenotypics risk;Interestingly, EE was able to revert EAE effects on mRNA expression and DNA methylation levels of Dexras 1 and reduced gene expression of nNOS and 5-lipoxygenase (Alox5).;N/A;27138096;2016;Epigenetic modifications of Dexras 1 along the nNOS pathway in an animal model of multiple sclerosis
Rasd1;Mus musculus;19416;RAS, dexamethasone-induced 1;Dexras1;protein coding;Ensembl:ENSMUSG00000049892 AllianceGenome:MGI:1270848;"11; 11 B1.3";brain;N/A;qRT-PCR;EAE;N/A;C57/BL6 female mice;n = 250 cells for each group (n=5 mice per group);up-regulation;phenotypics risk;Interestingly, EE was able to revert EAE effects on mRNA expression and DNA methylation levels of Dexras 1 and reduced gene expression of nNOS and 5-lipoxygenase (Alox5).;Our data seem to suggest that a selective up regulation of Dexras 1 may participate in the pathogenesis of MS, possibly playing a synergistic role with an over-activation of NMDA receptors and hence contributing to iron accumulation.;27138096;2016;Epigenetic modifications of Dexras 1 along the nNOS pathway in an animal model of multiple sclerosis
Il6;Mus musculus;16193;interleukin 6;Il-6;protein coding;Ensembl:ENSMUSG00000025746 AllianceGenome:MGI:96559;"5 B1; 5 15.7 cM";N/A;retinal cells;real-time PCR;EAE;N/A;C57BL/6,Scn8a- flox/flox;C57BL/6(n=16),Scn8a- flox/flox(n=20);down-regulation;disease risk;Furthermore, the gene expression of the pro-inflammatory cytokines Il6 (IL-6) and Ifng (IFN-γ), and of the reactive gliosis marker Gfap (GFAP) were found to be reduced in targeted retinas.;these cytokines are implicated in the induction of EAE.;31722722;2019;Nav1.6 promotes inflammation and neuronal degeneration in a mouse model of multiple sclerosis
Ifng;Mus musculus;15978;interferon gamma;"Ifg; If2f; IFN-g";protein coding;Ensembl:ENSMUSG00000055170 AllianceGenome:MGI:107656;"10 D2; 10 66.75 cM";N/A;retinal cells;real-time PCR;EAE;N/A;C57BL/6,Scn8a- flox/flox;C57BL/6(n=16),Scn8a- flox/flox(n=20);down-regulation;disease risk;Furthermore, the gene expression of the pro-inflammatory cytokines Il6 (IL-6) and Ifng (IFN-γ), and of the reactive gliosis marker Gfap (GFAP) were found to be reduced in targeted retinas.;these cytokines are implicated in the induction of EAE.;31722722;2019;Nav1.6 promotes inflammation and neuronal degeneration in a mouse model of multiple sclerosis
Gfap;Mus musculus;14580;glial fibrillary acidic protein;N/A;protein coding;Ensembl:ENSMUSG00000020932 AllianceGenome:MGI:95697;"11 E1; 11 66.48 cM";N/A;retinal cells;real-time PCR;EAE;N/A;C57BL/6,Scn8a- flox/flox;C57BL/6(n=16),Scn8a- flox/flox(n=20);down-regulation;disease risk;Furthermore, the gene expression of the pro-inflammatory cytokines Il6 (IL-6) and Ifng (IFN-γ), and of the reactive gliosis marker Gfap (GFAP) were found to be reduced in targeted retinas.;It has been shown that increased expression of GFAP in Müller cells is an indicator of the activation of astrocytes and the loss of RGC, which may be trig gered by inflammation and apoptosis.;31722722;2019;Nav1.6 promotes inflammation and neuronal degeneration in a mouse model of multiple sclerosis
Tcrb;Mus musculus;21577;T cell receptor beta chain;"Tib; TCRbeta";protein coding;N/A;"6 B1; 6";brain and spinal cord;N/A;PCR;EAE;N/A;(PLSJ)F, female mice;N/A;up-regulation;disease risk;Multiple Vp genes were found to be transcribed and expressed in the central nervous system starting 7 days after immunization, and continuing up to 3 wk after clinical recovery.;N/A;8473751;1993;Diverse T cell receptor V beta gene usage in the central nervous system in experimental allergic encephalomyelitis
H2;Mus musculus;111364;histocompatibility-2, MHC;"H-2; MHC-II";protein coding;N/A;chromosome: 17;brain;N/A;N/A;EAE;N/A;SJL. C57L, C57BL/6, DBA/2J, BALB/C, B10.D2, BlO.K, BALB.K, and BALB.B;Nine strains of mice (SJL. C57L, C57BL/6, DBA/2J, BALB/C, B10.D2, BlO.K, BALB.K, and BALB.B);N/A;phenotypics risk;The data suggest that the H-2 complex modifies the degree of EAE responsiveness.;N/A;7054282;1982;Experimental allergic encephalomyelitis (EAE) in mice: primary control of EAE susceptibility is outside the H-2 complex
IL7R;Homo sapiens;3575;interleukin 7 receptor;"ILRA; CD127; IL7RA; CDW127; IMD104; sIL-7R; lnc-IL7R; IL7Ralpha; IL-7Ralpha; IL-7R-alpha";protein coding;"Ensembl:ENSG00000168685 MIM:146661; AllianceGenome:HGNC:6024";5p13.2;blood;peripheral blood mononuclear cells cerebrospinal fluid;RT-PCR;MS;PPMS, RRMS;Sweden, Norway, Denmark and Finland;75 individuals with multiple sclerosis 48 controls;up-regulated;Disease risk;IL7R mRNA expression is higher in the CSF of individuals with multiple sclerosis (MS) than in the CSF of individuals with other noninflammatory neurological disorders (OND).;IL7R is located on chromosome 5p13, a region occasionally suggested to be linked with multiple sclerosis.;17660816;2007;Variation in interleukin 7 receptor alpha chain (IL7R) influences risk of multiple sclerosis
IL7;Homo sapiens;3574;interleukin 7 receptor;IL-7;protein coding;"Ensembl:ENSG00000104432 MIM:146660; AllianceGenome:HGNC:6023";8q21.13;blood;peripheral blood mononuclear cells cerebrospinal fluid;RT-PCR;MS;PPMS, RRMS;Sweden, Norway, Denmark and Finland;75 individuals with multiple sclerosis 48 controls;up-regulated;Disease risk;IL7 mRNA expression is higher in the CSF of individuals with multiple sclerosis than in the CSF of individuals with other noninflammatory neurological disorders.;IL7Ra (also known as CD127), encoded by IL7R, is a member of the type I cytokine receptor family and forms a receptor complex with the common cytokine receptor gamma chain (CD132) in which IL7 is the ligand1.;17660816;2007;Variation in interleukin 7 receptor alpha chain (IL7R) influences risk of multiple sclerosis
SIRT1;Homo sapiens;23411;sirtuin 1;"SIR2; SIR2L1; SIR2alpha";protein coding;"Ensembl:ENSG00000096717 MIM:604479; AllianceGenome:HGNC:14929";10q21.3;blood;peripheral blood mononuclear cells;real time-PCR;MS;RRMS;Sina;12 patients with relapsing–remitting MS (RRMS) and 14 age- and sexmatched healthy subjects;up-regulated;Disease risk;Melatonin significantly increased activities and mRNA levels of SIRT1.;It appears that the antioxidant status is affected in PBMCs from MS patients and melatonin could improve impaired antioxidant defense in MS through up egulation of SIRT1, MnSOD and catalase, which might be important in MS management.;26679105;2016;Evidence for possible role of melatonin in reducing oxidative stress in multiple sclerosis through its effect on SIRT1 and antioxidant enzymes
miR-155;Homo sapiens;406947;microRNA 155;"MIRN155; mir-155; miRNA155";ncRNA;"Ensembl:ENSG00000283904 MIM:609337; miRBase:MI0000681; AllianceGenome:HGNC:31542";21q21.3;blood;peripheral blood mononuclear cells;N/A;MS;RRMS;N/A;25 RRMS patients and 10 healthy controls;up-regulated;Disease risk;Results showed downregulation of miR-155 and upregulation of surface receptors and cytotoxic proteins in CD8+T cells with significant correlation with each other and patients’ EDSS.;miR-155 was found to be a providential biomarker as it was found upregulated in peripheral blood mononuclear cells (PBMCs).;34171684;2021;miR-155 and functional proteins of CD8+ T cells as potential prognostic biomarkers for relapsing-remitting multiple sclerosis
Mcpt1;Mus musculus;17224;mast cell protease 1;Mcp-1;protein coding;Ensembl:ENSMUSG00000022227 AllianceGenome:MGI:96937;"14 C3; 14 28.19 cM";Spinal Cords and Eyes;N/A;RT-PCR;EAE;N/A;Lewis rats;N/A;up-regulated;Disease risk;Initially, MCP-1 expression was detected at the preclinical phase in the iris/ciliary body and lumbar spinal cord and increased during the course of EAE/AU.;Monocyte chemoattractant protein-1 (MCP-1) is a member of the CC chemokine family;9404715;1997;Similar pattern of MCP-1 expression in spinal cords and eyes of Lewis rats with experimental autoimmune encephalomyelitis associated anterior uveitis
Ccr6;Mus musculus;12458;chemokine (C-C motif) receptor 6;"CCR-6; KY411; Cmkbr6; CC-CKR-6";protein coding;Ensembl:ENSMUSG00000040899 AllianceGenome:MGI:1333797;"17; 17 A1";N/A;splenocytes, spleens;Quantitative PCR;EAE;N/A;C57BL/6 mice;n = 7;down-regulated;Disease risk;Decreased CCR6 Expression but Normal RORgt Expression in Th17 Cells of Cd70tg Mice;chemokine receptor;23159439;2013;The CD27 and CD70 costimulatory pathway inhibits effector function of T helper 17 cells and attenuates associated autoimmunity
IL17;Homo sapiens;3605;interleukin 17A;"IL17; CTLA8; IL-17; ILA17; CTLA-8; IL-17A";protein coding;"Ensembl:ENSG00000112115 MIM:603149; AllianceGenome:HGNC:5981";6p12.2;blood;peripheral blood mononuclear cells;Real Time PCR;MS;PPMS, RRMS, SPMS;N/A;45 newly-diagnosed MS patients and 45 age- and gender-matched healthy controls;up-regulated;Disease risk;The mRNA mean expressions of IL-17, IL-10, IL-27, TGF-β were different in patient and control groups,which displayed a significant increase in IL-17 and decrease in IL-10, IL-27 and TGF-β in patients group (p=0.015, p=0.005, p=0.027, p<0.001).;pro-inflammatory cytokines;25780887;2015;Cytokines gene expression in newly diagnosed multiple sclerosis patients
IL10;Homo sapiens;3586;interleukin 10;"CSIF; TGIF; GVHDS; IL-10; IL10A";protein coding;"Ensembl:ENSG00000136634 MIM:124092; AllianceGenome:HGNC:5962";1q32.1;blood;peripheral blood mononuclear cells;Real Time PCR;MS;PPMS, RRMS, SPMS;N/A;45 newly-diagnosed MS patients and 45 age- and gender-matched healthy controls;down-regulated;Disease risk;The mRNA mean expressions of IL-17, IL-10, IL-27, TGF-β were different in patient and control groups,which displayed a significant increase in IL-17 and decrease in IL-10, IL-27 and TGF-β in patients group (p=0.015, p=0.005, p=0.027, p<0.001).;inhibitor cytokines;25780887;2015;Cytokines gene expression in newly diagnosed multiple sclerosis patients
IL27;Homo sapiens;246778;interleukin 27;"p28; IL30; IL-27; IL27A; IL-27A; IL27p28";protein coding;"Ensembl:ENSG00000197272 MIM:608273; AllianceGenome:HGNC:19157";16p12.1-p11.2;blood;peripheral blood mononuclear cells;Real Time PCR;MS;PPMS, RRMS, SPMS;N/A;45 newly-diagnosed MS patients and 45 age- and gender-matched healthy controls;down-regulated;Disease risk;The mRNA mean expressions of IL-17, IL-10, IL-27, TGF-β were different in patient and control groups,which displayed a significant increase in IL-17 and decrease in IL-10, IL-27 and TGF-β in patients group (p=0.015, p=0.005, p=0.027, p<0.001).;inhibitor cytokines;25780887;2015;Cytokines gene expression in newly diagnosed multiple sclerosis patients
TGFB1;Homo sapiens;7040;transforming growth factor beta 1;"CED; LAP; DPD1; TGFB; IBDIMDE; TGFbeta; TGF-beta1";protein coding;"Ensembl:ENSG00000105329 MIM:190180; AllianceGenome:HGNC:11766";19q13.2;blood;peripheral blood mononuclear cells;Real Time PCR;MS;PPMS, RRMS, SPMS;N/A;45 newly-diagnosed MS patients and 45 age- and gender-matched healthy controls;down-regulated;Disease risk;The mRNA mean expressions of IL-17, IL-10, IL-27, TGF-β were different in patient and control groups,which displayed a significant increase in IL-17 and decrease in IL-10, IL-27 and TGF-β in patients group (p=0.015, p=0.005, p=0.027, p<0.001).;inhibitor cytokines;25780887;2015;Cytokines gene expression in newly diagnosed multiple sclerosis patients
VDR;Homo sapiens;7421;vitamin D receptor;"NR1I1; PPP1R163";protein coding;"Ensembl:ENSG00000111424 MIM:601769; AllianceGenome:HGNC:12679";12q13.11;blood;N/A;qPCR;MS;RRMS;Caucasian;40 RRMS patients and 30 healthy controls;none;Disease risk;Gene expression profiles of vit-D receptor (VDR), CYP27B1 and CYP24A1 did not differ between RRMS patients and healthy controls.;N/A;21507492;2011;Vitamin D-related gene expression profiles in immune cells of patients with relapsing remitting multiple sclerosis
CYP27B1;Homo sapiens;1594;cytochrome P450 family 27 subfamily B member 1;"VDR; CP2B; CYP1; PDDR; VDD1; VDDR; VDDRI; CYP27B; P450c1; CYP1alpha";protein coding;"Ensembl:ENSG00000111012 MIM:609506; AllianceGenome:HGNC:2606";12q14.1;blood;N/A;qPCR;MS;RRMS;Caucasian;40 RRMS patients and 30 healthy controls;none;Disease risk;Gene expression profiles of vit-D receptor (VDR), CYP27B1 and CYP24A1 did not differ between RRMS patients and healthy controls.;N/A;21507492;2011;Vitamin D-related gene expression profiles in immune cells of patients with relapsing remitting multiple sclerosis
CYP24A1;Homo sapiens;1591;cytochrome P450 family 24 subfamily A member 1;"CP24; HCAI; CYP24; HCINF1; P450-CC24";protein coding;"Ensembl:ENSG00000019186 MIM:126065; AllianceGenome:HGNC:2602";20q13.2;blood;N/A;qPCR;MS;RRMS;Caucasian;40 RRMS patients and 30 healthy controls;none;Disease risk;Gene expression profiles of vit-D receptor (VDR), CYP27B1 and CYP24A1 did not differ between RRMS patients and healthy controls.;N/A;21507492;2011;Vitamin D-related gene expression profiles in immune cells of patients with relapsing remitting multiple sclerosis
MIR155;Homo sapiens;406947;microRNA 155;"MIRN155; mir-155; miRNA155";ncRNA;"Ensembl:ENSG00000283904 MIM:609337; miRBase:MI0000681; AllianceGenome:HGNC:31542";21q21.3;blood;serum;Real Time-PCR;MS;N/A;N/A;30 serum samples of MS and healthy patients;up-regulated;Disease risk;MicroRNA-146a and MicroRNA-155 levels were increased in patients with MS compared to controls.;inflammatory microRNAs;32331943;2020;Investigation of the miRNA146a and miRNA155 gene expression levels in patients with multiple sclerosis
MIR146A;Homo sapiens;406938;microRNA 146a;"MIRN146; MIRN146A; miR-146a; miRNA146A";ncRNA;"Ensembl:ENSG00000283733 MIM:610566; miRBase:MI0000477; AllianceGenome:HGNC:31533";5q33.3;blood;serum;Real Time-PCR;MS;N/A;N/A;30 serum samples of MS and healthy patients;up-regulated;Disease risk;MicroRNA-146a and MicroRNA-155 levels were increased in patients with MS compared to controls.;inflammatory microRNAs;32331943;2020;Investigation of the miRNA146a and miRNA155 gene expression levels in patients with multiple sclerosis
STAT3;Homo sapiens;6774;signal transducer and activator of transcription 3;"APRF; HIES; ADMIO; ADMIO1";protein coding;"Ensembl:ENSG00000168610 MIM:102582; AllianceGenome:HGNC:11364";17q21.2;blood;peripheral blood mononuclear cells;qPCR;MS;RRMS;N/A;50 MS patients and 50 healthy controls;up-regulated;Disease risk;STAT3 gene expression increased in patient group relative to healthy one, and the increases were found to be statistically signifcant.;signal transducer and activator of transcription 3 (STAT3) play a critical role in the induction of Th17 cell diferentiation and inhibition of Treg cell development.;33375941;2020;Epigenetic mechanisms shape the underlining expression regulatory mechanisms of the STAT3 in multiple sclerosis disease
VIPR1;Homo sapiens;7433;vasoactive intestinal peptide receptor;"II; HVR1; RDC1; V1RG; VIPR; VIRG; VAPC1; VPAC1; VPAC1R; VIP-R-1; VPCAP1R; PACAP-R2; PACAP-R-2";protein coding;"Ensembl:ENSG00000114812 MIM:192321; AllianceGenome:HGNC:12694";3p22.1;blood;N/A;Real Time-PCR;MS;N/A;N/A;MS patients (n = 20) and healthy controls (n = 20);down-regulated;Disease risk;Differential expression of VPAC1 and VPAC2 genes in unstimulated and activated CD4+ T cells derived from MS patients and healthy controls.;Both VPAC1 and VPAC2 are membrane proteins of 457 and 438 amino acids in length, respectively.;17077178;2006;Altered expression of vasoactive intestinal peptide receptors in T lymphocytes and aberrant Th1 immunity in multiple sclerosis
VIPR2;Homo sapiens;7434;vasoactive intestinal peptide receptor 2;"VPAC2; VPAC2R; VIP-R-2; VPCAP2R; PACAP-R3; DUP7q36.3; PACAP-R-3; C16DUPq36.3";protein coding;"Ensembl:ENSG00000106018 MIM:601970; AllianceGenome:HGNC:12695";7q36.3;blood;N/A;Real Time-PCR;MS;N/A;N/A;MS patients (n = 20) and healthy controls (n = 20);up-regulated;Disease risk;Differential expression of VPAC1 and VPAC2 genes in unstimulated and activated CD4+ T cells derived from MS patients and healthy controls.;Both VPAC1 and VPAC2 are membrane proteins of 457 and 438 amino acids in length, respectively.;17077178;2006;Altered expression of vasoactive intestinal peptide receptors in T lymphocytes and aberrant Th1 immunity in multiple sclerosis
MIR328;Homo sapiens;442901;microRNA 328;"MIRN328; mir-328; hsa-mir-328";protein coding;"Ensembl:ENSG00000207948 MIM:613701; miRBase:MI0000804; AllianceGenome:HGNC:31770";16q22.1;blood;N/A;qRT-PCR;MS;N/A;N/A;N/A;up-regulated;Disease risk;The verification of qRT-PCR displayed that hsa-miR-328-3p was significantly up-regulated in MS and its target genes RAC2 had the down-regulated tendency in MS.;N/A;27809691;2017;Identification of the miRNA-mRNA regulatory network in multiple sclerosis
RAC2;Homo sapiens;5880;Rac family small GTPase 2;"Gx; EN-7; IMD73A; IMD73B; IMD73C; HSPC022; p21-Rac2";protein coding;"Ensembl:ENSG00000128340 MIM:602049; AllianceGenome:HGNC:9802";22q13.1;blood;N/A;qRT-PCR;MS;N/A;N/A;N/A;down-regulated;Disease risk;The verification of qRT-PCR displayed that hsa-miR-328-3p was significantly up-regulated in MS and its target genes RAC2 had the down-regulated tendency in MS.;N/A;27809691;2017;Identification of the miRNA-mRNA regulatory network in multiple sclerosis
MIR20A;Homo sapiens;406982;microRNA 20a;"MIR20; MIRH1; MIRHG1; MIRN20; miR-20; MIR17HG; MIRN20A; mir-20a; C13orf25; miRNA20A; hsa-mir-20; hsa-mir-20a";protein coding;"Ensembl:ENSG00000283762 MIM:609420; miRBase:MI0000076; AllianceGenome:HGNC:31577";13q31.3;blood;N/A;qRT-PCR;MS;N/A;N/A;N/A;up-regulated;Disease risk;hsa-miR-20a-5p had the up-regulated tendency and the corresponding target gene EIF4EBP2 had the down-regulated tendency in MS compared to healthy controls.;N/A;27809691;2017;Identification of the miRNA-mRNA regulatory network in multiple sclerosis
EIF4EBP2;Homo sapiens;1979;eukaryotic translation initiation factor 4E binding protein 2;"4EBP2; PHASII";protein coding;"Ensembl:ENSG00000148730 MIM:602224; AllianceGenome:HGNC:3289";10q22.1;blood;N/A;qRT-PCR;MS;N/A;N/A;N/A;down-regulated;Disease risk;hsa-miR-20a-5p had the up-regulated tendency and the corresponding target gene EIF4EBP2 had the down-regulated tendency in MS compared to healthy controls.;N/A;27809691;2017;Identification of the miRNA-mRNA regulatory network in multiple sclerosis
MYT1;Homo sapiens;4661;myelin transcription factor 1;"MTF1; MYTI; NZF2; PLPB1; ZC2H2C1; ZC2HC4A; C20orf36";protein coding;"Ensembl:ENSG00000196132 MIM:600379; AllianceGenome:HGNC:7622";20q13.33;brain;N/A;N/A;MS;N/A;N/A;8 MS patients and 2 controls;up-regulated;Disease risk;MS lesions demonstrated increased Myt1 expression in both the periplaque white matter adjacent to lesions and within early remyelinating lesions.;Myelin transcription factor 1 (Myt1) is a zinc-finger DNA binding protein;17330875;2007;Myelin transcription factor 1 (Myt1) expression in demyelinated lesions of rodent and human CNS
MMP9;Homo sapiens;4318;matrix metallopeptidase 9;"GELB; CLG4B; MMP-9; MANDP2";protein coding;"Ensembl:ENSG00000100985 MIM:120361; AllianceGenome:HGNC:7176";20q13.12;blood;peripheral blood;quantitative RT-PCR;MS;RRMS;Iran;50 RRMS patients and 50 normal controls;up-regulated;Disease risk;The RRMS patients manifested a higher expression level of MMP9 than their normal counterparts (P = 0.02).;a member of secreted or trans membrane proteins' family;28128762;2016;Up regulation of MMP9 gene expression in female patients with multiple sclerosis
IL-35;Homo sapiens;22163;tumor necrosis factor receptor superfamily, member 4;"Ox40; ACT35; CD134; Ly-70; Txgp1; TXGP1L";protein coding;Ensembl:ENSMUSG00000029075 AllianceGenome:MGI:104512;"4 E2; 4 87.68 cM";blood;serum;Real Time-PCR;MS;RRMS;N/A;100 patients with relapsing-remitting multiple sclerosis (RRMS) and 90 healthy subjects;up-regulated;Disease risk;The serum IL-35 level was significantly higher in MS patients (1372 [575–2192] pg/mL) compared to healthy controls.;Interleukin-35 (IL-35) is an important immunosuppressive cytokine;32988630;2021;FOXP3rs3761548 gene variant and interleukin-35 serum levels as biomarkers in patients with multiple sclerosis
ERVW-1;Homo sapiens;30816;endogenous retrovirus group W member 1, envelope;"ENV; ENVW; HERVW; ERVWE1; HERV7Q; HERV-7q; HERVWENV; HERV-W-ENV";protein coding;"Ensembl:ENSG00000242950 MIM:604659; AllianceGenome:HGNC:13525";7q21.2;blood and brain;N/A;RT-PCR;MS;N/A;N/A;N/A;up-regulated;Disease risk;EBV activates the expression of HERV-W/MSRVenv/syncytin-1 by astrocytes;N/A;23028727;2012;Expression and activation by Epstein Barr virus of human endogenous retroviruses-W in blood cells and astrocytes: inference for multiple sclerosis
FOXP3;Homo sapiens;50943;forkhead box P3;"JM2; AIID; IPEX; PIDX; XPID; DIETER";protein coding;"Ensembl:ENSG00000049768 MIM:300292; AllianceGenome:HGNC:6106";Xp11.23;blood;N/A;real-time RT-PCR;MS;RRMS;Russia;52 patients and 22 persons;up-regulated;Disease risk;Increased expression of FoxP3 and Helios in expanded Tregs of HD and MS patients;Tregs differentiation is driven by the transcription factor FoxP3;27424664;2016;Ex vivo expanded regulatory T cells CD4+CD25+FoxP3+CD127Low develop strong immunosuppressive activity in patients with remitting-relapsing multiple sclerosis
Ifng;Mus musculus;15978;interferon gamma;"Ifg; If2f; IFN-g";protein coding;Ensembl:ENSMUSG00000055170 AllianceGenome:MGI:107656;"10 D2; 10 66.75 cM";brain;N/A;RT-qPCR;EAE;N/A;N/A;N/A;up-regulated;Disease risk;Upregulation of gene expression of the pro-inflammatory cytokine, interleukin-1β, in sorted microglia by CPZ was not inhibited by GEN.;N/A;30468814;2019;Cuprizone-induced demyelination in the mouse hippocampus is alleviated by phytoestrogen genistein
Il6;Mus musculus;3569;interleukin 6;"CDF; HGF; HSF; BSF2; IL-6; BSF-2; IFNB2; IFN-beta-2";protein coding;"Ensembl:ENSG00000136244 MIM:147620; AllianceGenome:HGNC:6018";7p15.3;brain;N/A;RT-qPCR;EAE;N/A;N/A;N/A;up-regulated;Disease risk;Upregulation of gene expression of the pro-inflammatory cytokine, interleukin-1β, in sorted microglia by CPZ was not inhibited by GEN.;N/A;30468814;2019;Cuprizone-induced demyelination in the mouse hippocampus is alleviated by phytoestrogen genistein
Tnfrsf4;Rattus norvegicus;25572;TNF receptor superfamily member 4;"Ox40; Txgp1";protein coding;Ensembl:ENSRNOG00000020106 AllianceGenome:RGD:3920;5q36;brain;N/A;Quantitative RT-PCR;EAE;N/A;rats;N/A;up-regulated;Phenotype risk;Only a fraction of IL-2 receptor positive T cells examined ex vivo from the inflammatory compartments co-expressed the OX-40 antigen.;N/A;8838572;1996;OX-40 antibody enhances for autoantigen specific V beta 8.2+ T cells within the spinal cord of Lewis rats with autoimmune encephalomyelitis
HPSE;Rattus norvegicus;64537;heparanase;"Hep; Hpa";protein coding;Ensembl:ENSRNOG00000002188 AllianceGenome:RGD:61969;14p22;spleen;CD4 T cells;real-time RT-PCR;EAE;N/A;rat;N/A;up-regulated;disease risk;Regulation of heparanase expression in T cells and EAE;The expression of Hpse in endothelial cells suggests that the enzyme may also contribute to the progression of disease in a non-T lymphocyte manner.;17656651;2007;Expression of the heparan sulfate-degrading enzyme heparanase is induced in infiltrating CD4+ T cells in experimental autoimmune encephalomyelitis and regulated at the level of transcription by early growth response gene 1
Ifna;Mus musculus;111654;interferon alpha;"Ifa; Ifa8";other;N/A;"4 C3-C6; 4";lumbosacral spinal cord;N/A;real-time RT-PCR;EAE;N/A;Mice with a targeted disruption of the prion gene (Prnp);N/A;up-regulated;disease risk;Real-time RT-PCR showed that transcript levels for (D) IFN-γ, (E) TNF-α, and (F) iNOS were significantly higher in Prnp-/- EAE at 12 dpi compared to EAE controls when expressed as fold-increase over expression in non-EAE Prnp+/+ animals.;given that such cytokines activate expression of the NOS2 gene.;18815152;2008;Absence of the cellular prion protein exacerbates and prolongs neuroinflammation in experimental autoimmune encephalomyelitis
Tnf;Mus musculus;21926;tumor necrosis factor;"DIF; Tnfa; TNF-a; TNFSF2; Tnlg1f; Tnfsf1a; TNFalpha; TNF-alpha";protein coding;Ensembl:ENSMUSG00000024401 AllianceGenome:MGI:104798;"17 B1; 17 18.59 cM";lumbosacral spinal cord;N/A;real-time RT-PCR;EAE;N/A;Mice with a targeted disruption of the prion gene (Prnp);N/A;up-regulated;disease risk;Real-time RT-PCR showed that transcript levels for (D) IFN-γ, (E) TNF-α, and (F) iNOS were significantly higher in Prnp-/- EAE at 12 dpi compared to EAE controls when expressed as fold-increase over expression in non-EAE Prnp+/+ animals.;given that such cytokines activate expression of the NOS2 gene.;18815152;2008;Absence of the cellular prion protein exacerbates and prolongs neuroinflammation in experimental autoimmune encephalomyelitis
Nos2;Mus musculus;18126;nitric oxide synthase 2, inducible;"iNOS; Nos-2; Nos2a; i-NOS; NOS-II; MAC-NOS";protein coding;Ensembl:ENSMUSG00000020826 AllianceGenome:MGI:97361;"11 B5; 11 46.74 cM";lumbosacral spinal cord;N/A;real-time RT-PCR;EAE;N/A;Mice with a targeted disruption of the prion gene (Prnp);N/A;up-regulated;disease risk;Real-time RT-PCR showed that transcript levels for (D) IFN-γ, (E) TNF-α, and (F) iNOS were significantly higher in Prnp-/- EAE at 12 dpi compared to EAE controls when expressed as fold-increase over expression in non-EAE Prnp+/+ animals.;given that such cytokines activate expression of the NOS2 gene.;18815152;2008;Absence of the cellular prion protein exacerbates and prolongs neuroinflammation in experimental autoimmune encephalomyelitis
ODAD1;Homo sapiens;93233;outer dynein arm docking complex subunit 1;"CILD20; CCDC114";protein coding;"Ensembl:ENSG00000105479 MIM:615038; AllianceGenome:HGNC:26560";19q13.33;blood;N/A;N/A;MS;N/A;Swedish, caucasian patients;five female;up-regulated;treatment risk;Gene expression of SERTAD1 was downregulated in RR, and CCDC114 was upregulated in RR.;CCDC114 is a protein-coding gene that is a component of the outer dynein arm docking complex in cilia cells.;34676774;2021;Deep characterization of paired chromatin and transcriptomes in four immune cell types from multiple sclerosis patients
SERTAD1;Homo sapiens;29950;SERTA domain containing 1;"SEI1; TRIPBR1; TRIP-Br1";protein coding;"Ensembl:ENSG00000197019 MIM:617850; AllianceGenome:HGNC:17932";19q13.2;blood;N/A;N/A;MS;N/A;Swedish, caucasian patients;five female;down-regulated;treatment risk;Gene expression of SERTAD1 was downregulated in RR, and CCDC115 was upregulated in RR.;SERTAD1 acts at E2F-responsive promoters.;34676774;2021;Deep characterization of paired chromatin and transcriptomes in four immune cell types from multiple sclerosis patients
TNFSF10;Homo sapiens;8743;TNF superfamily member 10;"TL2; APO2L; CD253; TANCR; TRAIL; Apo-2L; TNLG6A";protein coding;"Ensembl:ENSG00000121858 MIM:603598; AllianceGenome:HGNC:11925";3q26.31;peripheral blood;N/A;Real-time quantitative RT-PCR;MS;RRMS;Iran;50 relapse remitting MS patients and 50 healthy controls;N/A;disease risk;No statistically significant difference was found in TRAIL mRNA expression between MS patients and controls (p >0.05).;IFNb may have stimulatory effects on immunoregulatory function of TRAIL, so TRAIL can be a biomarker to follow up response to interferon beta.;27472871;2016;TRAIL gene expression analysis in multiple sclerosis patients
BIC;Mus musculus;100653389;Mir155 host gene (non-protein coding);"Bic; Gm26667";ncRNA;Ensembl:ENSMUSG00000097418 AllianceGenome:MGI:5477161;"16 C3.3; 16";N/A;lymph node cells;qPCR;EAE;N/A;C57BL/6 mice;n=5;down-regulated;disease risk;miR-155 Is Required for Inflammatory T Cell Development during the Induction Phase of EAE;N/A;20888269;2010;MicroRNA-155 promotes autoimmune inflammation by enhancing inflammatory T cell development
Il17a;Mus musculus;16171;interleukin 17A;"Il17; Ctla8; IL-17; Ctla-8; IL-17A";protein coding;Ensembl:ENSMUSG00000025929 AllianceGenome:MGI:107364;"1; 1 A4";N/A;lymph node cells;qPCR;EAE;N/A;C57BL/6 mice;n=5;down-regulated;disease risk;miR-155 Is Required for Inflammatory T Cell Development during the Induction Phase of EAE;N/A;20888269;2010;MicroRNA-155 promotes autoimmune inflammation by enhancing inflammatory T cell development
BIC;Mus musculus;100653389;Mir155 host gene (non-protein coding);"Bic; Gm26667";ncRNA;Ensembl:ENSMUSG00000097418 AllianceGenome:MGI:5477161;"16 C3.3; 16";N/A;Splenocytes;qPCR;EAE;N/A;C57BL/6 mice;n=5;down-regulated;disease risk;miR-155 Is Required for Inflammatory T Cell Development during the Induction Phase of EAE;N/A;20888269;2010;MicroRNA-155 promotes autoimmune inflammation by enhancing inflammatory T cell development
Il17a;Mus musculus;16171;interleukin 17A;"Il17; Ctla8; IL-17; Ctla-8; IL-17A";protein coding;Ensembl:ENSMUSG00000025929 AllianceGenome:MGI:107364;"1; 1 A4";N/A;Splenocytes;qPCR;EAE;N/A;C57BL/6 mice;n=5;down-regulated;disease risk;miR-155 Is Required for Inflammatory T Cell Development during the Induction Phase of EAE;N/A;20888269;2010;MicroRNA-155 promotes autoimmune inflammation by enhancing inflammatory T cell development
Il23a;Mus musculus;83430;interleukin 23, alpha subunit p19;"p19; IL-23";protein coding;Ensembl:ENSMUSG00000025383 AllianceGenome:MGI:1932410;"10; 10 D3";N/A;Splenocytes;qPCR;EAE;N/A;C57BL/6 mice;n=5;down-regulated;disease risk;miR-155 Is Required for Inflammatory T Cell Development during the Induction Phase of EAE;N/A;20888269;2010;MicroRNA-155 promotes autoimmune inflammation by enhancing inflammatory T cell development
Il6;Mus musculus;16193;interleukin 6;Il-6;protein coding;Ensembl:ENSMUSG00000025746 AllianceGenome:MGI:96559;"5 B1; 5 15.7 cM";draining lymph nodes (drLN), spleens, and the CNS;cytokine producing cells;N/A;EAE;N/A;SJL/J mice;N/A;N/A;Disease risk;The selective enrichment of IL-17-producing CD4 cells in the CNS is suggestive of the pathogenic role of an independent (non-Th1) IL-17-producing proinflammatory effector T cell class in EAE.;The only major difference was the preferential enrichment of the IL-17 producers in the CNS, possibly enhancing their pathogenicity.;17237384;2007;Kinetics and organ distribution of IL-17-producing CD4 cells in proteolipid protein 139-151 peptide-induced experimental autoimmune encephalomyelitis of SJL mice
Il2;Mus musculus;16183;interleukin 2;Il-2;protein coding;Ensembl:ENSMUSG00000027720 AllianceGenome:MGI:96548;"3 B; 3 18.3 cM";spinal cords;N/A;RT-PCR;EAE;N/A;C57BL/6 mice;n=4(nontreated),n=7(severe early phase),n=7(mice in the chronic late);up-regulated;Disease risk;These results indicate that the gene expression pattern of immunoregulatory cytokines in the CNS may be different between MBP-induced and MOG-induced EAE and that it may influence the type of disease.;Accordingly, the course of the disease may be influenced by the interplay between the proinflammatory and immunoregulatory cytokines.;9660249;1998;The development of autoimmune encephalomyelitis provoked by myelin oligodendrocyte glycoprotein is associated with an upregulation of both proinflammatory and immunoregulatory cytokines in the central nervous system
Tnf;Mus musculus;21926;tumor necrosis factor;"DIF; Tnfa; TNF-a; TNFSF2; Tnlg1f; Tnfsf1a; TNFalpha; TNF-alpha";protein coding;Ensembl:ENSMUSG00000024401 AllianceGenome:MGI:104798;"17 B1; 17 18.59 cM";spinal cords;N/A;RT-PCR;EAE;N/A;C57BL/6 mice;n=4(nontreated),n=7(severe early phase),n=7(mice in the chronic late);up-regulated;Disease risk;These results indicate that the gene expression pattern of immunoregulatory cytokines in the CNS may be different between MBP-induced and MOG-induced EAE and that it may influence the type of disease.;Accordingly, the course of the disease may be influenced by the interplay between the proinflammatory and immunoregulatory cytokines.;9660249;1998;The development of autoimmune encephalomyelitis provoked by myelin oligodendrocyte glycoprotein is associated with an upregulation of both proinflammatory and immunoregulatory cytokines in the central nervous system
Lta;Mus musculus;16992;lymphotoxin A;"LT; Ltx; Tnfb; LT[a]; LT-[a]; TNFSF1; Tnlg1e; hlb382; LTalpha; Tnfsf1b; LT-alpha; TNF-beta";protein coding;Ensembl:ENSMUSG00000024402 AllianceGenome:MGI:104797;"17 B1; 17 18.59 cM";spinal cords;N/A;RT-PCR;EAE;N/A;C57BL/6 mice;n=4(nontreated),n=7(severe early phase),n=7(mice in the chronic late);up-regulated;Disease risk;These results indicate that the gene expression pattern of immunoregulatory cytokines in the CNS may be different between MBP-induced and MOG-induced EAE and that it may influence the type of disease.;Accordingly, the course of the disease may be influenced by the interplay between the proinflammatory and immunoregulatory cytokines.;9660249;1998;The development of autoimmune encephalomyelitis provoked by myelin oligodendrocyte glycoprotein is associated with an upregulation of both proinflammatory and immunoregulatory cytokines in the central nervous system
Il6;Mus musculus;16193;interleukin 6;Il-6;protein coding;Ensembl:ENSMUSG00000025746 AllianceGenome:MGI:96559;"5 B1; 5 15.7 cM";spinal cords;N/A;RT-PCR;EAE;N/A;C57BL/6 mice;n=4(nontreated),n=7(severe early phase),n=7(mice in the chronic late);up-regulated;Disease risk;These results indicate that the gene expression pattern of immunoregulatory cytokines in the CNS may be different between MBP-induced and MOG-induced EAE and that it may influence the type of disease.;Accordingly, the course of the disease may be influenced by the interplay between the proinflammatory and immunoregulatory cytokines.;9660249;1998;The development of autoimmune encephalomyelitis provoked by myelin oligodendrocyte glycoprotein is associated with an upregulation of both proinflammatory and immunoregulatory cytokines in the central nervous system
Ifng;Mus musculus;15978;interferon gamma;"Ifg; If2f; IFN-g";protein coding;Ensembl:ENSMUSG00000055170 AllianceGenome:MGI:107656;"10 D2; 10 66.75 cM";spinal cords;N/A;RT-PCR;EAE;N/A;C57BL/6 mice;n=4(nontreated),n=7(severe early phase),n=7(mice in the chronic late);up-regulated;Disease risk;These results indicate that the gene expression pattern of immunoregulatory cytokines in the CNS may be different between MBP-induced and MOG-induced EAE and that it may influence the type of disease.;Accordingly, the course of the disease may be influenced by the interplay between the proinflammatory and immunoregulatory cytokines.;9660249;1998;The development of autoimmune encephalomyelitis provoked by myelin oligodendrocyte glycoprotein is associated with an upregulation of both proinflammatory and immunoregulatory cytokines in the central nervous system
Il4;Mus musculus;16189;interleukin 4;"Il-4; BSF-1";protein coding;Ensembl:ENSMUSG00000000869 AllianceGenome:MGI:96556;"Il-4; BSF-1";spinal cords;N/A;RT-PCR;EAE;N/A;C57BL/6 mice;n=4(nontreated),n=7(severe early phase),n=7(mice in the chronic late);up-regulated;Disease risk;These results indicate that the gene expression pattern of immunoregulatory cytokines in the CNS may be different between MBP-induced and MOG-induced EAE and that it may influence the type of disease.;Accordingly, the course of the disease may be influenced by the interplay between the proinflammatory and immunoregulatory cytokines.;9660249;1998;The development of autoimmune encephalomyelitis provoked by myelin oligodendrocyte glycoprotein is associated with an upregulation of both proinflammatory and immunoregulatory cytokines in the central nervous system
Il10;Mus musculus;16153;interleukin 10;"CSIF; If2a; Il-10";protein coding;Ensembl:ENSMUSG00000016529 AllianceGenome:MGI:96537;"1 E4; 1 56.89 cM";spinal cords;N/A;RT-PCR;EAE;N/A;C57BL/6 mice;n=4(nontreated),n=7(severe early phase),n=7(mice in the chronic late);up-regulated;Disease risk;These results indicate that the gene expression pattern of immunoregulatory cytokines in the CNS may be different between MBP-induced and MOG-induced EAE and that it may influence the type of disease.;Accordingly, the course of the disease may be influenced by the interplay between the proinflammatory and immunoregulatory cytokines.;9660249;1998;The development of autoimmune encephalomyelitis provoked by myelin oligodendrocyte glycoprotein is associated with an upregulation of both proinflammatory and immunoregulatory cytokines in the central nervous system
Tgfb1;Mus musculus;21803;transforming growth factor, beta 1;"Tgfb; Tgfb-1; TGFbeta1; TGF-beta1";protein coding;Ensembl:ENSMUSG00000002603 AllianceGenome:MGI:98725;"7 A3; 7 13.98 cM";spinal cords;N/A;RT-PCR;EAE;N/A;C57BL/6 mice;n=4(nontreated),n=7(severe early phase),n=7(mice in the chronic late);up-regulated;Disease risk;These results indicate that the gene expression pattern of immunoregulatory cytokines in the CNS may be different between MBP-induced and MOG-induced EAE and that it may influence the type of disease.;Accordingly, the course of the disease may be influenced by the interplay between the proinflammatory and immunoregulatory cytokines.;9660249;1998;The development of autoimmune encephalomyelitis provoked by myelin oligodendrocyte glycoprotein is associated with an upregulation of both proinflammatory and immunoregulatory cytokines in the central nervous system
Il1b;Mus musculus;16176;interleukin 1 beta;"Il-1b; IL-1beta";protein coding;Ensembl:ENSMUSG00000027398 AllianceGenome:MGI:96543;"2 F1; 2 62.97 cM";spinal cords;N/A;RT-PCR;EAE;N/A;C57BL/6 mice;CFA n=6, EAE n=5;up-regulated;Disease risk;IL-1β, IL-6 and EAAT-2 gene expression is increased in EAE mice at disease onset.;N/A;23291347;2013;Changes in nociceptive sensitivity and object recognition in experimental autoimmune encephalomyelitis (EAE)
Il6;Mus musculus;16193;interleukin 6;Il-6;protein coding;Ensembl:ENSMUSG00000025746 AllianceGenome:MGI:96559;"5 B1; 5 15.7 cM";spinal cords;N/A;RT-PCR;EAE;N/A;C57BL/6 mice;CFA n=6, EAE n=5;up-regulated;Disease risk;IL-1β, IL-6 and EAAT-2 gene expression is increased in EAE mice at disease onset.;An ‘IL-6 amplifier mechanism’ in the lumbar spinal cord has been characterized as a major mediator of EAE disease progression.;23291347;2013;Changes in nociceptive sensitivity and object recognition in experimental autoimmune encephalomyelitis (EAE)
Slc1a2;Mus musculus;20511;solute carrier family 1 (glial high affinity glutamate transporter), member 2;"GLT1; Eaat2; GLT-1; MGLT1; 1700091C19Rik; 2900019G14Rik";protein coding;Ensembl:ENSMUSG00000005089 AllianceGenome:MGI:101931;"2 E2; 2 54.13 cM";spinal cords;N/A;RT-PCR;EAE;N/A;C57BL/6 mice;CFA n=6, EAE n=5;up-regulated;Disease risk;IL-1β, IL-6 and EAAT-2 gene expression is increased in EAE mice at disease onset.;Interestingly, IL-6 is also known to be a major factor triggering the downregulation of EAAT-2.;23291347;2013;Changes in nociceptive sensitivity and object recognition in experimental autoimmune encephalomyelitis (EAE)
Il17a;Mus musculus;16171;interleukin 17A;"Il17; Ctla8; IL-17; Ctla-8; IL-17A";protein coding;Ensembl:ENSMUSG00000025929 AllianceGenome:MGI:107364;"1; 1 A4";brain and spinal cord;lymphocytes;Quantitative real-time PCR;EAE;N/A;C57BL/6 mice;n = 5;down-regulated;Disease risk;Reduced expression of Th17 signature genes, including Il17a, Il17f, Il23r, Il1r, and Ccr6.;These results thus indicate that PRMT1 activity promotes the pathogenic effector function of Th17 cells.;29794014;2018;PRMT1 Plays a Critical Role in Th17 Differentiation by Regulating Reciprocal Recruitment of STAT3 and STAT5
Il17f;Mus musculus;257630;interleukin 17F;IL-17F;protein coding;Ensembl:ENSMUSG00000041872 AllianceGenome:MGI:2676631;"1; 1 A4";brain and spinal cord;lymphocytes;Quantitative real-time PCR;EAE;N/A;C57BL/6 mice;n = 5;down-regulated;Disease risk;Reduced expression of Th17 signature genes, including Il17a, Il17f, Il23r, Il1r, and Ccr6.;These results thus indicate that PRMT1 activity promotes the pathogenic effector function of Th17 cells.;29794014;2018;PRMT1 Plays a Critical Role in Th17 Differentiation by Regulating Reciprocal Recruitment of STAT3 and STAT5
Il23r;Mus musculus;209590;interleukin 23 receptor;IL-23R;protein coding;Ensembl:ENSMUSG00000049093 AllianceGenome:MGI:2181693;"6; 6 C1";brain and spinal cord;lymphocytes;Quantitative real-time PCR;EAE;N/A;C57BL/6 mice;n = 5;down-regulated;Disease risk;Reduced expression of Th17 signature genes, including Il17a, Il17f, Il23r, Il1r, and Ccr6.;These results thus indicate that PRMT1 activity promotes the pathogenic effector function of Th17 cells.;29794014;2018;PRMT1 Plays a Critical Role in Th17 Differentiation by Regulating Reciprocal Recruitment of STAT3 and STAT5
Il1r1;Mus musculus;16177;interleukin 1 receptor, type I;"IL-iR; CD121a; CD121b; IL-1R1; Il1r-1; IL-1R-1; IL-1RT1; IL-1RT-1; IL-1R-alpha";protein coding;Ensembl:ENSMUSG00000026072 AllianceGenome:MGI:96545;"1 B; 1 18.81 cM";brain and spinal cord;lymphocytes;Quantitative real-time PCR;EAE;N/A;C57BL/6 mice;n = 5;down-regulated;Disease risk;Reduced expression of Th17 signature genes, including Il17a, Il17f, Il23r, Il1r, and Ccr6.;These results thus indicate that PRMT1 activity promotes the pathogenic effector function of Th17 cells.;29794014;2018;PRMT1 Plays a Critical Role in Th17 Differentiation by Regulating Reciprocal Recruitment of STAT3 and STAT5
Ccr6;Mus musculus;12458;chemokine (C-C motif) receptor 6;"CCR-6; KY411; Cmkbr6; CC-CKR-6";protein coding;Ensembl:ENSMUSG00000040899 AllianceGenome:MGI:1333797;"17; 17 A1";brain and spinal cord;lymphocytes;Quantitative real-time PCR;EAE;N/A;C57BL/6 mice;n = 5;down-regulated;Disease risk;Reduced expression of Th17 signature genes, including Il17a, Il17f, Il23r, Il1r, and Ccr6.;These results thus indicate that PRMT1 activity promotes the pathogenic effector function of Th17 cells.;29794014;2018;PRMT1 Plays a Critical Role in Th17 Differentiation by Regulating Reciprocal Recruitment of STAT3 and STAT5
Il17a;Mus musculus;16171;interleukin 17A;"Il17; Ctla8; IL-17; Ctla-8; IL-17A";protein coding;Ensembl:ENSMUSG00000025929 AllianceGenome:MGI:107364;"1; 1 A4";lymph nodes, spleens;single-cell;Quantitative PCR;EAE;N/A;C57BL/6 mice;N/A;N/A;Disease risk;Administration of IL-1b and/or IL-23 elicited rapid production of IL-17A by cd T cells, invariant NKT cells and other CD42CD3e+ cells in vivo.;N/A;22768117;2012;Marking and quantifying IL-17A-producing cells in vivo
Ifng;Mus musculus;15978;interferon gamma;"Ifg; If2f; IFN-g";protein coding;Ensembl:ENSMUSG00000055170 AllianceGenome:MGI:107656;"10 D2; 10 66.75 cM";brain and spinal cord;splenocytes;N/A;EAE;N/A;C57BL/6 mice;N/A;up-regulated;Disease risk;IFN (A) and IL-4 (B) production by MOG 35-55 stimulated splenocytes from C57BL/6J wild-type and C57BL/6-Hrh1-/- mice.;N/A;12142541;2002;Identification of Bphs, an autoimmune disease locus, as histamine receptor H1
Il4;Mus musculus;16189;interleukin 4;"Il-4; BSF-1";protein coding;Ensembl:ENSMUSG00000000869 AllianceGenome:MGI:96556;"Il-4; BSF-1";brain and spinal cord;splenocytes;N/A;EAE;N/A;C57BL/6 mice;N/A;up-regulated;Disease risk;IFN (A) and IL-4 (B) production by MOG 35-55 stimulated splenocytes from C57BL/6J wild-type and C57BL/6-Hrh1-/- mice.;N/A;12142541;2002;Identification of Bphs, an autoimmune disease locus, as histamine receptor H1
Ifng;Mus musculus;15978;interferon gamma;"Ifg; If2f; IFN-g";protein coding;Ensembl:ENSMUSG00000055170 AllianceGenome:MGI:107656;"10 D2; 10 66.75 cM";central nervous system;N/A;PCR;EAE;N/A;B6 mice;N/A;up-regulated;Disease risk;Cytokine expression in the CNS at the peak of disease;N/A;10772655;2000;Role of passive T-cell death in chronic experimental autoimmune encephalomyelitis
Tnf;Mus musculus;21926;tumor necrosis factor;"DIF; Tnfa; TNF-a; TNFSF2; Tnlg1f; Tnfsf1a; TNFalpha; TNF-alpha";protein coding;Ensembl:ENSMUSG00000024401 AllianceGenome:MGI:104798;"17 B1; 17 18.59 cM";central nervous system;N/A;PCR;EAE;N/A;B6 mice;N/A;up-regulated;Disease risk;Cytokine expression in the CNS at the peak of disease;N/A;10772655;2000;Role of passive T-cell death in chronic experimental autoimmune encephalomyelitis
Stat1;Mus musculus;20846;signal transducer and activator of transcription 1;2010005J02Rik;protein coding;Ensembl:ENSMUSG00000026104 AllianceGenome:MGI:103063;"1 C1.1; 1 26.81 cM";brain;central nervous system;N/A;EAE;N/A;C57BL6 mice;N/A;up-regulated;Disease risk;However, in symptomatic transgenic mice and in EAE significant up-regulation of STAT1, STAT2, STAT3, STAT4, IRF9, and SOCS1 and SOCS3 RNA transcripts was observed.;N/A;11786421;2002;Regulation of signal transducer and activator of transcription and suppressor of cytokine-signaling gene expression in the brain of mice with astrocyte-targeted production of interleukin-12 or experimental autoimmune encephalomyelitis
Stat2;Mus musculus;20847;signal transducer and activator of transcription 2;1600010G07Rik;protein coding;Ensembl:ENSMUSG00000040033 AllianceGenome:MGI:103039;"10 D3; 10 76.5 cM";brain;central nervous system;N/A;EAE;N/A;C57BL6 mice;N/A;up-regulated;Disease risk;However, in symptomatic transgenic mice and in EAE significant up-regulation of STAT1, STAT2, STAT3, STAT4, IRF9, and SOCS1 and SOCS3 RNA transcripts was observed.;N/A;11786421;2002;Regulation of signal transducer and activator of transcription and suppressor of cytokine-signaling gene expression in the brain of mice with astrocyte-targeted production of interleukin-12 or experimental autoimmune encephalomyelitis
Stat3;Mus musculus;20848;signal transducer and activator of transcription 3;"Aprf; 1110034C02Rik";protein coding;Ensembl:ENSMUSG00000004040 AllianceGenome:MGI:103038;"Aprf; 1110034C02Rik";brain;central nervous system;N/A;EAE;N/A;C57BL6 mice;N/A;up-regulated;Disease risk;However, in symptomatic transgenic mice and in EAE significant up-regulation of STAT1, STAT2, STAT3, STAT4, IRF9, and SOCS1 and SOCS3 RNA transcripts was observed.;N/A;11786421;2002;Regulation of signal transducer and activator of transcription and suppressor of cytokine-signaling gene expression in the brain of mice with astrocyte-targeted production of interleukin-12 or experimental autoimmune encephalomyelitis
Stat4;Mus musculus;20849;signal transducer and activator of transcription 4;N/A;protein coding;Ensembl:ENSMUSG00000062939 AllianceGenome:MGI:103062;"1 C1.1; 1 26.67 cM";brain;central nervous system;N/A;EAE;N/A;C57BL6 mice;N/A;up-regulated;Disease risk;However, in symptomatic transgenic mice and in EAE significant up-regulation of STAT1, STAT2, STAT3, STAT4, IRF9, and SOCS1 and SOCS3 RNA transcripts was observed.;N/A;11786421;2002;Regulation of signal transducer and activator of transcription and suppressor of cytokine-signaling gene expression in the brain of mice with astrocyte-targeted production of interleukin-12 or experimental autoimmune encephalomyelitis
Irf9;Mus musculus;16391;interferon regulatory factor 9;"p48; Irf-9; Isgf3g";protein coding;Ensembl:ENSMUSG00000002325 AllianceGenome:MGI:107587;"14 C3; 14 28.19 cM";brain;central nervous system;N/A;EAE;N/A;C57BL6 mice;N/A;up-regulated;Disease risk;However, in symptomatic transgenic mice and in EAE significant up-regulation of STAT1, STAT2, STAT3, STAT4, IRF9, and SOCS1 and SOCS3 RNA transcripts was observed.;N/A;11786421;2002;Regulation of signal transducer and activator of transcription and suppressor of cytokine-signaling gene expression in the brain of mice with astrocyte-targeted production of interleukin-12 or experimental autoimmune encephalomyelitis
Socs1;Mus musculus;12703;suppressor of cytokine signaling 1;"JAB; Cish1; Cish7; SSI-1; SOCS-1";protein coding;Ensembl:ENSMUSG00000038037 AllianceGenome:MGI:1354910;"16 A1; 16 5.81 cM";brain;central nervous system;N/A;EAE;N/A;C57BL6 mice;N/A;up-regulated;Disease risk;However, in symptomatic transgenic mice and in EAE significant up-regulation of STAT1, STAT2, STAT3, STAT4, IRF9, and SOCS1 and SOCS3 RNA transcripts was observed.;We conclude the interaction between these positive and negative signaling circuits and their distinct cellular locations likely play a defining role in coordinating the actions of IL-12 and IFN-g during the pathogenesis of type 1 immune responses in the CNS.;11786421;2002;Regulation of signal transducer and activator of transcription and suppressor of cytokine-signaling gene expression in the brain of mice with astrocyte-targeted production of interleukin-12 or experimental autoimmune encephalomyelitis
Socs3;Mus musculus;12702;suppressor of cytokine signaling 3;"Cis3; Ef10; Ssi3; Cish3; EF-10; SSI-3";protein coding;Ensembl:ENSMUSG00000053113 AllianceGenome:MGI:1201791;"11; 11 E2";brain;central nervous system;N/A;EAE;N/A;C57BL6 mice;N/A;up-regulated;Disease risk;However, in symptomatic transgenic mice and in EAE significant up-regulation of STAT1, STAT2, STAT3, STAT4, IRF9, and SOCS1 and SOCS3 RNA transcripts was observed.;We conclude the interaction between these positive and negative signaling circuits and their distinct cellular locations likely play a defining role in coordinating the actions of IL-12 and IFN-g during the pathogenesis of type 1 immune responses in the CNS.;11786421;2002;Regulation of signal transducer and activator of transcription and suppressor of cytokine-signaling gene expression in the brain of mice with astrocyte-targeted production of interleukin-12 or experimental autoimmune encephalomyelitis
Ifng;Rattus norvegicus;25712;interferon gamma;"If2f; IFNG2";protein coding;Ensembl:ENSRNOG00000007468 AllianceGenome:RGD:2866;7q22;N/A;spleen cells;RT-PCR;EAE;N/A;Lewis rats;N/A;down-regulated;Disease risk;Results demonstrate that the group treated with gangliosides displays mild disease, with low expression of IFN-g mRNA and high TGF-b mRNA expression.;We conclude that the gangliosides may modulate Th1 cells by the synthesis of cytokines shifting the profile to the Th2/Th3 phenotype.;15149632;2004;Th1 and Th2 cytokine immunomodulation by gangliosides in experimental autoimmune encephalomyelitis
Tgfb1;Rattus norvegicus;59086;transforming growth factor, beta 1;Tgfb;protein coding;Ensembl:ENSRNOG00000020652 AllianceGenome:RGD:69051;1q21;N/A;spleen cells;RT-PCR;EAE;N/A;Lewis rats;N/A;up-regulated;Disease risk;Results demonstrate that the group treated with gangliosides displays mild disease, with low expression of IFN-g mRNA and high TGF-b mRNA expression.;We conclude that the gangliosides may modulate Th1 cells by the synthesis of cytokines shifting the profile to the Th2/Th3 phenotype.;15149632;2004;Th1 and Th2 cytokine immunomodulation by gangliosides in experimental autoimmune encephalomyelitis
Foxp3;Rattus norvegicus;317382;forkhead box P3;RGD1562112;protein coding;Ensembl:ENSRNOG00000011702 AllianceGenome:RGD:1562112;Xq12;lymphoid organ;N/A;real time PCR;EAE;N/A;Lewis (LEW) rats;N/A;down-regulated;Disease risk;The number of Foxp3+CD4+CD25+ Treg and levels of Foxp3 mRNA in the lymphoid organ were significantly lower in chronic EAE.;This was reliable because the presence or absence of Foxp3 is directly correlated with the regulatory function not only of CD4+CD25+, but also of some CD4+CD25<U+2212>, T cells.;17499858;2007;Paralysis of CD4(+)CD25(+) regulatory T cell response in chronic autoimmune encephalomyelitis
Cd4;Mus musculus;12504;CD4 antigen;"L3T4; Ly-4";protein coding;Ensembl:ENSMUSG00000023274 AllianceGenome:MGI:88335;"6 F2; 6 59.17 cM";N/A;encephalitogenic T cells;N/A;EAE;N/A;B10.PL and C57BL/6 (B6) mice;N/A;up-regulated;Disease risk;We demonstrate that encephalitogenic T cells, following antigen recognition, up-regulate cell surface expression of CD4.;The CD4high sub-population contains all of the antigen response as shown by proliferation and cytokine secretion, and only these cells are capable of transferring EAE to naive animals.;17920698;2007;High cell surface expression of CD4 allows distinction of CD4(+)CD25(+) antigen-specific effector T cells from CD4(+)CD25(+) regulatory T cells in murine experimental autoimmune encephalomyelitis
Tnf;Mus musculus;21926;tumor necrosis factor;"DIF; Tnfa; TNF-a; TNFSF2; Tnlg1f; Tnfsf1a; TNFalpha; TNF-alpha";protein coding;Ensembl:ENSMUSG00000024401 AllianceGenome:MGI:104798;"17 B1; 17 18.59 cM";lymph node, spleen, peripheral;N/A;RT-PCR;EAE;N/A;(SJL/J*PL/J)F1 mice;N/A;up-regulated;Disease risk;We report here that mRNA levels for both inflammatory cytokines including interleukin IL -lb， IL-2, IL-6, interferon IFN -g, tumor necrosis factor TNF-g,TNF-a and TNF-b and immunoregulatory cytokines including IL-4, IL-10 and transforming growth factor TGF - b were up-regulated in the preclinical andror acute phase but down-regulated in the recovery phase of EAE in lymph node LN of mice. Similar profiles for cytokine mRNA levels were also observed in spleen and peripheral blood mononuclear cells PBMC .;N/A;9670856;1998;The pattern of cytokine gene expression in lymphoid organs and peripheral blood mononuclear cells of mice with experimental allergic encephalomyelitis
Lta;Mus musculus;16992;lymphotoxin A;"LT; Ltx; Tnfb; LT[a]; LT-[a]; TNFSF1; Tnlg1e; hlb382; LTalpha; Tnfsf1b; LT-alpha; TNF-beta";protein coding;Ensembl:ENSMUSG00000024402 AllianceGenome:MGI:104797;"17 B1; 17 18.59 cM";lymph node, spleen, peripheral;N/A;RT-PCR;EAE;N/A;(SJL/J*PL/J)F1 mice;N/A;up-regulated;Disease risk;We report here that mRNA levels for both inflammatory cytokines including interleukin IL -lb， IL-2, IL-6, interferon IFN -g, tumor necrosis factor TNF-g,TNF-a and TNF-b and immunoregulatory cytokines including IL-4, IL-10 and transforming growth factor TGF - b were up-regulated in the preclinical andror acute phase but down-regulated in the recovery phase of EAE in lymph node LN of mice. Similar profiles for cytokine mRNA levels were also observed in spleen and peripheral blood mononuclear cells PBMC .;N/A;9670856;1998;The pattern of cytokine gene expression in lymphoid organs and peripheral blood mononuclear cells of mice with experimental allergic encephalomyelitis
Ifng;Mus musculus;15978;interferon gamma;"Ifg; If2f; IFN-g";protein coding;Ensembl:ENSMUSG00000055170 AllianceGenome:MGI:107656;"10 D2; 10 66.75 cM";lymph node, spleen, peripheral;N/A;RT-PCR;EAE;N/A;(SJL/J*PL/J)F1 mice;N/A;up-regulated;Disease risk;We report here that mRNA levels for both inflammatory cytokines including interleukin IL -lb， IL-2, IL-6, interferon IFN -g, tumor necrosis factor TNF-g,TNF-a and TNF-b and immunoregulatory cytokines including IL-4, IL-10 and transforming growth factor TGF - b were up-regulated in the preclinical andror acute phase but down-regulated in the recovery phase of EAE in lymph node LN of mice. Similar profiles for cytokine mRNA levels were also observed in spleen and peripheral blood mononuclear cells PBMC .;N/A;9670856;1998;The pattern of cytokine gene expression in lymphoid organs and peripheral blood mononuclear cells of mice with experimental allergic encephalomyelitis
Il6;Mus musculus;16193;interleukin 6;Il-6;protein coding;Ensembl:ENSMUSG00000025746 AllianceGenome:MGI:96559;"5 B1; 5 15.7 cM";lymph node, spleen, peripheral;N/A;RT-PCR;EAE;N/A;(SJL/J*PL/J)F1 mice;N/A;up-regulated;Disease risk;We report here that mRNA levels for both inflammatory cytokines including interleukin IL -lb， IL-2, IL-6, interferon IFN -g, tumor necrosis factor TNF-g,TNF-a and TNF-b and immunoregulatory cytokines including IL-4, IL-10 and transforming growth factor TGF - b were up-regulated in the preclinical andror acute phase but down-regulated in the recovery phase of EAE in lymph node LN of mice. Similar profiles for cytokine mRNA levels were also observed in spleen and peripheral blood mononuclear cells PBMC .;N/A;9670856;1998;The pattern of cytokine gene expression in lymphoid organs and peripheral blood mononuclear cells of mice with experimental allergic encephalomyelitis
Il2;Mus musculus;16183;interleukin 2;Il-2;protein coding;Ensembl:ENSMUSG00000027720 AllianceGenome:MGI:96548;"3 B; 3 18.3 cM";lymph node, spleen, peripheral;N/A;RT-PCR;EAE;N/A;(SJL/J*PL/J)F1 mice;N/A;up-regulated;Disease risk;We report here that mRNA levels for both inflammatory cytokines including interleukin IL -lb， IL-2, IL-6, interferon IFN -g, tumor necrosis factor TNF-g,TNF-a and TNF-b and immunoregulatory cytokines including IL-4, IL-10 and transforming growth factor TGF - b were up-regulated in the preclinical andror acute phase but down-regulated in the recovery phase of EAE in lymph node LN of mice. Similar profiles for cytokine mRNA levels were also observed in spleen and peripheral blood mononuclear cells PBMC .;N/A;9670856;1998;The pattern of cytokine gene expression in lymphoid organs and peripheral blood mononuclear cells of mice with experimental allergic encephalomyelitis
Il4;Mus musculus;16189;interleukin 4;"Il-4; BSF-1";protein coding;Ensembl:ENSMUSG00000000869 AllianceGenome:MGI:96556;"11 B1.3; 11 31.97 cM";lymph node, spleen, peripheral;N/A;RT-PCR;EAE;N/A;(SJL/J*PL/J)F1 mice;N/A;up-regulated;Disease risk;We report here that mRNA levels for both inflammatory cytokines including interleukin IL -lb， IL-2, IL-6, interferon IFN -g, tumor necrosis factor TNF-g,TNF-a and TNF-b and immunoregulatory cytokines including IL-4, IL-10 and transforming growth factor TGF - b were up-regulated in the preclinical andror acute phase but down-regulated in the recovery phase of EAE in lymph node LN of mice. Similar profiles for cytokine mRNA levels were also observed in spleen and peripheral blood mononuclear cells PBMC .;N/A;9670856;1998;The pattern of cytokine gene expression in lymphoid organs and peripheral blood mononuclear cells of mice with experimental allergic encephalomyelitis
Il10;Mus musculus;16153;interleukin 10;"CSIF; If2a; Il-10";protein coding;Ensembl:ENSMUSG00000016529 AllianceGenome:MGI:96537;"1 E4; 1 56.89 cM";lymph node, spleen, peripheral;N/A;RT-PCR;EAE;N/A;(SJL/J*PL/J)F1 mice;N/A;up-regulated;Disease risk;We report here that mRNA levels for both inflammatory cytokines including interleukin IL -lb， IL-2, IL-6, interferon IFN -g, tumor necrosis factor TNF-g,TNF-a and TNF-b and immunoregulatory cytokines including IL-4, IL-10 and transforming growth factor TGF - b were up-regulated in the preclinical andror acute phase but down-regulated in the recovery phase of EAE in lymph node LN of mice. Similar profiles for cytokine mRNA levels were also observed in spleen and peripheral blood mononuclear cells PBMC .;N/A;9670856;1998;The pattern of cytokine gene expression in lymphoid organs and peripheral blood mononuclear cells of mice with experimental allergic encephalomyelitis
Tgfb1;Mus musculus;21803;transforming growth factor, beta 1;"Tgfb; Tgfb-1; TGFbeta1; TGF-beta1";protein coding;Ensembl:ENSMUSG00000002603 AllianceGenome:MGI:98725;"7 A3; 7 13.98 cM";lymph node, spleen, peripheral;N/A;RT-PCR;EAE;N/A;(SJL/J*PL/J)F1 mice;N/A;up-regulated;Disease risk;We report here that mRNA levels for both inflammatory cytokines including interleukin IL -lb， IL-2, IL-6, interferon IFN -g, tumor necrosis factor TNF-g,TNF-a and TNF-b and immunoregulatory cytokines including IL-4, IL-10 and transforming growth factor TGF - b were up-regulated in the preclinical andror acute phase but down-regulated in the recovery phase of EAE in lymph node LN of mice. Similar profiles for cytokine mRNA levels were also observed in spleen and peripheral blood mononuclear cells PBMC .;N/A;9670856;1998;The pattern of cytokine gene expression in lymphoid organs and peripheral blood mononuclear cells of mice with experimental allergic encephalomyelitis
Il1b;Mus musculus;16176;interleukin 1 beta;"Il-1b; IL-1beta";protein coding;Ensembl:ENSMUSG00000027398 AllianceGenome:MGI:96543;"2 F1; 2 62.97 cM";lymph node, spleen, peripheral;N/A;RT-PCR;EAE;N/A;(SJL/J*PL/J)F1 mice;N/A;up-regulated;Disease risk;We report here that mRNA levels for both inflammatory cytokines including interleukin IL -lb， IL-2, IL-6, interferon IFN -g, tumor necrosis factor TNF-g,TNF-a and TNF-b and immunoregulatory cytokines including IL-4, IL-10 and transforming growth factor TGF - b were up-regulated in the preclinical andror acute phase but down-regulated in the recovery phase of EAE in lymph node LN of mice. Similar profiles for cytokine mRNA levels were also observed in spleen and peripheral blood mononuclear cells PBMC .;N/A;9670856;1998;The pattern of cytokine gene expression in lymphoid organs and peripheral blood mononuclear cells of mice with experimental allergic encephalomyelitis
Il6;Mus musculus;16193;interleukin 6;Il-6;protein coding;Ensembl:ENSMUSG00000025746 AllianceGenome:MGI:96559;"5 B1; 5 15.7 cM";peripheral immune organs;N/A;RT-PCR;EAE;N/A;(SJL/J*PL/J)F1 mice;N/A;down-regulated;Disease risk;The present study also showed that a significant down-regulation of the mRNA level for IL-6 in the acute phase as compared with the preclinical phase.;The relative reduction in production of TGF-b or IL-6 in peripheral circulation might participate in the induction or remission of EAE, respectively.;9670856;1998;The pattern of cytokine gene expression in lymphoid organs and peripheral blood mononuclear cells of mice with experimental allergic encephalomyelitis
Tgfb1;Mus musculus;21803;transforming growth factor, beta 1;"Tgfb; Tgfb-1; TGFbeta1; TGF-beta1";protein coding;Ensembl:ENSMUSG00000002603 AllianceGenome:MGI:98725;"7 A3; 7 13.98 cM";peripheral immune organs;N/A;RT-PCR;EAE;N/A;(SJL/J*PL/J)F1 mice;N/A;down-regulated;Disease risk;And a significant reduction of the mRNA level for TGF-b in the preclinical and acute phase as compared with the corresponding mRNA levels in the control mice treated with complete Freund’s adjuvant alone were characteristic in peripheral immune organs of mice with EAE.;The relative reduction in production of TGF-b or IL-6 in peripheral circulation might participate in the induction or remission of EAE, respectively.;9670856;1998;The pattern of cytokine gene expression in lymphoid organs and peripheral blood mononuclear cells of mice with experimental allergic encephalomyelitis
CR2;Homo sapiens;1380;complement C3d receptor 2;"CR; C3DR; CD21; CVID7; SLEB9";protein coding;"Ensembl:ENSG00000117322 MIM:120650; AllianceGenome:HGNC:2336";1q32.2;Serum;N/A;N/A;MS;N/A;N/A;MS patients (n=56) compared to NIND (n=56) and OIND (n=56) patients. Median concentrations are presented in the graph by horizontal lines: MS (median=73), NIND (median=147), OIND (median=140);down-regulated;Disease risk;In accordance with findings in other autoimmune disorders decreased sCD21 levels were found in MS patients.;N/A;22137275;2012;The role of the Epstein-Barr virus receptor CD21 in multiple sclerosis
Il1b;Mus musculus;16176;interleukin 1 beta;"Il-1b; IL-1beta";protein coding;Ensembl:ENSMUSG00000027398 AllianceGenome:MGI:96543;"2 F1; 2 62.97 cM";lymph nodes;N/A;Semiquantitative RT/PCR;EAE;N/A;B6 mice;N/A;up-regulated;Phenotypic risk;In addition, the histological examination and semiquantitative reverse transcriptaseDpolymerase chain reaction analysis revealed that the in_ltration of inflammatory cells and the up-regulation of gene expression for inflammatory cytokines occurred in the central nervous system (CNS) of B6.lpr mice immunized with MOG, even if they showed no clinical sign.;These results indicated that the inflammatory response and:or the infiltration of inflammatory cells occurred in the CNS of B5[lpr mice immunized with MOG even if they had no clinical EAE and that they might have an extremely early phase of EAE.;9747891;1998;Fas has a crucial role in the progression of experimental autoimmune encephalomyelitis
Tnf;Mus musculus;21926;tumor necrosis factor;"DIF; Tnfa; TNF-a; TNFSF2; Tnlg1f; Tnfsf1a; TNFalpha; TNF-alpha";protein coding;Ensembl:ENSMUSG00000024401 AllianceGenome:MGI:104798;"17 B1; 17 18.59 cM";lymph nodes;N/A;Semiquantitative RT/PCR;EAE;N/A;B6 mice;N/A;up-regulated;Phenotypic risk;In addition, the histological examination and semiquantitative reverse transcriptaseDpolymerase chain reaction analysis revealed that the in_ltration of inflammatory cells and the up-regulation of gene expression for inflammatory cytokines occurred in the central nervous system (CNS) of B6.lpr mice immunized with MOG, even if they showed no clinical sign.;These results indicated that the inflammatory response and:or the infiltration of inflammatory cells occurred in the CNS of B5[lpr mice immunized with MOG even if they had no clinical EAE and that they might have an extremely early phase of EAE.;9747891;1998;Fas has a crucial role in the progression of experimental autoimmune encephalomyelitis
Lta;Mus musculus;16992;lymphotoxin A;"LT; Ltx; Tnfb; LT[a]; LT-[a]; TNFSF1; Tnlg1e; hlb382; LTalpha; Tnfsf1b; LT-alpha; TNF-beta";protein coding;Ensembl:ENSMUSG00000024402 AllianceGenome:MGI:104797;"17 B1; 17 18.59 cM";lymph nodes;N/A;Semiquantitative RT/PCR;EAE;N/A;B6 mice;N/A;up-regulated;Phenotypic risk;In addition, the histological examination and semiquantitative reverse transcriptaseDpolymerase chain reaction analysis revealed that the in_ltration of inflammatory cells and the up-regulation of gene expression for inflammatory cytokines occurred in the central nervous system (CNS) of B6.lpr mice immunized with MOG, even if they showed no clinical sign.;These results indicated that the inflammatory response and:or the infiltration of inflammatory cells occurred in the CNS of B5[lpr mice immunized with MOG even if they had no clinical EAE and that they might have an extremely early phase of EAE.;9747891;1998;Fas has a crucial role in the progression of experimental autoimmune encephalomyelitis
Ifng;Mus musculus;15978;interferon gamma;"Ifg; If2f; IFN-g";protein coding;Ensembl:ENSMUSG00000055170 AllianceGenome:MGI:107656;"10 D2; 10 66.75 cM";lymph nodes;N/A;Semiquantitative RT/PCR;EAE;N/A;B6 mice;N/A;up-regulated;Phenotypic risk;In addition, the histological examination and semiquantitative reverse transcriptaseDpolymerase chain reaction analysis revealed that the in_ltration of inflammatory cells and the up-regulation of gene expression for inflammatory cytokines occurred in the central nervous system (CNS) of B6.lpr mice immunized with MOG, even if they showed no clinical sign.;These results indicated that the inflammatory response and:or the infiltration of inflammatory cells occurred in the CNS of B5[lpr mice immunized with MOG even if they had no clinical EAE and that they might have an extremely early phase of EAE.;9747891;1998;Fas has a crucial role in the progression of experimental autoimmune encephalomyelitis
Il2;Mus musculus;16183;interleukin 2;Il-2;protein coding;Ensembl:ENSMUSG00000027720 AllianceGenome:MGI:96548;"3 B; 3 18.3 cM";lymph nodes;N/A;Semiquantitative RT/PCR;EAE;N/A;B6 mice;N/A;up-regulated;Phenotypic risk;In addition, the histological examination and semiquantitative reverse transcriptaseDpolymerase chain reaction analysis revealed that the in_ltration of inflammatory cells and the up-regulation of gene expression for inflammatory cytokines occurred in the central nervous system (CNS) of B6.lpr mice immunized with MOG, even if they showed no clinical sign.;These results indicated that the inflammatory response and:or the infiltration of inflammatory cells occurred in the CNS of B5[lpr mice immunized with MOG even if they had no clinical EAE and that they might have an extremely early phase of EAE.;9747891;1998;Fas has a crucial role in the progression of experimental autoimmune encephalomyelitis
Il4;Mus musculus;16189;interleukin 4;"Il-4; BSF-1";protein coding;Ensembl:ENSMUSG00000000869 AllianceGenome:MGI:96556;"11 B1.3; 11 31.97 cM";lymph nodes;N/A;Semiquantitative RT/PCR;EAE;N/A;B6 mice;N/A;up-regulated;Phenotypic risk;In addition, the histological examination and semiquantitative reverse transcriptaseDpolymerase chain reaction analysis revealed that the in_ltration of inflammatory cells and the up-regulation of gene expression for inflammatory cytokines occurred in the central nervous system (CNS) of B6.lpr mice immunized with MOG, even if they showed no clinical sign.;These results indicated that the inflammatory response and:or the infiltration of inflammatory cells occurred in the CNS of B5[lpr mice immunized with MOG even if they had no clinical EAE and that they might have an extremely early phase of EAE.;9747891;1998;Fas has a crucial role in the progression of experimental autoimmune encephalomyelitis
Il6;Mus musculus;16193;interleukin 6;Il-6;protein coding;Ensembl:ENSMUSG00000025746 AllianceGenome:MGI:96559;"5 B1; 5 15.7 cM";lymph nodes;N/A;Semiquantitative RT/PCR;EAE;N/A;B6 mice;N/A;up-regulated;Phenotypic risk;In addition, the histological examination and semiquantitative reverse transcriptaseDpolymerase chain reaction analysis revealed that the in_ltration of inflammatory cells and the up-regulation of gene expression for inflammatory cytokines occurred in the central nervous system (CNS) of B6.lpr mice immunized with MOG, even if they showed no clinical sign.;These results indicated that the inflammatory response and:or the infiltration of inflammatory cells occurred in the CNS of B5[lpr mice immunized with MOG even if they had no clinical EAE and that they might have an extremely early phase of EAE.;9747891;1998;Fas has a crucial role in the progression of experimental autoimmune encephalomyelitis
Actb;Mus musculus;11461;actin, beta;"Actx; beta-actin; E430023M04Rik";N/A;Ensembl:ENSMUSG00000029580 AllianceGenome:MGI:87904;"5 G2; 5 81.8 cM";lymph nodes;N/A;Semiquantitative RT/PCR;EAE;N/A;B6 mice;N/A;up-regulated;Phenotypic risk;In addition, the histological examination and semiquantitative reverse transcriptaseDpolymerase chain reaction analysis revealed that the in_ltration of inflammatory cells and the up-regulation of gene expression for inflammatory cytokines occurred in the central nervous system (CNS) of B6.lpr mice immunized with MOG, even if they showed no clinical sign.;These results indicated that the inflammatory response and:or the infiltration of inflammatory cells occurred in the CNS of B5[lpr mice immunized with MOG even if they had no clinical EAE and that they might have an extremely early phase of EAE.;9747891;1998;Fas has a crucial role in the progression of experimental autoimmune encephalomyelitis
Il10;Mus musculus;16153;interleukin 10;"CSIF; If2a; Il-10";protein coding;Ensembl:ENSMUSG00000016529 AllianceGenome:MGI:96537;"1 E4; 1 56.89 cM";lymph nodes;N/A;Semiquantitative RT/PCR;EAE;N/A;B6 mice;N/A;up-regulated;Phenotypic risk;In addition, the histological examination and semiquantitative reverse transcriptaseDpolymerase chain reaction analysis revealed that the in_ltration of inflammatory cells and the up-regulation of gene expression for inflammatory cytokines occurred in the central nervous system (CNS) of B6.lpr mice immunized with MOG, even if they showed no clinical sign.;These results indicated that the inflammatory response and:or the infiltration of inflammatory cells occurred in the CNS of B5[lpr mice immunized with MOG even if they had no clinical EAE and that they might have an extremely early phase of EAE.;9747891;1998;Fas has a crucial role in the progression of experimental autoimmune encephalomyelitis
Cxcl12;Mus musculus;20315;chemokine (C-X-C motif) ligand 12;"Pbsf; Sdf1; Tlsf; Tpar1; Scyb12";protein coding;Ensembl:ENSMUSG00000061353 AllianceGenome:MGI:103556;"6 54.81 cM; 6 F1";brain;corpus callosum and subventricular zone;N/A;EAE;N/A;transgenic mice;N/A;up-regulated;Disease risk;SDF-1/CXCL12 was highly upregulated in the corpus callosum (cc) (b) and subventricular zone (SVZ).;N/A;25997895;2016;Pattern of CXCR7 Gene Expression in Mouse Brain Under Normal and Inflammatory Conditions
Ackr3;Mus musculus;12778;atypical chemokine receptor 3;"Rdc1; Cxcr7; RDC-1; CXC-R7; CXCR-7; Cmkor1";protein coding;Ensembl:ENSMUSG00000044337 AllianceGenome:MGI:109562;"1 D; 1 45.28 cM";brain;cingulate cortex, cerebral blood vessels, cerebellum, spinal cord;N/A;EAE;N/A;transgenic mice;N/A;up-regulated;Disease risk;which correlated with the enhanced expression of CXCR7. SDF-1 and CXCR7 were both upregulated in the cingulate cortex (Cg) (e), cerebral blood vessels (f), cerebellum (g) and spinal cord (h).;Supporting prior findings that CXCR7 functions as a scavenger to remove extracellular SDF-1/CXCL12, thereby indirectly controlling CXCR4 signaling.;25997895;2016;Pattern of CXCR7 Gene Expression in Mouse Brain Under Normal and Inflammatory Conditions
Gfap;Mus musculus;14580;glial fibrillary acidic protein;N/A;protein coding;Ensembl:ENSMUSG00000020932 AllianceGenome:MGI:95697;"11 E1; 11 66.48 cM";lumbar spinal cord tissue;N/A;Quantitative RT-PCR;EAE;N/A;C57BL/6J mice;n = 4 for each group;down-regulated;Disease risk;Quantitative RT-PCR analysis of Gfap, Iba1, and Il-1β mRNA in lumbar spinal cord tissue of EAE mice after treatment with Toc HDO, ASO, or PBS alone, and WT mice (n = 4 for each group).;N/A;34937876;2021;DNA/RNA heteroduplex oligonucleotide technology for regulating lymphocytes in vivo
Iba1;Mus musculus;114737;induction of brown adipocytes 1;N/A;N/A;N/A;2 49.45 cM;lumbar spinal cord tissue;N/A;Quantitative RT-PCR;EAE;N/A;C57BL/6J mice;n = 4 for each group;down-regulated;Disease risk;Quantitative RT-PCR analysis of Gfap, Iba1, and Il-1β mRNA in lumbar spinal cord tissue of EAE mice after treatment with Toc HDO, ASO, or PBS alone, and WT mice (n = 4 for each group).;N/A;34937876;2021;DNA/RNA heteroduplex oligonucleotide technology for regulating lymphocytes in vivo
Il1b;Mus musculus;16176;interleukin 1 beta;"Il-1b; IL-1beta";protein coding;Ensembl:ENSMUSG00000027398 AllianceGenome:MGI:96543;"2 F1; 2 62.97 cM";lumbar spinal cord tissue;N/A;Quantitative RT-PCR;EAE;N/A;C57BL/6J mice;n = 4 for each group;down-regulated;Disease risk;Quantitative RT-PCR analysis of Gfap, Iba1, and Il-1β mRNA in lumbar spinal cord tissue of EAE mice after treatment with Toc HDO, ASO, or PBS alone, and WT mice (n = 4 for each group).;N/A;34937876;2021;DNA/RNA heteroduplex oligonucleotide technology for regulating lymphocytes in vivo
Tcrb;Rattus norvegicus;24820;T-cell receptor beta chain;"TCB; TCBC1; RATTCB; RATTCBC1";protein coding;N/A;4q22;spinal cord;spinal cord cells;PCR;EAE;N/A;Lewis female rats;N/A;up-regulated;Disease risk;Note the biased expression of Vβ8.2 that is enhanced after incubation with IL-2.;N/A;7686948;1993;Where, when, and how to detect biased expression of disease-relevant V beta genes in rats with experimental autoimmune encephalomyelitis
Tcrb;Rattus norvegicus;24820;T-cell receptor beta chain;"TCB; TCBC1; RATTCB; RATTCBC1";protein coding;N/A;4q22;spinal cord;spinal cord cells;PCR;EAE;N/A;Lewis female rats;N/A;down-regulated;Disease risk;Note the strong bias in Vp8.2 and Vp6 early in EAE and the reduction in expression of these V genes during the peak of EAE and recovery.;N/A;7686948;1993;Where, when, and how to detect biased expression of disease-relevant V beta genes in rats with experimental autoimmune encephalomyelitis
DNMT1;Homo sapiens;1786;DNA methyltransferase 1;"AIM; DNMT; MCMT; CXXC9; HSN1E; ADCADN; m.HsaI";protein coding;"Ensembl:ENSG00000130816 MIM:126375; AllianceGenome:HGNC:2976";19p13.2;peripheral blood;peripheral blood mononuclear cells;qPCR;MS;N/A;N/A;40 subjects (not receiving disease modifying therapies) with definite MS and 40 healthy volunteers;down-regulated;Disease risk;We show that TET2 and DNMT1 expression is significantly down-regulated in MS PBMCs and it is associated with aberrant methylation of their promoters.;Furthermore, 5hmC is decreased in MS PBMCs, probably as a result of the diminished TET2 level.;24735979;2014;TET2 gene expression and 5-hydroxymethylcytosine level in multiple sclerosis peripheral blood cells
TET2;Homo sapiens;54790;tet methylcytosine dioxygenase 2;"MDS; IMD75; KIAA1546";protein coding;"Ensembl:ENSG00000168769 MIM:612839; AllianceGenome:HGNC:25941";4q24;peripheral blood;peripheral blood mononuclear cells;qPCR;MS;N/A;N/A;40 subjects (not receiving disease modifying therapies) with definite MS and 40 healthy volunteers;down-regulated;Disease risk;We show that TET2 and DNMT1 expression is significantly down-regulated in MS PBMCs and it is associated with aberrant methylation of their promoters.;Furthermore, 5hmC is decreased in MS PBMCs, probably as a result of the diminished TET2 level.;24735979;2014;TET2 gene expression and 5-hydroxymethylcytosine level in multiple sclerosis peripheral blood cells
Tcrb;Rattus norvegicus;24820;T-cell receptor beta chain;"TCB; TCBC1; RATTCB; RATTCBC1";protein coding;N/A;4q22;iris/ciliary body tissues;T cells;PCR;EAE;N/A;LEW rats;three rats;up-regulated;Phenotypic risk;Vb analysis demonstrated enhanced expression of Vb2,Vb6,Vb8.2,Vb8.6 and Vb19 in comparison to lymph node T cells.;N/A;10900345;2000;Epitope recognition and T cell receptors in recurrent autoimmune anterior uveitis in Lewis rats immunized with myelin basic protein
Csf2;Mus musculus;12981;colony stimulating factor 2 (granulocyte-macrophage);"CSF; Csfgm; GMCSF; Gm-CSf; MGI-IGM";protein coding;Ensembl:ENSMUSG00000018916 AllianceGenome:MGI:1339752;"11 B1.3; 11 32.13 cM";splenocytes;CD4+ T cells;qRT-PCR;EAE;N/A;lym1/+ mice;n = 4;down-regulated;Disease risk;Interestingly, the lym1/+ T cells had a profound reduction in the expression of GM-CSF.;This T cell–intrinsic function of the noncanonical NF-kB pathway is at least partially mediated through induction of GM-CSF, a T cell effector cytokine mediating induction of EAE.;24899500;2014;T cell-intrinsic function of the noncanonical NF-κB pathway in the regulation of GM-CSF expression and experimental autoimmune encephalomyelitis pathogenesis
Il23r;Mus musculus;209590;interleukin 23 receptor;IL-23R;protein coding;Ensembl:ENSMUSG00000049093 AllianceGenome:MGI:2181693;"6; 6 C1";splenocytes;CD4+ T cells;qRT-PCR;EAE;N/A;lym1/+ mice;n = 4;down-regulated;Disease risk;These mutant T cells also had reduced expression of IL-23R and CD80, known to regulate the terminal differentiation and effector function of Th17 cells.;N/A;24899500;2014;T cell-intrinsic function of the noncanonical NF-κB pathway in the regulation of GM-CSF expression and experimental autoimmune encephalomyelitis pathogenesis
Cd80;Mus musculus;12519;CD80 antigen;"B71; Ly53; TSA1; Cd28l; Ly-53; MIC17";protein coding;Ensembl:ENSMUSG00000075122 AllianceGenome:MGI:101775;"16 B4; 16 26.86 cM";splenocytes;CD4+ T cells;qRT-PCR;EAE;N/A;lym1/+ mice;n = 4;down-regulated;Disease risk;These mutant T cells also had reduced expression of IL-23R and CD80, known to regulate the terminal differentiation and effector function of Th17 cells.;N/A;24899500;2014;T cell-intrinsic function of the noncanonical NF-κB pathway in the regulation of GM-CSF expression and experimental autoimmune encephalomyelitis pathogenesis
Mmp8;Mus musculus;17394;matrix metallopeptidase 8;N/A;protein coding;Ensembl:ENSMUSG00000005800 AllianceGenome:MGI:1202395;"9; 9 A1";spinal cord;N/A;RT-PCR;EAE;N/A;BALB/c mouse;N/A;up-regulated;Phenotypic risk;We found highly elevated expression of MMP-8 (neutrophil collagenase) mRNA and protein in diseased son-ag challenged mice, colocalizing to neutrophil infiltrates found in brain and extensively in the spinal cord submeningeal space.;It could affect directly the function of motor neurons and thus increase the severity of symptoms.;11985514;2002;Up-regulation of MMP-8 and MMP-9 activity in the BALB/c mouse spinal cord correlates with the severity of experimental autoimmune encephalomyelitis
KLRB1;Homo sapiens;3820;killer cell lectin like receptor B1;"NKR; CD161; CLEC5B; NKR-P1; NKRP1A; NKR-P1A; hNKR-P1A";protein coding;"Ensembl:ENSG00000111796 MIM:602890; AllianceGenome:HGNC:6373";12p13.31;blood;N/A;qPCR;MS;N/A;Scandinavian;5367 MS patients and 4485 controls;up-regulated;Disease risk;The expression of KLRB1 in blood from MS patients was higher compared with healthy controls.;N/A;21610746;2011;Alterations in KLRB1 gene expression and a Scandinavian multiple sclerosis association study of the KLRB1 SNP rs4763655
POLR1D;Homo sapiens;51082;RNA polymerase I and III subunit D;"AC19; RPA9; TCS2; RPA16; RPAC2; RPC16; POLR1C; RPO1-3";protein coding;"Ensembl:ENSG00000186184 MIM:613715; AllianceGenome:HGNC:20422";13q12.2;blood;peripheral blood mononuclear cells;qRT-PCR;MS;BMSS,RRMS;N/A;RRMS patients(N = 15), BMS patients (N = 20);down-regulated;Disease risk;Low level of the POL-1 pathway key genes POLR1D (p = 0.001), RRN3 (p = 0.03) and LRPPRC (p = 0.03) is demonstrated in BMB patients as compared with RRMS patients.;POL-1 pathway key genes;23077530;2012;Suppressed RNA-polymerase 1 pathway is associated with benign multiple sclerosis
RRN3;Homo sapiens;54700;RRN3 homolog, RNA polymerase I transcription factor;"TIFIA; A-270G1.2";protein coding;"Ensembl:ENSG00000085721 MIM:605121; AllianceGenome:HGNC:30346";16p13.11;blood;peripheral blood mononuclear cells;qRT-PCR;MS;BMSS,RRMS;N/A;RRMS patients(N = 15), BMS patients (N = 20);down-regulated;Disease risk;Low level of the POL-1 pathway key genes POLR1D (p = 0.001), RRN3 (p = 0.03) and LRPPRC (p = 0.03) is demonstrated in BMB patients as compared with RRMS patients.;POL-1 pathway key genes;23077530;2012;Suppressed RNA-polymerase 1 pathway is associated with benign multiple sclerosis
LRPPRC;Homo sapiens;10128;leucine rich pentatricopeptide repeat containing;"LSFC; GP130; LRP130; MC4DN5; CLONE-23970";protein coding;"Ensembl:ENSG00000138095 MIM:607544; AllianceGenome:HGNC:15714";2p21;blood;peripheral blood mononuclear cells;qRT-PCR;MS;BMSS,RRMS;N/A;RRMS patients(N = 15), BMS patients (N = 20);down-regulated;Disease risk;Low level of the POL-1 pathway key genes POLR1D (p = 0.001), RRN3 (p = 0.03) and LRPPRC (p = 0.03) is demonstrated in BMB patients as compared with RRMS patients.;POL-1 pathway key genes;23077530;2012;Suppressed RNA-polymerase 1 pathway is associated with benign multiple sclerosis
RTL1;Homo sapiens;388015;retrotransposon Gag like 1;"HUR1; Mar1; MART1; PEG11; SIRH2";protein coding;"Ensembl:ENSG00000254656 MIM:611896; AllianceGenome:HGNC:14665";14q32.2-q32.31;blood;peripheral blood;TaqMan Real‐Time PCR;MS;RRMS;N/A;50 healthy volunteers and 50 RRMS patients;up-regulated;Disease risk;The results of this study indicate an increase in the expression of HUR1 (p = 0.0001), CPSF7 (p = 0.02), and reduction of CSTF2 expression (p = 0.04). Also, an increase in the expression of OIP5‐AS1 (p = 0.01) was observed in men less than 30 years old.;N/A;30815864;2019;Integrative analysis of OIP5-AS1/HUR1 to discover new potential biomarkers and therapeutic targets in multiple sclerosis
CPSF7;Homo sapiens;79869;cleavage and polyadenylation specific factor 7;CFIm59;protein coding;Ensembl:ENSG00000149532 AllianceGenome:HGNC:30098;11q12.2;blood;peripheral blood;TaqMan Real‐Time PCR;MS;RRMS;N/A;50 healthy volunteers and 50 RRMS patients;up-regulated;Disease risk;The results of this study indicate an increase in the expression of HUR1 (p = 0.0001), CPSF7 (p = 0.02), and reduction of CSTF2 expression (p = 0.04). Also, an increase in the expression of OIP5‐AS1 (p = 0.01) was observed in men less than 30 years old.;N/A;30815864;2019;Integrative analysis of OIP5-AS1/HUR1 to discover new potential biomarkers and therapeutic targets in multiple sclerosis
CSTF2;Homo sapiens;1478;cleavage stimulation factor subunit 2;CstF-64;protein coding;"Ensembl:ENSG00000101811 MIM:300907; AllianceGenome:HGNC:2484";Xq22.1;blood;peripheral blood;TaqMan Real‐Time PCR;MS;RRMS;N/A;50 healthy volunteers and 50 RRMS patients;down-regulated;Disease risk;The results of this study indicate an increase in the expression of HUR1 (p = 0.0001), CPSF7 (p = 0.02), and reduction of CSTF2 expression (p = 0.04). Also, an increase in the expression of OIP5‐AS1 (p = 0.01) was observed in men less than 30 years old.;N/A;30815864;2019;Integrative analysis of OIP5-AS1/HUR1 to discover new potential biomarkers and therapeutic targets in multiple sclerosis
OIP5‐AS1;Homo sapiens;729082;OIP5 antisense RNA 1;"cyrano; linc-OIP5";ncRNA;Ensembl:ENSG00000247556 AllianceGenome:HGNC:43563;15q15.1;blood;peripheral blood;TaqMan Real‐Time PCR;MS;RRMS;N/A;50 healthy volunteers and 50 RRMS patients;down-regulated;Phenotypic risk;The results of this study indicate an increase in the expression of HUR1 (p = 0.0001), CPSF7 (p = 0.02), and reduction of CSTF2 expression (p = 0.04). Also, an increase in the expression of OIP5‐AS1 (p = 0.01) was observed in men less than 30 years old.;N/A;30815864;2019;Integrative analysis of OIP5-AS1/HUR1 to discover new potential biomarkers and therapeutic targets in multiple sclerosis
MIR145;Homo sapiens;406937;microRNA 145;"MIRN145; miR-145; miRNA145";ncRNA;"Ensembl:ENSG00000276365 MIM:611795; miRBase:MI0000461; AllianceGenome:HGNC:31532";5q32;blood;peripheral blood mononuclear cells;RT-PCR;MS;RRMS;N/A;75 patients with relapsing-remitting MS patients and 75 healthy controls;down-regulated;Phenotypic risk;We found that expression of miRNA-145 (P=0.012) and miRNA-155 (P=0.005) were partly reduced in patients with relapse-remitting MS in comparison with healthy controls.;N/A;36329419;2022;Association between miRNA-145 and miRNA-155 expression in peripheral blood mononuclear cells of patients with multiple sclerosis: a case-control study
MIR155;Homo sapiens;406947;microRNA 155;"MIRN155; mir-155; miRNA155";ncRNA;"Ensembl:ENSG00000283904 MIM:609337; miRBase:MI0000681; AllianceGenome:HGNC:31542";21q21.3;blood;peripheral blood mononuclear cells;RT-PCR;MS;RRMS;N/A;75 patients with relapsing-remitting MS patients and 75 healthy controls;down-regulated;Phenotypic risk;We found that expression of miRNA-145 (P=0.012) and miRNA-155 (P=0.005) were partly reduced in patients with relapse-remitting MS in comparison with healthy controls.;N/A;36329419;2022;Association between miRNA-145 and miRNA-155 expression in peripheral blood mononuclear cells of patients with multiple sclerosis: a case-control study
CXCR3;Homo sapiens;2833;C-X-C motif chemokine receptor 3;"GPR9; MigR; CD182; CD183; Mig-R; CKR-L2; CMKAR3; IP10-R";protein coding;"Ensembl:ENSG00000186810 MIM:300574; AllianceGenome:HGNC:4540";Xq13.1;blood;TH1/17, TH17, and DN cells;qPCR;MS;RRMS;N/A;N/A;up-regulated;Disease risk;We find that TH1/17 cells have elevated expression of CXCR3 and reduced expression of IFNG, CCL3, CLL4, GZMB, and IL10 compared to healthy controls.;N/A;29150604;2017;Transcriptional signature of human pro-inflammatory TH17 cells identifies reduced IL10 gene expression in multiple sclerosis
IFNG;Homo sapiens;3458;interferon gamma;"IFG; IFI; IMD69";protein coding;"Ensembl:ENSG00000111537 MIM:147570; AllianceGenome:HGNC:5438";12q15;blood;TH1/17, TH17, and DN cells;qPCR;MS;RRMS;N/A;N/A;down-regulated;Disease risk;We find that TH1/17 cells have elevated expression of CXCR3 and reduced expression of IFNG, CCL3, CLL4, GZMB, and IL10 compared to healthy controls.;N/A;29150604;2017;Transcriptional signature of human pro-inflammatory TH17 cells identifies reduced IL10 gene expression in multiple sclerosis
CCL3;Homo sapiens;6348;C-C motif chemokine ligand 3;"MIP1A; SCYA3; G0S19-1; LD78ALPHA; MIP-1-alpha";protein coding;"Ensembl:ENSG00000277632 MIM:182283; AllianceGenome:HGNC:10627";17q12;blood;TH1/17, TH17, and DN cells;qPCR;MS;RRMS;N/A;N/A;down-regulated;Disease risk;We find that TH1/17 cells have elevated expression of CXCR3 and reduced expression of IFNG, CCL3, CLL4, GZMB, and IL10 compared to healthy controls.;N/A;29150604;2017;Transcriptional signature of human pro-inflammatory TH17 cells identifies reduced IL10 gene expression in multiple sclerosis
CCL4;Homo sapiens;6351;C-C motif chemokine ligand 4;"ACT2; G-26; HC21; LAG1; LAG-1; MIP1B; SCYA2; SCYA4; MIP1B1; AT744.1; MIP-1-beta";protein coding;"Ensembl:ENSG00000275302 MIM:182284; AllianceGenome:HGNC:10630";17q12;blood;TH1/17, TH17, and DN cells;qPCR;MS;RRMS;N/A;N/A;down-regulated;Disease risk;We find that TH1/17 cells have elevated expression of CXCR3 and reduced expression of IFNG, CCL3, CLL4, GZMB, and IL10 compared to healthy controls.;N/A;29150604;2017;Transcriptional signature of human pro-inflammatory TH17 cells identifies reduced IL10 gene expression in multiple sclerosis
GZMB;Homo sapiens;3002;granzyme B;"C11; HLP; CCPI; CGL1; CSPB; SECT; CGL-1; CSP-B; CTLA1; CTSGL1";protein coding;"Ensembl:ENSG00000100453 MIM:123910; AllianceGenome:HGNC:4709";14q12;blood;TH1/17, TH17, and DN cells;qPCR;MS;RRMS;N/A;N/A;down-regulated;Disease risk;We find that TH1/17 cells have elevated expression of CXCR3 and reduced expression of IFNG, CCL3, CLL4, GZMB, and IL10 compared to healthy controls.;N/A;29150604;2017;Transcriptional signature of human pro-inflammatory TH17 cells identifies reduced IL10 gene expression in multiple sclerosis
IL10;Homo sapiens;3586;interleukin 10;"CSIF; TGIF; GVHDS; IL-10; IL10A";protein coding;"Ensembl:ENSG00000136634 MIM:124092; AllianceGenome:HGNC:5962";1q32.1;blood;TH1/17, TH17, and DN cells;qPCR;MS;RRMS;N/A;N/A;down-regulated;Disease risk;We find that TH1/17 cells have elevated expression of CXCR3 and reduced expression of IFNG, CCL3, CLL4, GZMB, and IL10 compared to healthy controls.;N/A;29150604;2017;Transcriptional signature of human pro-inflammatory TH17 cells identifies reduced IL10 gene expression in multiple sclerosis
APAF1;Homo sapiens;317;apoptotic peptidase activating factor 1;"CED4; APAF-1";protein coding;"Ensembl:ENSG00000120868 MIM:602233; AllianceGenome:HGNC:576";12q23.1;blood;peripheral blood mononuclear cells;RT-qPCR;MS;RRMS;MS clinic of kasr al ainy hospital- faculty of medicine-Egypt;34 RRMS patients and 34 healthy controls;down-regulated;Disease risk;APAF-1 mRNA was significantly downregulated in patients whereas miR-484 expression was upregulated compared to controls.;miR-484 is a negative regulator of APAF-1 and concluded that increased miR-484 could suppress apoptosis by targeting APAF-1;35030371;2022;Apoptotic protease activating factor-1 gene and MicroRNA-484: A possible interplay in relapsing remitting multiple sclerosis
MIR484;Homo sapiens;619553;microRNA 484;"MIRN484; mir-484; hsa-mir-484";ncRNA;"Ensembl:ENSG00000283736 miRBase:MI0002468; AllianceGenome:HGNC:32341";16p13.11;blood;peripheral blood mononuclear cells;RT-qPCR;MS;RRMS;MS clinic of kasr al ainy hospital- faculty of medicine-Egypt;34 RRMS patients and 34 healthy controls;up-regulated;Disease risk;APAF-1 mRNA was significantly downregulated in patients whereas miR-484 expression was upregulated compared to controls.;miR-484 is a negative regulator of APAF-1 and concluded that increased miR-484 could suppress apoptosis by targeting APAF-1;35030371;2022;Apoptotic protease activating factor-1 gene and MicroRNA-484: A possible interplay in relapsing remitting multiple sclerosis
ANKRD55;Homo sapiens;79722;ankyrin repeat domain 55;N/A;protein coding;"Ensembl:ENSG00000164512 MIM:615189; AllianceGenome:HGNC:25681";5q11.2;blood;N/A;qPCR;MS;PPMS,RRMS,SPMS;Spanish;54 primary progressive (PP), 70 relapsingremitting (RR), and 4 secondary progressive (SP);up-regulated;Disease risk;In moDC, increased ANKRD55 gene expression was observed in PP MS patients compared to HC(p < 0.05), as well as decreased IL6ST expression in both PP MS and RR+SP MS groups.;N/A;35111166;2022;Genomic Multiple Sclerosis Risk Variants Modulate the Expression of the ANKRD55- IL6ST Gene Region in Immature Dendritic Cells
IL6ST;Homo sapiens;3572;interleukin 6 cytokine family signal transducer;"CD130; GP130; HIES4; IMD94; STWS2; CDW130; HIES4A; HIES4B; IL-6RB; sGP130";protein coding;"Ensembl:ENSG00000134352 MIM:600694; AllianceGenome:HGNC:6021";5q11.2;blood;N/A;qPCR;MS;PPMS,RRMS,SPMS;Spanish;54 primary progressive (PP), 70 relapsingremitting (RR), and 4 secondary progressive (SP);down-regulated;Disease risk;In moDC, increased ANKRD55 gene expression was observed in PP MS patients compared to HC(p < 0.05), as well as decreased IL6ST expression in both PP MS and RR+SP MS groups.;N/A;35111166;2022;Genomic Multiple Sclerosis Risk Variants Modulate the Expression of the ANKRD55- IL6ST Gene Region in Immature Dendritic Cells
MIR590;Homo sapiens;693175;microRNA 590;"MIRN590; mir-590; hsa-mir-590";ncRNA;"Ensembl:ENSG00000207741 MIM:615070; miRBase:MI0003602; AllianceGenome:HGNC:32846";7q11.23;blood;peripheral blood;qPCR;MS;PPMS,RRMS,SPMS;N/A;healthy controls (n=30), RRMS (n=14), PPMS (n=13) and SPMS (n=12);down-regulated;Disease risk;Based on the score, RFCs were calculated which showed down-regulation of POU3F2_CDK6_hsa-miR-590-3p in PPMS and up-regulation in RRMS and SPMS.;N/A;31484947;2019;Gene Regulatory Networks in Peripheral Mononuclear Cells Reveals Critical Regulatory Modules and Regulators of Multiple Sclerosis
Il27;Mus musculus;246779;interleukin 27;"p28; Il30; IL-27; IL27-A; IL-27-A; IL-27p28";protein coding;Ensembl:ENSMUSG00000044701 AllianceGenome:MGI:2384409;"7; 7 F3";N/A;T cells;real-time PCR;EAE;N/A;DQ6.Aβ° mice;N/A;up-regulated;Disease risk;DQ6.Aβ° mice showed higher expression of IL-27 compared with DR3.Aβ° mice, while T cells from DR3.Aβ° produced increased levels of IL-17, IL-22, and IL-23.;N/A;18490779;2008;HLA-DQ6 (DQB1*0601)-restricted T cells protect against experimental autoimmune encephalomyelitis in HLA-DR3.DQ6 double-transgenic mice by generating anti-inflammatory IFN-gamma
Il22;Mus musculus;50929;interleukin 22;"IL-22; If2b1; Iltif; IL-22a; ILTIFa";protein coding;Ensembl:ENSMUSG00000074695 AllianceGenome:MGI:1355307;"10 D2; 10 66.67 cM";N/A;T cells;real-time PCR;EAE;N/A;DR3.Aβ° mice;N/A;up-regulated;Disease risk;DQ6.Aβ° mice showed higher expression of IL-27 compared with DR3.Aβ° mice, while T cells from DR3.Aβ° produced increased levels of IL-17, IL-22, and IL-23.;N/A;18490779;2008;HLA-DQ6 (DQB1*0601)-restricted T cells protect against experimental autoimmune encephalomyelitis in HLA-DR3.DQ6 double-transgenic mice by generating anti-inflammatory IFN-gamma
Il17a;Mus musculus;16171;interleukin 17A;"Il17; Ctla8; IL-17; Ctla-8; IL-17A";protein coding;Ensembl:ENSMUSG00000025929 AllianceGenome:MGI:107364;"1; 1 A4";N/A;T cells;real-time PCR;EAE;N/A;DR3.Aβ° mice;N/A;up-regulated;Disease risk;DQ6.Aβ° mice showed higher expression of IL-27 compared with DR3.Aβ° mice, while T cells from DR3.Aβ° produced increased levels of IL-17, IL-22, and IL-23.;N/A;18490779;2008;HLA-DQ6 (DQB1*0601)-restricted T cells protect against experimental autoimmune encephalomyelitis in HLA-DR3.DQ6 double-transgenic mice by generating anti-inflammatory IFN-gamma
Il23a;Mus musculus;83430;interleukin 23, alpha subunit p19;"p19; IL-23";protein coding;Ensembl:ENSMUSG00000025383 AllianceGenome:MGI:1932410;"10; 10 D3";N/A;T cells;real-time PCR;EAE;N/A;DR3.Aβ° mice;N/A;up-regulated;Disease risk;DQ6.Aβ° mice showed higher expression of IL-27 compared with DR3.Aβ° mice, while T cells from DR3.Aβ° produced increased levels of IL-17, IL-22, and IL-23.;N/A;18490779;2008;HLA-DQ6 (DQB1*0601)-restricted T cells protect against experimental autoimmune encephalomyelitis in HLA-DR3.DQ6 double-transgenic mice by generating anti-inflammatory IFN-gamma
Smad3;Mus musculus;17127;SMAD family member 3;Madh3;protein coding;Ensembl:ENSMUSG00000032402 AllianceGenome:MGI:1201674;"9; 9 C";brain;CD4 cells;qPCR;EAE;N/A;C57BL/6 mice;Data are representative of three independent experiments with at least five mice for each group;up-regulation;Disease risk;In accordance with in vitro differentiation data,EAE mice treated with 1,25(OH)2D3 showed significntly decreased Smad7 and increased Smad3 expression.;N/A;25809484;2015;The Active Form of Vitamin D Transcriptionally Represses Smad7 Signaling and Activates Extracellular Signal-regulated Kinase (ERK) to Inhibit the Differentiation of a Inflammatory T Helper Cell Subset and Suppress Experimental Autoimmune Encephalomyelitis
Smad7;Mus musculus;17131;SMAD family member 7;Madh7;protein coding;Ensembl:ENSMUSG00000025880 AllianceGenome:MGI:1100518;"18; 18 E3";brain;CD4 cells;qPCR;EAE;N/A;C57BL/6 mice;Data are representative of three independent experiments with at least five mice for each group;down-regulation;Disease risk;1,25(OH)2D3 abrogates Smad7 expression and activates ERK in EAE mice.;These results are in keeping with the reported role of Smad7 in central nervous system (CNS) infiltration by inflammatory T cells;25809484;2015;The Active Form of Vitamin D Transcriptionally Represses Smad7 Signaling and Activates Extracellular Signal-regulated Kinase (ERK) to Inhibit the Differentiation of a Inflammatory T Helper Cell Subset and Suppress Experimental Autoimmune Encephalomyelitis
Foxp3;Mus musculus;20371;forkhead box P3;"sf; JM2; scurfin";protein coding;Ensembl:ENSMUSG00000039521 AllianceGenome:MGI:1891436;"X A1.1; X 3.41 cM";brain;CD4 cells;qPCR;EAE;N/A;C57BL/6 mice;Data are representative of three independent experiments with at least five mice for each group;up-regulation;Disease risk;1,25(OH)2D3 decreases IL17A+ and increases Foxp3+ cells in EAE mice.;N/A;25809484;2015;The Active Form of Vitamin D Transcriptionally Represses Smad7 Signaling and Activates Extracellular Signal-regulated Kinase (ERK) to Inhibit the Differentiation of a Inflammatory T Helper Cell Subset and Suppress Experimental Autoimmune Encephalomyelitis
Il17a;Mus musculus;16171;interleukin 17A;"Il17; Ctla8; IL-17; Ctla-8; IL-17A";protein coding;Ensembl:ENSMUSG00000025929 AllianceGenome:MGI:107364;"1; 1 A4";brain;CD5 cells;qPCR;EAE;N/A;C57BL/6 mice;Data are representative of three independent experiments with at least five mice for each group;up-regulation;Disease risk;1,25(OH)2D3 decreases IL17A+ and increases Foxp3+ cells in EAE mice.;N/A;25809484;2015;The Active Form of Vitamin D Transcriptionally Represses Smad7 Signaling and Activates Extracellular Signal-regulated Kinase (ERK) to Inhibit the Differentiation of a Inflammatory T Helper Cell Subset and Suppress Experimental Autoimmune Encephalomyelitis
Tet1;Mus musculus;52463;tet methylcytosine dioxygenase 1;"LCX; Cxxc6; mKIAA1676; D10Ertd17e; 2510010B09Rik";protein coding;Ensembl:ENSMUSG00000047146 AllianceGenome:MGI:1098693;"10 B4; 10 32.48 cM";SC tissue;peripheral blood cells;qPCR;EAE;N/A;C57BL/6 mice;N = 6–7 mouse samples.;down-regulation;Disease risk;Global 5hmC modification, Tet1 and Tet2 significantly decreased in the spinal cord tissues of EAE mice.;Therefore, the reduced expression of Tet1 and Tet2 protein represents an important cause of MS-induced myelin damage that leads to the decrease of DNA 5hmC in EAE-induced nontraumatic SC damage.;30426768;2018;DNA hydroxymethylation changes in response to spinal cord damage in a multiple sclerosis mouse model
Tet2;Mus musculus;214133;tet methylcytosine dioxygenase 2;"Ayu17-449; mKIAA1546; E130014J05Rik";protein coding;Ensembl:ENSMUSG00000040943 AllianceGenome:MGI:2443298;"3; 3 G3";SC tissue;peripheral blood cells;qPCR;EAE;N/A;C57BL/6 mice;N = 6–7 mouse samples.;down-regulation;Disease risk;Global 5hmC modification, Tet1 and Tet2 significantly decreased in the spinal cord tissues of EAE mice.;Therefore, the reduced expression of Tet1 and Tet2 protein represents an important cause of MS-induced myelin damage that leads to the decrease of DNA 5hmC in EAE-induced nontraumatic SC damage.;30426768;2018;DNA hydroxymethylation changes in response to spinal cord damage in a multiple sclerosis mouse model
IL10;Homo sapiens;3586;interleukin 10;"CSIF; TGIF; GVHDS; IL-10; IL10A";protein coding;"Ensembl:ENSG00000136634 MIM:124092; AllianceGenome:HGNC:5962";1q32.1;peripheral blood samples;peripheral blood samples;PCR;MS;N/A;the North Staffordshire Royal Infirmary;"case = 186 patients with MS;control = 211 unrelated Caucasian individuals";none;Disease risk;IL10 polymorphism does not appear to be associated with MS or to influence disease progression;However, from this study it is apparent that there is no inherent genetic influence of IL10 production on the cause of or on the outcome of MS.;10580805;1999;Interleukin-10 (IL10) promoter polymorphisms and multiple sclerosis
Il17a;Mus musculus;16171;interleukin 17A;"Il17; Ctla8; IL-17; Ctla-8; IL-17A";protein coding;Ensembl:ENSMUSG00000025929 AllianceGenome:MGI:107364;"1; 1 A4";N/A;N/A;N/A;EAE;N/A;C57BL/6 mice;n = 7 per group;down-regulation;Disease risk;Furthermore, elevated REV-ERBα expression or treatment with a synthetic REV-ERB agonist significantly delays the onset and impedes the progression of experimental autoimmune encephalomyelitis(EAE).;N/A;31455731;2019;The nuclear receptor REV-ERBα modulates Th17 cell-mediated autoimmune disease
Il17f;Mus musculus;257630;interleukin 17F;IL-17F;protein coding;Ensembl:ENSMUSG00000041872 AllianceGenome:MGI:2676631;"1; 1 A4";N/A;N/A;N/A;EAE;N/A;C57BL/6 mice;n = 7 per group;down-regulation;Disease risk;Furthermore, elevated REV-ERBα expression or treatment with a synthetic REV-ERB agonist significantly delays the onset and impedes the progression of experimental autoimmune encephalomyelitis(EAE).;REV-ERBα binds to ROR response elements (RORE) in Th17 cells and inhibits the expression of RORγt-dependent genes including Il17a and Il17f.;31455731;2019;The nuclear receptor REV-ERBα modulates Th17 cell-mediated autoimmune disease
Il4;Mus musculus;16189;interleukin 4;"Il-4; BSF-1";protein coding;Ensembl:ENSMUSG00000000869 AllianceGenome:MGI:96556;"Il-4; BSF-1";brain;mononuclear cells;qRT-PCR;EAE;N/A;C57BL/6 mice;randomly allocated into four groups (n = 8/group);up-regulation;Disease risk;Conversely, production of regulatory cytokine IL-4, IL-10 and TGF-β was markedly enhanced by sple nocytes in mice treated with this probiotic combination when compared to control mice.;REV-ERBα binds to ROR response elements (RORE) in Th17 cells and inhibits the expression of RORγt-dependent genes including Il17a and Il17f.;28946394;2017;Bifidobacterium animalis in combination with human origin of Lactobacillus plantarum ameliorate neuroinflammation in experimental model of multiple sclerosis by altering CD4+ T cell subset balance
Il10;Mus musculus;16153;interleukin 10;"CSIF; If2a; Il-10";protein coding;Ensembl:ENSMUSG00000016529 AllianceGenome:MGI:96537;"CSIF; If2a; Il-10";brain;mononuclear cells;qRT-PCR;EAE;N/A;C57BL/6 mice;randomly allocated into four groups (n = 8/group);up-regulation;Disease risk;Conversely, production of regulatory cytokine IL-4, IL-10 and TGF-β was markedly enhanced by sple nocytes in mice treated with this probiotic combination when compared to control mice.;N/A;28946394;2017;Bifidobacterium animalis in combination with human origin of Lactobacillus plantarum ameliorate neuroinflammation in experimental model of multiple sclerosis by altering CD5+ T cell subset balance
Il6;Mus musculus;16193;interleukin 6;Il-6;protein coding;Ensembl:ENSMUSG00000025746 AllianceGenome:MGI:96559;"5 B1; 5 15.7 cM";brain;mononuclear cells;qRT-PCR;EAE;N/A;C57BL/6 mice;randomly allocated into four groups (n = 8/group);down-regulation;Disease risk;Probiotic treatment also showed a significant in hibition on the IL-6 level as compared with control animals.;N/A;28946394;2017;Bifidobacterium animalis in combination with human origin of Lactobacillus plantarum ameliorate neuroinflammation in experimental model of multiple sclerosis by altering CD6+ T cell subset balance
Il17a;Mus musculus;16171;interleukin 17A;"Il17; Ctla8; IL-17; Ctla-8; IL-17A";protein coding;Ensembl:ENSMUSG00000025929 AllianceGenome:MGI:107364;"1; 1 A4";brain;mononuclear cells;qRT-PCR;EAE;N/A;C57BL/6 mice;randomly allocated into four groups (n = 8/group);down-regulation;Disease risk;MOG stimulated splenocyte cultures showed significantly decreased secretion of the pro-inflammatory cytokines (IFN-γ, IL-17) from cells of L. PlantarumA7 treated mice at day 22 after immunization, compared to control mice. Similar results were also achieved from splenocytes isolated from B. animalis mice.;N/A;28946394;2017;Bifidobacterium animalis in combination with human origin of Lactobacillus plantarum ameliorate neuroinflammation in experimental model of multiple sclerosis by altering CD7+ T cell subset balance
Ifng;Mus musculus;15978;interferon gamma;"Ifg; If2f; IFN-g";protein coding;Ensembl:ENSMUSG00000055170 AllianceGenome:MGI:107656;"10 D2; 10 66.75 cM";brain;mononuclear cells;qRT-PCR;EAE;N/A;C57BL/6 mice;randomly allocated into four groups (n = 8/group);down-regulation;Disease risk;MOG stimulated splenocyte cultures showed significantly decreased secretion of the pro-inflammatory cytokines (IFN-γ, IL-17) from cells of L. PlantarumA7 treated mice at day 22 after immunization, compared to control mice. Similar results were also achieved from splenocytes isolated from B. animalis mice.;N/A;28946394;2017;Bifidobacterium animalis in combination with human origin of Lactobacillus plantarum ameliorate neuroinflammation in experimental model of multiple sclerosis by altering CD8+ T cell subset balance
Tgfb1;Mus musculus;21803;transforming growth factor, beta 1;"Tgfb; Tgfb-1; TGFbeta1; TGF-beta1";protein coding;Ensembl:ENSMUSG00000002603 AllianceGenome:MGI:98725;"7 A3; 7 13.98 cM";brain;mononuclear cells;qRT-PCR;EAE;N/A;C57BL/6 mice;randomly allocated into four groups (n = 8/group);up-regulation;Disease risk;Conversely, production of regulatory cytokine IL-4, IL-10 and TGF-β was markedly enhanced by sple nocytes in mice treated with this probiotic combination when compared to control mice.;N/A;28946394;2017;Bifidobacterium animalis in combination with human origin of Lactobacillus plantarum ameliorate neuroinflammation in experimental model of multiple sclerosis by altering CD9+ T cell subset balance
Il4;Mus musculus;16189;interleukin 4;"Il-4; BSF-1";protein coding;Ensembl:ENSMUSG00000000869 AllianceGenome:MGI:96556;"Il-4; BSF-1";spinal cord and brain;mononuclear cells;QPCR;EAE;N/A;C57BL/6 (WT or CD44+/+) mice;n = 5 (top row) or 10 (bottom row and A) and are representative of three independent experiments.;down-regulation;Disease risk;Let-7e regulates IL-4,IL-10,IL-17,and IFN-γ production in encephalitogenic CD4+ T cells;Overall, the results showed that the overexpression of let-7e enhanced IFN-γ and IL-17 production while the inhibiting IL-4 and IL-10 production.;23079871;2013;MicroRNA let-7e is associated with the pathogenesis of experimental autoimmune encephalomyelitis
Il10;Mus musculus;16153;interleukin 10;"CSIF; If2a; Il-10";protein coding;Ensembl:ENSMUSG00000016529 AllianceGenome:MGI:96537;"CSIF; If2a; Il-10";spinal cord and brain;mononuclear cells;QPCR;EAE;N/A;C57BL/6 (WT or CD44+/+) mice;n = 5 (top row) or 10 (bottom row and A) and are representative of three independent experiments.;down-regulation;Disease risk;Let-7e regulates IL-4,IL-10,IL-17,and IFN-γ production in encephalitogenic CD4+ T cells;Overall, the results showed that the overexpression of let-7e enhanced IFN-γ and IL-17 production while the inhibiting IL-4 and IL-10 production.;23079871;2013;MicroRNA let-7e is associated with the pathogenesis of experimental autoimmune encephalomyelitis
Il17;Mus musculus;16171;interleukin 17A;"Il17; Ctla8; IL-17; Ctla-8; IL-17A";protein coding;Ensembl:ENSMUSG00000025929 AllianceGenome:MGI:107364;"1; 1 A4";spinal cord and brain;mononuclear cells;QPCR;EAE;N/A;C57BL/6 (WT or CD44+/+) mice;n = 5 (top row) or 10 (bottom row and A) and are representative of three independent experiments.;up-regulation;Disease risk;Let-7e regulates IL-4,IL-10,IL-17,and IFN-γ production in encephalitogenic CD4+ T cells;Overall, the results showed that the overexpression of let-7e enhanced IFN-γ and IL-17 production while the inhibiting IL-4 and IL-10 production.;23079871;2013;MicroRNA let-7e is associated with the pathogenesis of experimental autoimmune encephalomyelitis
Ifng;Mus musculus;15978;interferon gamma;"Ifg; If2f; IFN-g";protein coding;Ensembl:ENSMUSG00000055170 AllianceGenome:MGI:107656;"10 D2; 10 66.75 cM";spinal cord and brain;mononuclear cells;QPCR;EAE;N/A;C57BL/6 (WT or CD44+/+) mice;n = 5 (top row) or 10 (bottom row and A) and are representative of three independent experiments.;up-regulation;Disease risk;Let-7e regulates IL-4,IL-10,IL-17,and IFN-γ production in encephalitogenic CD4+ T cells;Overall, the results showed that the overexpression of let-7e enhanced IFN-γ and IL-17 production while the inhibiting IL-4 and IL-10 production.;23079871;2013;MicroRNA let-7e is associated with the pathogenesis of experimental autoimmune encephalomyelitis
Tnf;Mus musculus;21926;tumor necrosis factor;"DIF; Tnfa; TNF-a; TNFSF2; Tnlg1f; Tnfsf1a; TNFalpha; TNF-alpha";protein coding;Ensembl:ENSMUSG00000024401 AllianceGenome:MGI:104798;"17 B1; 17 18.59 cM";brain;mononuclear cells;QPCR;EAE;N/A;C57BL/6 mice;(n=6 animals/EAE group, n=3 naive animals);up-regulation;Disease risk;Note the significant increase in IFN-γ and TNF-α expression in Lcn2-null mice relative to healthy controls.;N/A;22499213;2012;Lipocalin 2 is a novel immune mediator of experimental autoimmune encephalomyelitis pathogenesis and is modulated in multiple sclerosis
Ifng;Mus musculus;15978;interferon gamma;"Ifg; If2f; IFN-g";protein coding;Ensembl:ENSMUSG00000055170 AllianceGenome:MGI:107656;"10 D2; 10 66.75 cM";brain;mononuclear cells;QPCR;EAE;N/A;C57BL/6 mice;(n=6 animals/EAE group, n=3 naive animals);up-regulation;Disease risk;Note the significant increase in IFN-γ and TNF-α expression in Lcn2-null mice relative to healthy controls.;N/A;22499213;2012;Lipocalin 2 is a novel immune mediator of experimental autoimmune encephalomyelitis pathogenesis and is modulated in multiple sclerosis
Ctla4;Mus musculus;12477;cytotoxic T-lymphocyte-associated protein 4;"Cd152; Ly-56; Ctla-4";protein coding;Ensembl:ENSMUSG00000026011 AllianceGenome:MGI:88556;"1 C2; 1 30.58 cM";spinal cord;mononuclear cells;N/A;EAE;N/A;C57BL/6(B6)mice;N/A;up-regulation;Disease risk;These new data provide solid support for the view that vitamin D3 reduces MS risk in part through a mechanism involving myeloid cell 1,25-(OH)2D3 production and CTLA-4 upregulation in CNS-infiltrating CD4+ T cells.;vitamin D mechanism;31731231;2020;Vitamin D3-mediated resistance to a multiple sclerosis model disease depends on myeloid cell 1,25-dihydroxyvitamin D3 synthesis and correlates with increased CD4+ T cell CTLA-4 expression
Tnf;Mus musculus;21926;tumor necrosis factor;"DIF; Tnfa; TNF-a; TNFSF2; Tnlg1f; Tnfsf1a; TNFalpha; TNF-alpha";protein coding;Ensembl:ENSMUSG00000024401 AllianceGenome:MGI:104798;"17 B1; 17 18.59 cM";tibia and femur of the hind limbs;myeloid cells;real-time PCR;EAE;N/A;C57BL/6(B6)mice;three mice per group;up-regulation;Disease risk;Relative gene transcript levels of TNFa, IFNc, and IL-1b were decreased.;N/A;17425404;2007;TREM2-transduced myeloid precursors mediate nervous tissue debris clearance and facilitate recovery in an animal model of multiple sclerosis
Il1b;Mus musculus;16176;interleukin 1 beta;"Il-1b; IL-1beta";protein coding;Ensembl:ENSMUSG00000027398 AllianceGenome:MGI:96543;"2 F1; 2 62.97 cM";tibia and femur of the hind limbs;myeloid cells;real-time PCR;EAE;N/A;C57BL/6(B6)mice;three mice per group;up-regulation;Disease risk;Relative gene transcript levels of TNFa, IFNc, and IL-1b were decreased.;N/A;17425404;2007;TREM2-transduced myeloid precursors mediate nervous tissue debris clearance and facilitate recovery in an animal model of multiple sclerosis
Ifng;Mus musculus;15978;interferon gamma;"Ifg; If2f; IFN-g";protein coding;Ensembl:ENSMUSG00000055170 AllianceGenome:MGI:107656;"10 D2; 10 66.75 cM";tibia and femur of the hind limbs;myeloid cells;real-time PCR;EAE;N/A;C57BL/6(B6)mice;three mice per group;up-regulation;Disease risk;Relative gene transcript levels of TNFa, IFNc, and IL-1b were decreased.;N/A;17425404;2007;TREM2-transduced myeloid precursors mediate nervous tissue debris clearance and facilitate recovery in an animal model of multiple sclerosis
Trem2;Mus musculus;83433;triggering receptor expressed on myeloid cells 2;"TREM-2; Trem2a; Trem2b; Trem2c";protein coding;Ensembl:ENSMUSG00000023992 AllianceGenome:MGI:1913150;"17; 17 C";tibia and femur of the hind limbs;myeloid cells;RT-PCR;EAE;N/A;C57BL/6(B6)mice;N/A;up-regulation;Treatment risk;The up-regulation of TREM2 was detected mainly in the spinal cord, but not in the cortex and cerebellum, indicating that TREM2 expression is associated with the inflammatory lesions.The up-regulation of TREM2 on CD11btcells was not long lasting and returned back to almost normal levels at day 18 after onset of clinical EAE symptoms.;Intravenously applied bone marrow–derived and TREM2-tranduced myeloid precursor cells limit tissue destruction and facilitate repair within the murine CNS by clearance of cellular debris during EAE.;17425404;2007;TREM2-transduced myeloid precursors mediate nervous tissue debris clearance and facilitate recovery in an animal model of multiple sclerosis
Ccn2;Mus musculus;14219;cellular communication network factor 2;"Ctgf; Hcs24; Fisp12; fisp-12";protein coding;Ensembl:ENSMUSG00000019997 AllianceGenome:MGI:95537;"10 A4; 10 11.84 cM";bladder tissue;N/A;qRT-PCR;EAE;N/A;SJL/J mice;8 mice/group;up-regulation;Phenotypic risk;Our results suggest that bladder remodeling corresponding to EAE severity may be due to enhanced expression of CTGF and increased growth of connective tissue.;Clarification of the functional roles of CTGF and TGF-3, as well as identification of additional signaling proteins and pathways related to activation of bladder remodeling in NGB.;22993071;2013;Connective tissue and its growth factor CTGF distinguish the morphometric and molecular remodeling of the bladder in a model of neurogenic bladder
Col1a2;Mus musculus;12843;collagen, type I, alpha 2;"oim; Cola2; Cola-2; Col1a-2";protein coding;Ensembl:ENSMUSG00000029661 AllianceGenome:MGI:88468;"6 A1; 6 1.81 cM";bladder tissue;N/A;qRT-PCR;EAE;N/A;SJL/J mice;8 mice/group;up-regulation;Phenotypic risk;The connective tissue markers COL1A2 and tropoelastin were increased significantly.;N/A;22993071;2013;Connective tissue and its growth factor CTGF distinguish the morphometric and molecular remodeling of the bladder in a model of neurogenic bladder
Gdnf;Mus musculus;14573;glial cell line derived neurotrophic factor;ATF;protein coding;Ensembl:ENSMUSG00000022144 AllianceGenome:MGI:107430;"15; 15 A1";bladder tissue;N/A;qRT-PCR;EAE;N/A;SJL/J mice;8 mice/group;down-regulation;Phenotypic risk;Gene expression levels of neurotrophic factors nerve growth factor (NGF) and glial cell-derived neurotrophic factor (GDNF) were significantly downregulated in remodeled bladders of EAE CS3 mice compared with control mice, as an indicator of neuronal impairment in bladder.;suggesting that EAE results in decreased autonomic innervation of the bladder smooth muscle.;22993071;2013;Connective tissue and its growth factor CTGF distinguish the morphometric and molecular remodeling of the bladder in a model of neurogenic bladder
Ngf;Mus musculus;18049;nerve growth factor;"Ngfb; beta-NGF";protein coding;Ensembl:ENSMUSG00000027859 AllianceGenome:MGI:97321;"3 F2.2; 3 45.25 cM";bladder tissue;N/A;qRT-PCR;EAE;N/A;SJL/J mice;8 mice/group;down-regulation;Phenotypic risk;Expression levels of purinergic receptor P2RX1and muscarinic receptor M3 were decreased significantly.;suggesting that EAE results in decreased autonomic innervation of the bladder smooth muscle.;22993071;2013;Connective tissue and its growth factor CTGF distinguish the morphometric and molecular remodeling of the bladder in a model of neurogenic bladder
P2rx1;Mus musculus;18436;purinergic receptor P2X, ligand-gated ion channel, 1;"P2x; RP-2; Pdcd3";protein coding;Ensembl:ENSMUSG00000020787 AllianceGenome:MGI:1098235;"11 B4; 11 45.09 cM";bladder tissue;N/A;qRT-PCR;EAE;N/A;SJL/J mice;8 mice/group;up-regulation;Phenotypic risk;Gene expression levels of fibrosis signaling proteins connective tissue growth factor (CTGF) and transforming growth factor- 3 (TGF-β3) were significantly increased in bladder tissue of EAE mice compared with CFA controls and corresponding with CS level.;which could result in altered bladder contractile function in EAE mice.;22993071;2013;Connective tissue and its growth factor CTGF distinguish the morphometric and molecular remodeling of the bladder in a model of neurogenic bladder
Tgfb3;Mus musculus;21809;transforming growth factor, beta 3;"Tgfb-3; TGF-beta-3";protein coding;Ensembl:ENSMUSG00000021253 AllianceGenome:MGI:98727;"12 D2; 12 40.09 cM";bladder tissue;N/A;qRT-PCR;EAE;N/A;SJL/J mice;8 mice/group;up-regulation;Phenotypic risk;Gene expression levels of fibrosis signaling proteins connective tissue growth factor (CTGF) and transforming growth factor- 3 (TGF-β3) were significantly increased in bladder tissue of EAE mice compared with CFA controls and corresponding with CS level.;Clarification of the functional roles of CTGF and TGF-3, as well as identification of additional signaling proteins and pathways related to activation of bladder remodeling in NGB.;22993071;2013;Connective tissue and its growth factor CTGF distinguish the morphometric and molecular remodeling of the bladder in a model of neurogenic bladder
Eae5;Mus musculus;112387;experimental allergic encephalomyelitis susceptibility 5;N/A;unknown;N/A;17 19.58 cM;N/A;N/A;N/A;EAE;N/A;SJL/J and B10.S mice;N/A;N/A;Phenotypic risk;Linkage analysis to eae5, the H2-linked locus controlling susceptibility to clinical disease, was performed using 6- to 12- and >12-week-old cohorts as well as summer and winter/spring cohorts of F2 mice.;N/A;15509529;2004;Gender, age, and season at immunization uniquely influence the genetic control of susceptibility to histopathological lesions and clinical signs of experimental allergic encephalomyelitis: implications for the genetics of multiple sclerosis
Ifng;Mus musculus;15978;interferon gamma;"Ifg; If2f; IFN-g";protein coding;Ensembl:ENSMUSG00000055170 AllianceGenome:MGI:107656;"10 D2; 10 66.75 cM";spinal cord tissue;N/A;RT-PCR;EAE;N/A;SJL/J mice;n=4 per group;down-regulation;Disease risk;IFN-γ is thought to contribute to the pathology of EAE by activating macrophages to produce a range of toxic factors in volved in the disruption of the blood-brain barrier, and the loss of myelin from the axon.;These results suggest that gd T cells contribute to the pathogenesis of EAE by regulating the influx of inflammatory cells into the spinal cord and by augmenting the proinflammatory cytokine profile of the inflammatory infiltrates.;9637509;1998;The effect of gammadelta T cell depletion on cytokine gene expression in experimental allergic encephalomyelitis
Hmox1;Rattus norvegicus;24451;heme oxygenase 1;"Ho1; Heox; Hmox; Ho-1; HEOXG; hsp32";protein coding;Ensembl:ENSRNOG00000014117 AllianceGenome:RGD:2806;19p11;cerebral tissue;N/A;Northern blot;EAE;N/A;Dawley rats;n=4 per experimental group;down-regulation;Disease risk;In MS, IFN-β may attenuate glial HO-1 gene induction and aberrant mitochondrial iron deposition accruing from exposure to proinflammatory cytokines.;In MS, IFN-β may attenuate glial HO-1 gene induction and aberrant mitochondrial iron deposition accruing from exposure to proinflammatory cytokines.;11389189;2001;Proinflammatory cytokines promote glial heme oxygenase-1 expression and mitochondrial iron deposition: implications for multiple sclerosis
Cntf;Rattus norvegicus;25707;ciliary neurotrophic factor;N/A;protein coding;Ensembl:ENSRNOG00000012460 AllianceGenome:RGD:2370;1q43;brain;N/A;real-time quantitative PCR;EAE;N/A;female Wistar rats;n = 15;up-regulation;Disease risk;Compared with the EAE group, luteolin-treated EAE group showed upregulation of CNTF expression;Luteolin, the naturally occurring flavonoid, is known by strong antioxidant and anti-inflammatory properties.;31185137;2019;The modulatory effects of luteolin on cyclic AMP/Ciliary neurotrophic factor signaling pathway in experimentally induced autoimmune encephalomyelitis
Kcna3;Rattus norvegicus;29731;potassium voltage-gated channel subfamily A member 3;N/A;protein coding;Ensembl:ENSRNOG00000062002 AllianceGenome:RGD:2951;2q34;N/A;N/A;qRT-PCR;EAE;N/A;Sprague-Dawley (SD) rats;N/A;down-regulation;Disease risk;Reduced KCNA3 mRNA expression following ADWX-1 engagement in the activated CD4+CCR7+ subset.;ADWX-1 ameliorates EAE with a cell selectivity mechanism;22761436;2012;Selective inhibition of CCR7(-) effector memory T cell activation by a novel peptide targeting Kv1.3 channel in a rat experimental autoimmune encephalomyelitis model
Il17a;Mus musculus;16171;interleukin 17A;"Il17; Ctla8; IL-17; Ctla-8; IL-17A";protein coding;Ensembl:ENSMUSG00000025929 AllianceGenome:MGI:107364;"1; 1 A4";lymph nodes;N/A;RT-PCR;EAE;N/A;SJL mice;5 each group;down-regulation;Disease risk;PIF modulates cytokine expression in draining lymph nodes.;N/A;28423529;2017;PIF* promotes brain re-myelination locally while regulating systemic inflammation- clinically relevant multiple sclerosis M.smegmatis model
Il23a;Mus musculus;83430;interleukin 23, alpha subunit p19;"p19; IL-23";protein coding;Ensembl:ENSMUSG00000025383 AllianceGenome:MGI:1932410;"10; 10 D3";lymph nodes;N/A;RT-PCR;EAE;N/A;SJL mice;5 each group;down-regulation;Disease risk;PIF modulates cytokine expression in draining lymph nodes.;N/A;28423529;2017;PIF* promotes brain re-myelination locally while regulating systemic inflammation- clinically relevant multiple sclerosis M.smegmatis model
Bdnf;Mus musculus;12064;brain derived neurotrophic factor;N/A;protein coding;Ensembl:ENSMUSG00000048482 AllianceGenome:MGI:88145;"2 E3; 2 56.63 cM";Spleen and brain tissue;Primary astrocytes;RT-PCR;EAE;N/A;SJL mice;5 each group;up-regulation;Disease risk;PIF promotes BDNF, SLC2A1, and reduces HSP90AB1, and E2F5 expression in astrocytes.;Therefore the observed effect on brain re-myelination is partially exerted by PIF targeting brain astrocytes which are associated with increased BDNF expression.;28423529;2017;PIF* promotes brain re-myelination locally while regulating systemic inflammation- clinically relevant multiple sclerosis M.smegmatis model
Slc2a1;Mus musculus;20525;solute carrier family 2;"Glut1; Glut-1; M100200; Rgsc200";protein coding;Ensembl:ENSMUSG00000028645 AllianceGenome:MGI:95755;"4 D2.1; 4";Spleen and brain tissue;Primary astrocytes;RT-PCR;EAE;N/A;SJL mice;5 each group;up-regulation;Disease risk;PIF promotes BDNF, SLC2A1, and reduces HSP90AB1, and E2F5 expression in astrocytes.;Thus PIF may regulate the expression of genes in the brain by targeting local astrocytes.;28423529;2017;PIF* promotes brain re-myelination locally while regulating systemic inflammation- clinically relevant multiple sclerosis M.smegmatis model
Hsp90ab1;Mus musculus;15516;heat shock protein 90 alpha (cytosolic), class B;"90kDa; Hsp84; Hsp90; Hspcb; Hsp84-1";protein coding;Ensembl:ENSMUSG00000023944 AllianceGenome:MGI:96247;"17 B3; 17 22.59 cM";Spleen and brain tissue;Primary astrocytes;RT-PCR;EAE;N/A;SJL mice;5 each group;down-regulation;Disease risk;PIF promotes BDNF, SLC2A1, and reduces HSP90AB1, and E2F5 expression in astrocytes.;Thus PIF may regulate the expression of genes in the brain by targeting local astrocytes.;28423529;2017;PIF* promotes brain re-myelination locally while regulating systemic inflammation- clinically relevant multiple sclerosis M.smegmatis model
E2f5;Mus musculus;13559;E2F transcription factor 5;E2F-5;protein coding;Ensembl:ENSMUSG00000027552 AllianceGenome:MGI:105091;"3; 3 A1";Spleen and brain tissue;Primary astrocytes;RT-PCR;EAE;N/A;SJL mice;5 each group;down-regulation;Disease risk;PIF promotes BDNF, SLC2A1, and reduces HSP90AB1, and E2F5 expression in astrocytes.;Thus PIF may regulate the expression of genes in the brain by targeting local astrocytes.;28423529;2017;PIF* promotes brain re-myelination locally while regulating systemic inflammation- clinically relevant multiple sclerosis M.smegmatis model
Il10;Mus musculus;16153;interleukin 10;"CSIF; If2a; Il-10";protein coding;Ensembl:ENSMUSG00000016529 AllianceGenome:MGI:96537;"CSIF; If2a; Il-10";Spleen and brain tissue;Primary microglial cells;RT-PCR;EAE;N/A;SJL mice;5 each group;up-regulation;Disease risk;PIF promotes IL10 and reduces IFNγ expression in microglia cultures.;PIF also regulates these brain derived primary macrophages.;28423529;2017;PIF* promotes brain re-myelination locally while regulating systemic inflammation- clinically relevant multiple sclerosis M.smegmatis model
Ifng;Mus musculus;15978;interferon gamma;"Ifg; If2f; IFN-g";protein coding;Ensembl:ENSMUSG00000055170 AllianceGenome:MGI:107656;"10 D2; 10 66.75 cM";Spleen and brain tissue;Primary microglial cells;RT-PCR;EAE;N/A;SJL mice;5 each group;down-regulation;Disease risk;PIF promotes IL10 and reduces IFNγ expression in microglia cultures.;PIF also regulates these brain derived primary macrophages.;28423529;2017;PIF* promotes brain re-myelination locally while regulating systemic inflammation- clinically relevant multiple sclerosis M.smegmatis model
Il17;Rattus norvegicus;301289;interleukin 17A;"Il17; IL-17; CTLA-8; IL-17A";protein coding;Ensembl:ENSRNOG00000012467 AllianceGenome:RGD:2888;9q13;brain;lymph node cells;RT-PCR;EAE;N/A;Dark Agouti (DA) rats;four animals per group;up-regulation;Disease risk;Astrocytes up-regulated IL-17 and IFN-γ gene expression and protein synthesis in T cells.;N/A;17969033;2007;Astrocytes stimulate interleukin-17 and interferon-gamma production in vitro
Ifng;Rattus norvegicus;25712;interferon gamma;"If2f; IFNG2";protein coding;Ensembl:ENSRNOG00000007468 AllianceGenome:RGD:2866;7q22;brain;lymph node cells;RT-PCR;EAE;N/A;Dark Agouti (DA) rats;four animals per group;up-regulation;Disease risk;Astrocytes up-regulated IL-17 and IFN-g gene expression and protein synthesis in T cells.;N/A;17969033;2007;Astrocytes stimulate interleukin-17 and interferon-gamma production in vitro
inflammatory genes;Rattus norvegicus;N/A;N/A;N/A;N/A;N/A;N/A;brain;N/A;RT-PCR;EAE;N/A;Dark Agouti (DA) rats;n = 3 rats/group, nine samples each;down-regulation;Disease risk;FTY720 downregulated inflammatory genes in addition to vascular adhesion molecules.;resulting in a proteolytic balance that favors preservation of blood-brain-barrier (BBB) integrity.;18540945;2009;FTY720 rescue therapy in the dark agouti rat model of experimental autoimmune encephalomyelitis: expression of central nervous system genes and reversal of blood-brain-barrier damage
Mmp9;Rattus norvegicus;81687;matrix metallopeptidase 9;N/A;protein coding;Ensembl:ENSRNOG00000017539 AllianceGenome:RGD:621320;3q42;brain;N/A;RT-PCR;EAE;N/A;Dark Agouti (DA) rats;n = 6 rats;down-regulation;Disease risk;It decreased the matrix metalloproteinase gene MMP-9 and increased its counterregulator—tissue inhibitor of metalloproteinase, TIMP 1—resulting in a proteolytic balance that favors preservation of blood-brain-barrier(BBB)integrity.;resulting in a proteolytic balance that favors preservation of blood-brain-barrier (BBB) integrity.;18540945;2009;FTY720 rescue therapy in the dark agouti rat model of experimental autoimmune encephalomyelitis: expression of central nervous system genes and reversal of blood-brain-barrier damage
Timp1;Rattus norvegicus;116510;TIMP metallopeptidase inhibitor 1;"Timp; TIMP-1";protein coding;Ensembl:ENSRNOG00000010208 AllianceGenome:RGD:621675;Xq11;brain;N/A;RT-PCR;EAE;N/A;Dark Agouti (DA) rats;n = 6 rats;up-regulation;Disease risk;It decreased the matrix metalloproteinase gene MMP-9 and increased its counterregulator—tissue inhibitor of metalloproteinase, TIMP 1—resulting in a proteolytic balance that favors preservation of blood-brain-barrier(BBB)integrity.;resulting in a proteolytic balance that favors preservation of blood-brain-barrier (BBB) integrity.;18540945;2009;FTY720 rescue therapy in the dark agouti rat model of experimental autoimmune encephalomyelitis: expression of central nervous system genes and reversal of blood-brain-barrier damage
Cyp24a1;Mus musculus;13081;cytochrome P450, family 24, subfamily a, polypeptide 1;"CP24; Cyp24; 24-Ohase";protein coding;Ensembl:ENSMUSG00000038567 AllianceGenome:MGI:88593;"2 H3; 2 91.91 cM";N/A;N/A;real-time PCR;EAE;N/A;B10.PL mice;6–7 nonimmune mice/group or 8–12 MBP-primed mice/group;down-regulation;Disease risk;The spinal cord CYP24A1 transcript level was lower in the D female mice immunized with MBP than in their male counterparts.;The decreased spinal cord CYP24A1 mRNA in the MBP primed D females might be due to decreased VDR expression because the multiple vitamin D-responsive elements in the CYP24A1 promoter couple gene expression to VDR activity.;16148162;2005;Vitamin D3 confers protection from autoimmune encephalomyelitis only in female mice
Vdr;Mus musculus;22337;vitamin D (1,25-dihydroxyvitamin D3) receptor;Nr1i1;protein coding;Ensembl:ENSMUSG00000022479 AllianceGenome:MGI:103076;"15; 15 F1";N/A;N/A;real-time PCR;EAE;N/A;B10.PL mice;6–7 nonimmune mice/group or 8–12 MBP-primed mice/group;up-regulation;Disease risk;Correlating with reduced EAE, the intact, vitamin D3-fed female mice had significantly more 1,25-dihydroxyvitamin D3 and fewer CYP24A1 transcripts, encoding the 1,25-dihydroxyvitamin D3-inactivating enzyme, in the spinal cord than the other groups of mice.;These results support the interpretation that male hormones did not suppress 1,25-(OH)2D3 accumulation in the spinal cord, rather, female hormones directly or indirectly facilitated this accumulation.;16148162;2005;Vitamin D3 confers protection from autoimmune encephalomyelitis only in female mice
N/A;N/A;N/A;N/A;N/A;N/A;N/A;N/A;N/A;N/A;N/A;N/A;N/A;N/A;N/A;N/A;N/A;N/A;N;N/A;N/A;N/A
Chil1;Mus musculus;12654;chitinase-like 1;"Gp39; Brp39; Chi3l1";protein coding;Ensembl:ENSMUSG00000064246 AllianceGenome:MGI:1340899;"1 E4; 1 58.15 cM";spinal cords;N/A;qPCR;EAE;N/A;C57BL / 6 mice;6 EAE cases / controls;up-regulation;Disease risk;Immunization of mice with MOG35-50 peptide resulted in the induction of EAE, and modest upregulation of YKL-40 mRNA expression in the spinal cords of animals.;YKL-40 (also known as chitinase 3-like protein 1, human cartilage glycoprotein 39, and breast regression protein 39) has attracted growing attention as a marker of ongoing inflammation and oncogenic transformation.Indeed, YKL-40 stimulates proliferation of synoviocytes and chondrocytes , promotes adhesion and migration of vascular smooth muscle and endothelial cells, and is a migration factor for astrocytes.Over the last decade it has become evident that elevated YKL-40 expression correlates with both infection-induced inflammation and sterile inflammation, a paradigm triggered by physical, chemical or metabolic noxia.;25681350;2015;RelB/p50 complexes regulate cytokine-induced YKL-40 expression
Il1;Mus musculus;111343;interleukin 1 complex;Il-1;other;N/A;chromosome: 2;spinal cords;N/A;qPCR;EAE;N/A;C57BL / 6 mice;6 EAE cases / controls;up-regulation;Disease risk;Expression of IL-1 mRNAs was also enhanced.;IL-1 is known to trigger a classical IκB kinase (IKK)γ-dependent activation of NF-κB, which involves IKKβ-mediated phosphorylation and subsequent degradation of IκBs, followed by the release and subsequent nuclear translocation of the p65/p50 NF-κB complexes.;25681350;2015;RelB/p50 complexes regulate cytokine-induced YKL-40 expression
Il6;Mus musculus;16193;interleukin 6;Il-6;protein coding;Ensembl:ENSMUSG00000025746 AllianceGenome:MGI:96559;"5 B1; 5 15.7 cM";spinal cords;N/A;qPCR;EAE;N/A;C57BL / 6 mice;6 EAE cases / controls;up-regulation;Disease risk;Expression of IL-6 mRNAs was also enhanced.;N/A;25681350;2015;RelB/p50 complexes regulate cytokine-induced YKL-40 expression
Gfap;Mus musculus;14580;glial fibrillary acidic protein;N/A;protein coding;Ensembl:ENSMUSG00000020932 AllianceGenome:MGI:95697;"11 E1; 11 66.48 cM";spinal cords;N/A;qPCR;EAE;N/A;C57BL / 6 mice;6 EAE cases / controls;up-regulation;Disease risk;We also found an increase in the expression of glial fibrillary acidic protein mRNA.;N/A;25681350;2015;RelB/p50 complexes regulate cytokine-induced YKL-40 expression
IL16;Homo sapiens;3603;interleukin 16;"LCF; NIL16; PRIL16; prIL-16";protein coding;"Ensembl:ENSG00000172349 MIM:603035; AllianceGenome:HGNC:5980";15q25.1;EDTA anticoagulated peripheral blood;N/A;ELISA;MS;N/A;Iranian;250 MS patients / 400 healthy controls;up-regulation;Disease risk;The mean serum levels of IL-16 in MS patients were significantly higher in MS patients compared to healthy controls.;Interleukin-16 (IL-16), a pleiotropic cytokine, is an important regulator of T-cell activation which plays a key role in autoimmune diseases.;28151028;2023;RETRACTED ARTICLE: The Association of Interleukin-16 Gene Polymorphisms with IL-16 Serum Levels and Risk of Multiple Sclerosis
MIR330;Homo sapiens;442902;microRNA 330;"MIRN330; mir-330; hsa-mir-330";ncRNA;"Ensembl:ENSG00000284544 miRBase:MI0000803; AllianceGenome:HGNC:31771";19q13.32;PBMC;N/A;RT-qPCR;MS;RRMS;Iranian;60 MS patients / 30 healthy subjects;up-regulation;Disease risk;miR-330-5p is up-regulated in RRMS patients.;The association of miRNA with components of the RNA-induced silencing complex (RISC) results in the degradation or translational repression and/or destabilization of their relevant mRNA.It occurs through miRNA binding to the 3′-untranslated region (UTR) of target genes.Growing evidence has shown the abnormal miRNA activity in CNS glial cells of patients with MS and peripheral blood immune cells compared with normal individuals, suggesting that miRNA expression could be correlated with MS pathogenesis and immunological features.The biological role of miR330-5p has been offered in some cells and cancers. MicroRNA-330 suppresses cell motility by decreasing the expression of Sp1, which plays the role of a transcription factor through the TNF-α pathway.;36043408;2022;Study of The Correlation between miR-106a, miR-125b, and miR-330 on Multiple Sclerosis Patients by Targeting TNFSF4 and SP1 in NF-кb/TNF-α Pathway: A Case-Control Study
TNFSF4;Homo sapiens;7292;TNF superfamily member 4;"GP34; CD252; OX4OL; TXGP1; CD134L; OX-40L; TNLG2B";protein coding;"Ensembl:ENSG00000117586 MIM:603594; AllianceGenome:HGNC:11934";1q25.1;PBMC;N/A;RT-qPCR;MS;RRMS;Iranian;60 MS patients / 30 healthy subjects;up-regulation;Disease risk;TNFSF4 expression was increased significantly in recurrence and patients two months after relapse compared with healthy .;OX40L is recognized as a ligand for OX40, also known as tumor necrosis factor ligand superfamily member 4 (TNFSF4) and CD252 (Cluster of differentiation 252), and is a type II transmembrane protein that might have a pivotal role in the differentiation and stimulation of T-cells.TNFSF4 is mainly expressed on the surface of T-cell antigen-presenting cell (APC) cells.The encoded protein of this gene is primarily expressed on activated CD4+ and CD8+ T-cells and various B-cells, microglia, vascular endothelial cells, and dendritic cells.The encoded protein is involved in APC interactions and facilitates the adhesion of T-cells to endothelial cells.Interaction between TNFSF4 and CD4+ T-cells by TNFSF4 stimulates nuclear factor-kappa B (NF-κB) through TNF-R related TRAF1 and TRAF2.Besides, this signaling pathway is related to several immune functional activities, which include the intensification of Th2 responses and the production of Th2 and Th1 cytokines.;36043408;2022;Study of The Correlation between miR-106a, miR-125b, and miR-330 on Multiple Sclerosis Patients by Targeting TNFSF4 and SP1 in NF-кb/TNF-α Pathway: A Case-Control Study
MIR125B1;Homo sapiens;406911;microRNA 125b-1;"MIRN125B1; mir-125b-1";ncRNA;"Ensembl:ENSG00000207971 MIM:610104; miRBase:MI0000446; AllianceGenome:HGNC:31506";11q24.1;PBMC;N/A;RT-qPCR;MS;RRMS;Iranian;60 MS patients / 30 healthy subjects;up-regulation;Disease risk;Data demonstrated that miR-125b was significantly diminished in both recurrence and two months after relapse patients and probably plays an essential role in RRMS patients.;The association of miRNA with components of the RNA-induced silencing complex (RISC) results in the degradation or translational repression and/or destabilization of their relevant mRNA.It occurs through miRNA binding to the 3′-untranslated region (UTR) of target genes.Growing evidence has shown the abnormal miRNA activity in CNS glial cells of patients with MS and peripheral blood immune cells compared with normal individuals, suggesting that miRNA expression could be correlated with MS pathogenesis and immunological features.MiR125b was demonstrated to bind the 3′UTR of TNF-α.;36043408;2022;Study of The Correlation between miR-106a, miR-125b, and miR-330 on Multiple Sclerosis Patients by Targeting TNFSF4 and SP1 in NF-кb/TNF-α Pathway: A Case-Control Study
MIR106A;Homo sapiens;406899;microRNA 106a;"mir-106; MIRN106A; mir-106a";ncRNA;"Ensembl:ENSG00000284157 MIM:300792; miRBase:MI0000113; AllianceGenome:HGNC:31494";Xq26.2;PBMC;N/A;RT-qPCR;MS;RRMS;Iranian;60 MS patients / 30 healthy subjects;up-regulation;Disease risk;Our results demonstrated that miR-106a expression was significantly down-regulated in the recurrence and two months after relapse patients compared with the control group.;The association of miRNA with components of the RNA-induced silencing complex (RISC) results in the degradation or translational repression and/or destabilization of their relevant mRNA.It occurs through miRNA binding to the 3′-untranslated region (UTR) of target genes.Growing evidence has shown the abnormal miRNA activity in CNS glial cells of patients with MS and peripheral blood immune cells compared with normal individuals, suggesting that miRNA expression could be correlated with MS pathogenesis and immunological features.MiR-106a probably has an inductive function in Th17 differentiation.Mir-106a may have a crucial function in inflammatory bowel disease through the TNF-α pathway.;36043408;2022;Study of The Correlation between miR-106a, miR-125b, and miR-330 on Multiple Sclerosis Patients by Targeting TNFSF4 and SP1 in NF-кb/TNF-α Pathway: A Case-Control Study
Fos;Mus musculus;14281;FBJ osteosarcoma oncogene;"cFos; c-fos; D12Rfj1";protein coding;Ensembl:ENSMUSG00000021250 AllianceGenome:MGI:95574;"12 D2; 12 39.7 cM";frozen spinal cord;N/A;RT-qPCR;TME;N/A;female SJL/J and C57BL/6 mice;N/A;up-regulation;Disease risk;In susceptible SJL/J mice, in contrast to resistant C57BL/6 mice, investigated mRNA transcript was upregulated in the early (0-7 days dpi) and late phases (28-196 days dpi) of TME.;The expression of these proteins is controlled by gene products from immediate early genes (IEGs) such as c-jun, c-fos, and nuclear factor JB (NF-JB). c-jun and c-fos are members of the activator protein-1 (AP-1) group of transcription factors,which are able to bind to DNA either as JUN/JUN homodimers or JUN/FOS heterodimers via a Bleucin zipper structure.;17805011;2007;Induction of activator protein-1 and nuclear factor-kappaB as a prerequisite for disease development in susceptible SJL/J mice after theiler murine encephalomyelitis
Jun;Mus musculus;16476;jun proto-oncogene;"AP-1; Junc; c-jun";protein coding;Ensembl:ENSMUSG00000052684 AllianceGenome:MGI:96646;"4 C5; 4 43.34 cM";frozen spinal cord;N/A;RT-qPCR;TME;N/A;female SJL/J and C57BL/6 mice;N/A;up-regulation;Disease risk;In susceptible SJL/J mice, in contrast to resistant C57BL/6 mice, investigated mRNA transcript was upregulated in the early (0-7 days dpi) and late phases (28-196 days dpi) of TME.;The expression of these proteins is controlled by gene products from immediate early genes (IEGs) such as c-jun, c-fos, and nuclear factor JB (NF-JB). c-jun and c-fos are members of the activator protein-1 (AP-1) group of transcription factors,which are able to bind to DNA either as JUN/JUN homodimers or JUN/FOS heterodimers via a Bleucin zipper structure.;17805011;2007;Induction of activator protein-1 and nuclear factor-kappaB as a prerequisite for disease development in susceptible SJL/J mice after theiler murine encephalomyelitis
Nfkb1;Mus musculus;18033;nuclear factor of kappa light polypeptide gene enhancer in B cells 1, p105;"p50; p105; NF-KB1; p50/p105; NF-kappaB; NF-kappaB1";protein coding;Ensembl:ENSMUSG00000028163 AllianceGenome:MGI:97312;"3 G3; 3 62.82 cM";frozen spinal cord;N/A;RT-qPCR;TME;N/A;female SJL/J and C57BL/6 mice;N/A;up-regulation;Disease risk;In susceptible SJL/J mice, in contrast to resistant C57BL/6 mice, investigated mRNA transcript was upregulated in the early (0-7 days dpi) and late phases (28-196 days dpi) of TME.;The expression of these proteins is controlled by gene products from immediate early genes (IEGs) such as c-jun, c-fos, and nuclear factor JB (NF-JB). The NF-JB family of transcription factors is characterized by the presence of a Rel homology domain necessary for DNA binding and dimerization.The NF-JB proteins NF-JB1 (p50) and RelA (p65) are ubiquitously expressed, and p50/p65 heterodimers constitute the most common inducible NF-JB binding activity.;17805011;2007;Induction of activator protein-1 and nuclear factor-kappaB as a prerequisite for disease development in susceptible SJL/J mice after theiler murine encephalomyelitis
Rela;Mus musculus;19697;v-rel reticuloendotheliosis viral oncogene homolog A (avian);"p65; p65 NFkB; p65 NF-kappa B";protein coding;Ensembl:ENSMUSG00000024927 AllianceGenome:MGI:103290;"19 A; 19 4.34 cM";frozen spinal cord;N/A;RT-qPCR;TME;N/A;female SJL/J and C57BL/6 mice;N/A;up-regulation;Disease risk;In susceptible SJL/J mice, in contrast to resistant C57BL/6 mice, investigated mRNA transcript was upregulated in the early (0-7 days dpi) and late phases (28-196 days dpi) of TME.;The expression of these proteins is controlled by gene products from immediate early genes (IEGs) such as c-jun, c-fos, and nuclear factor JB (NF-JB). The NF-JB family of transcription factors is characterized by the presence of a Rel homology domain necessary for DNA binding and dimerization.The NF-JB proteins NF-JB1 (p50) and RelA (p65) are ubiquitously expressed, and p50/p65 heterodimers constitute the most common inducible NF-JB binding activity.;17805011;2007;Induction of activator protein-1 and nuclear factor-kappaB as a prerequisite for disease development in susceptible SJL/J mice after theiler murine encephalomyelitis
Tnf;Mus musculus;21926;tumor necrosis factor;"DIF; Tnfa; TNF-a; TNFSF2; Tnlg1f; Tnfsf1a; TNFalpha; TNF-alpha";protein coding;Ensembl:ENSMUSG00000024401 AllianceGenome:MGI:104798;"17 B1; 17 18.59 cM";frozen spinal cord;N/A;RT-qPCR;TME;N/A;female SJL/J and C57BL/6 mice;N/A;up-regulation;Disease risk;In susceptible SJL/J mice, in contrast to resistant C57BL/6 mice, investigated mRNA transcript was upregulated in the early (0-7 days dpi) and late phases (28-196 days dpi) of TME.;N/A;17805011;2007;Induction of activator protein-1 and nuclear factor-kappaB as a prerequisite for disease development in susceptible SJL/J mice after theiler murine encephalomyelitis
Ifng;Mus musculus;15978;interferon gamma;"Ifg; If2f; IFN-g";protein coding;Ensembl:ENSMUSG00000055170 AllianceGenome:MGI:107656;"10 D2; 10 66.75 cM";frozen spinal cord;N/A;RT-qPCR;TME;N/A;female SJL/J and C57BL/6 mice;N/A;up-regulation;Disease risk;In susceptible SJL/J mice, in contrast to resistant C57BL/6 mice, investigated mRNA transcript was upregulated in the early (0-7 days dpi) and late phases (28-196 days dpi) of TME.;N/A;17805011;2007;Induction of activator protein-1 and nuclear factor-kappaB as a prerequisite for disease development in susceptible SJL/J mice after theiler murine encephalomyelitis
COX5B;Homo sapiens;1329;cytochrome c oxidase subunit 5B;COXVB;protein coding;"Ensembl:ENSG00000135940 MIM:123866; AllianceGenome:HGNC:2269";2q11.2;PBMC;N/A;RT-PCR;MS;N/A;N/A;30 MS patients / 30 healthy subjects;down-regulation;Disease risk;Decreased gene expression COX5B was observed in MS patients comparison with normal subjects.;The final respiratory chain complex (complex IV or cytochrome c oxidase [COX]) is the site at which over 90% of oxygen is consumed.There is a common symptom of MS with mitochondrial diseases such as (AD), (PD) and also the point mutation mtDNA can cause damage to the myelin.;23901189;2013;Investigation of cytocrom c oxidase gene subunits expression on the Multiple sclerosis
MT-CO2;Homo sapiens;4513;mitochondrially encoded cytochrome c oxidase II;"COII; MTCO2; COX2";protein coding;"MIM:516040; AllianceGenome:HGNC:7421";N/A;PBMC;N/A;RT-PCR;MS;N/A;N/A;30 MS patients / 30 healthy subjects;No significance;Disease risk;The results showed that there are not meaning differences in COX2 gene.;The final respiratory chain complex (complex IV or cytochrome c oxidase [COX]) is the site at which over 90% of oxygen is consumed.There is a common symptom of MS with mitochondrial diseases such as (AD), (PD) and also the point mutation mtDNA can cause damage to the myelin.;23901189;2013;Investigation of cytocrom c oxidase gene subunits expression on the Multiple sclerosis
NR4A2;Homo sapiens;4929;nuclear receptor subfamily 4 group A member 2;"NOT; RNR1; HZF-3; IDLDP; NURR1; TINUR";protein coding;"Ensembl:ENSG00000153234 MIM:601828; AllianceGenome:HGNC:7981";2q24.1;peripheral whole blood;N/A;RT-PCR;ALS;fALS, sALS;Caucasian;43 patients affected by ALS / 41 healthy controls;up-regulation;Disease risk;The ALS group, comprising seven fALS and 36 sALS patients, showed higher Nurr1 mRNA levels compared with the HC group.Furthermore, there was a significant difference in age, but not in sex between ALS patients and HC.;As neuroinflammation makes a central contribution to ALS pathogenesis, the identification of novel therapeutic targets acting on inflammation is considered mandatory.In this scenario, an interesting role is played by the nuclear receptor related 1 protein (Nurr1), also called NR4A2 (encoded by the gene NR4A2). Nurr1 is an orphan receptor belonging to the nuclear receptor subfamily 4 group A (NR4A) family.In the CNS, Nurr1 has a well-established role in the development and maintenance of midbrain dopaminergic (mDA) neurons. Indeed, Nurr1 has an anti-inflammatory role, inhibiting expression of the genes encoding pro-inflammatory components of the NFκB pathway in microglia and astrocytes.In addition to its role in the CNS, Nurr1 has an active role in PD, as downregulated levels of gene expression were also found in peripheral blood obtained from PD patients with progressive loss of mDA neurons.;32188741;2020;The transcription factor Nurr1 is upregulated in amyotrophic lateral sclerosis patients and SOD1-G93A mice
Erbb2;Mus musculus;13866;erb-b2 receptor tyrosine kinase 2;"Neu; HER2; HER-2; c-neu; Erbb-2; c-erbB2; l11Jus8; mKIAA3023";protein coding;Ensembl:ENSMUSG00000062312 AllianceGenome:MGI:95410;"11 61.75 cM; 11 D";brain;N/A;qRT-PCR;EAE;N/A;female SJL/J mice;5 EAE / 5 normal mice;up-regulation;Disease risk;In these experiments, we examined the expression of HER2/Erbb2 mRNA in mice during high clinical score and observed an up-regulation in the EAE untreated mice as compared to normal mice.;N/A;34168483;2021;Molecular Examination of Differentially Expressed Genes in the Brains of Experimental Autoimmune Encephalomyelitis Mice Post Herceptin Treatment
IL1R1;Homo sapiens;3554;interleukin 1 receptor type 1;"P80; IL1R; IL1RA; CD121A; D2S1473; IL-1RT1; IL-1R-alpha";protein coding;"Ensembl:ENSG00000115594 MIM:147810; AllianceGenome:HGNC:5993";2q11.2-q12.1;PBMC;CD4+, CD4+CD45RA+ naive, and CD4+CD45RO+ memory T cells;qRT-PCR;MS;RRMS;N/A;6 RRMS patients / 6 HCs;up-regulation;Disease risk;IL-RI gene expression is significantly increased in both naive and memory CD4+ cells derived from RRMS patients in comparison to HCs.;Interleukin-1 receptor signaling in T cells is required for the early programing of Th17 cell differentiation and Th17 cell-mediated autoimmunity.Th17 cells, which are characterized by the production of IL-17, are considered a key player in the pathogenesis of autoimmune diseases.IL-1R1 expression in T cells is necessary for the Th17 cell differentiation.;27965670;2016;Activated IL-1RI Signaling Pathway Induces Th17 Cell Differentiation via Interferon Regulatory Factor 4 Signaling in Patients with Relapsing-Remitting Multiple Sclerosis
Tnfaip3;Mus musculus;21929;tumor necrosis factor, alpha-induced protein 3;"A20; Tnfip3";protein coding;Ensembl:ENSMUSG00000019850 AllianceGenome:MGI:1196377;"10 A3; 10 8.08 cM";spinal cord;N/A;RT-PCR;EAE;N/A;C57BL/6 mice;6 EAE cases;up-regulation;Disease risk;A20 mRNA expression was significantly upregulated in the spinal cord at both day 15 and day 22 p.i..;Single-nucleotide polymorphisms (SNPs) in or close to the human tumor necrosis factor, alpha-induced protein 3 (TNFAIP3) gene, are associated with several human autoimmune diseases including multiple sclerosis, suggesting that altered expression and activity of A20, which is encoded by TNFAIP3, contribute to specific autoimmune diseases.A20, a ubiquitin-modifying protein, inhibits activation of nuclear factor kappa-light-chain enhancer of activated B cells (NF-κB) by deubiquitinating K63-linked ubiquitination events and targets proteins, such as receptor-interacting protein 1 (RIP1), for proteasomal degradation by adding K48-linked polyubiquitin chains.;24077734;2013;Astrocytic A20 ameliorates experimental autoimmune encephalomyelitis by inhibiting NF-κB- and STAT1-dependent chemokine production in astrocytes
Opn1mw;Mus musculus;14539;opsin 1 (cone pigments), medium-wave-sensitive (color blindness, deutan);"Gcp; Rsvp; Opn1lw; ML-opsin";protein coding;Ensembl:ENSMUSG00000031394 AllianceGenome:MGI:1097692;"X; X A7.3";retinal lysates;N/A;RT-qPCR;EAE;B cell-dependent EAE;C57BL/6J male mice;EAE samples (n = 7)/ CFA samples (n = 5) /naive animals (n = 6);up-regulation;Disease risk;The mRNA level of Opn1mw gene, coding for M-opsin, was higher in EAE retinal lysates than in CFA retinal samples and naive animals.;N/A;35197067;2022;B cell-dependent EAE induces visual deficits in the mouse with similarities to human autoimmune demyelinating diseases
Gnat1;Mus musculus;14685;G protein subunit alpha transducin 1;"Hg1f; Ird1; Ird2; irdc; irdr; Gnat-1; Tralpha; transducin";protein coding;Ensembl:ENSMUSG00000034837 AllianceGenome:MGI:95778;"9 F1; 9 58.86 cM";retinal lysates;N/A;RT-qPCR;EAE;B cell-dependent EAE;C57BL/6J male mice;EAE samples (n = 7)/ CFA samples (n = 5) /naive animals (n = 6);no change;Disease risk;Gnat1, encoding a rod-specific transducin subunit, did not differ.;N/A;35197067;2022;B cell-dependent EAE induces visual deficits in the mouse with similarities to human autoimmune demyelinating diseases
Gnat2;Mus musculus;14686;G protein subunit alpha transducin 2;"Gt-2; Hg1d; Gnat-2; Tcalpha";protein coding;Ensembl:ENSMUSG00000009108 AllianceGenome:MGI:95779;"3 F2.3; 3 46.83 cM";retinal lysates;N/A;RT-qPCR;EAE;B cell-dependent EAE;C57BL/6J male mice;EAE samples (n = 7)/ CFA samples (n = 5) /naive animals (n = 6);up-regulation;Disease risk;The level of Gnat2 mRNA, encoding a cone-specific transducin subunit, was upregulated in bMOG and CFA mice.;N/A;35197067;2022;B cell-dependent EAE induces visual deficits in the mouse with similarities to human autoimmune demyelinating diseases
Gfap;Mus musculus;14580;glial fibrillary acidic protein;N/A;protein coding;Ensembl:ENSMUSG00000020932 AllianceGenome:MGI:95697;"11 E1; 11 66.48 cM";retinal lysates;N/A;RT-qPCR;EAE;B cell-dependent EAE;C57BL/6J male mice;EAE samples (n = 7)/ CFA samples (n = 5) /naive animals (n = 6);up-regulation;Disease risk;mRNA were significantly increased in EAE retinae at day 18.;Gliosis and inflammation likely contribute to the functional alterations of the retina during bMOG EAE.;35197067;2022;B cell-dependent EAE induces visual deficits in the mouse with similarities to human autoimmune demyelinating diseases
Vim;Mus musculus;22352;vimentin;N/A;protein coding;Ensembl:ENSMUSG00000026728 AllianceGenome:MGI:98932;"2 A1; 2 10.04 cM";retinal lysates;N/A;RT-qPCR;EAE;B cell-dependent EAE;C57BL/6J male mice;EAE samples (n = 7)/ CFA samples (n = 5) /naive animals (n = 6);up-regulation;Disease risk;mRNA were significantly increased in EAE retinae at day 18.;Gliosis and inflammation likely contribute to the functional alterations of the retina during bMOG EAE.;35197067;2022;B cell-dependent EAE induces visual deficits in the mouse with similarities to human autoimmune demyelinating diseases
Edn2;Mus musculus;13615;endothelin 2;"VIC; ET-2; PPET2";protein coding;Ensembl:ENSMUSG00000028635 AllianceGenome:MGI:95284;"4; 4 D2.1";retinal lysates;N/A;RT-qPCR;EAE;B cell-dependent EAE;C57BL/6J male mice;EAE samples (n = 7)/ CFA samples (n = 5) /naive animals (n = 6);up-regulation;Disease risk;mRNA were significantly increased in EAE retinae at day 18.;Gliosis and inflammation likely contribute to the functional alterations of the retina during bMOG EAE.;35197067;2022;B cell-dependent EAE induces visual deficits in the mouse with similarities to human autoimmune demyelinating diseases
Fgf2;Mus musculus;14173;fibroblast growth factor 2;"Fgfb; bFGF; Fgf-2; Fgf2a";protein coding;Ensembl:ENSMUSG00000037225 AllianceGenome:MGI:95516;"3 B; 3 18.41 cM";retinal lysates;N/A;RT-qPCR;EAE;B cell-dependent EAE;C57BL/6J male mice;EAE samples (n = 7)/ CFA samples (n = 5) /naive animals (n = 6);up-regulation;Disease risk;mRNA were significantly increased in EAE retinae at day 18.;Gliosis and inflammation likely contribute to the functional alterations of the retina during bMOG EAE.;35197067;2022;B cell-dependent EAE induces visual deficits in the mouse with similarities to human autoimmune demyelinating diseases
TNFSF14;Homo sapiens;8740;TNF superfamily member 14;"LTg; CD258; HVEML; LIGHT";protein coding;"Ensembl:ENSG00000125735 MIM:604520; AllianceGenome:HGNC:11930";19p13.3;whole blood;N/A;qPCR;MS;N/A;Italian;39 patients with MS / 16 HCs;down-rehulation;Disease risk;Expression levels of both the full-length and DTM TNFSF14 isoforms were lower in patients with MS compared with HCs.;N/A;34353742;2021;Genomic and functional evaluation of TNFSF14 in multiple sclerosis susceptibility
CD24;Homo sapiens;100133941;CD24 molecule;CD24A;protein coding;"Ensembl:ENSG00000272398 MIM:600074; AllianceGenome:HGNC:1645";6q21;PBMCs;N/A;RT-PCR;MS;RRMS;Iranian;120 MS / 120 controls;up-regulation;Disease risk;The results indicated a significant difference in the Ct between MS patients and controls. When we calculated the relative amount of CD24 mRNA, it showed a 1.7-fold upregulation of CD24 mRNA in MS patients compared with controls.;CD24 is one of the non-HLA genes suggested to contribute to the pathogenesis of MS. It is a glycosylphosphatidylinositol (GPI)-linked cell surface glycoprotein expressed in a broad range of hematopoietic system cells, including T cells, B cells, macrophages, and neutrophils.It ′is also known that CD24 is abundantly expressed in CNS cells such as astrocytes and microglia.CD24 contributes to the pathogenesis of MS through several mechanisms, including expansion of autoreactive T cells in the target organ and regulation of homeostatic proliferation.;21815873;2011;Investigation of CD24 and its expression in Iranian relapsing-remitting multiple sclerosis
Igf1;Rattus norvegicus;24482;insulin-like growth factor 1;IGF;protein coding;Ensembl:ENSRNOG00000004517 AllianceGenome:RGD:2868;7q13;spinal cord sections;N/A;in situ hybridization;EAE;N/A;Lewis rats;three to five spinal cord sectionsfrom each of two to four rats;up-regulation;Disease risk;IGF-I mRNAs were increased in these lesions.;IGF-I issynthesized in the CNS and is most abundant during development, when it promotes cell proliferation and differentiation.;7529631;1994;Astrocytes express insulin-like growth factor-I (IGF-I) and its binding protein, IGFBP-2, during demyelination induced by experimental autoimmune encephalomyelitis
Gfap;Rattus norvegicus;24387;glial fibrillary acidic protein;N/A;protein coding;Ensembl:ENSRNOG00000002919 AllianceGenome:RGD:2679;10q32.1;spinal cord sections;N/A;in situ hybridization;EAE;N/A;Lewis rats;three to five spinal cord sectionsfrom each of two to four rats;up-regulation;Disease risk;GFAP mRNAs were increased in these lesions.;N/A;7529631;1994;Astrocytes express insulin-like growth factor-I (IGF-I) and its binding protein, IGFBP-2, during demyelination induced by experimental autoimmune encephalomyelitis
Mbp;Rattus norvegicus;24547;myelin basic protein;Mbps;protein coding;Ensembl:ENSRNOG00000016516 AllianceGenome:RGD:3054;18q12.3;spinal cord sections;N/A;in situ hybridization;EAE;N/A;Lewis rats;three to five spinal cord sectionsfrom each of two to four rats;down-regulation;Disease risk;Transcripts encoding myelin basic protein (MBP) were greatly reduced.;N/A;7529631;1994;Astrocytes express insulin-like growth factor-I (IGF-I) and its binding protein, IGFBP-2, during demyelination induced by experimental autoimmune encephalomyelitis
SP3;Homo sapiens;6670;Sp3 transcription factor;SPR2;protein coding;"Ensembl:ENSG00000172845 MIM:601804; AllianceGenome:HGNC:11208";2q31.1;peripheral blood;N/A;amplifcation of Sp3-Specific Sequences;MS;N/A;N/A;28 MS patients / 35 control subjects;down-regulation;Disease risk;Sp3 gene transcription is suppressed in peripheral blood mononuclear cells from most MS patients.;N/A;8687178;1996;Deficient expression in multiple sclerosis of the inhibitory transcription factor Sp3 in mononuclear blood cells
MIR140;Homo sapiens;406932;microRNA 140;"SEDN; MIRN140; mir-140; miRNA140";ncRNA;"Ensembl:ENSG00000208017 MIM:611894; miRBase:MI0000456; AllianceGenome:HGNC:31527";16q22.1;PBMCs;N/A;qPCR;MS;RRMS;N/A;22 patients / 22 controls;down-regulation;Disease risk;The results showed that the expression level of miR‐140‐5p was significantly down‐regulated in both relapsing and remitting stages compared with that of the control.;Our results indicated a negative correlation between the expression of miR‐140‐5p and the development of the disease and suggested a possible role of miR‐140‐5p in the differentiation of encephalitogenic CD4+ T cells.;26780721;2016;Inverse correlation of expression of microRNA-140-5p with progression of multiple sclerosis and differentiation of encephalitogenic T helper type 1 cells
MIRLET7E;Homo sapiens;406887;microRNA let-7e;"LET7E; let-7e; MIRNLET7E; hsa-let-7e";ncRNA;"Ensembl:ENSG00000198972 MIM:611250; miRBase:MI0000066; AllianceGenome:HGNC:31482";19q13.41;PBMCs;N/A;qPCR;MS;RRMS;N/A;22 patients / 22 controls;up-regulation;Disease risk;We found that microRNA let‐7e was significantly up‐regulated in patients with MS.;Direct binding of microRNAs to their target mRNAs usually suppresses gene expression and facilitates mRNA degradation.;26780721;2016;Inverse correlation of expression of microRNA-140-5p with progression of multiple sclerosis and differentiation of encephalitogenic T helper type 1 cells
MIR181A1;Homo sapiens;406995;microRNA 181a-1;"MIR213; MIRN213; mir-213; MIRN181A1; mir-181a-1; hsa-mir-181a-1";ncRNA;"Ensembl:ENSG00000207759 MIM:612742; miRBase:MI0000289; AllianceGenome:HGNC:31590";1q32.1;PBMCs;N/A;qPCR;MS;RRMS;N/A;22 patients / 22 controls;up-regulation;Disease risk;we found that miR‐181a‐5p was significantly up‐regulated in patients with MS.;Direct binding of microRNAs to their target mRNAs usually suppresses gene expression and facilitates mRNA degradation.;26780721;2016;Inverse correlation of expression of microRNA-140-5p with progression of multiple sclerosis and differentiation of encephalitogenic T helper type 1 cells
C3;Mus musculus;12266;complement component 3;"ASP; Plp; HSE-MSF";protein coding;Ensembl:ENSMUSG00000024164 AllianceGenome:MGI:88227;"17 D; 17 29.72 cM";dissected snap-frozen lumbar and sacral portions of the spinal cords;N/A;RTqPCR;EAE;rEAE, TMEV-IDD;SJL/J mice;26 TMEV-IDD mice / 20 PLP-immunized rEAE mice;down-regulation;Phenotypic risk;Increased mRNA expression of C3 was observed in both models, with significantly higher levels in the rEAE mice compared to the TMEV-IDD rodents.Increased C3 expression only correlated with a more severe disease course in TMEV-IDD.C3 was unrelated to rEAE disease outcome .;The complement system has also been shown to directly control the adaptive immune responses, both B and T cells, including their recruitment in the CNS . Complement activation can also induce microgliosis and astrogliosis in neuroinflammatory conditions and aid in the recruitment of peripheral immune cells in the CNS.;35958570;2022;Divergent complement system activation in two clinically distinct murine models of multiple sclerosis
C3ar1;Mus musculus;12267;complement component 3a receptor 1;"AZ3B; C3AR; HNFAG09";protein coding;Ensembl:ENSMUSG00000040552 AllianceGenome:MGI:1097680;"6; 6 F2";dissected snap-frozen lumbar and sacral portions of the spinal cords;N/A;RTqPCR;EAE;rEAE, TMEV-IDD;SJL/J mice;26 TMEV-IDD mice / 20 PLP-immunized rEAE mice;down-regulation;Phenotypic risk;Increased mRNA expression of C3aR was observed in both models, with significantly higher levels in the rEAE mice compared to the TMEV-IDD rodents.C3aR expression was strongly associated with a more severe disease course in both TMEV-IDD and rEAE.;The complement system has also been shown to directly control the adaptive immune responses, both B and T cells, including their recruitment in the CNS . Complement activation can also induce microgliosis and astrogliosis in neuroinflammatory conditions and aid in the recruitment of peripheral immune cells in the CNS.;35958570;2022;Divergent complement system activation in two clinically distinct murine models of multiple sclerosis
Hc;Mus musculus;15139;hemolytic complement;"C5; He; C5a; Hfib2";protein coding;Ensembl:ENSMUSG00000026874 AllianceGenome:MGI:96031;"2 B; 2 23.22 cM";dissected snap-frozen lumbar and sacral portions of the spinal cords;N/A;RTqPCR;EAE;rEAE, TMEV-IDD;SJL/J mice;26 TMEV-IDD mice / 20 PLP-immunized rEAE mice;No significance;Phenotypic risk;C5 mRNA expression was very low in both models and was not associated with disease outcomes .;The complement system has also been shown to directly control the adaptive immune responses, both B and T cells, including their recruitment in the CNS . Complement activation can also induce microgliosis and astrogliosis in neuroinflammatory conditions and aid in the recruitment of peripheral immune cells in the CNS.;35958570;2022;Divergent complement system activation in two clinically distinct murine models of multiple sclerosis
C1qa;Mus musculus;12259;complement component 1, q subcomponent, alpha polypeptide;"C1q; Adic";protein coding;Ensembl:ENSMUSG00000036887 AllianceGenome:MGI:88223;"4 D3; 4 69.05 cM";dissected snap-frozen lumbar and sacral portions of the spinal cords;N/A;RTqPCR;EAE;TMEV-IDD;SJL/J mice;26 TMEV-IDD mice;up-regulation;Treatment risk;In TMEV-IDD, increased C1q expression was associated with a worse disease outcome .;The complement system has also been shown to directly control the adaptive immune responses, both B and T cells, including their recruitment in the CNS . Complement activation can also induce microgliosis and astrogliosis in neuroinflammatory conditions and aid in the recruitment of peripheral immune cells in the CNS.;35958570;2022;Divergent complement system activation in two clinically distinct murine models of multiple sclerosis
C1qa;Mus musculus;12259;complement component 1, q subcomponent, alpha polypeptide;"C1q; Adic";protein coding;Ensembl:ENSMUSG00000036887 AllianceGenome:MGI:88223;"4 D3; 4 69.05 cM";dissected snap-frozen lumbar and sacral portions of the spinal cords;N/A;RTqPCR;EAE;rEAE;SJL/J mice;20 rEAE mice;up-regulation;Treatment risk;In rEAE, increased expression of C1q correlated with an improved disease outcome.;The complement system has also been shown to directly control the adaptive immune responses, both B and T cells, including their recruitment in the CNS . Complement activation can also induce microgliosis and astrogliosis in neuroinflammatory conditions and aid in the recruitment of peripheral immune cells in the CNS.;35958570;2022;Divergent complement system activation in two clinically distinct murine models of multiple sclerosis
Cfb;Mus musculus;14962;complement factor B;"Bf; C2; Fb; H2-Bf";protein coding;Ensembl:ENSMUSG00000090231 AllianceGenome:MGI:105975;"17 B1; 17 18.41 cM";dissected snap-frozen lumbar and sacral portions of the spinal cords;N/A;RTqPCR;EAE;rEAE;SJL/J mice;20 rEAE mice;up-regulation;Treatment risk;In rEAE, incerased CFb expression was strongly related to a worse clinical outcome.;The complement system has also been shown to directly control the adaptive immune responses, both B and T cells, including their recruitment in the CNS . Complement activation can also induce microgliosis and astrogliosis in neuroinflammatory conditions and aid in the recruitment of peripheral immune cells in the CNS.;35958570;2022;Divergent complement system activation in two clinically distinct murine models of multiple sclerosis
Mbl2;Mus musculus;17195;mannose-binding lectin (protein C) 2;"MBL; L-MBP; MBL-C; MBP-C; RARF/P28A";protein coding;Ensembl:ENSMUSG00000024863 AllianceGenome:MGI:96924;"19 C1; 19 25.14 cM";dissected snap-frozen lumbar and sacral portions of the spinal cords;N/A;RTqPCR;EAE;rEAE;SJL/J mice;20 rEAE mice;up-regulation;Treatment risk;MBL also showed a significant association with an improved outcome in rEAE.;The complement system has also been shown to directly control the adaptive immune responses, both B and T cells, including their recruitment in the CNS . Complement activation can also induce microgliosis and astrogliosis in neuroinflammatory conditions and aid in the recruitment of peripheral immune cells in the CNS.;35958570;2022;Divergent complement system activation in two clinically distinct murine models of multiple sclerosis
Ighg1;Mus musculus;16017;immunoglobulin heavy constant gamma 1 (G1m marker);"IgG1; Igh-4; VH7183";other;"IMGT/GENE-DB:IGHG1; AllianceGenome:MGI:96446";"12 F1; 12 62.1 cM";dissected snap-frozen lumbar and sacral portions of the spinal cords;N/A;RTqPCR;EAE;rEAE, TMEV-IDD;SJL/J mice;26 TMEV-IDD mice / 20 PLP-immunized rEAE mice;up-regulation;Phenotypic risk;Mice with TMEV-IDD showed significantly higher levels of IgG1 mRNA in their spinal cords compared to the rEAE rodents.;The complement system has also been shown to directly control the adaptive immune responses, both B and T cells, including their recruitment in the CNS . Complement activation can also induce microgliosis and astrogliosis in neuroinflammatory conditions and aid in the recruitment of peripheral immune cells in the CNS.;35958570;2022;Divergent complement system activation in two clinically distinct murine models of multiple sclerosis
Ighg1;Mus musculus;16017;immunoglobulin heavy constant gamma 1 (G1m marker);"IgG1; Igh-4; VH7183";other;"IMGT/GENE-DB:IGHG1; AllianceGenome:MGI:96446";"12 F1; 12 62.1 cM";dissected snap-frozen lumbar and sacral portions of the spinal cords;N/A;RTqPCR;EAE;TMEV-IDD;SJL/J mice;26 TMEV-IDD mice;up-regulation;Treatment risk;In TMEV-IDD, increased expression of IgG1 mRNA was significantly correlated with both a worse disease outcome and increased expression of C1q.;The complement system has also been shown to directly control the adaptive immune responses, both B and T cells, including their recruitment in the CNS . Complement activation can also induce microgliosis and astrogliosis in neuroinflammatory conditions and aid in the recruitment of peripheral immune cells in the CNS.;35958570;2022;Divergent complement system activation in two clinically distinct murine models of multiple sclerosis
Ighg1;Mus musculus;16017;immunoglobulin heavy constant gamma 1 (G1m marker);"IgG1; Igh-4; VH7183";other;"IMGT/GENE-DB:IGHG1; AllianceGenome:MGI:96446";"12 F1; 12 62.1 cM";dissected snap-frozen lumbar and sacral portions of the spinal cords;N/A;RTqPCR;EAE;rEAE;SJL/J mice;20 rEAE mice;No significance;Treatment risk;During rEAE IgG1 CNS expression does not correlate with the clinical outcome.;The complement system has also been shown to directly control the adaptive immune responses, both B and T cells, including their recruitment in the CNS . Complement activation can also induce microgliosis and astrogliosis in neuroinflammatory conditions and aid in the recruitment of peripheral immune cells in the CNS.;35958570;2022;Divergent complement system activation in two clinically distinct murine models of multiple sclerosis
CX3CR1;Homo sapiens;1524;C-X3-C motif chemokine receptor 1;"V28; CCRL1; GPR13; CMKDR1; GPRV28; CMKBRL1";protein coding;"Ensembl:ENSG00000168329 MIM:601470; AllianceGenome:HGNC:2558";3p22.2;PBMCs;N/A;RT-PCR;MS;RRMS, PPMS;N/A;45 MS patients / 28 healthy individuals;down-regulation;Disease risk;The data confirm that MS patients showed a reduced CX3CR1 gene expression compared with control individuals.;The reduced frequency of CX3CR1 NK cells demonstrated in our study might imply the presence of a defective cytotoxic effector NK cell population in MS patients. NK cells appear to be essential in regulating the immune response and in the development of autoimmune processes.;16144955;2005;Frequency of blood CX3CR1-positive natural killer cells correlates with disease activity in multiple sclerosis patients
PTGDS;Homo sapiens;5730;prostaglandin D2 synthase;"PDS; PGD2; PGDS; LPGDS; PGDS2; L-PGDS";protein coding;"Ensembl:ENSG00000107317 MIM:176803; AllianceGenome:HGNC:9592";9q34.3;fresh frozen blocks from MS brains, normal white matter;N/A;RT-PCR;MS;N/A;N/A;5 MS patients / 3 non-MS subjects;up-regulation;Disease risk;The mRNA level of L-PGDS was increased 1.5- to 2-fold in MS white matter compared with the non-MS white matter. Its level was highest in the chronic plaque, followed by the shadow plaque and ANWM of MS brains.;Prostaglandin (PG) D2 is a major PG in the central nervous system (CNS) and functions as a neuromodulator mediating the regulation of the sleep–wake cycle, body temperature, hormone release and pain responses. In the CNS, PGD2 is constitutively synthesized by lipocalin-type PGD synthase (L-PGDS), which is dominantly localized in leptomeningeal cells, and is secreted into the cerebrospinal fluid (CSF) as b-trace, a major protein in the human CSF.;16409554;2006;Lipocalin-type prostaglandin D synthase (beta-trace) is upregulated in the alphaB-crystallin-positive oligodendrocytes and astrocytes in the chronic multiple sclerosis
Plp1;Mus musculus;18823;proteolipid protein (myelin) 1;"jp; Plp; msd; rsh; DM20; jimpy";protein coding;Ensembl:ENSMUSG00000031425 AllianceGenome:MGI:97623;"X F1; X 59.1 cM";spinal cord sections;N/A;simultaneous in situ hybridization;EAE;N/A;female SJL/J (susceptible prototypic strain) mice;N/A;down-regulation;Disease risk;The number of grains over PLP antigen-positive cells was decreased in infected susceptible SJL/J mice. This downregulation of PLP mRNA expression on oligodendrocytes preceded development of intense inflammation and demyelination in spinal cord.Downregulation of PLP mRNA was observed in all spinal cord lesions of SJL/J mice.;Proteolipid protein (PLP) is the major protein of central nervous system (CNS) myelin.It is specific to the myelin sheath and is not a component of other neuronal or glialmembranes.This allows identification of antigen or mRNA for PLP to be highly characteristic for oligodendrocytes.Downregulation of myelin gene products is expected and has been documented in demyelinated lesions.Such downregulation, evidenced by decreased levels of myelin basic protein or PLP mRNA expression, indicates either the death of oligodendrocytes or the lack of myelin synthesis.Unknown is whether downregulation of myelin gene products is a secondary consequence of demyelination or whether downregulation of myelin gene products is primary and precedes myelin injury due to selective vulnerability of oligodendrocytes.;7509847;1994;Proteolipid protein gene expression in demyelination and remyelination of the central nervous system: a model for multiple sclerosis
IL7;Homo sapiens;3574;interleukin 7;IL-7;protein coding;"Ensembl:ENSG00000104432 MIM:146660; AllianceGenome:HGNC:6023";8q21.13;serum;N/A;ELISA;MS;RRMS, PPMS, SPMS;N/A;26 MS patients / 26 HC;down-regulation;Disease risk;MS patients had significantly lower levels of IL-7 compared with HC.;Decreased NK cell numbers and impairment of NK cell function are reported in patients with multiple sclerosis (MS). Interleukin-7 (IL-7) is a member of the common gamma-chain (γc) cytokine superfamily that has well documented roles in lymphocyte development and homeostasis.;25218211;2014;Interleukin-7 expression and its effect on natural killer cells in patients with multiple sclerosis
TNF;Homo sapiens;7124;tumor necrosis factor;"DIF; TNFA; TNFSF2; TNLG1F; TNF-alpha";protein coding;"Ensembl:ENSG00000232810 MIM:191160; AllianceGenome:HGNC:11892";6p21.33;serum;N/A;ELISA;MS;RRMS;Caucasian;152 RRMS patients / 98 healthy controls;up-regulation;Disease risk;The obtained results indicated significant differences in TNF-α serum levels after gender division.The result shows considerably higher serum levels of TNF-α in RRMS women than in the healthy women as well as comparing with those of RRMS men. The analysis among men showed twofold higher serum cytokine TNF-α level in RRMS patients than the controls. Also, women in the control group showed approximately twofold higher cytokine serum levels than healthy men .;Tumor necrosis factor-alpha (TNF-α) is a potent pro-inflammatory cytokine with a pleiotropic effect,involved in acute and systemic inflammation.TNF-α interacts with two cell-surface TNF receptors–TNFR1 (55kDa) and TNFR2 (75 kDa) and triggers the cell survival and pro-inflammatory NF-kB and MAP kinases activation.The pathogenic function associated with higher levels of TNF-α includes the facilitation of inflammation and tissue damage which results in the activation of a cascade of inflammatory events, causing tissue disruption in autoimmune diseases.;33252003;2021;Association of polymorphism -308G/A in tumor necrosis factor-alpha gene ( TNF-α) and TNF-α serum levels in patients with relapsing-remitting multiple sclerosis
ERVW-1;Homo sapiens;30816;endogenous retrovirus group W member 1, envelope;"ENV; ENVW; HERVW; ERVWE1; HERV7Q; HERV-7q; HERVWENV; HERV-W-ENV";protein coding;"Ensembl:ENSG00000242950 MIM:604659; AllianceGenome:HGNC:13525";7q21.2;peripheral blood;N/A;qPCR;MS;RRMS, PPMS;Spanish;101 MS / 37 HC;up-regulation;Disease risk;Regarding gene expression levels, we only found that MS patients,showed significantly higher pHERV-W ENV gene expression levels compared to HD.;The HERV-W family, and its two main members (multiple sclerosis-associated retrovirus, MSRV, and ERVWE1), have been the most studied ones concerning MS. ERVWE1 envelope protein (env), called syncytin-1, is a fusogenic protein essential for placental syncytiotrophoblast formation.In relation to MS, proinflammatory and neurotoxic properties of pHERV-W ENV could lead to the development and progression of the disease.;34912348;2021;Anti-Human Herpesvirus 6 A/B Antibodies Titers Correlate With Multiple Sclerosis-Associated Retrovirus Envelope Expression
ERVW-1;Homo sapiens;30816;endogenous retrovirus group W member 1, envelope;"ENV; ENVW; HERVW; ERVWE1; HERV7Q; HERV-7q; HERVWENV; HERV-W-ENV";protein coding;"Ensembl:ENSG00000242950 MIM:604659; AllianceGenome:HGNC:13525";7q21.2;peripheral blood;N/A;qPCR;MS;RRMS, PPMS;Spanish;21 PPMS patients / 80 RRMS patients;up-regulation;Phenotypic risk;Levels were higher in PP-MS patients compared to the RR-MS ones, showing a trend to statistical significance.;The HERV-W family, and its two main members (multiple sclerosis-associated retrovirus, MSRV, and ERVWE1), have been the most studied ones concerning MS. ERVWE1 envelope protein (env), called syncytin-1, is a fusogenic protein essential for placental syncytiotrophoblast formation.In relation to MS, proinflammatory and neurotoxic properties of pHERV-W ENV could lead to the development and progression of the disease.;34912348;2021;Anti-Human Herpesvirus 6 A/B Antibodies Titers Correlate With Multiple Sclerosis-Associated Retrovirus Envelope Expression
ERVW-1;Homo sapiens;30816;endogenous retrovirus group W member 1, envelope;"ENV; ENVW; HERVW; ERVWE1; HERV7Q; HERV-7q; HERVWENV; HERV-W-ENV";protein coding;"Ensembl:ENSG00000242950 MIM:604659; AllianceGenome:HGNC:13525";7q21.2;brain tissue or cells;N/A;RT-PCR;MS;RRMS, SPMS, RPMS;N/A;16 MS / 16 controls;up-regulation;Disease risk;HERV-W env mRNA expression was selectively upregulated in brain tissue from individuals with multiple sclerosis as compared with controls.;Many human endogenous retroviruses (HERVs) have retained functional promoter, enhancer and polyadenylation signals, and these regulatory sequences have the potential to modify the expression of adjacent genes.An increase in the expression of HERV genes may be important in modulating host innate and adaptive immune responses with ensuing effects on the development of disease.;15452578;2004;Human endogenous retrovirus glycoprotein-mediated induction of redox reactants causes oligodendrocyte death and demyelination
SP3;Homo sapiens;6670;Sp3 transcription factor;SPR2;protein coding;"Ensembl:ENSG00000172845 MIM:601804; AllianceGenome:HGNC:11208";2q31.1;PBMC;N/A;Southern blot, PCR;MS;RRMS, SPMS;N/A;10 MS patients/ 8 healthycontrols;No significance;Disease risk;Southern blot and polymerase chain reaction analysis of genomic DNA failed to demonstrate a detectable difference between MS and control PBMC.;Sp3 belongs to a family of human transcription factors that bind GC/T box elements in order to either activate or repress transcription.MS is a putative autoimmune disease of the central nervous system (CNS) that exhibits both a genetic predisposition and evidence for an environmental infuence on susceptibility to the diseaseThe abnormal suppression of Sp3 expression in MS immune cells could well play a role in the control of the level of responsiveness of these cells.;10814800;2000;Localization of the human SP3 gene to chromosome 7p14-p15.2. The lack of expression in multiple sclerosis does not reflect abnormal gene organization
MMP9;Homo sapiens;4318;matrix metallopeptidase 9;"GELB; CLG4B; MMP-9; MANDP2";protein coding;"Ensembl:ENSG00000100985 MIM:120361; AllianceGenome:HGNC:7176";20q13.12;peripheral venous puncture;N/A;ELISA;MS;CIS, RMS;Caucasian;222 MS patients;No significance;Treatment risk;MMP-9 values did not differ between the NAb-positive and NAb-negative treated patient groups at any time point.;We investigated several molecules which are involved in the mechanisms of action of IFN-b and can be easily determined in serum.;24009164;2014;Early detection of neutralizing antibodies to interferon-beta in multiple sclerosis patients: binding antibodies predict neutralizing antibody development
TIMP1;Homo sapiens;7076;TIMP metallopeptidase inhibitor 1;"EPA; EPO; HCI; CLGI; TIMP; TIMP-1";protein coding;"Ensembl:ENSG00000102265 MIM:305370; AllianceGenome:HGNC:11820";Xp11.3;peripheral venous puncture;N/A;ELISA;MS;CIS, RMS;Caucasian;222 MS patients;No significance;Treatment risk;TIMP-1 values did not differ between the NAb-positive and NAb-negative treated patient groups at any time point.;We investigated several molecules which are involved in the mechanisms of action of IFN-b and can be easily determined in serum: MMP-9 and its antagonist tissue-inhibitor of matrix metalloproteinase-1 (TIMP-1), which regulate leukocyte trafficking across the blood-brain barrier.;24009164;2014;Early detection of neutralizing antibodies to interferon-beta in multiple sclerosis patients: binding antibodies predict neutralizing antibody development
CCL2;Homo sapiens;6347;C-C motif chemokine ligand 2;"HC11; MCAF; MCP1; MCP-1; SCYA2; GDCF-2; SMC-CF; HSMCR30";protein coding;"Ensembl:ENSG00000108691 MIM:158105; AllianceGenome:HGNC:10618";17q12;peripheral venous puncture;N/A;ELISA;MS;CIS, RMS;Caucasian;222 MS patients;No significance;Treatment risk;CCL-2 values did not differ between the NAb-positive and NAb-negative treated patient groups at any time point.;We investigated several molecules which are involved in the mechanisms of action of IFN-b and can be easily determined in serum: the chemokines CCL-2, which is involved in the recruitment of leukocytes.;24009164;2014;Early detection of neutralizing antibodies to interferon-beta in multiple sclerosis patients: binding antibodies predict neutralizing antibody development
TNFSF10;Homo sapiens;8743;TNF superfamily member 10;"TL2; APO2L; CD253; TANCR; TRAIL; Apo-2L; TNLG6A";protein coding;"Ensembl:ENSG00000121858 MIM:603598; AllianceGenome:HGNC:11925";3q26.31;peripheral venous puncture;N/A;ELISA;MS;CIS, RMS;Caucasian;222 MS patients;down-regulation;Treatment risk;Concentrations of sTRAIL was significantly lower in the BAb-positive than BAb-negative group.;We investigated several molecules which are involved in the mechanisms of action of IFN-b and can be easily determined in serum: soluble tumor necrosis factorrelated apoptosis-inducing ligand (sTRAIL), which is shown to inhibit autoreactive and antigen-specific T cells.;24009164;2014;Early detection of neutralizing antibodies to interferon-beta in multiple sclerosis patients: binding antibodies predict neutralizing antibody development
CXCL10;Homo sapiens;3627;C-X-C motif chemokine ligand 10;"C7; IFI10; INP10; IP-10; crg-2; mob-1; SCYB10; gIP-10";protein coding;"Ensembl:ENSG00000169245 MIM:147310; AllianceGenome:HGNC:10637";4q21.1;peripheral venous puncture;N/A;ELISA;MS;CIS, RMS;Caucasian;222 MS patients;down-regulation;Treatment risk;Concentrations of CXCL-10 was significantly lower in the BAb-positive than BAb-negative group.;We investigated several molecules which are involved in the mechanisms of action of IFN-b and can be easily determined in serum: the chemokines CXCL-10 ,which is involved in the recruitment of leukocytes.;24009164;2014;Early detection of neutralizing antibodies to interferon-beta in multiple sclerosis patients: binding antibodies predict neutralizing antibody development
TYRO3;Homo sapiens;7301;TYRO3 protein tyrosine kinase;"BYK; Dtk; RSE; Rek; Sky; Tif; Etk-2";protein coding;"Ensembl:ENSG00000092445 MIM:600341; AllianceGenome:HGNC:12446";15q15.1;PBMC;N/A;qPCR;MS;N/A;N/A;29 MS patients / 31 healthy volunteers;down-regulation;Disease risk;We have found a significantly lower percentage of monocytes and DCs expressing TYRO3 in patients with MS compared to HC groups.The mean expression level of TYRO3 per cell did not show statistical differences in monocytes, but this receptor showed a significantly higher level in DCs of HC compared to MS.;Considering the critical role of negative regulatory pathways in avoiding chronic inflammation and autoimmunity, we focus on a subfamily of receptor tyrosine kinases (TKR) that involves TYRO3.This receptor showed a preponderant role in innate immune response and their genetic ablation leads to an impaired immune response with exacerbated autoimmune features.The engagement of this receptor by its ligands, PROS1 and GAS6, limit the magnitude and time course of the inflammatory response that can ensure a return to the baseline.;33347509;2002;GAS6 signaling tempers Th17 development in patients with multiple sclerosis and helminth infection
GAPDH;Homo sapiens;2597;glyceraldehyde-3-phosphate dehydrogenase;"G3PD; GAPD; HEL-S-162eP";protein coding;"Ensembl:ENSG00000111640 MIM:138400; AllianceGenome:HGNC:4141";12p13.31;blood;N/A;qc-PCR;MS;RRMS;N/A;92 IFNβ-treated MS patients / 99 MS patients never treated with IFNβ or other immunosuppressive therapy (treatment-na<U+00EF>ve patients) and 17 healthy volunteers;down-regulation;Disease risk;A comparison of MxA mRNA levels in healthy volunteers and treatment-na<U+00EF>ve patients with MS showed that MxA expression was comparable between the two groups of subjects.In these patients, MxA gene expression was low, but always detectable.;N/A;12601105;2003;Persistent neutralizing antibodies abolish the interferon beta bioavailability in MS patients
GAPDH;Homo sapiens;2597;glyceraldehyde-3-phosphate dehydrogenase;"G3PD; GAPD; HEL-S-162eP";protein coding;"Ensembl:ENSG00000111640 MIM:138400; AllianceGenome:HGNC:4141";12p13.31;blood;N/A;qc-PCR;MS;RRMS;N/A;92 IFNβ-treated MS patients / 99 MS patients never treated with IFNβ or other immunosuppressive therapy (treatment-na<U+00EF>ve patients) and 17 healthy volunteers;up-regulation;Treatment risk;IFNβ-treated patients showed a mean MxA mRNA expression , which was 11-fold higher than the level observed with treatment-na<U+00EF>ve patients and threefold higher than the upper threshold of normal.This result indicates a clear induction of MxA mRNA expression following IFNβ administration.;N/A;12601105;2003;Persistent neutralizing antibodies abolish the interferon beta bioavailability in MS patients
CCR5;Homo sapiens;1234;C-C motif chemokine receptor 5;"CKR5; CCR-5; CD195; CKR-5; CCCKR5; CMKBR5; IDDM22; CC-CKR-5";protein coding;"Ensembl:ENSG00000160791 MIM:601373; AllianceGenome:HGNC:1606";3p21.31;heparinized venous blood;N/A;flow cytometry;MS;RRMS;Caucasian;108 MS patients / 42 healthy controls;up-regulation;Disease risk;We found a higher percentage of CCR5-positive monocytes in patients than in healthy controls. Increased monocyte expression of CCR5 correlated weakly with an increased short-term relapse risk.;Multiple sclerosis (MS) is characterized by T cell and monocyte infiltration in the central nervous system.The CC chemokine receptor CCR5 has been implicated in the pathogenesis of MS as mononuclear cells.;17511851;2007;Chemokine receptor CCR5 in interferon-treated multiple sclerosis
RORA;Homo sapiens;6095;RAR related orphan receptor A;"ROR1; ROR2; ROR3; RZRA; NR1F1; RORa1; IDDECA; RORalpha; RZR-ALPHA";protein coding;"Ensembl:ENSG00000069667 MIM:600825; AllianceGenome:HGNC:10258";15q22.2;peripheral blood;N/A;TaqMan Quantitative Real-Time PCR;MS;RRMS;Iranian;50 RRMS patients treated with IFN-β / 50 healthy controls;down-regulation;Treatment risk;We found that RORA expression was significantly down-regulated in MS patients compared with controls.;RORA is induced by activation of the STAT3 pathway by IL-6 and is expressed in Th17 cells and promotes Th17 differentiation.In downstream of STAT3, ROR α and ROR γ synergically mediate Th17 differentiation and IL-17A production.IL-17A have protective roles in host defense and inflammatory diseases.In addition,IL-17 family cytokines are involved in many autoimmune diseases including rheumatoid arthritis (RA), inflammatory bowel disease and MS.;29889063;2018;Down-regulation of RORA gene expression in the blood of multiple sclerosis patients
MAG;Homo sapiens;4099;myelin associated glycoprotein;"GMA; S-MAG; SPG75; SIGLEC4A; SIGLEC-4A";protein coding;"Ensembl:ENSG00000105695 MIM:159460; AllianceGenome:HGNC:6783";19q13.12;white blood cells;N/A;microsatellites and “hot-start” polymerase chain reaction (PCR) amplifications;MS;N/A;Caucasian and European;65 multiplex MS families consisting of 169 affected with MS and 102 affected sibpairs;No significance;Disease risk;Results indicate that MAG gene do not have a significant genetic effect on susceptibility to MS in this population.;Myelin proteins that have been investigated as possible target antigens of the autoimmune response in MS and MS-like disorders include myelin-associated glycoprotein (MAG).In addition to the immune-mediated component of MS, an underlying complex genetic susceptibility is a significant contributing factor.Because myelin appears to be a target for the autoimmune attack in MS, genes coding for myelin proteins are potential candidates for involvement in the pathogenesis of MS. Polymorphisms or mutations in coding or regulatory sequences of these genes could hypothetically promote autoimmunity if they modify the expression, turnover, or function of myelin proteins.;10541588;1999;Linkage analysis of candidate myelin genes in familial multiple sclerosis
MBP;Homo sapiens;4155;myelin basic protein;N/A;protein coding;"Ensembl:ENSG00000197971 MIM:159430; AllianceGenome:HGNC:6925";18q23;white blood cells;N/A;microsatellites and “hot-start” polymerase chain reaction (PCR) amplifications;MS;N/A;Caucasian and European;65 multiplex MS families consisting of 169 affected with MS and 102 affected sibpairs;No significance;Disease risk;Results indicate that MBP gene do not have a significant genetic effect on susceptibility to MS in this population.;Myelin proteins that have been investigated as possible target antigens of the autoimmune response in MS and MS-like disorders include myelin basic protein (MBP).In addition to the immune-mediated component of MS, an underlying complex genetic susceptibility is a significant contributing factor.Because myelin appears to be a target for the autoimmune attack in MS, genes coding for myelin proteins are potential candidates for involvement in the pathogenesis of MS. Polymorphisms or mutations in coding or regulatory sequences of these genes could hypothetically promote autoimmunity if they modify the expression, turnover, or function of myelin proteins.;10541588;1999;Linkage analysis of candidate myelin genes in familial multiple sclerosis
OMG;Homo sapiens;4974;oligodendrocyte myelin glycoprotein;OMGP;protein coding;"Ensembl:ENSG00000126861 MIM:164345; AllianceGenome:HGNC:8135";17q11.2;white blood cells;N/A;microsatellites and “hot-start” polymerase chain reaction (PCR) amplifications;MS;N/A;Caucasian and European;65 multiplex MS families consisting of 169 affected with MS and 102 affected sibpairs;No significance;Disease risk;Results indicate that OMGP gene do not have a significant genetic effect on susceptibility to MS in this population.;Myelin proteins that have been investigated as possible target antigens of the autoimmune response in MS and MS-like disorders.In addition to the immune-mediated component of MS, an underlying complex genetic susceptibility is a significant contributing factor.Because myelin appears to be a target for the autoimmune attack in MS, genes coding for myelin proteins are potential candidates for involvement in the pathogenesis of MS. Polymorphisms or mutations in coding or regulatory sequences of these genes could hypothetically promote autoimmunity if they modify the expression, turnover, or function of myelin proteins.;10541588;1999;Linkage analysis of candidate myelin genes in familial multiple sclerosis
PDXP;Homo sapiens;57026;pyridoxal phosphatase;"CIN; PLP; dJ37E16.5";protein coding;"Ensembl:ENSG00000241360 MIM:609246; AllianceGenome:HGNC:30259";22q13.1;white blood cells;N/A;microsatellites and “hot-start” polymerase chain reaction (PCR) amplifications;MS;N/A;Caucasian and European;65 multiplex MS families consisting of 169 affected with MS and 102 affected sibpairs;No significance;Disease risk;Results indicate that PLP gene do not have a significant genetic effect on susceptibility to MS in this population.;Myelin proteins that have been investigated as possible target antigens of the autoimmune response in MS and MS-like disorders include proteolipid protein (PLP).In addition to the immune-mediated component of MS, an underlying complex genetic susceptibility is a significant contributing factor. Because myelin appears to be a target for the autoimmune attack in MS, genes coding for myelin proteins are potential candidates for involvement in the pathogenesis of MS. Polymorphisms or mutations in coding or regulatory sequences of these genes could hypothetically promote autoimmunity if they modify the expression, turnover, or function of myelin proteins.;10541588;1999;Linkage analysis of candidate myelin genes in familial multiple sclerosis
GFI1;Homo sapiens;2672;growth factor independent 1 transcriptional repressor;"SCN2; GFI-1; GFI1A; ZNF163";protein coding;"Ensembl:ENSG00000162676 MIM:600871; AllianceGenome:HGNC:4237";1p22.1;PBMC;N/A;RT-PCR;MS;N/A;N/A;N/A;up-regulation;Disease risk;The GFI1 promoter interacted with several regions of the intron, interaction that was stronger in the activated than in the control PBMCs.GFI1 is robustly upregulated in activated PBMCs.;MS is a heterogeneous immunopathy likely caused by the joint participation of different peripheral blood cells in the central nervous system.Interestingly, malfunction of GFI1, which encodes a zinc-finger transcription factor, causes abnormal or malignant haematopoiesis, and therefore could play a role in an autoimmune disease such as MS.;21602820;2011;Genome-wide CTCF distribution in vertebrates defines equivalent sites that aid the identification of disease-associated genes
VRK2;Homo sapiens;7444;VRK serine/threonine kinase 2;N/A;protein coding;"Ensembl:ENSG00000028116 MIM:602169; AllianceGenome:HGNC:12719";2p16.1;PBMC;N/A;RT-PCR;MS;RRMS;N/A;50 MS patients / 50 healthy individuals;down-regulation;Disease risk;The result demonstrates that VRK2 gene expression decreased in MS patients as compared with controls.;Inflammation is considered as the first step in the pathophysiology of MS, although initiation mechanism is not well understood.There is increasing recognition that the disturbance of blood brain barrier (BBB) permeability and apoptosis pathway are associated with MS etiology.The Vaccinia Related Kinase 2 (VRK2) gene is located in 2p16.1 chromosomal region.VRK2 codes for a serine threonine kinase of the casein kinase 1 group.It has 9 transcripts due to alternative splicing and expressed in many tissues such as brain and blood.VRK2 participates in apoptosis regulating signaling pathways, immune responses, tumor cell growth, brain volume and structure.Due to the involvement of VRK2 gene in apoptotic pathway and apoptosis dysregulation in MS patients, it is most probable that it plays a regulating role in MS.;29100046;2017;Vaccinia Related Kinase 2 (VRK2) expression in neurological disorders: schizophrenia, epilepsy and multiple sclerosis
Slc1a3;Mus musculus;20512;solute carrier family 1 (glial high affinity glutamate transporter), member 3;"Gmt1; Eaat1; GLAST; GLU-T; GluT-1; MGluT1; GLAST-1; B430115D02Rik";protein coding;Ensembl:ENSMUSG00000005360 AllianceGenome:MGI:99917;"15 A1; 15 3.82 cM";corpus callosum;N/A;Affymetrix gene chip array;cuprizone-induced demyelination;N/A;C57BL/6 male mice;130 cuprizone / 100 controls;up-regulation;Disease risk;With respect to glutamate transporters and related genes, we found an up-regulation of Slc1a3 gene expression in the CC of the cuprizoneexposed animal.;Excitotoxicity is associated with a wide range of acute neurological and chronic neurodegenerative disorders .In the adult central nervous system (CNS), glutamate uptake from the extracellular space is predominantly controlled by the astroglialtransporters, excitatory amino acid transporter 1 (EAAT1) and EAAT2, which are known in the rat brain as GLAST and glutamate transporter-I (GLT-I), respectively.Glutamate signaling also seems to be involved in the pathology and repair of demyelinating disorders such as multiple sclerosis (MS).;23711509;2013;Regional regulation of glutamate signaling during cuprizone-induced demyelination in the brain
Grin2a;Mus musculus;14811;glutamate receptor, ionotropic, NMDA2A (epsilon 1);"NR2A; GluN2A; NMDAR2A; GluRepsilon1";protein coding;Ensembl:ENSMUSG00000059003 AllianceGenome:MGI:95820;"16 A1; 16 5.28 cM";corpus callosum;N/A;Affymetrix gene chip array;cuprizone-induced demyelination;N/A;C57BL/6 male mice;130 cuprizone / 100 controls;up-regulation;Disease risk;Among NMDA receptor subunits, NR2A was up-regulated in the demyelinated corpus callosum (CC).;Excitotoxicity is associated with a wide range of acute neurological and chronic neurodegenerative disorders .The excitotoxic phase of all these diseases begins with an over-activation of ionotropic glutamate receptors, mainly the N methyl-d-aspartic acid (NMDA) and AMPA types, and metabotropic glutamate receptors (mGluRs) which is followed by an ion imbalance in neurons.;23711509;2013;Regional regulation of glutamate signaling during cuprizone-induced demyelination in the brain
Grm2;Mus musculus;108068;glutamate receptor, metabotropic 2;"Gprc1b; mGluR2; mGluR7; 4930441L02Rik";protein coding;Ensembl:ENSMUSG00000023192 AllianceGenome:MGI:1351339;"9; 9 F1";corpus callosum;N/A;Affymetrix gene chip array;cuprizone-induced demyelination;N/A;C57BL/6 male mice;130 cuprizone / 100 controls;down-regulation;Disease risk;Concerning metabotropic glutamate receptors, Grm2 was down-regulated.;Excitotoxicity is associated with a wide range of acute neurological and chronic neurodegenerative disorders .The excitotoxic phase of all these diseases begins with an over-activation of ionotropic glutamate receptors, mainly the N methyl-d-aspartic acid (NMDA) and AMPA types, and metabotropic glutamate receptors (mGluRs) which is followed by an ion imbalance in neurons.;23711509;2013;Regional regulation of glutamate signaling during cuprizone-induced demyelination in the brain
Gria1;Mus musculus;14799;glutamate receptor, ionotropic, AMPA1 (alpha 1);"Glr1; Glr-1; GluA1; GluRA; Glur1; HIPA1; GluR-A; Glur-1; gluR-K1; 2900051M01Rik";protein coding;Ensembl:ENSMUSG00000020524 AllianceGenome:MGI:95808;"11 B1.3; 11 34.51 cM";corpus callosum;N/A;Affymetrix gene chip array;cuprizone-induced demyelination;N/A;C57BL/6 male mice;130 cuprizone / 100 controls;up-regulation;Disease risk;Among them, glutamate receptor ionotropic AMPA 1 or Gria1 were up-regulated.;Excitotoxicity is associated with a wide range of acute neurological and chronic neurodegenerative disorders .The excitotoxic phase of all these diseases begins with an over-activation of ionotropic glutamate receptors, mainly the N methyl-d-aspartic acid (NMDA) and AMPA types, and metabotropic glutamate receptors (mGluRs) which is followed by an ion imbalance in neurons.;23711509;2013;Regional regulation of glutamate signaling during cuprizone-induced demyelination in the brain
Slc1a1;Mus musculus;20510;solute carrier family 1 (neuronal/epithelial high affinity glutamate transporter, system Xag), member 1;"EAAC1; EAAC2; EAAT3; MEAAC1; D130048G10Rik";protein coding;Ensembl:ENSMUSG00000024935 AllianceGenome:MGI:105083;"19; 19 C1";corpus callosum;N/A;Affymetrix gene chip array;cuprizone-induced demyelination;N/A;C57BL/6 male mice;130 cuprizone / 100 controls;up-regulation;Disease risk;With respect to glutamate transporters and related genes, we found an up-regulation of solute carrier1a1 (Slc1a1) gene expression in the CC of the cuprizone-exposed animal.;Excitotoxicity is associated with a wide range of acute neurological and chronic neurodegenerative disorders .In the adult central nervous system (CNS), glutamate uptake from the extracellular space is predominantly controlled by the astroglialtransporters, excitatory amino acid transporter 1 (EAAT1) and EAAT2, which are known in the rat brain as GLAST and glutamate transporter-I (GLT-I), respectively.Glutamate signaling also seems to be involved in the pathology and repair of demyelinating disorders such as multiple sclerosis (MS).;23711509;2013;Regional regulation of glutamate signaling during cuprizone-induced demyelination in the brain
Slc1a5;Mus musculus;20514;solute carrier family 1 (neutral amino acid transporter), member 5;"R16; AAAT; ATBO; M7V1; RDRC; ASCT2; M7VS1; Slc1a7";protein coding;Ensembl:ENSMUSG00000001918 AllianceGenome:MGI:105305;"7; 7 A2";corpus callosum;N/A;Affymetrix gene chip array;cuprizone-induced demyelination;N/A;C57BL/6 male mice;130 cuprizone / 100 controls;up-regulation;Disease risk;With respect to glutamate transporters and related genes, we found an up-regulation of Slc1a5 gene expression in the CC of the cuprizone-exposed animal.;Excitotoxicity is associated with a wide range of acute neurological and chronic neurodegenerative disorders .In the adult central nervous system (CNS), glutamate uptake from the extracellular space is predominantly controlled by the astroglialtransporters, excitatory amino acid transporter 1 (EAAT1) and EAAT2, which are known in the rat brain as GLAST and glutamate transporter-I (GLT-I), respectively.Glutamate signaling also seems to be involved in the pathology and repair of demyelinating disorders such as multiple sclerosis (MS).;23711509;2013;Regional regulation of glutamate signaling during cuprizone-induced demyelination in the brain
Slc1a4;Mus musculus;55963;solute carrier family 1 (glutamate/neutral amino acid transporter), member 4;"SATT; ASCT1; ASCT-1";protein coding;Ensembl:ENSMUSG00000020142 AllianceGenome:MGI:2135601;"11 A3.1; 11 12.97 cM";corpus callosum;N/A;Affymetrix gene chip array;cuprizone-induced demyelination;N/A;C57BL/6 male mice;130 cuprizone / 100 controls;up-regulation;Disease risk;With respect to glutamate transporters and related genes, we found an up-regulation of Slc1a4 gene expression in the CC of the cuprizone-exposed animal.;Excitotoxicity is associated with a wide range of acute neurological and chronic neurodegenerative disorders .In the adult central nervous system (CNS), glutamate uptake from the extracellular space is predominantly controlled by the astroglialtransporters, excitatory amino acid transporter 1 (EAAT1) and EAAT2, which are known in the rat brain as GLAST and glutamate transporter-I (GLT-I), respectively.Glutamate signaling also seems to be involved in the pathology and repair of demyelinating disorders such as multiple sclerosis (MS).;23711509;2013;Regional regulation of glutamate signaling during cuprizone-induced demyelination in the brain
MMP9;Homo sapiens;4318;matrix metallopeptidase 9;"GELB; CLG4B; MMP-9; MANDP2";protein coding;"Ensembl:ENSG00000100985 MIM:120361; AllianceGenome:HGNC:7176";20q13.12;PBMC;N/A;RT-PCR;MS;RRMS;N/A;24 treatment-na<U+00EF>ve RRMS patients / 39 healthy controls;up-regulation;Disease risk;RT-PCR confirmed statistical differential gene expression of MMP9.;N/A;23401127;2013;Altered expression of the plasminogen activation pathway in peripheral blood mononuclear cells in multiple sclerosis: possible pathomechanism of matrix metalloproteinase activation
PLAU;Homo sapiens;5328;plasminogen activator, urokinase;"ATF; QPD; UPA; URK; u-PA; BDPLT5";protein coding;"Ensembl:ENSG00000122861 MIM:191840; AllianceGenome:HGNC:9052";10q22.2;PBMC;N/A;RT-PCR;MS;RRMS;N/A;24 treatment-na<U+00EF>ve RRMS patients / 39 healthy controls;up-regulation;Disease risk;RT-PCR confirmed statistical differential gene expression of PLAU.;N/A;23401127;2013;Altered expression of the plasminogen activation pathway in peripheral blood mononuclear cells in multiple sclerosis: possible pathomechanism of matrix metalloproteinase activation
CXCL8;Homo sapiens;3576;C-X-C motif chemokine ligand 8;"IL8; NAF; GCP1; LECT; LUCT; NAP1; GCP-1; LYNAP; MDNCF; MONAP; NAP-1; SCYB8";protein coding;"Ensembl:ENSG00000169429 MIM:146930; AllianceGenome:HGNC:6025";4q13.3;PBMC;N/A;RT-PCR;MS;RRMS;N/A;24 treatment-na<U+00EF>ve RRMS patients / 39 healthy controls;up-regulation;Disease risk;RT-PCR confirmed statistical differential gene expression of IL8.;N/A;23401127;2013;Altered expression of the plasminogen activation pathway in peripheral blood mononuclear cells in multiple sclerosis: possible pathomechanism of matrix metalloproteinase activation
HLA-DRB1;Homo sapiens;3123;major histocompatibility complex, class II, DR beta 1;"SS1; DRB1; HLA-DRB; HLA-DR1B";protein coding;"Ensembl:ENSG00000196126 MIM:142857; AllianceGenome:HGNC:4948";6p21.32;PBMC;N/A;RT-PCR;MS;RRMS;N/A;24 treatment-na<U+00EF>ve RRMS patients / 39 healthy controls;up-regulation;Disease risk;HLA-DRB1 was found to have higher expression in the RRMS cases compared to the controls.;N/A;23401127;2013;Altered expression of the plasminogen activation pathway in peripheral blood mononuclear cells in multiple sclerosis: possible pathomechanism of matrix metalloproteinase activation
HLA-DRB5;Homo sapiens;3127;major histocompatibility complex, class II, DR beta 5;"DRB5; HLA-DRB5*";protein coding;"Ensembl:ENSG00000198502 MIM:604776; AllianceGenome:HGNC:4953";6p21.32;PBMC;N/A;RT-PCR;MS;RRMS;N/A;24 treatment-na<U+00EF>ve RRMS patients / 39 healthy controls;up-regulation;Disease risk;HLA-DRB5 was found to have higher expression in the RRMS cases compared to the controls.;N/A;23401127;2013;Altered expression of the plasminogen activation pathway in peripheral blood mononuclear cells in multiple sclerosis: possible pathomechanism of matrix metalloproteinase activation
HLA-C;Homo sapiens;3107;major histocompatibility complex, class I, C;"MHC; HLAC; HLC-C; D6S204; PSORS1; HLA-JY3";protein coding;"Ensembl:ENSG00000204525 MIM:142840; AllianceGenome:HGNC:4933";6p21.33;PBMC;N/A;RT-PCR;MS;RRMS;N/A;24 treatment-na<U+00EF>ve RRMS patients / 39 healthy controls;up-regulation;Disease risk;HLA-C was found to have higher expression in the RRMS cases compared to the controls.;N/A;23401127;2013;Altered expression of the plasminogen activation pathway in peripheral blood mononuclear cells in multiple sclerosis: possible pathomechanism of matrix metalloproteinase activation
HLA-DRB1;Homo sapiens;3123;major histocompatibility complex, class II, DR beta 1;"SS1; DRB1; HLA-DRB; HLA-DR1B";protein coding;"Ensembl:ENSG00000196126 MIM:142857; AllianceGenome:HGNC:4948";6p21.32;PBMC;N/A;RT-PCR;MS;RRMS;N/A;13 interferon-β treated RRMS patients / 39 healthy controls;up-regulation;Disease risk;This gene was also over-expressed in RRMS patients receiving INF-β therapy.;N/A;23401127;2013;Altered expression of the plasminogen activation pathway in peripheral blood mononuclear cells in multiple sclerosis: possible pathomechanism of matrix metalloproteinase activation
HLA-DRB5;Homo sapiens;3127;major histocompatibility complex, class II, DR beta 5;"DRB5; HLA-DRB5*";protein coding;"Ensembl:ENSG00000198502 MIM:604776; AllianceGenome:HGNC:4953";6p21.32;PBMC;N/A;RT-PCR;MS;RRMS;N/A;13 interferon-β treated RRMS patients / 39 healthy controls;up-regulation;Disease risk;This gene was also over-expressed in RRMS patients receiving INF-β therapy.;N/A;23401127;2013;Altered expression of the plasminogen activation pathway in peripheral blood mononuclear cells in multiple sclerosis: possible pathomechanism of matrix metalloproteinase activation
HLA-C;Homo sapiens;3107;major histocompatibility complex, class I, C;"MHC; HLAC; HLC-C; D6S204; PSORS1; HLA-JY3";protein coding;"Ensembl:ENSG00000204525 MIM:142840; AllianceGenome:HGNC:4933";6p21.33;PBMC;N/A;RT-PCR;MS;RRMS;N/A;13 interferon-β treated RRMS patients / 39 healthy controls;up-regulation;Disease risk;This gene was also over-expressed in RRMS patients receiving INF-β therapy.;N/A;23401127;2013;Altered expression of the plasminogen activation pathway in peripheral blood mononuclear cells in multiple sclerosis: possible pathomechanism of matrix metalloproteinase activation
HLA-DRB4;Homo sapiens;3126;major histocompatibility complex, class II, DR beta 4;"DR4; DRB4; HLA-DRB; HLA-DR4B; HLA-DRB4*";protein coding;N/A;6p21.3;PBMC;N/A;RT-PCR;MS;RRMS;N/A;13 interferon-β treated RRMS patients / 39 healthy controls;up-regulation;Disease risk;This gene was also over-expressed in RRMS patients receiving INF-β therapy.;N/A;23401127;2013;Altered expression of the plasminogen activation pathway in peripheral blood mononuclear cells in multiple sclerosis: possible pathomechanism of matrix metalloproteinase activation
TNFRSF25;Homo sapiens;8718;TNF receptor superfamily member 25;"DR3; TR3; DDR3; LARD; APO-3; TRAMP; WSL-1; GEF720; WSL-LR; PLEKHG5; TNFRSF12";protein coding;"Ensembl:ENSG00000215788 MIM:603366; AllianceGenome:HGNC:11910";1p36.31;PBMC;N/A;qRT-PCR;MS;CIS, RRMS;N/A;11 converting MS patients / 9 CIS patients / 11 healthy controls;down-regulation;Disease risk;Higher gene expression levels of TNFRSF25 is detected in the nonconverting CIS group.;N/A;25773154;2015;Analysis of apoptosis-related genes in patients with clinically isolated syndrome and their association with conversion to multiple sclerosis
IKBKE;Homo sapiens;9641;inhibitor of nuclear factor kappa B kinase subunit epsilon;"IKKE; IKKI; IKK-E; IKK-i";protein coding;"Ensembl:ENSG00000263528 MIM:605048; AllianceGenome:HGNC:14552";1q32.1;PBMC;N/A;qRT-PCR;MS;CIS, RRMS;N/A;11 converting MS patients / 9 CIS patients / 11 healthy controls;down-regulation;Disease risk;Higher gene expression levels of IKBKE is detected in the nonconverting CIS group.;N/A;25773154;2015;Analysis of apoptosis-related genes in patients with clinically isolated syndrome and their association with conversion to multiple sclerosis
NFKBID;Homo sapiens;84807;NFKB inhibitor delta;"IkBNS; TA-NFKBH; IkappaBNS";protein coding;"Ensembl:ENSG00000167604 MIM:618887; AllianceGenome:HGNC:15671";19q13.12;PBMC;N/A;qRT-PCR;MS;CIS, RRMS;N/A;11 converting MS patients / 9 CIS patients / 11 healthy controls;down-regulation;Disease risk;Higher gene expression levels of NFKBID is detected in the nonconverting CIS group.;N/A;25773154;2015;Analysis of apoptosis-related genes in patients with clinically isolated syndrome and their association with conversion to multiple sclerosis
IL1B;Homo sapiens;3553;interleukin 1 beta;"IL-1; IL1F2; IL1beta; IL1-BETA";protein coding;"Ensembl:ENSG00000125538 MIM:147720; AllianceGenome:HGNC:5992";2q14.1;PBMC;N/A;qRT-PCR;MS;RRMS;N/A;18 RRMS patients / 21 HCs;up-regulation;Disease risk;mRNA levels of IL-1β were significantly higher in RRMS patients compared to HC.;Pathogenic Th17 cells can be induced by a cytokine cocktail containing IL-1β, which is a potent pro-inflammatory cytokine.;25458313;2015;Increased inflammasome related gene expression profile in PBMC may facilitate T helper 17 cell induction in multiple sclerosis
IL18;Homo sapiens;3606;interleukin 18;"IGIF; IL-18; IL-1g; IL1F4";protein coding;"Ensembl:ENSG00000150782 MIM:600953; AllianceGenome:HGNC:5986";11q23.1;PBMC;N/A;qRT-PCR;MS;RRMS;N/A;18 RRMS patients / 21 HCs;No significance;Disease risk;IL-18 mRNA levels did not differ between RRMS patients and controls.;N/A;25458313;2015;Increased inflammasome related gene expression profile in PBMC may facilitate T helper 17 cell induction in multiple sclerosis
NLRP3;Homo sapiens;114548;NLR family pyrin domain containing 3;"AII; AVP; FCU; MWS; FCAS; KEFH; CIAS1; FCAS1; NALP3; C1orf7; CLR1.1; DFNA34; PYPAF1; AGTAVPRL";protein coding;"Ensembl:ENSG00000162711 MIM:606416; AllianceGenome:HGNC:16400";1q44;PBMC;N/A;qRT-PCR;MS;RRMS;N/A;18 RRMS patients / 21 HCs;up-regulation;Disease risk;NLRP3 mRNA level was significantly higher in RRMS patients compared to HC.;In addition to IL-1β,the NLRP3 inflammasome also processes IL-18, which is another pro-inflammatory cytokine.Inflammasome activation is crucial for host defence to pathogens. An increased NLRP3 inflammasome activity might be important in the induction of pathogenic Th17 cells in MS patients.;25458313;2015;Increased inflammasome related gene expression profile in PBMC may facilitate T helper 17 cell induction in multiple sclerosis
CASP1;Homo sapiens;834;caspase 1;"ICE; P45; IL1BC";protein coding;"Ensembl:ENSG00000137752 MIM:147678; AllianceGenome:HGNC:1499";11q22.3;PBMC;N/A;qRT-PCR;MS;RRMS;N/A;18 RRMS patients / 21 HCs;up-regulation;Disease risk;caspase-1 mRNA level was significantly higher in RRMS patients compared to HC.;Pathogenic Th17 cells can be induced by a cytokine cocktail containing IL-1β, which is a potent pro-inflammatory cytokine.Upon inflammasome activation, the NLRP3 protein recruits the inflammasome adaptor protein apoptosis-associated speck-like protein containing C-terminal caspase recruitment domain (ASC), which in turn interacts with pro-caspase-1 leading to its cleavage and activation.Finally, the active caspase-1 processes pro-IL-1β into its mature form.;25458313;2015;Increased inflammasome related gene expression profile in PBMC may facilitate T helper 17 cell induction in multiple sclerosis
IL1R1;Homo sapiens;3554;interleukin 1 receptor type 1;"P80; IL1R; IL1RA; CD121A; D2S1473; IL-1RT1; IL-1R-alpha";protein coding;"Ensembl:ENSG00000115594 MIM:147810; AllianceGenome:HGNC:5993";2q11.2-q12.1;PBMC;N/A;qRT-PCR;MS;RRMS;N/A;18 RRMS patients / 21 HCs;No significance;Disease risk;We also assessed IL-1Ra mRNA levels and these levels did not differ between RRMS patients and HC.;Since IL-1β is an extremely potent pro-inflammatory molecule, its secretion and effector functions need to be tightly regulated. However, also outside the cell, IL-1β activity is tightly regulated. Like IL-1β, the IL-1 receptor antagonist (IL-1Ra) binds to the IL-1 receptor (IL-1R) resulting in competition for binding to this receptor.;25458313;2015;Increased inflammasome related gene expression profile in PBMC may facilitate T helper 17 cell induction in multiple sclerosis
FCRL1;Homo sapiens;115350;Fc receptor like 1;"FCRH1; IFGP1; IRTA5; CD307a";protein coding;"Ensembl:ENSG00000163534 MIM:606508; AllianceGenome:HGNC:18509";1q23.1;PBMC;N/A;RT-PCR;MS;RRMS;N/A;22 patients with low neurodegeneration phenotypes / 23 patients with high neurodegeneration phenotypes;down-regulation;Disease risk;Level for this gene was significantly down-regulated in PBMC from patients with MRI phenotypes characterized by high neurodegeneration;N/A;26604134;2015;MRI phenotypes with high neurodegeneration are associated with peripheral blood B-cell changes
FCRL2;Homo sapiens;79368;Fc receptor like 2;"FCRH2; IFGP4; IRTA4; SPAP1; CD307b; SPAP1A; SPAP1B; SPAP1C";protein coding;"Ensembl:ENSG00000132704 MIM:606509; AllianceGenome:HGNC:14875";1q23.1;PBMC;N/A;RT-PCR;MS;RRMS;N/A;22 patients with low neurodegeneration phenotypes / 23 patients with high neurodegeneration phenotypes;down-regulation;Disease risk;Level for this gene was significantly down-regulated in PBMC from patients with MRI phenotypes characterized by high neurodegeneration;N/A;26604134;2015;MRI phenotypes with high neurodegeneration are associated with peripheral blood B-cell changes
FCRL5;Homo sapiens;83416;Fc receptor like 5;"CD307; FCRH5; IRTA2; BXMAS1; CD307e; PRO820";protein coding;"Ensembl:ENSG00000143297 MIM:605877; AllianceGenome:HGNC:18508";1q23.1;PBMC;N/A;RT-PCR;MS;RRMS;N/A;22 patients with low neurodegeneration phenotypes / 23 patients with high neurodegeneration phenotypes;down-regulation;Disease risk;Level for this gene was significantly down-regulated in PBMC from patients with MRI phenotypes characterized by high neurodegeneration;N/A;26604134;2015;MRI phenotypes with high neurodegeneration are associated with peripheral blood B-cell changes
CD22;Homo sapiens;933;CD22 molecule;"SIGLEC2; SIGLEC-2";protein coding;"Ensembl:ENSG00000012124 MIM:107266; AllianceGenome:HGNC:1643";19q13.12;PBMC;N/A;RT-PCR;MS;RRMS;N/A;22 patients with low neurodegeneration phenotypes / 23 patients with high neurodegeneration phenotypes;down-regulation;Disease risk;Level for this gene was significantly down-regulated in PBMC from patients with MRI phenotypes characterized by high neurodegeneration;N/A;26604134;2015;MRI phenotypes with high neurodegeneration are associated with peripheral blood B-cell changes
APOE;Homo sapiens;348;apolipoprotein E;"AD2; LPG; APO-E; ApoE4; LDLCQ5";protein coding;"Ensembl:ENSG00000130203 MIM:107741; AllianceGenome:HGNC:613";19q13.32;N/A;N/A;N/A;MS;N/A;N/A;205 MS patients;up-regulation;Disease risk;They found that MS patients who also carried the APOE4 gene, had MS an average of three years earlier and suffered a quicker and more serious decline in health.;APOE genes, which are involved in the transport of fats, might help repair or damage myelin.;11311368;2001;AD gene accelerates MS
TLR2;Homo sapiens;7097;toll like receptor 2;"TIL4; CD282";protein coding;"Ensembl:ENSG00000137462 MIM:603028; AllianceGenome:HGNC:11848";4q31.3;total blood;N/A;RT-PCR;MS;RRMS, PPMS, SPMS;Caucasian;22 MS patients / 22 HCs;up-regulation;Disease risk;TLR2 expression was significantly higher in MS compared to HC,;Activation of autoimmune processes in MS results from the interaction of genetic and environmental factors.An additional risk factor that has been identified is the expression of human endogenous retroviruses (HERVs) of the HERV-W family.It has been reported that endogenous retroviruses can engage the innate immune system, and in particular Toll-like receptors (TLRs).;30740110;2019;Do Antiretroviral Drugs Protect From Multiple Sclerosis by Inhibiting Expression of MS-Associated Retrovirus?
ERVW-1;Homo sapiens;30816;endogenous retrovirus group W member 1, envelope;"ENV; ENVW; HERVW; ERVWE1; HERV7Q; HERV-7q; HERVWENV; HERV-W-ENV";protein coding;"Ensembl:ENSG00000242950 MIM:604659; AllianceGenome:HGNC:13525";7q21.2;total blood;N/A;RT-PCR;MS;RRMS, PPMS, SPMS;Caucasian;22 MS patients / 22 HCs;up-regulation;Disease risk;The expression of MSRV/HERV-Wenv in the MS group was significantly higher compared with HC.;Activation of autoimmune processes in MS results from the interaction of genetic and environmental factors.An additional risk factor that has been identified is the expression of human endogenous retroviruses (HERVs) of the HERV-W family.;30740110;2019;Do Antiretroviral Drugs Protect From Multiple Sclerosis by Inhibiting Expression of MS-Associated Retrovirus?
TLR4;Homo sapiens;7099;toll like receptor 4;"TOLL; CD284; TLR-4; ARMD10";protein coding;"Ensembl:ENSG00000136869 MIM:603030; AllianceGenome:HGNC:11850";9q33.1;total blood;N/A;RT-PCR;MS;RRMS, PPMS, SPMS;Caucasian;22 MS patients / 22 HCs;up-regulation;Disease risk;TLR4 expression was significantly higher in MS compared to HC.;Activation of autoimmune processes in MS results from the interaction of genetic and environmental factors.An additional risk factor that has been identified is the expression of human endogenous retroviruses (HERVs) of the HERV-W family.It has been reported that endogenous retroviruses can engage the innate immune system, and in particular Toll-like receptors (TLRs). Both in vitro and in vivo experiments have illustrated the immunopathogenicity induced by MS-associated retrovirus (MSRV/HERV-W) proteins through direct interaction with TLR4.Upon TLR4 engagement by HERVs, signaling pathways are activated that lead to secretion of pro-inflammatory cytokines, such as IL-1β, IL-6, and TNF-α .;30740110;2019;Do Antiretroviral Drugs Protect From Multiple Sclerosis by Inhibiting Expression of MS-Associated Retrovirus?
Ciita;Mus musculus;12265;class II transactivator;"C2ta; Gm9475; Mhc2ta; EG669998";protein coding;Ensembl:ENSMUSG00000022504 AllianceGenome:MGI:108445;"16; 16 A1";brains and spinal cords;N/A;RNase protection analysis (RPA);EAE;N/A;C57BL/6;N/A;up-regulation;Disease risk;EAE animals with clinical scores of 2–3 showed strong signals for forms I and IV in the CNS, both being more prominent in the spinal cord than in the brain. Form III was seen neither in the brain nor in the spinal cord of these animals.;The CIITA gene is controlled by several distinct promoters.In mice, promoters I and III direct constitutive expression of CIITA in DC and B lymphocytes.;10741394;2000;Dendritic cells and differential usage of the MHC class II transactivator promoters in the central nervous system in experimental autoimmune encephalitis
YAP1;Homo sapiens;10413;Yes1 associated transcriptional regulator;"YAP; YKI; COB1; YAP2; YAP-1; YAP65";protein coding;"Ensembl:ENSG00000137693 MIM:606608; AllianceGenome:HGNC:16262";11q22.1;peripheral blood;N/A;qPCR;MS;RRMS,SPMS;N/A;72 MS patients(35 sporadic,37 familial MS patients)/74 controls(34 healthy first-degree relatives of the familial MS patients (HFR),40 healthy individuals );down-regulation;Disease risk;The familial and sporadic patients displayed a significantly lower level of expression of YAP1 in comparison to the HFR group.;The Hippo pathway is an important mediator of myelination in the nervous system and might contribute to the pathophysiology of MS. YAP1 is the key effector of the Hippo pathway.;33833274;2021;Gene expression profiles of YAP1, TAZ, CRB3, and VDR in familial and sporadic multiple sclerosis among an Iranian population
WWTR1;Homo sapiens;25937;WW domain containing transcription regulator 1;TAZ;protein coding;"Ensembl:ENSG00000018408 MIM:607392; AllianceGenome:HGNC:24042";3q25.1;peripheral blood;N/A;qPCR;MS;RRMS,SPMS;N/A;72 MS patients(35 sporadic,37 familial MS patients)/74 controls(34 healthy first-degree relatives of the familial MS patients (HFR),40 healthy individuals );up-regulation;Disease risk;There was also an increased expression of TAZ in the familial and HFR groups, as compared to the control group.;The Hippo pathway is an important mediator of myelination in the nervous system and might contribute to the pathophysiology of MS.TAZ is the key effector of the Hippo pathway.;33833274;2021;Gene expression profiles of YAP1, TAZ, CRB3, and VDR in familial and sporadic multiple sclerosis among an Iranian population
CRB3;Homo sapiens;92359;crumbs cell polarity complex component 3;N/A;protein coding;"Ensembl:ENSG00000130545 MIM:609737; AllianceGenome:HGNC:20237";19p13.3;peripheral blood;N/A;qPCR;MS;RRMS,SPMS;N/A;72 MS patients(35 sporadic,37 familial MS patients)/74 controls(34 healthy first-degree relatives of the familial MS patients (HFR),40 healthy individuals );up-regulation;Disease risk;The increased expression level in the sporadic patients and control group, as compared to the HFR group, was seen in CRB3.;The Hippo pathway is an important mediator of myelination in the nervous system and might contribute to the pathophysiology of MS. CRB3 is the key effector of the Hippo pathway.;33833274;2021;Gene expression profiles of YAP1, TAZ, CRB3, and VDR in familial and sporadic multiple sclerosis among an Iranian population
VDR;Homo sapiens;7421;vitamin D receptor;"NR1I1; PPP1R163";protein coding;"Ensembl:ENSG00000111424 MIM:601769; AllianceGenome:HGNC:12679";12q13.11;peripheral blood;N/A;qPCR;MS;RRMS,SPMS;N/A;72 MS patients(35 sporadic,37 familial MS patients)/74 controls(34 healthy first-degree relatives of the familial MS patients (HFR),40 healthy individuals );up-regulation;Disease risk;The results showed the increased expression of VDR in the sporadic group, as compared to other groups.;The Hippo pathway is an important mediator of myelination in the nervous system and might contribute to the pathophysiology of MS.VDR is the key effector of the Hippo pathway.;33833274;2021;Gene expression profiles of YAP1, TAZ, CRB3, and VDR in familial and sporadic multiple sclerosis among an Iranian population
Csf1;Rattus norvegicus;78965;colony stimulating factor 1;N/A;protein coding;Ensembl:ENSRNOG00000018659 AllianceGenome:RGD:621063;2q34;spinal cord;N/A;PCR;EAE;N/A;Dark agouti (DA);3 casas;down-regulation;Disease risk;The mRNA expression of CSF1 gene in SC was also analyzed, and a down-regulation at 1 and 11 DPI was observed.;N/A;27846891;2016;Cytokine and chemokine alterations in tissue, CSF, and plasma in early presymptomatic phase of experimental allergic encephalomyelitis (EAE), in a rat model of multiple sclerosis
ERVW-1;Homo sapiens;30816;endogenous retrovirus group W member 1, envelope;"ENV; ENVW; HERVW; ERVWE1; HERV7Q; HERV-7q; HERVWENV; HERV-W-ENV";protein coding;"Ensembl:ENSG00000242950 MIM:604659; AllianceGenome:HGNC:13525";7q21.2;CSF and plasma;N/A;Real-time PCR;MS;RRMS,SPMS,RRMS;N/A;38 MS patients / 40 non-MS;up-regulation;Disease risk;ERVWE1 env-encoding DNA and RNA exhibited increased detection and expression in the brains of MS patients,while comparable changes in MSRV abundance were not observed.;A member of the HERV-W family for which a full length sequence encoding gag, pol, and env sequences is located on chromosome 7q (ERVWE1), and its env-encoded protein, syncytin-1, has been implicated in the neuroinflammatory cascade underlying MS pathogenesis,perhaps by affecting mitochondrial function in astrocytes.;17961112;2007;Comparative expression of human endogenous retrovirus-W genes in multiple sclerosis
Gsto1;Mus musculus;14873;glutathione S-transferase omega 1;"p28; Gstx; Spg-r; Gsto-1";protein coding;Ensembl:ENSMUSG00000025068 AllianceGenome:MGI:1342273;"19; 19 D1";spinal cord;N/A;Real-time PCR;EAE;RR-EAE;female C57BL/6 mice;5 disease onset, 5 severe disease, 5 remission, 5 relapse ,5 healthy;up-regulation;Disease risk;Expression of this gene increased at disease onset and was maximal during severe disease. Of particular interest, expression of these genes in the spinal cord was down-regulated during disease remission relative to severe disease and increased again during relapse. In the case of p28, gene expression during remission was still significantly higher than that of healthy controls.;During clinical EAE, regulation of IL-27 expression is pertinent in CNS-resident cells and/or infiltrating effector cells, as opposed to global alterations throughout the immune system.;17709543;2007;Suppressive effect of IL-27 on encephalitogenic Th17 cells and the effector phase of experimental autoimmune encephalomyelitis
Ebi3;Mus musculus;50498;Epstein-Barr virus induced gene 3;"EBI-3; IL-27";protein coding;Ensembl:ENSMUSG00000003206 AllianceGenome:MGI:1354171;"17 D; 17 29.08 cM";spinal cord;N/A;Real-time PCR;EAE;RR-EAE;female C57BL/6 mice;5 disease onset, 5 severe disease, 5 remission, 5 relapse ,5 healthy;up-regulation;Disease risk;Expression of this gene increased at disease onset and was maximal during severe disease. Of particular interest, expression of these genes in the spinal cord was down-regulated during disease remission relative to severe disease and increased again during relapse. In the case of ebi3, gene expression during remission was still significantly higher than that of healthy controls.;During clinical EAE, regulation of IL-27 expression is pertinent in CNS-resident cells and/or infiltrating effector cells, as opposed to global alterations throughout the immune system.;17709543;2007;Suppressive effect of IL-27 on encephalitogenic Th17 cells and the effector phase of experimental autoimmune encephalomyelitis
Il27ra;Mus musculus;50931;interleukin 27 receptor, alpha;"CRL1; Tccr; Wsx1; WSX-1; IL-27R; zcytor1";protein coding;Ensembl:ENSMUSG00000005465 AllianceGenome:MGI:1355318;"8; 8 C2";spinal cord;N/A;Real-time PCR;EAE;RR-EAE;female C57BL/6 mice;5 disease onset, 5 severe disease, 5 remission, 5 relapse ,5 healthy;up-regulation;Disease risk;Expression of this gene increased at disease onset and was maximal during severe disease. Of particular interest, expression of these genes in the spinal cord was down-regulated during disease remission relative to severe disease and increased again during relapse.;During clinical EAE, regulation of IL-27 expression is pertinent in CNS-resident cells and/or infiltrating effector cells, as opposed to global alterations throughout the immune system.;17709543;2007;Suppressive effect of IL-27 on encephalitogenic Th17 cells and the effector phase of experimental autoimmune encephalomyelitis
ERVW-1;Homo sapiens;30816;endogenous retrovirus group W member 1, envelope;"ENV; ENVW; HERVW; ERVWE1; HERV7Q; HERV-7q; HERVWENV; HERV-W-ENV";protein coding;"Ensembl:ENSG00000242950 MIM:604659; AllianceGenome:HGNC:13525";7q21.2;brain;frontal white matter;RT-PCR;MS;PPMS,SPMS,RRMS;N/A;19 MS / 20 non-MS;up-regulation;Disease risk;Syncytin-1 mRNA exhibited higher levels in MS brains compared to non-MS brains,while the other HERV envs did not exhibit differences between clinical groups.Median syncytin-1 RNA copy numbers were significantly increased in MS brains compared to non-MS brains per/g RNA .;N/A;17209768;2006;Quantitative analysis of human endogenous retrovirus-W env in neuroinflammatory diseases
Slc1a2;Rattus norvegicus;29482;solute carrier family 1 member 2;"Glt; Eaat2; Glt-1";protein coding;Ensembl:ENSRNOG00000005479 AllianceGenome:RGD:3697;3q32;forebrain;N/A;RT-PCR;EAE;N/A;female Lewis rats;4 EAE /4 controls;up-regulation;Disease risk;It was noted that mRNA expression of GLT-1 started to increase significantly in EAE rats from day 6 p.i.(70% compared with control), was of the highest magnitude at day 8 p.i.(about 150% of control), and lasted until day 10 p.i. (about 90% of control expression).;The beneficial effects of glutamate receptors antagonists are strongly suggestive of involvement of glutamatergic receptor-mediated excitotoxicity in the pathogenesis of the disease. The key role in limiting the glutamatergic activity occurs by regulation of the level of extracellular glutamate by GluTs.;18572325;2008;Expression of glutamate transporters GLT-1 and GLAST in different regions of rat brain during the course of experimental autoimmune encephalomyelitis
Slc1a2;Rattus norvegicus;29482;solute carrier family 1 member 2;"Glt; Eaat2; Glt-1";protein coding;Ensembl:ENSRNOG00000005479 AllianceGenome:RGD:3697;3q32;cerebellum;N/A;RT-PCR;EAE;N/A;female Lewis rats;4 EAE /4 controls;up-regulation;Disease risk;exceeded controls;The beneficial effects of glutamate receptors antagonists are strongly suggestive of involvement of glutamatergic receptor-mediated excitotoxicity in the pathogenesis of the disease. The key role in limiting the glutamatergic activity occurs by regulation of the level of extracellular glutamate by GluTs.;18572325;2008;Expression of glutamate transporters GLT-1 and GLAST in different regions of rat brain during the course of experimental autoimmune encephalomyelitis
VEGFA;Homo sapiens;7422;vascular endothelial growth factor A;vascular endothelial growth factor A;protein coding;"Ensembl:ENSG00000112715 MIM:192240; AllianceGenome:HGNC:12680";6p21.1;fresh blood;N/A;RT-PCR;MS;SPMS,RRMS,PPMS;N/A;60 MS/20HCs;down-regulation;Disease risk;Vascular endothelial growth factor A mRNA gene expression level was significantly lower in the multiple sclerosis group than in the healthy control group.;There is substantial evidence that VEGF-A is a pro-inflammatory factor and can cause CNS damage.Inhibition of endogenous VEGF-A can lead to decreased brain lesion size, whereas administration of VEGF-A can exacerbate CNS damage and up-regulate immunomodulatory adhesion molecules and cytokines.;25887968;2016;Vascular endothelial growth factor-A mRNA gene expression in clinical phases of multiple sclerosis
VEGFA;Homo sapiens;7422;vascular endothelial growth factor A;vascular endothelial growth factor A;protein coding;"Ensembl:ENSG00000112715 MIM:192240; AllianceGenome:HGNC:12680";6p21.1;fresh blood;N/A;RT-PCR;MS;SPMS,RRMS,PPMS;N/A;60 MS/20HCs;no significance;Phenotypic risk;There was no correlation between vascular endothelial growth factor A gene expression levels and duration of disease, multiple sclerosis progression index or expanded disability status scale.;There is substantial evidence that VEGF-A is a pro-inflammatory factor and can cause CNS damage.Inhibition of endogenous VEGF-A can lead to decreased brain lesion size, whereas administration of VEGF-A can exacerbate CNS damage and up-regulate immunomodulatory adhesion molecules and cytokines.;25887968;2016;Vascular endothelial growth factor-A mRNA gene expression in clinical phases of multiple sclerosis
CLU;Homo sapiens;1191;clusterin;"CLI; AAG4; APOJ; CLU1; CLU2; KUB1; SGP2; APO-J; SGP-2; SP-40; TRPM2; TRPM-2; NA1/NA2";protein coding;"Ensembl:ENSG00000120885 MIM:185430; AllianceGenome:HGNC:2095";8p21.1;whole blood;N/A;RT-PCR;MS;RRMS,PPMS,CIS;N/A;51 patients / 51 healty controls;up-regulation;Disease risk;was found to be considerably elevated when compared to control participants;N/A;35594733;2022;The analysis of dynamic gene expression patterns in peripheral blood of multiple sclerosis patients indicates possible diagnostic and prognostic biomarkers
NEFL;Homo sapiens;4747;neurofilament light chain;"NFL; NF-L; NF68; CMT1F; CMT2E; CMTDIG; PPP1R110";protein coding;"Ensembl:ENSG00000277586 MIM:162280; AllianceGenome:HGNC:7739";8p21.2;whole blood;N/A;RT-PCR;MS;RRMS,PPMS,CIS;N/A;51 patients / 51 healty controls;up-regulation;Disease risk;was found to be considerably elevated when compared to control participants;N/A;35594733;2022;The analysis of dynamic gene expression patterns in peripheral blood of multiple sclerosis patients indicates possible diagnostic and prognostic biomarkers
TNF;Homo sapiens;7124;tumor necrosis factor;"DIF; TNFA; TNFSF2; TNLG1F; TNF-alpha";protein coding;"Ensembl:ENSG00000232810 MIM:191160; AllianceGenome:HGNC:11892";6p21.33;whole blood;N/A;RT-PCR;MS;RRMS,PPMS,CIS;N/A;51 patients / 51 healty controls;up-regulation;Disease risk;was found to be considerably elevated when compared to control participants;N/A;35594733;2022;The analysis of dynamic gene expression patterns in peripheral blood of multiple sclerosis patients indicates possible diagnostic and prognostic biomarkers
MAPT;Homo sapiens;4137;microtubule associated protein tau;"TAU; MSTD; PPND; DDPAC; MAPTL; MTBT1; MTBT2; tau-40; FTDP-17; PPP1R103; Tau-PHF6";protein coding;"Ensembl:ENSG00000186868 MIM:157140; AllianceGenome:HGNC:6893";17q21.31;whole blood;N/A;RT-PCR;MS;RRMS,PPMS,CIS;N/A;51 patients / 51 healty controls;up-regulation;Disease risk;was found to be considerably elevated when compared to control participants;N/A;35594733;2022;The analysis of dynamic gene expression patterns in peripheral blood of multiple sclerosis patients indicates possible diagnostic and prognostic biomarkers
IGF1;Homo sapiens;3479;insulin like growth factor 1;"IGF; MGF; IGFI; IGF-I";protein coding;"Ensembl:ENSG00000017427 MIM:147440; AllianceGenome:HGNC:5464";12q23.2;whole blood;N/A;RT-PCR;MS;RRMS,PPMS,CIS;N/A;51 patients / 51 healty controls;down-regulation;Disease risk;Expression levels was lower in recruited patients compared to controls.;N/A;35594733;2022;The analysis of dynamic gene expression patterns in peripheral blood of multiple sclerosis patients indicates possible diagnostic and prognostic biomarkers
PSEN1;Homo sapiens;5663;presenilin 1;"AD3; FAD; PS1; PS-1; S182; PSNL1; ACNINV3";protein coding;"Ensembl:ENSG00000080815 MIM:104311; AllianceGenome:HGNC:9508";14q24.2;whole blood;N/A;RT-PCR;MS;RRMS,PPMS,CIS;N/A;51 patients / 51 healty controls;down-regulation;Disease risk;Expression levels was lower in recruited patients compared to controls.;N/A;35594733;2022;The analysis of dynamic gene expression patterns in peripheral blood of multiple sclerosis patients indicates possible diagnostic and prognostic biomarkers
CD44;Homo sapiens;960;CD44 molecule (Indian blood group);"IN; LHR; MC56; MDU2; MDU3; MIC4; Pgp1; CDW44; CSPG8; H-CAM; HCELL; ECM-III; HUTCH-1; HUTCH-I; ECMR-III; Hermes-1";protein coding;"Ensembl:ENSG00000026508 MIM:107269; AllianceGenome:HGNC:1681";11p13;whole blood;N/A;RT-PCR;MS;RRMS,PPMS,CIS;N/A;51 patients / 51 healty controls;down-regulation;Disease risk;Expression levels was lower in recruited patients compared to controls.;N/A;35594733;2022;The analysis of dynamic gene expression patterns in peripheral blood of multiple sclerosis patients indicates possible diagnostic and prognostic biomarkers
APP;Homo sapiens;351;amyloid beta precursor protein;"AAA; AD1; PN2; ABPP; APPI; CVAP; ABETA; PN-II; preA4; CTFgamma; alpha-sAPP";protein coding;"Ensembl:ENSG00000142192 MIM:104760; AllianceGenome:HGNC:620";21q21.3;whole blood;N/A;RT-PCR;MS;RRMS,PPMS,CIS;N/A;51 patients / 51 healty controls;no significance;Disease risk;The expressions was not significantly different in patients with multiple sclerosis compared to controls.;N/A;35594733;2022;The analysis of dynamic gene expression patterns in peripheral blood of multiple sclerosis patients indicates possible diagnostic and prognostic biomarkers
AVP;Homo sapiens;551;arginine vasopressin;"VP; ADH; ARVP; AVRP; AVP-NPII";protein coding;"Ensembl:ENSG00000101200 MIM:192340; AllianceGenome:HGNC:894";20p13;whole blood;N/A;RT-PCR;MS;RRMS,PPMS,CIS;N/A;51 patients / 51 healty controls;no significance;Disease risk;The expressions was not significantly different in patients with multiple sclerosis compared to controls.;N/A;35594733;2022;The analysis of dynamic gene expression patterns in peripheral blood of multiple sclerosis patients indicates possible diagnostic and prognostic biomarkers
ERVW-1;Homo sapiens;30816;endogenous retrovirus group W member 1, envelope;"ENV; ENVW; HERVW; ERVWE1; HERV7Q; HERV-7q; HERVWENV; HERV-W-ENV";protein coding;"Ensembl:ENSG00000242950 MIM:604659; AllianceGenome:HGNC:13525";7q21.2;peripheral blood lymphocytes,serum;N/A;RT-PCR;MS;N/A;N/A;32 MS/ 81 controls(17 myasthenia gravis patients, 16 Parkinson’s disease patients, 21 migraine patients, 27 healthy adults);up-regulation;Disease risk;More frequent expression of MSRV sequences detected in lymphocytes RNA (cDNA), as well as their presence in higher frequency in the serum of MS patients.;There is much evidence that strongly indicates autoimmune response, in which viral infection plays a crucial role in the pathogenesis of MS.;12587074;2003;Multiple sclerosis-associated virus-related pol sequences found both in multiple sclerosis and healthy donors are more frequently expressed in multiple sclerosis patients
HLA-DRB1;Homo sapiens;3123;major histocompatibility complex, class II, DR beta 1;"SS1; DRB1; HLA-DRB; HLA-DR1B";protein coding;"Ensembl:ENSG00000196126 MIM:142857; AllianceGenome:HGNC:4948";6p21.32;blood;N/A;qRT‐PCR;MS;RRMS;Southern Italy;20 patients/7 controls;up-regulation;Disease risk;The HLA‐DRB1*13 and HLA‐DRB1*11 present a significant increment with respect to non‐MS‐associated alleles, more strong in PBMC from patients compared to healthy controls.;In multiple sclerosis, the disease‐associated HLA‐DR heterodimers play a pivotal role in presenting immunogenic peptides from myelin proteins to pathogenic CD4+ T cells.;31313885;2019;The HLA-DRB1 risk alleles for multiple sclerosis are differentially expressed in blood cells of patients from Southern Italy
Mmp15;Mus musculus;17388;matrix metallopeptidase 15;"MT2-MMP; MT-MMP 2";protein coding;Ensembl:ENSMUSG00000031790 AllianceGenome:MGI:109320;"8 C5; 8 47.12 cM";spinal cord;N/A;real-time PCR;EAE;AT-EAE;SJL/J (SJL) mice;AT- EAE(n=4 or 5) / Act.EAE(n=4 or 5) / Unm.(n=4 or 5);down-regulation;Disease risk;Statistically significant downregulation of MMP-15 was observed in both models.;Matrix metalloproteinases (MMPs) are proteinases implicated in all diseases involving neuroinflammation, including multiple sclerosis. MMPs are thought to facilitate cellular infiltration of the central nervous system (CNS) by degrading extracellular proteins present in the neurovascular unit, which is composed of endothelial cells connected by tight junctions, and the glia limitans. Inhibition of MMP activity with broad-spectrum synthetic inhibitors alleviates symptoms of experimental autoimmune encephalomyelitis (EAE).;17883829;2007;Downregulation of membrane type-matrix metalloproteinases in the inflamed or injured central nervous system
Mmp16;Mus musculus;17389;matrix metallopeptidase 16;"Mt3mmp; MT3-MMP; MT-MMP 3";protein coding;Ensembl:ENSMUSG00000028226 AllianceGenome:MGI:1276107;"4 A3; 4 7.08 cM";spinal cord;N/A;real-time PCR;EAE;AT-EAE;SJL/J (SJL) mice;AT- EAE(n=4 or 5) / Act.EAE(n=4 or 5) / Unm.(n=4 or 5);down-regulation;Disease risk;Statistically significant downregulation of MMP-16 was observed in both models.;Matrix metalloproteinases (MMPs) are proteinases implicated in all diseases involving neuroinflammation, including multiple sclerosis. MMPs are thought to facilitate cellular infiltration of the central nervous system (CNS) by degrading extracellular proteins present in the neurovascular unit, which is composed of endothelial cells connected by tight junctions, and the glia limitans. Inhibition of MMP activity with broad-spectrum synthetic inhibitors alleviates symptoms of experimental autoimmune encephalomyelitis (EAE).;17883829;2007;Downregulation of membrane type-matrix metalloproteinases in the inflamed or injured central nervous system
Mmp17;Mus musculus;23948;matrix metallopeptidase 17;"MT4MMP; MTMMP4; MT4-MMP";protein coding;Ensembl:ENSMUSG00000029436 AllianceGenome:MGI:1346076;"5 G1.3; 5 68.18 cM";spinal cord;N/A;real-time PCR;EAE;AT-EAE;SJL/J (SJL) mice;AT- EAE(n=4 or 5) / Act.EAE(n=4 or 5) / Unm.(n=4 or 5);down-regulation;Disease risk;Statistically significant downregulation of MMP-17 was observed in both models.;Matrix metalloproteinases (MMPs) are proteinases implicated in all diseases involving neuroinflammation, including multiple sclerosis. MMPs are thought to facilitate cellular infiltration of the central nervous system (CNS) by degrading extracellular proteins present in the neurovascular unit, which is composed of endothelial cells connected by tight junctions, and the glia limitans. Inhibition of MMP activity with broad-spectrum synthetic inhibitors alleviates symptoms of experimental autoimmune encephalomyelitis (EAE).;17883829;2007;Downregulation of membrane type-matrix metalloproteinases in the inflamed or injured central nervous system
Mmp24;Mus musculus;17391;matrix metallopeptidase 24;"MMP-21; MT5MMP; MTMMP5; MT5-MMP";protein coding;Ensembl:ENSMUSG00000027612 AllianceGenome:MGI:1341867;"2 H1; 2 77.26 cM";spinal cord;N/A;real-time PCR;EAE;AT-EAE;SJL/J (SJL) mice;AT- EAE(n=4 or 5) / Act.EAE(n=4 or 5) / Unm.(n=4 or 5);down-regulation;Disease risk;Statistically significant downregulation of MMP-24 was observed in both models.;Matrix metalloproteinases (MMPs) are proteinases implicated in all diseases involving neuroinflammation, including multiple sclerosis. MMPs are thought to facilitate cellular infiltration of the central nervous system (CNS) by degrading extracellular proteins present in the neurovascular unit, which is composed of endothelial cells connected by tight junctions, and the glia limitans. Inhibition of MMP activity with broad-spectrum synthetic inhibitors alleviates symptoms of experimental autoimmune encephalomyelitis (EAE).;17883829;2007;Downregulation of membrane type-matrix metalloproteinases in the inflamed or injured central nervous system
Mmp14;Mus musculus;17387;matrix metallopeptidase 14 (membrane-inserted);"sabe; MMP-X1; MT1-MMP; MT-MMP-1";protein coding;Ensembl:ENSMUSG00000000957 AllianceGenome:MGI:101900;"14 C2; 14 27.79 cM";spinal cord;N/A;real-time PCR;EAE;AT-EAE;SJL/J (SJL) mice;AT- EAE(n=4 or 5) / Act.EAE(n=4 or 5) / Unm.(n=4 or 5);up-regulation;Disease risk;Statistically significant upregulation of MMP-14 was observed in both models.;Matrix metalloproteinases (MMPs) are proteinases implicated in all diseases involving neuroinflammation, including multiple sclerosis. MMPs are thought to facilitate cellular infiltration of the central nervous system (CNS) by degrading extracellular proteins present in the neurovascular unit, which is composed of endothelial cells connected by tight junctions, and the glia limitans. Inhibition of MMP activity with broad-spectrum synthetic inhibitors alleviates symptoms of experimental autoimmune encephalomyelitis (EAE).;17883829;2007;Downregulation of membrane type-matrix metalloproteinases in the inflamed or injured central nervous system
Mmp25;Mus musculus;240047;matrix metallopeptidase 25;"MMP20; MT6-MMP; Leukolysin; F730048C11Rik";protein coding;Ensembl:ENSMUSG00000023903 AllianceGenome:MGI:2443938;"17; 17 A3.3";spinal cord;N/A;real-time PCR;EAE;AT-EAE;SJL/J (SJL) mice;AT- EAE(n=4 or 5) / Act.EAE(n=4 or 5) / Unm.(n=4 or 5);up-regulation;Disease risk;Statistically significant upregulation of MMP-25 was observed in both models.;Matrix metalloproteinases (MMPs) are proteinases implicated in all diseases involving neuroinflammation, including multiple sclerosis. MMPs are thought to facilitate cellular infiltration of the central nervous system (CNS) by degrading extracellular proteins present in the neurovascular unit, which is composed of endothelial cells connected by tight junctions, and the glia limitans. Inhibition of MMP activity with broad-spectrum synthetic inhibitors alleviates symptoms of experimental autoimmune encephalomyelitis (EAE).;17883829;2007;Downregulation of membrane type-matrix metalloproteinases in the inflamed or injured central nervous system
Tnf;Mus musculus;21926;tumor necrosis factor;"DIF; Tnfa; TNF-a; TNFSF2; Tnlg1f; Tnfsf1a; TNFalpha; TNF-alpha";protein coding;Ensembl:ENSMUSG00000024401 AllianceGenome:MGI:104798;"17 B1; 17 18.59 cM";spinal cord;N/A;real-time PCR;EAE;AT-EAE;SJL/J (SJL) mice;AT- EAE(n=4 or 5) / Act.EAE(n=4 or 5) / Unm.(n=4 or 5);up-regulation;Disease risk;TNFα was upregulated in EAE.;N/A;17883829;2007;Downregulation of membrane type-matrix metalloproteinases in the inflamed or injured central nervous system
Il1b;Mus musculus;16176;interleukin 1 beta;"Il-1b; IL-1beta";protein coding;Ensembl:ENSMUSG00000027398 AllianceGenome:MGI:96543;"2 F1; 2 62.97 cM";spinal cord;N/A;real-time PCR;EAE;AT-EAE;SJL/J (SJL) mice;AT- EAE(n=4 or 5) / Act.EAE(n=4 or 5) / Unm.(n=4 or 5);up-regulation;Disease risk;IL-1β was upregulated in EAE.;N/A;17883829;2007;Downregulation of membrane type-matrix metalloproteinases in the inflamed or injured central nervous system
Ccl20;Mus musculus;20297;chemokine (C-C motif) ligand 20;"CKb4; LARC; ST38; MIP3A; MIP-3A; Scya20; MIP-3[a]; exodus-1";protein coding;Ensembl:ENSMUSG00000026166 AllianceGenome:MGI:1329031;"1 C5; 1 42.69 cM";draining (inguinal) LNs,spinal cord;N/A;RT-PCR;EAE;N/A;female SJL/J mice;N/A;up-regulation;Disease risk;The immunization procedure caused an up-regulation of CCL20 mRNA expression in the draining (inguinal) LNs.;Up-regulation of CCL20 due to danger signals during inflammation may enhance migration of both of immature DC and memory lymphocytes into the tissue, increasing the speed of initiation and the extent of both primary and secondary adaptive immune responses.;19234209;2009;Inhibition of CCR6 function reduces the severity of experimental autoimmune encephalomyelitis via effects on the priming phase of the immune response
Ccr6;Mus musculus;12458;chemokine (C-C motif) receptor 6;"CCR-6; KY411; Cmkbr6; CC-CKR-6";protein coding;Ensembl:ENSMUSG00000040899 AllianceGenome:MGI:1333797;"17; 17 A1";draining (inguinal) LNs,spinal cord;N/A;RT-PCR;EAE;N/A;female SJL/J mice;N/A;up-regulation;Disease risk;The immunization procedure caused an up-regulation of CCR6 mRNA expression in the draining (inguinal) LNs.;N/A;19234209;2009;Inhibition of CCR6 function reduces the severity of experimental autoimmune encephalomyelitis via effects on the priming phase of the immune response
MX1;Homo sapiens;4599;MX dynamin like GTPase 1;"MX; MxA; IFI78; IFI-78K; lncMX1-215";protein coding;"Ensembl:ENSG00000157601 MIM:147150; AllianceGenome:HGNC:7532";21q22.3;peripheral blood;N/A;quantitative real time-PCR;MS;RRMA;Iranian;50 RRMS patients / 50 normal controls;down-regulation;Disease risk;The levels of gene expression were decreased in RRMS patients compared with normal counterparts.This decrease was significant in females compared to males.;"MxAcan inhibit the replication of single-strand RNA viruses, and is stable in the absence of viral infections.25In addition;MxA has a possible role in the signal transduction of the apoptotic pathway.";28417621;2017;Inverse Relation between MxA Gene Expression and Age in Multiple Sclerosis Patients Reveals a Gender Difference in Response to Interferon Therapy
ERG;Homo sapiens;2078;ETS transcription factor ERG;"p55; erg-3";protein coding;"Ensembl:ENSG00000157554 MIM:165080; AllianceGenome:HGNC:3446";21q22.2;peripheral blood;N/A;RT-qPCR;MS;N/A;Iranian;50 MS patients / 50 controls;no significant;Disease risk;There was no statistically significant difference in the expression of the ERG between patients and controls. Also, no correlation was detected between the expression of this gene and age of onset, disease duration and Expanded Disability Status Scale.;N/A;29488813;2018;Investigation of ERG Gene Expression in Iranian Patients with Multiple Sclerosis
IL2RA;Homo sapiens;3559;interleukin 2 receptor subunit alpha;interleukin 2 receptor subunit alpha;protein coding;"Ensembl:ENSG00000134460 MIM:147730; AllianceGenome:HGNC:6008";10p15.1;peripheral blood mononuclear cell;N/A;RT-PCR;MS;N/A;N/A;28 MS / 10 HCs;up-regulation;Disease risk;We found that levels of IL2RA expression were significantly higher in PBMCs from MS patients when compared with healthy controls.;Genetic studies have demonstrated association between single-nucleotide polymorphisms within the IL2RA (interleukin-2 receptor α-subunit) gene and risk of developing multiple sclerosis (MS).;28077880;2017;Interleukin-2 receptor-α proximal promoter hypomethylation is associated with multiple sclerosis
Arg1;Mus musculus;11846;arginase, liver;"AI; PGIF; Arg-1";protein coding;Ensembl:ENSMUSG00000019987 AllianceGenome:MGI:88070;"10; 10 A4";spinal cord;N/A;Northern blot;EAE;N/A;C57BL/6 (B6) mice;N/A;up-regulation;Disease risk;During EAE, Arg I mRNA was specifically up-regulated in the spinal cord.;The roles of arginase in immunity may be closely related to those of NOS.;12941151;2003;Arginase and autoimmune inflammation in the central nervous system
IL21;Homo sapiens;59067;interleukin 21;"Za11; IL-21; CVID11";protein coding;"Ensembl:ENSG00000138684 MIM:605384; AllianceGenome:HGNC:6005";4q27;serum;N/A;PCR-RFLP;MS;RRMS;Iraqi;70 MS / 50 healthy controls;no significant;Disease risk;"There was a slight increase in IL-21 serum levels in MS patients, compared to the controls; however, it was not significantly different.";B-cell proliferation is induced by IL-21, which improves their function by increasing antibody production and reducing cell death. It is also been linked to controlling antibody development and preventing apoptosis and plasma cell differentiation. The cluster of differentiation 81 T cells, NK cells, and NK T cells are activated by IL-21, which enhances their cytotoxic activity and proliferation.;35891764;2022;Impact of IL-21 Gene Polymorphisms (rs2055979) and the Levels of Serum IL-21 on the Risk of Multiple Sclerosis
Rasd1;Rattus norvegicus;64455;ras related dexamethasone induced 1;N/A;protein coding;Ensembl:ENSRNOG00000003348 AllianceGenome:RGD:619727;10q22;lumber spinal cord;N/A;quantitative Real-Time PCR;EAE;N/A;female Lewis rats;9 cases;up-regulation;Disease risk;The gene and protein expression of Dexras 1 in the central nervous system (CNS) of rats increased significantly during the process of EAE compared with control groups and maintain a high level in the remission period.;Dexras-1 mediates the effects of NO in the nervous system.;20084551;2010;Spatiotemporal patterns of dexamethasone-induced Ras protein 1 expression in the central nervous system of rats with experimental autoimmune encephalomyelitis
CFH;Homo sapiens;3075;complement factor H;"FH; HF; HF1; HF2; HUS; FHL1; AHUS1; AMBP1; ARMD4; ARMS1; CFHL3";protein coding;"Ensembl:ENSG00000000971 MIM:134370; AllianceGenome:HGNC:4883";1q31.3;venous blood;N/A;PCR;MS;RRMS,PPMS, SPMS,RPMS;N/A;42 MS / 34 HCs;up-regulation;Disease risk;There was a significant difference in serum CFH levels between the MS and HC groups.Serum CFH level was significantly lower in HC subjects than in each of RRMS, PPMS, SPMS and RPMS subgroups of the MS patients.;Serum CFH is the major fluid-phase regulator of the alternative pathway of C, increasingly recognised as a critical player in many diseases.;26186240;2015;Serum complement factor H and Tyr402 His gene polymorphism among Egyptians with multiple sclerosis
Irak1;Mus musculus;16179;interleukin-1 receptor-associated kinase 1;"IRAK; Plpk; mPLK; IRAK-1; IRAK1b; Il1rak; IRAK1-S";protein coding;Ensembl:ENSMUSG00000031392 AllianceGenome:MGI:107420;"X A7.3; X 37.61 cM";lumber spinal cord;N/A;RT-PCR;EAE;N/A;female C57BL/6 mice;5 EAE / 5 CFA;up-regulation;Disease risk;The results showed that the level of IRAK-M expression was low in CFA control mice, while the expression of IRAKM was significantly increased in the EAE mice.;There is evidence that TLR4-MyD88 signaling pathway and M1 microglia play important roles in pathogenesis of both MS and EAE. IRAK-M, also known as IRAK-3, is a member of IRAK family, and acts as negative regulator of TLR signaling to prevent excessive inflammation and expressed predominantly in microglia in CNS.;31036429;2019;Interleukin-1 receptor associated kinase (IRAK)-M -mediated type 2 microglia polarization ameliorates the severity of experimental autoimmune encephalomyelitis (EAE)
MIF;Homo sapiens;4282;macrophage migration inhibitory factor;"GIF; GLIF; MMIF";protein coding;"Ensembl:ENSG00000240972 MIM:153620; AllianceGenome:HGNC:7097";22q11.23;plasma;N/A;Real-Time PCR;MS;CIS-MS,RRMS,PPMS,SPMS;N/A;287 MS / 49 HCs;up-regulation;Disease risk;MIF was significantly higher in the plasma of MS subjects compared with HC.;MIF was one of the first cytokines to be described and is a key mediator of many autoimmune inflammatory diseases.It was suggested that MIF contributes to the pathogenesis of EAE/MS by promoting leukocyte recruitment into the CNS, inhibiting apoptosis of activated monocytes, and enhancing the secretion of proinflammatory cytokines.;28923927;2017;MIF and D-DT are potential disease severity modifiers in male MS subjects
MIF;Homo sapiens;4282;macrophage migration inhibitory factor;"GIF; GLIF; MMIF";protein coding;"Ensembl:ENSG00000240972 MIM:153620; AllianceGenome:HGNC:7097";22q11.23;plasma;N/A;Real-Time PCR;MS;CIS-MS,RRMS,PPMS,SPMS;Male;14 CIS,55 RRMS / 64 SPMS+PPMS / 49 HCs;up-regulation;Phenotypic risk;MIF plasma levels were significantly higher in male progressive MS subjects compared with CIS or RRMS subjects, but only nominally higher compared with HC.;MIF was one of the first cytokines to be described and is a key mediator of many autoimmune inflammatory diseases.It was suggested that MIF contributes to the pathogenesis of EAE/MS by promoting leukocyte recruitment into the CNS, inhibiting apoptosis of activated monocytes, and enhancing the secretion of proinflammatory cytokines.;28923927;2017;MIF and D-DT are potential disease severity modifiers in male MS subjects
DDT;Homo sapiens;1652;D-dopachrome tautomerase;"D-DT; DDCT; MIF2; MIF-2";protein coding;"Ensembl:ENSG00000099977 MIM:602750; AllianceGenome:HGNC:2732";22q11.23;plasma;N/A;Real-Time PCR;MS;CIS-MS,RRMS,PPMS,SPMS;Male;123 MS / 35 HCs;No significance;Disease risk;D-DT levels were also somewhat elevated in MS subjects compared with HC, but this difference did not reach significance.;D-DT has a neuroinflammatory role and similarly affects cell migration.;28923927;2017;MIF and D-DT are potential disease severity modifiers in male MS subjects
Cxcl13;Mus musculus;55985;chemokine (C-X-C motif) ligand 13;"BLC; Angie; BCA-1; BLR1L; ANGIE2; Scyb13; 4631412M08Rik";protein coding;Ensembl:ENSMUSG00000023078 AllianceGenome:MGI:1888499;"5; 5 E3";different CNS areas (cerebrum, cerebellum/brain stem and spinal cord) and positive control tissue (spleen);N/A;RT-PCR;EAE;relapsing-remitting and chronic-relapsing EAE.;female adult SJL, C57BL/6 and DBA-1 mice;N/A;up-regulation;Disease risk;We find that gene expression of CXCL13 is markedly and persistently upregulated in the CNS of mice with relapsing-remitting and chronic-relapsing EAE.;Lymphoid follicles with germinal centers are crucial sites in the development of B-cell responses because they are the sites where B cells undergo somatic hypermutation and affinity maturation.Tissues affected by autoimmune diseases often contain follicle-like structures with germinal centers that are thought to be relevant to pathogenesis, not only for the production of autoreactive antibodies but also for the maintenance of the autoimmune response.;14975582;2003;Intracerebral expression of CXCL13 and BAFF is accompanied by formation of lymphoid follicle-like structures in the meninges of mice with relapsing experimental autoimmune encephalomyelitis
Tnfsf13b;Mus musculus;24099;tumor necrosis factor (ligand) superfamily, member 13b;"BAFF; BLyS; TALL1; THANK; zTNF4; TALL-1; Tnlg7a; TNFSF20; D8Ertd387e";protein coding;Ensembl:ENSMUSG00000031497 AllianceGenome:MGI:1344376;"8 A1.1; 8 4.55 cM";different CNS areas (cerebrum, cerebellum/brain stem and spinal cord) and positive control tissue (spleen);N/A;RT-PCR;EAE;relapsing-remitting and chronic-relapsing EAE.;female adult SJL, C57BL/6 and DBA-1 mice;N/A;up-regulation;Disease risk;We find that gene expression of BAFF is markedly and persistently upregulated in the CNS of mice with relapsing-remitting and chronic-relapsing EAE.;With respect to the mechanisms underlying abnormal B cell activity during autoimmune disease, evidence is emerging that molecules regulating B-cell survival, proliferation, maturation and tolerance could play an important role in altering peripheral B-cell homeostasis. Among these, B-cell-activating factor of the tumor necrosis factor family (BAFF), is a potent regulator of B-cell survival and differentiation, and is thought to participate in pathogenic mechanisms leading to autoimmune diseases.;14975582;2003;Intracerebral expression of CXCL13 and BAFF is accompanied by formation of lymphoid follicle-like structures in the meninges of mice with relapsing experimental autoimmune encephalomyelitis
CXCL12;Homo sapiens;6387;C-X-C motif chemokine ligand 12;"IRH; PBSF; SDF1; TLSF; TPAR1; SCYB12";protein coding;"Ensembl:ENSG00000107562 MIM:600835; AllianceGenome:HGNC:10672";10q11.21;serum;N/A;ELISA;MS;RRMS;Iranian;100 MS patients / 100 healthy controls;up-regulation;Disease risk;Our results showed that serum levels of SDF-1α (CXCL12) were markedly higher in patients than healthy controls.;Immune regulatory factors might influence the pathogenesis of MS. Chemokines are low molecular weight proteins. A chemokine network exists in the CNS which is involved in physiological responses, under certain circumstances, pathological and repair processes subsequent to neurological injury.CXCL12 axis plays a significant role in hematopoiesis including hematopoietic cell differentiation and survival and homing of hematopoietic progenitors to the bone marrow and regulation of neuronal progenitor cell migration in the CNS.;22125123;2011;The SDF-1 3'a genetic variation of the chemokine SDF-1α (CXCL12) in parallel with its increased circulating levels is associated with susceptibility to MS: a study on Iranian multiple sclerosis patients
MALAT1;Homo sapiens;378938;metastasis associated lung adenocarcinoma transcript 1;"HCN; NEAT2; PRO2853; LINC00047; NCRNA00047";ncRNA;"Ensembl:ENSG00000251562 MIM:607924; AllianceGenome:HGNC:29665";11q13.1;serum;N/A;qRT-PCR;MS;RRMS,SPMS;Egyptian;45 MS patients / 45 controls;up-regulation;Disease risk;MALAT1 was significantly increased in MS patients in comparison with controls.;In respect to its role in nervous system, MALAT1 has regulated gene expression in neurons that involved in nuclear and synapse function and synaptogenesis.;30514825;2019;LncRNAs, MALAT1 and lnc-DC as potential biomarkers for multiple sclerosis diagnosis
WFDC21P;Homo sapiens;645638;WAP four-disulfide core domain 21, pseudogene;"LNCDC; lnc-DC; linc-DC";pseudo;"Ensembl:ENSG00000261040 MIM:615772; AllianceGenome:HGNC:50357";17q23.1;serum;N/A;qRT-PCR;MS;RRMS,SPMS;Egyptian;45 MS patients / 45 controls;up-regulation;Disease risk;lnc-DC was significantly increased in MS patients in comparison with controls.;lnc-DC is a long non-coding RNA that was found to be expressed in dendritic cells (DCs) and could mediate DCs maturation by phosphorylating transducer and activator of transcription 3 (STAT3). It was found that lnc-DC can affect the differentiation of monocytes into DCs that induce T-cell activation through its role in the transcription of downstream genes. So, lnc-DC can induce the differentiation and maturation of DCs.;30514825;2019;LncRNAs, MALAT1 and lnc-DC as potential biomarkers for multiple sclerosis diagnosis
MALAT1;Homo sapiens;378938;metastasis associated lung adenocarcinoma transcript 1;"HCN; NEAT2; PRO2853; LINC00047; NCRNA00047";ncRNA;"Ensembl:ENSG00000251562 MIM:607924; AllianceGenome:HGNC:29665";11q13.1;serum;N/A;qRT-PCR;MS;RRMS,SPMS;Egyptian;45 MS patients / 45 controls;up-regulation;Phenotypic risk;"The present study showed a significant increase in relative expression of serum MALAT1 in SPMS compared with healthy subjects; however, no significant difference was observed as regards the levels of MALAT1 in RRMS relative to healthy controls.";In respect to its role in nervous system, MALAT1 has regulated gene expression in neurons that involved in nuclear and synapse function and synaptogenesis.;30514825;2019;LncRNAs, MALAT1 and lnc-DC as potential biomarkers for multiple sclerosis diagnosis
WFDC21P;Homo sapiens;645638;WAP four-disulfide core domain 21, pseudogene;"LNCDC; lnc-DC; linc-DC";pseudo;"Ensembl:ENSG00000261040 MIM:615772; AllianceGenome:HGNC:50357";17q23.1;serum;N/A;qRT-PCR;MS;RRMS,SPMS;Egyptian;45 MS patients / 45 controls;up-regulation;Phenotypic risk;Concerning the serum level of lnc-DC, it was elevated significantly in RRMS patients compared with healthy subjects.Meanwhile, no significant difference between SPMS subgroup and healthy subjects regarding the level of lnc-DC.;lnc-DC is a long non-coding RNA that was found to be expressed in dendritic cells (DCs) and could mediate DCs maturation by phosphorylating transducer and activator of transcription 3 (STAT3). It was found that lnc-DC can affect the differentiation of monocytes into DCs that induce T-cell activation through its role in the transcription of downstream genes. So, lnc-DC can induce the differentiation and maturation of DCs.;30514825;2019;LncRNAs, MALAT1 and lnc-DC as potential biomarkers for multiple sclerosis diagnosis
GGTA1;Homo sapiens;2681;glycoprotein alpha-galactosyltransferase 1 (inactive);"GGTA; GLYT2; GGTA1P; a1/3GTP";protein coding;"Ensembl:ENSG00000204136 MIM:104175; AllianceGenome:HGNC:4253";9q33.2;N/A;N/A;N/A;MS;RRMS;N/A;31 MS patients / 36 healthy controls;down-regulation;Disease risk;We show that the gut microbiota of MS patients is characterized by a significant decrease in the relative abundance of the enzyme EC 2.4.1.87, which corresponds to the GGTA1 gene.;N/A;29195140;2017;Are the decrease in circulating anti-α1,3-Gal IgG and the lower content of galactosyl transferase A1 in the microbiota of patients with multiple sclerosis a novel environmental risk factor for the disease?
GGTA1;Homo sapiens;2681;glycoprotein alpha-galactosyltransferase 1 (inactive);"GGTA; GLYT2; GGTA1P; a1/3GTP";protein coding;"Ensembl:ENSG00000204136 MIM:104175; AllianceGenome:HGNC:4253";9q33.2;N/A;N/A;N/A;MS;N/A;N/A;60 MS patients / 43 healthy controls;down-regulation;Disease risk;We show that the gut microbiota of MS patients is characterized by a significant decrease in the relative abundance of the enzyme EC 2.4.1.87, which corresponds to the GGTA1 gene.;N/A;29195140;2017;Are the decrease in circulating anti-α1,3-Gal IgG and the lower content of galactosyl transferase A1 in the microbiota of patients with multiple sclerosis a novel environmental risk factor for the disease?
MIR155;Homo sapiens;406947;microRNA 155;"MIRN155; mir-155; miRNA155";ncRNA;"Ensembl:ENSG00000283904 MIM:609337; miRBase:MI0000681; AllianceGenome:HGNC:31542";21q21.3;PBMCs;N/A;qRT-PCR;MS;RRMS;N/A;10 MS patients / 10 healthy controls;up-regulation;Disease risk;Monitoring for differences in expression levels between cases and controls showed a significant up-regulation of mir-155.;MicroRNAs (miRNAs) are a class of short single-stranded non-coding RNAs that modulate the expression of multiple target mRNAs by inducing either translational repression or mRNA degradation.MiRNAs have emerged as key post-transcriptional regulators of diverse biological processes, and mounting evidence point to miRNAs as critical players not only for the development of the immune system, but also for the correct function of both its innate and adaptive branches. Considering that miRNAs are stringently regulated in immune cells to maintain immune homoeostasis, it is conceivable that dysregulation of miRNA expression levels can determine an immune-tolerance breakdown and, therefore, the development of autoimmunity.;22272099;2011;Genetic association and altered gene expression of mir-155 in multiple sclerosis patients
MIR19A;Homo sapiens;406979;microRNA 19a;"MIRH1; MIRHG1; MIR17HG; MIRN19A; miR-19a; C13orf25; miRNA19A; hsa-mir-19a";ncRNA;"Ensembl:ENSG00000284204 MIM:609418; miRBase:MI0000073; AllianceGenome:HGNC:31574";13q31.3;PBMCs;N/A;qRT-PCR;MS;RRMS;N/A;10 MS patients / 10 healthy controls;up-regulation;Disease risk;Monitoring for differences in expression levels between cases and controls showed a significant up-regulation of mir-19a.;MicroRNAs (miRNAs) are a class of short single-stranded non-coding RNAs that modulate the expression of multiple target mRNAs by inducing either translational repression or mRNA degradation.MiRNAs have emerged as key post-transcriptional regulators of diverse biological processes, and mounting evidence point to miRNAs as critical players not only for the development of the immune system, but also for the correct function of both its innate and adaptive branches. Considering that miRNAs are stringently regulated in immune cells to maintain immune homoeostasis, it is conceivable that dysregulation of miRNA expression levels can determine an immune-tolerance breakdown and, therefore, the development of autoimmunity.;22272099;2011;Genetic association and altered gene expression of mir-155 in multiple sclerosis patients
MIRLET7F1;Homo sapiens;406888;microRNA let-7f-1;"LET7F1; let-7f-1; MIRNLET7F1";ncRNA;"Ensembl:ENSG00000199072 MIM:612146; miRBase:MI0000067; AllianceGenome:HGNC:31483";9q22.32;PBMCs;N/A;qRT-PCR;MS;RRMS;N/A;10 MS patients / 10 healthy controls;up-regulation;Disease risk;Monitoring for differences in expression levels between cases and controls showed a significant up-regulation of let-7f.;MicroRNAs (miRNAs) are a class of short single-stranded non-coding RNAs that modulate the expression of multiple target mRNAs by inducing either translational repression or mRNA degradation.MiRNAs have emerged as key post-transcriptional regulators of diverse biological processes, and mounting evidence point to miRNAs as critical players not only for the development of the immune system, but also for the correct function of both its innate and adaptive branches. Considering that miRNAs are stringently regulated in immune cells to maintain immune homoeostasis, it is conceivable that dysregulation of miRNA expression levels can determine an immune-tolerance breakdown and, therefore, the development of autoimmunity.;22272099;2011;Genetic association and altered gene expression of mir-155 in multiple sclerosis patients
MIRLET7F2;Homo sapiens;406889;microRNA let-7f-2;"LET7F2; let-7f-2; MIRNLET7F2";ncRNA;"Ensembl:ENSG00000208012 MIM:300721; miRBase:MI0000068; AllianceGenome:HGNC:31484";Xp11.22;PBMCs;N/A;qRT-PCR;MS;RRMS;N/A;10 MS patients / 10 healthy controls;up-regulation;Disease risk;Monitoring for differences in expression levels between cases and controls showed a significant up-regulation of let-7f.;MicroRNAs (miRNAs) are a class of short single-stranded non-coding RNAs that modulate the expression of multiple target mRNAs by inducing either translational repression or mRNA degradation.MiRNAs have emerged as key post-transcriptional regulators of diverse biological processes, and mounting evidence point to miRNAs as critical players not only for the development of the immune system, but also for the correct function of both its innate and adaptive branches. Considering that miRNAs are stringently regulated in immune cells to maintain immune homoeostasis, it is conceivable that dysregulation of miRNA expression levels can determine an immune-tolerance breakdown and, therefore, the development of autoimmunity.;22272099;2011;Genetic association and altered gene expression of mir-155 in multiple sclerosis patients
USP18;Homo sapiens;11274;ubiquitin specific peptidase 18;"ISG43; UBP43; PTORCH2";protein coding;"Ensembl:ENSG00000184979 MIM:607057; AllianceGenome:HGNC:12616";22q11.21;PBMCs;N/A;RT-PCR;MS;RRMS;N/A;14 RRMS patients / 15 healthy controls;down-regulation;Disease risk;Expression levels for this gene were significantly lower in MS patients compared with controls.;USP18 codes for a type I IFN-inducible cysteine protease that deconjugates ISG15, a ubiquitin-like protein, from target proteins.Interestingly, USP18 has been shown to negatively regulate the type I IFN signalling pathway, and its deficiency results in enhanced and prolonged STAT1 phosphorylation.This action appears to be independent of its protease activity and mediated by the specific binding of USP18 to IFNAR2, which then blocks the interaction between JAK1 and the IFN receptor and results in inhibition of the downstream phosphorylation cascade.Although further studies are needed, it is tempting to speculate that a deficient expression of USP18 in MS patients may lead to overactivation of the type I IFN pathway and have implications in the therapeutic response to IFNβ.;21886806;2011;Search for specific biomarkers of IFNβ bioactivity in patients with multiple sclerosis
IL7R;Homo sapiens;3575;interleukin 7 receptor;"ILRA; CD127; IL7RA; CDW127; IMD104; sIL-7R; lnc-IL7R; IL7Ralpha; IL-7Ralpha; IL-7R-alpha";protein coding;"Ensembl:ENSG00000168685 MIM:146661; AllianceGenome:HGNC:6024";5p13.2;peripheral blood;N/A;Real-time PCR;MS;RRMS,PPMS,SPMS;N/A;72 MS patients / 74 HCs;No significance;Disease risk;We did not observe a significant difference in expression between the familial patients and healthy individuals (both Control and FDR).;IL7 has a range of biological activities and is essential for the survival, proliferation, and homeostasis of T-cells.It is also a factor in bone marrow culture that can induce the proliferation of B progenitor cells.IL7R may also have a primary signaling function through the autoimmunity cascade.This gene may also be involved in the remyelination process.Deletion of IL7R delays the maturation and differentiation of oligodendrocyte cells.;34584155;2021;Expression and clinical significance of IL7R, NFATc2, and RNF213 in familial and sporadic multiple sclerosis
NFATc2;Homo sapiens;4773;nuclear factor of activated T cells 2;"JCOSL; NFAT1; NFATP";protein coding;"Ensembl:ENSG00000101096 MIM:600490; AllianceGenome:HGNC:7776";20q13.2;peripheral blood;N/A;Real-time PCR;MS;RRMS,PPMS,SPMS;N/A;72 MS patients / 74 HCs;up-regulation;Disease risk;There was an increased NFATc2 expression level in MS patients versus healthy controls.;Wnt proteins have been shown to regulate T-cell growth and maturation of dendritic cells and also play a significant function in the expression of inflammatory mediators.NFATc2 is one of the important genes within the Wnt signaling pathway that plays an important role in immune system inflammation. It is one of the several transcription factors regulated by Calcineurin in the Wnt/Ca2+ signaling pathway.NFATc2 also mediates oligodendrocyte differentiation, T-cell function and coordinates the induction of cytokines and immunomodulatory molecules.;34584155;2021;Expression and clinical significance of IL7R, NFATc2, and RNF213 in familial and sporadic multiple sclerosis
RNF213;Homo sapiens;57674;ring finger protein 213;"ALO17; MYMY2; MYSTR; NET57; C17orf27; KIAA1618";protein coding;"Ensembl:ENSG00000173821 MIM:613768; AllianceGenome:HGNC:14539";17q25.3;peripheral blood;N/A;Real-time PCR;MS;RRMS,PPMS,SPMS;N/A;72 MS patients / 74 HCs;up-regulation;Disease risk;Our results also represented an increased expression level of RNF213 in familial patients as compared to the control group.;RNF213 is an ATPase and E3 ubiquitin ligase protein, which is involved in the angiogenesis, and degradation of FLNA and NFATc2, that leads to the inhibition of Wnt/Ca2+ pathway.Consequently, RNF213 deficiency has been shown to cause an increased expression of NFAT target genes.;34584155;2021;Expression and clinical significance of IL7R, NFATc2, and RNF213 in familial and sporadic multiple sclerosis
THRIL;Homo sapiens;102659353;TNF and HNRNPL related immunoregulatory long non-coding RNA;"Linc1992; BRI3BPAS1; BRI3BP-AS1; TCONS_00020260";ncRNA;"Ensembl:ENSG00000280634 MIM:615622; AllianceGenome:HGNC:49503";12q24.31;PBMCs;N/A;RT-PCR;MS;N/A;Iranian;51 MS patients / 51 controls;N/A;Disease risk;The expression level of THRIL significantly increased in the North Khorasan MS patients while this lncRNA downregulated in the Sistani MS patients in comparison with their respective healthy controls.;Another regulatory long non-coding RNA which has a contributing role to the inflammatory conditions is THRIL that regulates TNFα expression through the interaction with hnRNPL (heterogeneous nuclear ribonucleoprotein L).TNFα is a potent inhibitor of STAT3 activation in human monocyte-derived macrophages.;31713760;2019;Differential expression of STAT3 gene and its regulatory long non-coding RNAs, namely lnc-DC and THRIL, in two eastern Iranian ethnicities with multiple sclerosis
STAT3;Homo sapiens;6774;signal transducer and activator of transcription 3;"APRF; HIES; ADMIO; ADMIO1";protein coding;"Ensembl:ENSG00000168610 MIM:102582; AllianceGenome:HGNC:11364";17q21.2;PBMCs;N/A;RT-PCR;MS;N/A;Iranian;51 MS patients / 51 controls;down-regulation;Disease risk;We were not able to find any significant changes in the expression of STAT3 gene in North Khorasan patients, but it was downregulated in Sistani patients in comparison with their respective healthy controls.;The JAK/STAT pathway can be activated by a wide range of cytokines and growth factors resulting in the production of some inflammatory mediators.STAT3 is one of the critical members in this signaling pathway that induce the expression of some key genes, including those attributed to inflammation, through its transcriptional factor activity.It seems that JAK/STAT signaling pathway is involved in the pathogenesis of MS through the development of TH17 cells.;31713760;2019;Differential expression of STAT3 gene and its regulatory long non-coding RNAs, namely lnc-DC and THRIL, in two eastern Iranian ethnicities with multiple sclerosis
WFDC21P;Homo sapiens;645638;WAP four-disulfide core domain 21, pseudogene;"LNCDC; lnc-DC; linc-DC";pseudo;"Ensembl:ENSG00000261040 MIM:615772; AllianceGenome:HGNC:50357";17q23.1;PBMCs;N/A;RT-PCR;MS;N/A;Iranian;51 MS patients / 51 controls;No significance;Disease risk;lnc-DC gene expression level was approximately unchanged in both North and Sistani MS patients when compared with their respective control groups.;A new long non-coding RNA named lnc-DC, which is a positive regulator of STAT3 function,is located approximately near the STAT3 gene on chromosome 17.;31713760;2019;Differential expression of STAT3 gene and its regulatory long non-coding RNAs, namely lnc-DC and THRIL, in two eastern Iranian ethnicities with multiple sclerosis
TCHH;Homo sapiens;7062;trichohyalin;"THH; THL; TRHY; UHS3";protein coding;"Ensembl:ENSG00000159450 MIM:190370; AllianceGenome:HGNC:11791";1q21.3;N/A;N/A;N/A;N/A;N/A;N/A;N/A;up-regulation;Disease risk;They show an overactivity of a subset of CD4+ T-helper cells known as Thl cells.;These activated T cells, present systemically in patients with multiple sclerosis, secrete interferon gamma (IFN--y). Their activation is dependent on cytokine interleukin (IL)-12 secreted by macrophages and inhibited by cytokines IL- 10 and IL-4.;8533414;1995;Multiple sclerosis.
Cxcl12;Rattus norvegicus (Norway rat);24772;C-X-C motif chemokine ligand 12;Sdf1;protein coding;Ensembl:ENSRNOG00000013589 AllianceGenome:RGD:3651;4q42;spinal cord homogenate,MBV and astrocytes;from AO and DA rats immunized with SCH+CFA or SCH+CI,stimulated with ConASn and treated with inhibitors of p38 MAPK activation, SB203580 and SB202190;RT-‘real-time’ PCR;EAE;N/A;N/A;106;down-regulation;Disease risk;SCH + CI-immunized DA rats had higher iNOS and lower CXCL12 gene expression.iNOS and CXCL12 gene expression are inversely related in the inflamed CNS.SNP released high amounts of NO and significantly prevented upregulation of CXCL12 gene expression in ConASn-stimulated MBV and astrocytes.p38 MAPK signaling is important for NO-imposed downregulation of CXCL12 expression in astrocytes.Nitric oxide inhibits CXCL12 expression in neuroinflammation.;NO, as the major product of iNOS activity, might be responsible for restriction of CXCL12 expression during EAE in DA rats.Nitric oxide (NO), predominantly contributes to CNS tissue destruction in MS and EAE.;23732617;2013;Nitric oxide inhibits CXCL12 expression in neuroinflammation
Lif;Mus musculus (house mouse);18678;eukemia inhibitory factor;N/A;protein coding;Ensembl:ENSMUSG00000034394 AllianceGenome:MGI:96787;"11 A1; 11 2.94 cM";spinal cords;N/A;real-time PCR;EAE;an EAE model induced by myelin OLG protein 35–55 peptide;C57Bl/6J mice;EAE(n=5)/LV-GFP(n=5)/LV-LIF(n=5);no significant difference;Disease risk;No significant difference in pro- and anti-inflammatory cytokine profiles was detected between LIF-treated and control EAE groups.;N/A;20068552;2010;CNS-targeted LIF expression improves therapeutic efficacy and limits autoimmune-mediated demyelination in a model of multiple sclerosis
EOMES;Homo sapiens;8320;eomesodermin;TBR2;protein coding;"Ensembl:ENSG00000163508 MIM:604615; AllianceGenome:HGNC:3372";3p24.1;peripheral blood mononuclear cells (PBMCs);healthy controls (HCs), or patients with either RRMS or SPMS;flow cytometry;MS;RRMS or SPMS;N/A;N/A;up-regulation;Disease risk;Proportions (%) of Eomes+CD4+ T cells among CD4+ T cells in RRMS were not significantly different from HCs,the % of Eomes+ T cells was remarkably increased in patients with SPMS.The increase of Eomes+ cells in SPMS was CD4+ T-cell-specific and was not observed in CD4<U+2212> T cells .Moreover, proportions of Eomes+CD4+ T cells were further enriched in the CSF from patients with SPMS as compared with corresponding blood samples, indicating their propensity for moving to the site of autoimmune inflammation.These results indicate that Eomes+CD4+ T cells may also play a key pathogenic role in SPMS.;N/A;26436530;2015;Eomesodermin-expressing T-helper cells are essential for chronic neuroinflammation
Il6;Mus musculus;16193;interleukin 6;Il-6;protein coding;Ensembl:ENSMUSG00000025746 AllianceGenome:MGI:96559;"5 B1; 5 15.7 cM";brain;N/A;qRT-PCR;EAE;N/A;C57BL/6 mice;N/A;up-regulation;Disease risk;increased expression of IL-6;the presence of ER stress in the CNS during EAE;25113558;2014;PERK-dependent activation of JAK1 and STAT3 contributes to endoplasmic reticulum stress-induced inflammation
Ccl2;Mus musculus;20296;chemokine (C-C motif) ligand 2;"JE; HC11; MCAF; MCP1; MCP-1; Scya2; Sigje; SMC-CF";protein coding;Ensembl:ENSMUSG00000035385 AllianceGenome:MGI:98259;"11 B5; 11 49.82 cM";brain;N/A;qRT-PCR;EAE;N/A;C57BL/6 mice;N/A;up-regulation;Disease risk;increased expression of CCL2;the presence of ER stress in the CNS during EAE;25113558;2014;PERK-dependent activation of JAK1 and STAT3 contributes to endoplasmic reticulum stress-induced inflammation
Gfap;Mus musculus;14580;glial fibrillary acidic protein;N/A;protein coding;Ensembl:ENSMUSG00000020932 AllianceGenome:MGI:95697;"11 E1; 11 66.48 cM";brain;N/A;qRT-PCR;EAE;N/A;C57BL/6 mice;N/A;up-regulation;Disease risk;upregulation of GFAP;Astrocytes were experiencing ER stress.;25113558;2014;PERK-dependent activation of JAK1 and STAT3 contributes to endoplasmic reticulum stress-induced inflammation
Creb3l1;Mus musculus;26427;cAMP responsive element binding protein 3-like 1;Oasis;protein coding;Ensembl:ENSMUSG00000027230 AllianceGenome:MGI:1347062;"2; 2 E1";brain;N/A;qRT-PCR;EAE;N/A;C57BL/6 mice;N/A;up-regulation;Disease risk;upregulation of OASIS;Astrocytes were experiencing ER stress.;25113558;2014;PERK-dependent activation of JAK1 and STAT3 contributes to endoplasmic reticulum stress-induced inflammation
Tbx21;Mus musculus;57765;T-box 21;"TBT1; Tbet; Tblym";protein coding;Ensembl:ENSMUSG00000001444 AllianceGenome:MGI:1888984;"11; 11 D";spleens;N/A;RT-PCR;EAE;N/A;female C57BL/6 mice;11;down-regulation;Disease risk;In the spleen, T-bet was suppressed during the progress of the disease.;CD4+ T cell-mediated autoimmunity has long been accepted as one of the most important aspects.Depending on the cytokine environment, naive CD4+ T cells can differentiate into at least four major subsets—Th1, Th2, Th17, and iTreg cells—and produce pro-inflammatory or anti-inflammatory cytokines.;27882475;2017;The Spatio-Temporal Expression Profiles of CD4 + T Cell Differentiation and Function-Related Genes During EAE Pathogenesis
Tbx21;Mus musculus;57765;T-box 21;"TBT1; Tbet; Tblym";protein coding;Ensembl:ENSMUSG00000001444 AllianceGenome:MGI:1888984;"11; 11 D";lymph node, brain and spinal cord;N/A;RT-PCR;EAE;N/A;female C57BL/6 mice;11;up-regulation;Disease risk;T-bet was slightly upregulated.;CD4+ T cell-mediated autoimmunity has long been accepted as one of the most important aspects.Depending on the cytokine environment, naive CD4+ T cells can differentiate into at least four major subsets—Th1, Th2, Th17, and iTreg cells—and produce pro-inflammatory or anti-inflammatory cytokines.;27882475;2017;The Spatio-Temporal Expression Profiles of CD4 + T Cell Differentiation and Function-Related Genes During EAE Pathogenesis
Gata3;Mus musculus;14462;GATA binding protein 3;"jal; Gata-3";protein coding;Ensembl:ENSMUSG00000015619 AllianceGenome:MGI:95663;"2 A1; 2 6.69 cM";spleen,lymph node, and spinal cord;N/A;RT-PCR;EAE;N/A;female C57BL/6 mice;11;down-regulation;Disease risk;During the disease process, GATA3 was suppressed in the spleen,lymph node, and spinal cord.;CD4+ T cell-mediated autoimmunity has long been accepted as one of the most important aspects.Depending on the cytokine environment, naive CD4+ T cells can differentiate into at least four major subsets—Th1, Th2, Th17, and iTreg cells—and produce pro-inflammatory or anti-inflammatory cytokines.;27882475;2017;The Spatio-Temporal Expression Profiles of CD4 + T Cell Differentiation and Function-Related Genes During EAE Pathogenesis
Gata3;Mus musculus;14462;GATA binding protein 3;"jal; Gata-3";protein coding;Ensembl:ENSMUSG00000015619 AllianceGenome:MGI:95663;"2 A1; 2 6.69 cM";brain;N/A;RT-PCR;EAE;N/A;female C57BL/6 mice;11;up-regulation;Disease risk;During the disease process, GATA3 significantly increased in the brain.;CD4+ T cell-mediated autoimmunity has long been accepted as one of the most important aspects.Depending on the cytokine environment, naive CD4+ T cells can differentiate into at least four major subsets—Th1, Th2, Th17, and iTreg cells—and produce pro-inflammatory or anti-inflammatory cytokines.;27882475;2017;The Spatio-Temporal Expression Profiles of CD4 + T Cell Differentiation and Function-Related Genes During EAE Pathogenesis
Rorc;Mus musculus;19885;RAR-related orphan receptor gamma;"TOR; Thor; Nr1f3; RORgamma";protein coding;Ensembl:ENSMUSG00000028150 AllianceGenome:MGI:104856;"3; 3 F2.1";spleen ,lymph node,brain ,spinal cord;N/A;RT-PCR;EAE;N/A;female C57BL/6 mice;11;up-regulation;Disease risk;In spleen and lymph node, RORγt was slightly upregulated.In brain and spinal cord, it was significantly enhanced.;CD4+ T cell-mediated autoimmunity has long been accepted as one of the most important aspects.Depending on the cytokine environment, naive CD4+ T cells can differentiate into at least four major subsets—Th1, Th2, Th17, and iTreg cells—and produce pro-inflammatory or anti-inflammatory cytokines.;27882475;2017;The Spatio-Temporal Expression Profiles of CD4 + T Cell Differentiation and Function-Related Genes During EAE Pathogenesis
Foxp3;Mus musculus;20371;forkhead box P3;"sf; JM2; scurfin";protein coding;Ensembl:ENSMUSG00000039521 AllianceGenome:MGI:1891436;"X A1.1; X 3.41 cM";spleens;N/A;RT-PCR;EAE;N/A;female C57BL/6 mice;11;down-regulation;Disease risk;Foxp3 decreased in an earlier stage in the spleen.;CD4+ T cell-mediated autoimmunity has long been accepted as one of the most important aspects.Depending on the cytokine environment, naive CD4+ T cells can differentiate into at least four major subsets—Th1, Th2, Th17, and iTreg cells—and produce pro-inflammatory or anti-inflammatory cytokines.;27882475;2017;The Spatio-Temporal Expression Profiles of CD4 + T Cell Differentiation and Function-Related Genes During EAE Pathogenesis
Foxp3;Mus musculus;20371;forkhead box P3;"sf; JM2; scurfin";protein coding;Ensembl:ENSMUSG00000039521 AllianceGenome:MGI:1891436;"X A1.1; X 3.41 cM";brain, spinal cord;N/A;RT-PCR;EAE;N/A;female C57BL/6 mice;11;up-regulation;Disease risk;It was generally upregulated during the whole disease process.;CD4+ T cell-mediated autoimmunity has long been accepted as one of the most important aspects.Depending on the cytokine environment, naive CD4+ T cells can differentiate into at least four major subsets—Th1, Th2, Th17, and iTreg cells—and produce pro-inflammatory or anti-inflammatory cytokines.;27882475;2017;The Spatio-Temporal Expression Profiles of CD4 + T Cell Differentiation and Function-Related Genes During EAE Pathogenesis
Ifng;Mus musculus;15978;interferon gamma;"Ifg; If2f; IFN-g";protein coding;Ensembl:ENSMUSG00000055170 AllianceGenome:MGI:107656;"10 D2; 10 66.75 cM";spleens;N/A;RT-PCR;EAE;N/A;female C57BL/6 mice;11;down-regulation;Disease risk;IFN-γ decreased slightly in the spleen;CD4+ T cell-mediated autoimmunity has long been accepted as one of the most important aspects.Depending on the cytokine environment, naive CD4+ T cells can differentiate into at least four major subsets—Th1, Th2, Th17, and iTreg cells—and produce pro-inflammatory or anti-inflammatory cytokines.;27882475;2017;The Spatio-Temporal Expression Profiles of CD4 + T Cell Differentiation and Function-Related Genes During EAE Pathogenesis
Ifng;Mus musculus;15978;interferon gamma;"Ifg; If2f; IFN-g";protein coding;Ensembl:ENSMUSG00000055170 AllianceGenome:MGI:107656;"10 D2; 10 66.75 cM";lymph node, brain and spinal cord;N/A;RT-PCR;EAE;N/A;female C57BL/6 mice;11;up-regulation;Disease risk;It increased before the onset stage in the lymph node and in both brain and spinal cord, it was significantly upregulated.;CD4+ T cell-mediated autoimmunity has long been accepted as one of the most important aspects.Depending on the cytokine environment, naive CD4+ T cells can differentiate into at least four major subsets—Th1, Th2, Th17, and iTreg cells—and produce pro-inflammatory or anti-inflammatory cytokines.;27882475;2017;The Spatio-Temporal Expression Profiles of CD4 + T Cell Differentiation and Function-Related Genes During EAE Pathogenesis
Tgfb1;Mus musculus;21803;transforming growth factor, beta 1;"Tgfb; Tgfb-1; TGFbeta1; TGF-beta1";protein coding;"Tgfb; Tgfb-1; TGFbeta1; TGF-beta1";"7 A3; 7 13.98 cM";lymph node, brain and spinal cord,spleens;N/A;RT-PCR;EAE;N/A;female C57BL/6 mice;11;down-regulation;Disease risk;TGF-β1 was downregulated in the periphery throughout the disease course.;CD4+ T cell-mediated autoimmunity has long been accepted as one of the most important aspects.Depending on the cytokine environment, naive CD4+ T cells can differentiate into at least four major subsets—Th1, Th2, Th17, and iTreg cells—and produce pro-inflammatory or anti-inflammatory cytokines.;27882475;2017;The Spatio-Temporal Expression Profiles of CD4 + T Cell Differentiation and Function-Related Genes During EAE Pathogenesis
Tnf;Mus musculus;21926;tumor necrosis factor;"DIF; Tnfa; TNF-a; TNFSF2; Tnlg1f; Tnfsf1a; TNFalpha; TNF-alpha";protein coding;Ensembl:ENSMUSG00000024401 AllianceGenome:MGI:104798;"17 B1; 17 18.59 cM";brain and spinal cord;N/A;RT-PCR;EAE;N/A;female C57BL/6 mice;11;up-regulation;Disease risk;In the CNS, after disease onset, TNF-α was notably upregulated in the brain and spinal cord.;CD4+ T cell-mediated autoimmunity has long been accepted as one of the most important aspects.Depending on the cytokine environment, naive CD4+ T cells can differentiate into at least four major subsets—Th1, Th2, Th17, and iTreg cells—and produce pro-inflammatory or anti-inflammatory cytokines.;27882475;2017;The Spatio-Temporal Expression Profiles of CD4 + T Cell Differentiation and Function-Related Genes During EAE Pathogenesis
Il4;Mus musculus;16189;interleukin 4;"Il-4; BSF-1";protein coding;Ensembl:ENSMUSG00000000869 AllianceGenome:MGI:96556;"11 B1.3; 11 31.97 cM";lymph node;N/A;RT-PCR;EAE;N/A;female C57BL/6 mice;11;down-regulation;Disease risk;We found that in the periphery, the expression of IL-4 was suppressed and was significantly decreased on day 15 in the lymph node.;CD4+ T cell-mediated autoimmunity has long been accepted as one of the most important aspects.Depending on the cytokine environment, naive CD4+ T cells can differentiate into at least four major subsets—Th1, Th2, Th17, and iTreg cells—and produce pro-inflammatory or anti-inflammatory cytokines.;27882475;2017;The Spatio-Temporal Expression Profiles of CD4 + T Cell Differentiation and Function-Related Genes During EAE Pathogenesis
Il17a;Mus musculus;16171;interleukin 17A;"Il17; Ctla8; IL-17; Ctla-8; IL-17A";protein coding;Ensembl:ENSMUSG00000025929 AllianceGenome:MGI:107364;"1; 1 A4";lymph node, brain and spinal cord;N/A;RT-PCR;EAE;N/A;female C57BL/6 mice;11;up-regulation;Disease risk;Our results show that in the spleen IL17A was generally upregulated during the disease process.;CD4+ T cell-mediated autoimmunity has long been accepted as one of the most important aspects.Depending on the cytokine environment, naive CD4+ T cells can differentiate into at least four major subsets—Th1, Th2, Th17, and iTreg cells—and produce pro-inflammatory or anti-inflammatory cytokines.;27882475;2017;The Spatio-Temporal Expression Profiles of CD4 + T Cell Differentiation and Function-Related Genes During EAE Pathogenesis
IL-6;Mus musculus;16193;interleukin 6;Il-6;protein coding;Ensembl:ENSMUSG00000025746 AllianceGenome:MGI:96559;"5 B1; 5 15.7 cM";spleen, brain, and spinal cord;N/A;RT-PCR;EAE;N/A;female C57BL/6 mice;11;up-regulation;Disease risk;significantly upregulated;CD4+ T cell-mediated autoimmunity has long been accepted as one of the most important aspects.Depending on the cytokine environment, naive CD4+ T cells can differentiate into at least four major subsets—Th1, Th2, Th17, and iTreg cells—and produce pro-inflammatory or anti-inflammatory cytokines.;27882475;2017;The Spatio-Temporal Expression Profiles of CD4 + T Cell Differentiation and Function-Related Genes During EAE Pathogenesis
IL-22;Mus musculus;50929;interleukin 22;"IL-22; If2b1; Iltif; IL-22a; ILTIFa";protein coding;Ensembl:ENSMUSG00000074695 AllianceGenome:MGI:1355307;"10 D2; 10 66.67 cM";spleen and lymph node;N/A;RT-PCR;EAE;N/A;female C57BL/6 mice;11;up-regulation;Disease risk;uniformly upregulated;CD4+ T cell-mediated autoimmunity has long been accepted as one of the most important aspects.Depending on the cytokine environment, naive CD4+ T cells can differentiate into at least four major subsets—Th1, Th2, Th17, and iTreg cells—and produce pro-inflammatory or anti-inflammatory cytokines.;27882475;2017;The Spatio-Temporal Expression Profiles of CD4 + T Cell Differentiation and Function-Related Genes During EAE Pathogenesis
Il23a;Mus musculus;83430;Il23a;"p19; IL-23";protein coding;Ensembl:ENSMUSG00000025383 AllianceGenome:MGI:1932410;"10; 10 D3";spleen,lymph node;N/A;RT-PCR;EAE;N/A;female C57BL/6 mice;11;up-regulation;Disease risk;significantly upregulated;CD4+ T cell-mediated autoimmunity has long been accepted as one of the most important aspects.Depending on the cytokine environment, naive CD4+ T cells can differentiate into at least four major subsets—Th1, Th2, Th17, and iTreg cells—and produce pro-inflammatory or anti-inflammatory cytokines.;27882475;2017;The Spatio-Temporal Expression Profiles of CD4 + T Cell Differentiation and Function-Related Genes During EAE Pathogenesis
Il23a;Mus musculus;83430;Il23a;"p19; IL-23";protein coding;Ensembl:ENSMUSG00000025383 AllianceGenome:MGI:1932410;"10; 10 D3";spinal cords;N/A;RT-PCR;EAE;N/A;female C57BL/6 mice;11;down-regulation;Disease risk;In the CNS, IL-23p19 declined after onset, especially in the spinal cord.;CD4+ T cell-mediated autoimmunity has long been accepted as one of the most important aspects.Depending on the cytokine environment, naive CD4+ T cells can differentiate into at least four major subsets—Th1, Th2, Th17, and iTreg cells—and produce pro-inflammatory or anti-inflammatory cytokines.;27882475;2017;The Spatio-Temporal Expression Profiles of CD4 + T Cell Differentiation and Function-Related Genes During EAE Pathogenesis
Il1b;Mus musculus;16176;interleukin 1 beta;"Il-1b; IL-1beta";protein coding;Ensembl:ENSMUSG00000027398 AllianceGenome:MGI:96543;"2 F1; 2 62.97 cM";spleen,lymph node,brain and spinal cord;N/A;RT-PCR;EAE;N/A;female C57BL/6 mice;11;up-regulation;Disease risk;IL-1β increased in the spleen,lymph node,brain and spinal cord.;CD4+ T cell-mediated autoimmunity has long been accepted as one of the most important aspects.Depending on the cytokine environment, naive CD4+ T cells can differentiate into at least four major subsets—Th1, Th2, Th17, and iTreg cells—and produce pro-inflammatory or anti-inflammatory cytokines.;27882475;2017;The Spatio-Temporal Expression Profiles of CD4 + T Cell Differentiation and Function-Related Genes During EAE Pathogenesis
MIR326;Homo sapiens;442900;microRNA 326;"MIRN326; mir-326; hsa-mir-326";ncRNA;"Ensembl:ENSG00000199090 MIM:613755; miRBase:MI0000808; AllianceGenome:HGNC:31769";11q13.4;blood samples;PBLs;RT-PCR;MS;RRMS;Isfahan;40RRMS 20healthy controls;up-regulation;Disease risk;Our results confirmed potential ofmiR-326 as a diagnostic biomarker to discriminate between relapsing and remitting phases ofmultiple sclerosis disease;We observed up-regulation of both miR-326 and miR-26a in relapsing phase ofmultiple sclerosis patients compared with remitting phase (p value = 0.0001) and healthy controls (p value = 0.0091);24792898;2014;miR-326 and miR-26a, twopotential markers for diagnosis ofrelapse and remission phases in patient with relapsing–remitting multiple sclerosis
LASP1;Homo sapiens;3927;LIM and SH3 protein 1;"MLN50; Lasp-1";protein coding;"Ensembl:ENSG00000002834 MIM:602920; AllianceGenome:HGNC:6513";17q12;blood samples;N/A;qPCR;MS;N/A;Iranic;[44 patients were in the RRMS phase (relapsing-remitting) and 12 patients were in the SPMS phase (progressive-secondary)]. The control population was 44 healthy people without any symptoms;up-regulation;Disease risk;Results from qPCR showed a significant increase (P < 0.05) in LASP1 and S100A6 gene expression levels in MS patients compared to that in controls.;N/A;36970516;2023;Gene network reveals LASP1, TUBA1C, and S100A6 are likely playing regulatory roles in multiple sclerosis
TUBA1C;Homo sapiens;84790;tubulin alpha 1c;"TUBA6; bcm948";protein coding;Ensembl:ENSG00000167553 AllianceGenome:HGNC:20768;12q13.12;blood samples;N/A;qPCR;MS;N/A;Iranic;[44 patients were in the RRMS phase (relapsing-remitting) and 12 patients were in the SPMS phase (progressive-secondary)]. The control population was 44 healthy people without any symptoms;up-regulation;Disease risk;Results from qPCR showed a significant increase (P < 0.05) in LASP1 and S100A6 gene expression levels in MS patients compared to that in controls.;N/A;36970516;2023;Gene network reveals LASP1, TUBA1C, and S100A6 are likely playing regulatory roles in multiple sclerosis
S100A6;Homo sapiens;6277;S100 calcium binding protein A6;"2A9; PRA; 5B10; CABP; CACY; S10A6";protein coding;"Ensembl:ENSG00000197956 MIM:114110; AllianceGenome:HGNC:10496";1q21.3;blood samples;N/A;qPCR;MS;N/A;Iranic;[44 patients were in the RRMS phase (relapsing-remitting) and 12 patients were in the SPMS phase (progressive-secondary)]. The control population was 44 healthy people without any symptoms;up-regulation;Disease risk;Results from qPCR showed a significant increase (P < 0.05) in LASP1 and S100A6 gene expression levels in MS patients compared to that in controls.;N/A;36970516;2023;Gene network reveals LASP1, TUBA1C, and S100A6 are likely playing regulatory roles in multiple sclerosis
Ifit2;Mus musculus;15958;interferon-induced protein with tetratricopeptide repeats 2;"P54; Ifi54; GARG-39; IFI-54K";protein coding;Ensembl:ENSMUSG00000045932 AllianceGenome:MGI:99449;"19; 19 C1";whole spinal cord;N/A;qPCR;EAE;N/A;C57BL/6;WT (n=9) and Ifit<U+2212>/<U+2212> (n=9) mice;down-regulation;Disease risk;increased Ifit mRNA expression in EAE is likely induced by IFN signaling elicited from endogenously produced IFN-I. It is interesting to note that low, but detectable, basal-level expression of Ifit2 mRNA is observed in naive tissues;induced by IFN signaling elicited from endogenously produced IFN-I;36695771;2023;IFN-Induced Protein with Tetratricopeptide Repeats 2 Limits Autoimmune Inflammation by Regulating Myeloid Cell Activation and Metabolic Activity
Ifit1;Mus musculus;15957;interferon-induced protein with tetratricopeptide repeats 1;"P56; ISG56; Ifi56; GARG-16; IFI-56K";protein coding;Ensembl:ENSMUSG00000034459 AllianceGenome:MGI:99450;"19; 19 C1";whole spinal cord;N/A;qPCR;EAE;N/A;C57BL/6;WT (n=9) and Ifit<U+2212>/<U+2212> (n=9) mice;down-regulation;Disease risk;increased Ifit mRNA expression in EAE is likely induced by IFN signaling elicited from endogenously produced IFN-I. It is interesting to note that low, but detectable, basal-level expression of Ifit2 mRNA is observed in naive tissues;induced by IFN signaling elicited from endogenously produced IFN-I;36695771;2023;IFN-Induced Protein with Tetratricopeptide Repeats 2 Limits Autoimmune Inflammation by Regulating Myeloid Cell Activation and Metabolic Activity
Ifit3;Mus musculus;15959;interferon-induced protein with tetratricopeptide repeats 3;"P49; Ifi49";protein coding;Ensembl:ENSMUSG00000074896 AllianceGenome:MGI:1101055;"19; 19 C1";whole spinal cord;N/A;qPCR;EAE;N/A;C57BL/6;WT (n=9) and Ifit<U+2212>/<U+2212> (n=9) mice;down-regulation;Disease risk;increased Ifit mRNA expression in EAE is likely induced by IFN signaling elicited from endogenously produced IFN-I. It is interesting to note that low, but detectable, basal-level expression of Ifit2 mRNA is observed in naive tissues;induced by IFN signaling elicited from endogenously produced IFN-I;36695771;2023;IFN-Induced Protein with Tetratricopeptide Repeats 2 Limits Autoimmune Inflammation by Regulating Myeloid Cell Activation and Metabolic Activity
Vcam1;Mus musculus;22329;vascular cell adhesion molecule 1;N/A;protein coding;Ensembl:ENSMUSG00000027962 AllianceGenome:MGI:98926;"3 G1; 3 50.17 cM";spinal cords;N/A;RT-qPCR;EAE;N/A;C57BL/6;n=38;down-regulation;Disease risk;Impaired EAE-induced VCAM-1 in NEMOCNS-KO astrocytes;the failure ofNEMO-deficient astrocytes to upregulate VCAM-1 may explain at least in part the protection of NEMOCNS-KO mice from EAE.;16892069;2006;Inhibition of transcription factor NF-jBinthe central nervous system ameliorates autoimmune encephalomyelitis in mice
Mst1r;Mus musculus;19882;macrophage stimulating 1 receptor (c-met-related tyrosine kinase);"Fv2; Ron; STK; Fv-2; PTK8; CD136; CDw136; p185-Ron";protein coding;Ensembl:ENSMUSG00000032584 AllianceGenome:MGI:99614;"9 59.07 cM; 9 F1";Brain tissue;N/A;RT-qPCR;EAE;N/A;female 129/SvEv mice;N/A;down-regulation;Disease risk;Neurological disease in RON-deficient animals showed a more rapid onset with overall worsened severity, together with exacerbated demyelination, axonal injury, and neuroinflammation after EAE induction;RON Receptor Expression Is Reduced;15929040;2005;RON-Regulated Innate Immunity Is Protective in an Animal Model of Multiple Sclerosis
MST1R;Homo sapiens;4486;macrophage stimulating 1 receptor;"RON; SEA; PTK8; CD136; NPCA3; CDw136; p185-Ron";protein coding;"Ensembl:ENSG00000164078 MIM:600168; AllianceGenome:HGNC:7381";3p21.31;Brain tissue;frontal white matter;RT-qPCR;MS;N/A;Neurovirology Laboratory Brain Bank, Calgary, AB, Canada;control, n = 13 and MS, n = 14;down-regulation;Disease risk;RON mRNA and protein abundance in the CNS were diminished in both MS patients and the MS animal model, experimental autoimmune encephalomyelitis (EAE);RON Receptor Expression Is Reduced;15929040;2005;RON-Regulated Innate Immunity Is Protective in an Animal Model of Multiple Sclerosis
Plp1;Mus musculus;18823;proteolipid protein (myelin) 1;"jp; Plp; msd; rsh; DM20; jimpy";protein coding;Ensembl:ENSMUSG00000031425 AllianceGenome:MGI:97623;"X F1; X 59.1 cM";brains and spinal cords;N/A;RT-qPCR;EAE;N/A;Female SWXJ (H-2q,s) mice;n=13;down-regulation;Disease risk;Quantitative immunocytochemistry of CNS tissue showed decreased demyelination in mice undergoing sustained remission compared to mice undergoing aborted remission. Quantitative RTPCR analysis showed elevated expression of DM20, the developmental isoform of PLP, in CNS tissue from mice undergoing sustained remission compared to mice undergoing aborted recovery.;N/A;11391709;2001;Differential DM20 mRNA Expression Distinguishes Two Distinct Patterns of Spontaneous Recovery From Murine Autoimmune Encephalomyelitis
CTLA4;Homo sapiens;1493;cytotoxic T-lymphocyte associated protein 4;"CD; GSE; GRD4; ALPS5; CD152; CTLA-4; IDDM12; CELIAC3";protein coding;"Ensembl:ENSG00000163599 MIM:123890; AllianceGenome:HGNC:2505";2q33.2;venous blood;N/A;PCR;MS;N/A;Polish MS patients;n=102;down-regulation;Disease risk;CTLA-4 plays an important role in the downregulation of the early and late stages of T cell activation and the maintenance of peripheral T cell tolerance;downregulation of the early and late stages of T cell activation;12894875;2003;Lack of Association between an Exon 1 CTLA-4 Gene Polymorphism A(49)G and Multiple Sclerosis in a Polish Population of the Lower Silesia Region
HLA-DPB1;Homo sapiens;3115;major histocompatibility complex, class II, DP beta 1;"DPB1; HLA-DP; HLA-DPB; HLA-DP1B";protein coding;"Ensembl:ENSG00000223865 MIM:142858; AllianceGenome:HGNC:4940";6p21.32;CSF;N/A;N/A;MS;N/A;Japanese;n=92;N/A;N/A;Our data provide further evidence that Asian and Western type MS are distinct regarding the immunogenetic background.;the frequencies of DPAl*OZO2 and DPBl*O501 alleles were significantly increased in patients with Asian type MS, as compared with findings in 92 healthy control subjects;9756407;1998;HLA-DP-associated susceptibility to the opticespinal form of multiple sclerosis in the Japanese
HLA-DPA1;Homo sapiens;3113;major histocompatibility complex, class II, DP alpha 1;"DPA1; PLT1; HLADP; HLASB; DP(W3); DP(W4); HLA-DPA; HLA-DP1A; HLA-DPB1";N/A;"Ensembl:ENSG00000231389 MIM:142880; AllianceGenome:HGNC:4938";6p21.32;CSF;N/A;N/A;MS;N/A;Japanese;n=93;N/A;N/A;Our data provide further evidence that Asian and Western type MS are distinct regarding the immunogenetic background.;the frequencies of DPAl*OZO2 and DPBl*O501 alleles were significantly increased in patients with Asian type MS, as compared with findings in 92 healthy control subjects;9756407;1998;HLA-DP-associated susceptibility to the opticespinal form of multiple sclerosis in the Japanese
BIRC5;Homo sapiens;332;baculoviral IAP repeat containing 5;"API4; EPR-1";protein coding;"Ensembl:ENSG00000089685 MIM:603352; AllianceGenome:HGNC:593";17q25.3;whole blood;pbmc;RT-PCR;MS;RRMS;Iranian;50 RRMS patients,50 healthy age- and sexmatched individuals;up-regulation;Disease risk;The mRNA of survivin was 2-folds upregulated in the CD4+ T cells from MS patients in comparison to the healthy controls (P= 0.0053). Serum level of survivin was higher in patients than controls. There was statistically significant downregulation of miR-485 (P= 0.001) and miR-708 (P= 0.011) in CD4+ T cells of patients compared with controls. The miR-485 downregulation had statistically significant correlation with the mRNA expression and serum level of survivin.;persistent inflammatory condition;32599467;2020;Dysregulation of microRNAs regulating survivin in CD4+ T cells in Multiple sclerosis
GAPVD1;Homo sapiens;26130;GTPase activating protein and VPS9 domains 1;"RAP6; GAPEX5; GAPex-5";protein coding;"Ensembl:ENSG00000165219 MIM:611714; AllianceGenome:HGNC:23375";9q33.3;peripheral blood;PBMC;RT-PCR;MS;RRMS;Iranian;RRMS patients (n = 200) and a healthy control group (n = 200);down-regulation;Disease risk;The results show that the GAPVD1 expression level and rs2291858 genotype probably affect the response to IFN-β in patients with MS.;affect the response to IFN- β in patients with MS.;33548618;2021;An interdependence between GAPVD1 gene polymorphism, expression level and response to interferon beta in patients with multiple sclerosis
HLA-DRB1;Homo sapiens;3123;major histocompatibility complex, class II, DR beta 1;"SS1; DRB1; HLA-DRB; HLA-DR1B";protein coding;"Ensembl:ENSG00000196126 MIM:142857; AllianceGenome:HGNC:4948";6p21.32;cortical gray matter;N/A;PCR;MS;N/A;UK;64 MS NAGM samples and 42 control gray matter samples;up-regulation;Disease risk;Analysis of gray matter lesion size revealed a significant increase of cortical lesion size in cases with high HLA-DRB1 expression.;Our data indicate that increased HLA-DRB1 and -DRB5 expression in the brain ofpatients with MS may be an important factor in how the HLA-DR15 haplotype contributes to MS pathomechanisms in the target organ.;31882398;2020;Increased HLA-DR expression and cortical demyelination in MS links with HLA-DR15
CD274;Homo sapiens;29126;CD274 molecule;"B7-H; B7H1; PDL1; PD-L1; hPD-L1; PDCD1L1; PDCD1LG1";protein coding;"Ensembl:ENSG00000120217 MIM:605402; AllianceGenome:HGNC:17635";9p24.1;whole blood;PBMCs;RT-PCR;MS;N/A;Iranian;50 MS and 50 healthy individuals;down-regulation;Disease risk;Relative expression of PD-1 and PD-L1 in PBMCs from MS patients was significantly lower compared with the healthy control group (p=0.003 and 0.012, respectively).;may imply that over-activation of immune cells in multiple sclerosis occurs through signaling dysfunction of these molecules and PD-L2 plays no important role in this context.;27921410;2016;Downregulation of Immunosuppressive Molecules, PD-1 and PD-L1 but not PD-L2, in the Patients with Multiple Sclerosis
PDCD1LG2;Homo sapiens;80380;programmed cell death 1 ligand 2;"B7DC; Btdc; PDL2; CD273; PD-L2; PDCD1L2; bA574F11.2";protein coding;"Ensembl:ENSG00000197646 MIM:605723; AllianceGenome:HGNC:18731";9p24.1;whole blood;PBMCs;RT-PCR;MS;N/A;Iranian;50 MS and 50 healthy individuals;N/A;Disease risk;However, no significant difference was observed in the expression level of PD-L2 between patients and healthy individuals;may imply that over-activation of immune cells in multiple sclerosis occurs through signaling dysfunction of these molecules and PD-L2 plays no important role in this context.;27921410;2016;Downregulation of Immunosuppressive Molecules, PD-1 and PD-L1 but not PD-L2, in the Patients with Multiple Sclerosis
MIR326;Homo sapiens;442900;microRNA 326;"MIRN326; mir-326; hsa-mir-326";ncRNA;"Ensembl:ENSG00000199090 MIM:613755; miRBase:MI0000808; AllianceGenome:HGNC:31769";11q13.4;blood samples;PBLs;RT-PCR;MS;RRMS;Isfahan;40RRMS 20healthy controls;up-regulation;Disease risk;Our results confirmed potential ofmiR-326 as a diagnostic biomarker to discriminate between relapsing and remitting phases ofmultiple sclerosis disease;We observed up-regulation of both miR-326 and miR-26a in relapsing phase ofmultiple sclerosis patients compared with remitting phase (p value = 0.0001) and healthy controls (p value = 0.0091);24792898;2014;miR-326 and miR-26a, twopotential markers for diagnosis ofrelapse and remission phases in patient with relapsing–remitting multiple sclerosis
MIR26A1;Homo sapiens;407015;microRNA 26a-1;"MIR26A; MIRN26A1; mir-26a-1";ncRNA;"Ensembl:ENSG00000199075 MIM:612151; miRBase:MI0000083; AllianceGenome:HGNC:31610";3p22.2;blood samples;PBLs;RT-PCR,TaqMan assay;MS;RRMS;Isfahan;40RRMS 20healthy controls;up-regulation;Disease risk;Similar expression pattern to miR-326 and insilico molecular enrichment analysis altogether suggest an inducing role of miR-26a in differentiation of pathogenic Th17 cells during pathogenesis of multiple sclerosis by targeting major components of the TGF-尾 signaling pathway (i.e. SMAD4 and SMAD1) and disarrangement of this signaling pathway.;f miR-26a in differentiation of pathogenic Th17 cells during pathogenesis of multiple sclerosis by targeting major components of the TGF-尾 signaling pathway;24792898;2014;miR-326 and miR-26a, twopotential markers for diagnosis ofrelapse and remission phases in patient with relapsing–remitting multiple sclerosis
STAT4;Homo sapiens;6775;signal transducer and activator of transcription 4;SLEB11;protein coding;"Ensembl:ENSG00000138378 MIM:600558; AllianceGenome:HGNC:11365";2q32.2-q32.3;peripheral blood;N/A;RT-PCR;MS;N/A;Spanish;575 with RA, 440 with multiple sclerosis, 700 with inflammatory bowel disease, 311 with type 1 diabetes, and 723 ethnically matched healthy control subjects;up-regulation;Disease risk;The STAT4 gene is emerging as a novel common risk factor for diverse complex diseases.;The STAT4 gene encodes a transcription factor involved in the signaling pathways of several cytokines, including interleukin-12 (IL-12), the type I interferons, and IL-23.;18759272;2008;Association of the STAT4 Gene With Increased Susceptibility for Some Immune-Mediated Diseases
SEMA3A;Homo sapiens;10371;semaphorin 3A;"HH16; SemD; COLL1; SEMA1; SEMAD; SEMAL; coll-1; Hsema-I; SEMAIII; Hsema-III";protein coding;"Ensembl:ENSG00000075213 MIM:603961; AllianceGenome:HGNC:10723";7q21.11;whole blood;N/A;qRT-PCR;MS;RRMS;Iranic;Twenty healthy controls and 105 RRMS patients,;down-regulation;Disease risk;Our findings confirm that the presence of Sema3A, Sema7A, and their receptors can play critical roles in the treatment of MS patients. Therefore, they can be potential target molecules for MS treatment in the future.;immunomodulatory effect;32497464;2020;Gene expression of semaphorin-3A, semaphorin-7A, neuropilin-1, plexin-C1, and 尾1 integrin in treated-multiple sclerosis patients
SEMA7A;Homo sapiens;8482;semaphorin 7A (John Milton Hagen blood group);"JMH; CD108; SEMAL; CDw108; PFIC11; SEMAK1; H-Sema-L; H-SEMA-K1";protein coding;"Ensembl:ENSG00000138623 MIM:607961; AllianceGenome:HGNC:10741";15q24.1;whole blood;N/A;qRT-PCR;MS;RRMS;Iranic;Twenty healthy controls and 105 RRMS patients,;down-regulation;Disease risk;Our findings confirm that the presence of Sema3A, Sema7A, and their receptors can play critical roles in the treatment of MS patients. Therefore, they can be potential target molecules for MS treatment in the future.;immunomodulatory effect;32497464;2020;Gene expression of semaphorin-3A, semaphorin-7A, neuropilin-1, plexin-C1, and 尾1 integrin in treated-multiple sclerosis patients
NRP1;Homo sapiens;8829;neuropilin 1;"NP1; NRP; BDCA4; CD304; VEGF165R";protein coding;"Ensembl:ENSG00000099250 MIM:602069; AllianceGenome:HGNC:8004";10p11.22;whole blood;N/A;qRT-PCR;MS;RRMS;Iranic;Twenty healthy controls and 105 RRMS patients,;N/A;Disease risk;expression of NP-1 (P < 0.001), plexin-C1 (P < 0.001), and 尾1 integrin (P < 0.05) only increased in patients receiving high-dose IFN-尾1a, IFN-尾1b, and GA;immunomodulatory effect;32497464;2020;Gene expression of semaphorin-3A, semaphorin-7A, neuropilin-1, plexin-C1, and 尾1 integrin in treated-multiple sclerosis patients
PLXNC1;Homo sapiens;10154;plexin C1;"CD232; VESPR; PLXN-C1";protein coding;"Ensembl:ENSG00000136040 MIM:604259; AllianceGenome:HGNC:9106";12q22;whole blood;N/A;qRT-PCR;MS;RRMS;Iranic;Twenty healthy controls and 105 RRMS patients,;N/A;Disease risk;expression of NP-1 (P < 0.001), plexin-C1 (P < 0.001), and 尾1 integrin (P < 0.05) only increased in patients receiving high-dose IFN-尾1a, IFN-尾1b, and GA;immunomodulatory effect;32497464;2020;Gene expression of semaphorin-3A, semaphorin-7A, neuropilin-1, plexin-C1, and 尾1 integrin in treated-multiple sclerosis patients
ITGB1;Homo sapiens;3688;integrin subunit beta 1;"CD29; FNRB; MDF2; VLAB; GPIIA; MSK12; VLA-BETA";protein coding;"Ensembl:ENSG00000150093 MIM:135630; AllianceGenome:HGNC:6153";10p11.22;whole blood;N/A;qRT-PCR,Microarray;MS;RRMS;Iranic;Twenty healthy controls and 105 RRMS patients,;N/A;Disease risk;expression of NP-1 (P < 0.001), plexin-C1 (P < 0.001), and 尾1 integrin (P < 0.05) only increased in patients receiving high-dose IFN-尾1a, IFN-尾1b, and GA;immunomodulatory effect;32497464;2020;Gene expression of semaphorin-3A, semaphorin-7A, neuropilin-1, plexin-C1, and 尾1 integrin in treated-multiple sclerosis patients
TNF;Homo sapiens;7124;tumor necrosis facto;"DIF; TNFA; TNFSF2; TNLG1F; TNF-alpha";protein coding;"Ensembl:ENSG00000232810 MIM:191160; AllianceGenome:HGNC:11892";6p21.33;peripheral blood;PBMCs;qRT-PCR,Microarray;MS;RRMS,CIS;American;23MS,17controls;up-regulation;Disease risk;This finding represents a novel immunomodulatory mechanism of IFN-b: inhibition of TLR9 processing. This results in decreased activation of pDCs by viral pathogens and, thus, may affect the frequency of MS exacerbations.;inhibition of TLR9 processing;21061396;2010;Interferon-b Inhibits Toll-Like Receptor 9 Processing in Multiple Sclerosis
IL6;Homo sapiens;3569;interleukin 6;"CDF; HGF; HSF; BSF2; IL-6; BSF-2; IFNB2; IFN-beta-2";protein coding;"Ensembl:ENSG00000136244 MIM:147620; AllianceGenome:HGNC:6018";7p15.3;peripheral blood;PBMCs;qRT-PCR,Microarray;MS;RRMS,CIS;American;23MS,17controls;up-regulation;Disease risk;This finding represents a novel immunomodulatory mechanism of IFN-b: inhibition of TLR10 processing. This results in decreased activation of pDCs by viral pathogens and, thus, may affect the frequency of MS exacerbations.;inhibition of TLR10 processing;21061396;2010;Interferon-b Inhibits Toll-Like Receptor 9 Processing in Multiple Sclerosis
TLR9;Homo sapiens;54106;toll like receptor 9;CD289;protein coding;"Ensembl:ENSG00000239732 MIM:605474; AllianceGenome:HGNC:15633";3p21.2;peripheral blood;PBMCs;qRT-PCR,Microarray;MS;RRMS,CIS;American;23MS,17controls;up-regulation;Disease risk;This finding represents a novel immunomodulatory mechanism of IFN-b: inhibition of TLR11 processing. This results in decreased activation of pDCs by viral pathogens and, thus, may affect the frequency of MS exacerbations.;inhibition of TLR11 processing;21061396;2010;Interferon-b Inhibits Toll-Like Receptor 9 Processing in Multiple Sclerosis
IFNA2;Homo sapiens;3440;interferon alpha 2;"IFNA; IFNA2B; leIF A; IFN-alphaA; IFN-alpha-2";protein coding;"Ensembl:ENSG00000188379 MIM:147562; AllianceGenome:HGNC:5423";9p21.3;peripheral blood;PBMCs;qRT-PCR,Microarray;MS;RRMS,CIS;American;23MS,17controls;up-regulation;Disease risk;This finding represents a novel immunomodulatory mechanism of IFN-b: inhibition of TLR12 processing. This results in decreased activation of pDCs by viral pathogens and, thus, may affect the frequency of MS exacerbations.;inhibition of TLR12 processing;21061396;2010;Interferon-b Inhibits Toll-Like Receptor 9 Processing in Multiple Sclerosis
KL;Homo sapiens;9365;klotho;"KLA; HFTC3";protein coding;"Ensembl:ENSG00000133116 MIM:604824; AllianceGenome:HGNC:6344";13q13.1;peripheral blood;PBMCs;RT-PCR;MS;RRMS;Iranic;30 patients with relapsing-remitting MS (RRMS) along with 30 age and sexmatched healthy individuals;down-regulation;Disease risk;The results showed that klotho gene expression in the PBMCs of patients with RRMS is nearly 2.5-fold less than healthy individuals;anti-aging and anti-inflammatory;28991703;2017;Klotho gene expression decreases in peripheral blood mononuclear cells (PBMCs) of patients with relapsing-remitting multiple sclerosis
BDNF;Homo sapiens;627;brain derived neurotrophic factor;"ANON2; BULN2";protein coding;"Ensembl:ENSG00000176697 MIM:113505; AllianceGenome:HGNC:1033";11p14.1;whole blood;N/A;RT-PCR;MS;RRMS;Iranic;50 whole blood samples of relapsing-remitting MS patients and 50 healthy controls.;N/A;Disease risk;We found a strong and positive correlation between BDNF and BDNF-AS in MS patients. This is while no significant difference in BDNF and BDNF-AS expression levels was seen between MS patients and controls;N/A;30644699;2018;Expression Analysis of BDNF Gene and BDNF-as Long Noncoding RNA in Whole Blood Samples of Multiple Sclerosis Patients: Not Always a Negative Correlation between Them
BDNF-AS;Homo sapiens;497258;BDNF antisense RNA;"BDNF; BDNFAS; BDNFOS; BDNF-AS1; ANTI-BDNF; NCRNA00049";ncRNA;"Ensembl:ENSG00000245573 MIM:611468; AllianceGenome:HGNC:20608";11p14.1;whole blood;N/A;RT-PCR;MS;RRMS;Iranic;50 whole blood samples of relapsing-remitting MS patients and 50 healthy controls.;N/A;Disease risk;We found a strong and positive correlation between BDNF and BDNF-AS in MS patients. This is while no significant difference in BDNF and BDNF-AS expression levels was seen between MS patients and controls;N/A;30644699;2018;Expression Analysis of BDNF Gene and BDNF-as Long Noncoding RNA in Whole Blood Samples of Multiple Sclerosis Patients: Not Always a Negative Correlation between Them
IDO1;Homo sapiens;3620;indoleamine 2,3-dioxygenase 1;"IDO; INDO; IDO-1";protein coding;"Ensembl:ENSG00000131203 MIM:147435; AllianceGenome:HGNC:6059";8p11.21;peripheral blood;PBMCs;q-PCR;MS;RRMS;N/A;36 relapsing remitting (RR)-MS patients (21 in acute phase -AMS, 15 in stable phase -SMS) and 15 healthy controls (HC);up-regulation;Disease risk;Measurement of IDO gene expression and activity in blood could be a useful marker to monitor the clinical course of RR-MS. Therapeutic interventions modulating IDO activity may be beneficial in MS;Glucocorticoids-induced disease remission resulted in a significant reduction of IDO and IFN-纬 gene expression, IDO catalytic activity;26110930;2015;Indoleamine 2,3 Dioxygenase (IDO) Expression and Activity in RelapsingRemitting Multiple Sclerosis
CLEC16A;Homo sapiens;23274;C-type lectin domain containing 16A;"Gop-1; KIAA0350";protein coding;"Ensembl:ENSG00000038532 MIM:611303; AllianceGenome:HGNC:29013";16p13.13;peripheral blood;PBMCs;q-PCR;MS;CIS,RRMS;Dutch;41;up-regulation;Disease risk;CLEC16A participates in the BCR-dependent HLA-II pathway in human B cells and that this regulation is impaired during MS disease onset. .;The abundance of CLIP already on naive B cells of MS patients may point to a chronically induced stage and a new mechanism underlying B cell–mediated autoimmune diseases such as MS;32641384;2020;The Role of Autoimmunity-Related Gene CLEC16A in the B Cell Receptor <U+2212>Mediated HLA Class II Pathway
HOTAIR;Homo sapiens;100124700;HOX transcript antisense RNA;"HOXAS; HOXC-AS4; HOXC11-AS1; NCRNA00072";ncRNA;"Ensembl:ENSG00000228630 MIM:611400; AllianceGenome:HGNC:33510";12q13.13;whole blood;PBMCs;RT-PCR;MS;N/A;Iranian;Forty-two patients with relapsing–remitting MS，32 age- and gender-matched healthy controls;up-regulation;Disease risk;expression of HOTAIR and ANRIL is probably not affected by VD and/or inflammation in THP-1 cells in vitro;potent inflammatory milieu;29030863;2017;HOTAIR but not ANRIL long non-coding RNA contributes to the pathogenesis of multiple sclerosis
Hotair;Mus musculus;100503872;HOX transcript antisense RNA (non-protein coding);Gm16258;ncRNA;Ensembl:ENSMUSG00000086903 AllianceGenome:MGI:3826586;"15 F3; 15 58.01 cM";whole blood;PBMCs;RT-PCR;EAE;N/A;C57BL/6;N/A;up-regulation;Disease risk;The expression level of Hotair in the experimental autoimmune encephalomyelitis (EAE) mouse model was significantly decreased in spinal cord and cortex and increased in cerebellum in comparison with the control mouse group;neuroinflammatory and neurodegenerative;29030863;2017;HOTAIR but not ANRIL long non-coding RNA contributes to the pathogenesis of multiple sclerosis
CDKN2B-AS1;Homo sapiens;100048912;CDKN2B antisense RNA 1;"ANRIL; p15AS; PCAT12; CDKN2BAS; CDKN2B-AS; NCRNA00089";ncRNA;"Ensembl:ENSG00000240498 MIM:613149; AllianceGenome:HGNC:34341";9p21.3;whole blood;PBMCs;RT-PCR;MS;N/A;Iranian;Forty-two patients with relapsing–remitting MS，34 age- and gender-matched healthy controls;up-regulation;Disease risk;expression of HOTAIR and ANRIL is probably not affected by VD and/or inflammation in THP-1 cells in vitro;potent inflammatory milieu;29030863;2017;HOTAIR but not ANRIL long non-coding RNA contributes to the pathogenesis of multiple sclerosis
Gm12610;Mus musculus;102633081;predicted gene 12610;"ANRIL; Gm12609";ncRNA;Ensembl:ENSMUSG00000086035 AllianceGenome:MGI:3652143;"4 C4; 4 42.15 cM";whole blood;PBMCs;RT-PCR;EAE;N/A;C57BL/6;N/A;up-regulation;Disease risk;Implication of Hotair but not Anril in the pathogenesis of EAE;epigenetic mechanisms;29030863;2017;HOTAIR but not ANRIL long non-coding RNA contributes to the pathogenesis of multiple sclerosis
MYC;Homo sapiens;4609;MYC proto-oncogene, bHLH transcription factor;"MRTL; MYCC; c-Myc; bHLHe39";protein coding;"Ensembl:ENSG00000136997 MIM:190080; AllianceGenome:HGNC:7553";8q24.21;whole blood;PBMCs;RT-PCR;MS;N/A;Iranian;Forty-two patients with relapsing–remitting MS，33 age- and gender-matched healthy controls;up-regulation;Disease risk;The expression of the VDR and c-Myc genes, two well-known early response genes to VD, were significantly induced after 24 hr of 100 nmol/ml VD exposure;epigenetic mechanisms;29030863;2017;HOTAIR but not ANRIL long non-coding RNA contributes to the pathogenesis of multiple sclerosis
VDR;Homo sapiens;7421;vitamin D receptor;"NR1I1; PPP1R163";protein coding;"Ensembl:ENSG00000111424 MIM:601769; AllianceGenome:HGNC:12679";12q13.11;whole blood;PBMCs;RT-PCR;MS;N/A;Iranian;Forty-two patients with relapsing–remitting MS，34 age- and gender-matched healthy controls;up-regulation;Disease risk;The expression of the VDR and c-Myc genes, two well-known early response genes to VD, were significantly induced after 24 hr of 100 nmol/ml VD exposure;epigenetic mechanisms;29030863;2017;HOTAIR but not ANRIL long non-coding RNA contributes to the pathogenesis of multiple sclerosis
Dock9;Mus musculus;105445;dedicator of cytokinesis 9;"Zizimin1; D14Wsu89e; mKIAA1058; B230309H04Rik";protein coding;Ensembl:ENSMUSG00000025558 AllianceGenome:MGI:106321;"14 E5; 14 65.28 cM";cell,spinal cords and the optic nerves;T-cell proliferation and macrophage migration;RT-PCR;EAE;N/A;C57BL/6;"EAE mice (n=11 for WT; n=7 for DOCK9-/-; n=6 for DOCK10-/-; and n=6 for DOCK11-/-";N/A;Disease risk;the disease severity was reduced in DOCK10-/- mice, but not in DOCK9-/- or DOCK11-/-;N/A;32241915;2020;Roles of the DOCK-D family proteins in a mouse model of neuroinflammation
Dock11;Mus musculus;75974;dedicator of cytokinesis 11;"sph238; Zizimin2; 8030476J24; 5033414A21Rik";protein coding;Ensembl:ENSMUSG00000031093 AllianceGenome:MGI:1923224;"X; X A3.3";cell,spinal cords and the optic nerves;T-cell proliferation and macrophage migration;RT-PCR;EAE;N/A;C57BL/6;"EAE mice (n=11 for WT; n=7 for DOCK9-/-; n=6 for DOCK10-/-; and n=6 for DOCK11-/-";N/A;Disease risk;the disease severity was reduced in DOCK10-/- mice, but not in DOCK9-/- or DOCK11-/-;N/A;32241915;2020;Roles of the DOCK-D family proteins in a mouse model of neuroinflammation
Dock10;Mus musculus;210293;dedicator of cytokinesis 10;"Jr4; Jr5; ZIZ3; Zizimin3; mKIAA0694; 9330153B10Rik; A630054M16Rik";protein coding;Ensembl:ENSMUSG00000038608 AllianceGenome:MGI:2146320;"1; 1 C5";cell,spinal cords and the optic nerves;T-cell proliferation and macrophage migration;RT-PCR;EAE;N/A;C57BL/6;"EAE mice (n=11 for WT; n=7 for DOCK9-/-; n=6 for DOCK10-/-; and n=6 for DOCK11-/-";down-regulation;Disease risk;EAE severity was ameliorated in DOCK10-/- mice;innate immunity and neuroinflammation;32241915;2020;Roles of the DOCK-D family proteins in a mouse model of neuroinflammation
Cfh;Mus musculus;12628;complement component factor h;"NOM; Sas1; Mud-1; Sas-1";protein coding;Ensembl:ENSMUSG00000026365 AllianceGenome:MGI:88385;"1 61.62 cM; 1 F";liver and brain;N/A;RT-PCR;EAE;N/A;C57BL/6;23;down-regulation;Disease risk;The expression of CFH gene in brain had a significant decrease in acute and chronic phases compared to healthy mice;immune response;30972735;2019;Altered expression patterns of complement factor H and miR‐146a genes in acute‐chronic phases in experimental autoimmune encephalomyelitis mouse
Mir146;Mus musculus;387164;microRNA 146;"Mirn146; miR-146a; mmu-mir-146";ncRNA;"Ensembl:ENSMUSG00000065601 miRBase:MI0000170; AllianceGenome:MGI:2676831";"11 A5; 11";liver and brain;N/A;RT-PCR;EAE;N/A;C57BL/6;23;down-regulation;Disease risk;The expression of CFH gene in brain had a significant decrease in acute and chronic phases compared to healthy mice;immune response;30972735;2019;Altered expression patterns of complement factor H and miR‐146a genes in acute‐chronic phases in experimental autoimmune encephalomyelitis mouse
Per2;Mus musculus;18627;period circadian clock 2;"mPer2; mKIAA0347";protein coding;Ensembl:ENSMUSG00000055866 AllianceGenome:MGI:1195265;"1; 1 D";liver tissue;N/A;RT-PCR;EAE;N/A;C57BL/6;(n=6 to 8 mice per time point);up-regulation;Disease risk;significant variability associated with Per2 rhythmic expression.;disturbances in clock-regulated rhythms;22209286;2012;Diurnal rhythms are altered in a mouse model of multiple sclerosis
HLA-DRB1;Homo sapiens;3123;major histocompatibility complex, class II, DR beta 1;"SS1; DRB1; HLA-DRB; HLA-DR1B";protein coding;"Ensembl:ENSG00000196126 MIM:142857; AllianceGenome:HGNC:4948";6p21.32;Peripheral blood;N/A;PCR;MS;PP、SP、PP;Northern Ireland;304MS，398controls;N/A;Disease risk;No single allele is associated with either a good or poor prognosis;N/A;10426152;1999;A study of the HLA-DR region in clinical subgroups of multiple sclerosis and its influence on prognosis
Nos1;Mus musculus;18125;nitric oxide synthase 1, neuronal;"NO; NOS; bNOS; nNOS; N-NOS; NOS-I; Nos-1; NC-NOS; 2310005C01Rik";protein coding;Ensembl:ENSMUSG00000029361 AllianceGenome:MGI:97360;"5 F; 5 57.29 cM";Brain and spinal cord;N/A;RT-PCR;EAE;N/A;iNOS (–/–) mice and wt mice;iNOS (–/–) mice (n = 13) and wt mice (n = 11);N/A;Disease risk;A chimeric protein such as MBP-PE40 presents a novel prototype of chimeric proteins, composed of antigen/peptide-toxin, that could prove to be an efficient and specific immunotherapeutic agent for autoimmune diseases in which a known antigen is involved;cytotoxic to various anti-MBP T cells;9565373;1998;Mice with an inactivation of the inducible nitric oxide synthase gene are susceptible to experimental autoimmune encephalomyelitis
BDKRB1;Homo sapiens;623;bradykinin receptor B1;"B1R; BKR1; B1BKR; BKB1R; BRADYB1";protein coding;"Ensembl:ENSG00000100739 MIM:600337; AllianceGenome:HGNC:1029";14q32.2;whole blood;PBMCs;RT-PCR;MS;N/A;N/A;6 patients with multiple sclerosis and 8 healthy control;down-regulation;Disease risk;The time-course kinin B1 –actin mRNA ratio correlated positively with the Expanded Disability Status Scale index (P<U+2B0D>.001), occurrence ofclinical relapse (P=.02), volume oflesion on T2-weighted images (P<U+2B0D>.003) and interleukin 2 receptor and major histocompatibility complex class II expressiononCD4<U+2AF9>lymphocytes,butnotwithgadolinium-enhancing lesions. The time-course kinin B1 – actin mRNA ratios were 5 to 25 times lower in samples derived from healthy controls.;N/A;15883268;2005;Kinin B1 Receptor Expression on Multiple Sclerosis Mononuclear Cells
IKZF2;Homo sapiens;22807;IKAROS family zinc finger 2;"ANF1A2; HELIOS; ZNF1A2; ZNFN1A2";protein coding;"Ensembl:ENSG00000030419 MIM:606234; AllianceGenome:HGNC:13177";2q34;Peripheral blood;PBMCs;RT-PCR;MS;SPMS;Iranic;25 HCs and 25 SPMS patients;up-regulation;Disease risk;a decrease in the frequency of the CD4+CD25+FOXP3+Helios+ Treg population can result in an imbalanced immune system. In other words, one of the immunological mechanisms involved in this disease may be a deficiency in Tregs. Helios gene expression was also decreased in these patients, which may exacerbate functional defects in Tregs.;a decrease in the frequency of the CD4+CD25+FOXP3+Helios+ Treg population can result in an imbalanced immune system. In other words, one of the immunological mechanisms involved in this disease may be a deficiency in Tregs. Helios gene expression was also decreased in these patients, which may exacerbate functional defects in Tregs.;36738680;2023;Decreased frequency of regulatory T cells and level of helios gene expression in secondary progressive multiple sclerosis patients: Evidence about the development of multiple sclerosis
Rnf128;Mus musculus;66889;ring finger protein 128;"GRAIL; Greul1; 1300002C13Rik";protein coding;Ensembl:ENSMUSG00000031438 AllianceGenome:MGI:1914139;"X; X F1";CNS tissues;N/A;RT-PCR;EAE;N/A;C57BL6/J，SJL/J;N/A;down-regulation;Disease risk;suppressed PLP-induced T cell proliferation by enhancing T cell expression of GRAIL as GRAIL downregulation restored T cell proliferation;HINT1/Hsp70 treatment generated regulatory NK cells characterized by expression of GRAIL.;31362466;2019;NK Cell Induced T Cell Anergy Depends on GRAIL Expression
NR4A2;Homo sapiens;4929;nuclear receptor subfamily 4 group A member 2;"NOT; RNR1; HZF-3; IDLDP; NURR1; TINUR";protein coding;"Ensembl:ENSG00000153234 MIM:601828; AllianceGenome:HGNC:7981";2q24.1;Peripheral blood;N/A;RT-PCR;MS;RRMS;N/A;45 HCs，66 T0 patients，52 patients with RRMS;N/A;Treatment risk;Gene expression levels of NR4A were down-regulated in T0 patients compared with HCs. Patients treated with Fingolimod for >2 years were characterized by higher levels of NR4A2 compared with the T0 group, approaching those of HCs. NR4A1 and NR4A3 levels were not altered.;a role of Fingolimod in the recovery from NR4A2 deficit;30565812;2018;Study of the NR4A family gene expression in patients with multiple sclerosis treated with Fingolimod
TUG1;Homo sapiens;55000;taurine up-regulated 1;"TI-227H; LINC00080; NCRNA00080";protein coding;"Ensembl:ENSG00000253352 MIM:614971; AllianceGenome:HGNC:26066";22q12.2;whole blood;N/A;RT-PCR;MS;RRMS;Iranian;50 RRMS 50controls;up-regulation;Disease risk;TUG1 expression was inversely correlated with disease duration in female patients;significant correlations were found between expression levels of these three lncRNAs in the patients group;30114626;2018;Dysregulation of long non-coding RNA profile in peripheral blood of multiple sclerosis patients
NEAT1;Homo sapiens;283131;nuclear paraspeckle assembly transcript 1;"VINC; TncRNA; TP53LC15; LINC00084; NCRNA00084";ncRNA;"Ensembl:ENSG00000245532 MIM:612769; AllianceGenome:HGNC:30815";11q13.1;whole blood;N/A;RT-PCR;MS;RRMS;Iranian;50 RRMS 50controls;up-regulation;Disease risk;NEAT1 expression was inversely correlated with age at onset and disease duration in female patients.;significant correlations were found between expression levels of these three lncRNAs in the patients group;30114626;2018;Dysregulation of long non-coding RNA profile in peripheral blood of multiple sclerosis patients
PANDAR;Homo sapiens;101154753;promoter of CDKN1A antisense DNA damage activated RNA;PANDA;ncRNA;"Ensembl:ENSG00000281450 MIM:617179; AllianceGenome:HGNC:44048";6p21.2;whole blood;N/A;RT-PCR;MS;RRMS;Iranian;50 RRMS 50controls;up-regulation;Disease risk;All three lncRNAs have been significantly over-expressed in MS patients compared with healthy subjects;significant correlations were found between expression levels of these three lncRNAs in the patients group;30114626;2018;Dysregulation of long non-coding RNA profile in peripheral blood of multiple sclerosis patients
HSPA1B;Homo sapiens;3304;heat shock protein family A (Hsp70) member 1B;"HSP72; HSPA1; HSX70; HSP70-1; HSP70-2; HSP70.1; HSP70.2; HSP70-1B";protein coding;"Ensembl:ENSG00000204388 MIM:603012; AllianceGenome:HGNC:5233";6p21.33;Whole blood;PBMCs;PCR;MS;N/A;Italian;N/A;N/A;Disease risk;HSP70-2 does not seem to be central in the protection ofPBMCs;HSP70-2 protein expression and the production of intracellular reactive oxygen species were assessed;31720998;2019;Response to oxidative stress of peripheral blood mononuclear cells from multiple sclerosis patients and healthy controls
Plp1;Mus musculus;18823;proteolipid protein (myelin) 1;"jp; Plp; msd; rsh; DM20; jimpy";protein coding;Ensembl:ENSMUSG00000031425 AllianceGenome:MGI:97623;"X F1; X 59.1 cM";brain;cerebral cortex;RT-PCR;EAE;N/A;C57BL/6;6 groups (n = 10 for each group);down-regulation;Disease risk;EGCG increases PLP and Olig1 expression in the cerebral cortex of a mouse model of MS induced by cuprizone;N/A;28984112;2017;Effects of green tea epigallocatechin-3-gallate on the proteolipid protein and oligodendrocyte transcription factor 1 messenger RNA gene expression in a mouse model of multiple sclerosis
Olig1;Mus musculus;50914;oligodendrocyte transcription factor 1;"Olg-1; Bhlhb6; Oligo1; bHLHe21";protein coding;Ensembl:ENSMUSG00000046160 AllianceGenome:MGI:1355334;"16; 16 C3.3";brain;cerebral cortex;RT-PCR;EAE;N/A;C57BL/6;6 groups (n = 10 for each group);down-regulation;Disease risk;EGCG increases PLP and Olig1 expression in the cerebral cortex of a mouse model of MS induced by cuprizone;EGCG) might be effective in improving the symptoms and pathological conditions associated with autoimmune inflammatory diseases in several animal models;28984112;2017;Effects of green tea epigallocatechin-3-gallate on the proteolipid protein and oligodendrocyte transcription factor 1 messenger RNA gene expression in a mouse model of multiple sclerosis
ICAM1;Homo sapiens;3383;intercellular adhesion molecule 1;"BB2; CD54; P3.58";protein coding;"Ensembl:ENSG00000090339 MIM:147840; AllianceGenome:HGNC:5344";19p13.2;peripheral blood;N/A;PCR;MS;N/A;French;439 case–parent MS families;up-regulation;Disease risk;the genes encoding ICAM-1 receptors do not influence MS susceptibility or severity. ICAM-1 had a modest, but significant effect on MS genetic susceptibility, independent of HLA and disease severity.;in the transmigration of inflammatory cells through the blood–brain barrier;14551606;2003;Intercellular adhesion molecule-1: a protective haplotype against multiple sclerosis
DRD2;Homo sapiens;1813;dopamine receptor D2;"D2R; D2DR";protein coding;"Ensembl:ENSG00000149295 MIM:126450; AllianceGenome:HGNC:3023";11q23.2;peripheral blood;PBMCs;RT-PCR;MS;N/A;Italian;38;up-regulation;Disease risk;Expression ofseveral DRandAR are upregulated in PBMC, Teffand Treg from CIS subjects. DRD3 and 伪2A-ARmRNA in PBMC, and DR D5 mRNA in Treg correlate with the risk ofMS at 12 months. Results show the involvement of dopaminergic and adrenergic pathways in CIS as well as in MS pathogenesis, supporting the evaluation of dopaminergic and adrenergic agents in MS.;the involvement of dopaminergic and adrenergic pathways in CIS as well as in MS pathogenesis;27609280;2016;Dopaminergic receptors and adrenoceptors in circulating lymphocytes as putative biomarkers for the early onset and progression of multiple sclerosis
DRD3;Homo sapiens;1814;dopamine receptor D3;"D3DR; ETM1; FET1";protein coding;"Ensembl:ENSG00000151577 MIM:126451; AllianceGenome:HGNC:3024";3q13.31;peripheral blood;PBMCs;RT-PCR;MS;N/A;Italian;38;up-regulation;Disease risk;Expression ofseveral DRandAR are upregulated in PBMC, Teffand Treg from CIS subjects. DRD3 and 伪2A-ARmRNA in PBMC, and DR D5 mRNA in Treg correlate with the risk ofMS at 12 months. Results show the involvement of dopaminergic and adrenergic pathways in CIS as well as in MS pathogenesis, supporting the evaluation of dopaminergic and adrenergic agents in MS.;the involvement of dopaminergic and adrenergic pathways in CIS as well as in MS pathogenesis;27609280;2016;Dopaminergic receptors and adrenoceptors in circulating lymphocytes as putative biomarkers for the early onset and progression of multiple sclerosis
DRD5;Homo sapiens;1816;dopamine receptor D5;"DBDR; DRD1B; DRD1L2";protein coding;"Ensembl:ENSG00000169676 MIM:126453; AllianceGenome:HGNC:3026";4p16.1;peripheral blood;PBMCs;RT-PCR;MS;N/A;Italian;38;up-regulation;Disease risk;Expression ofseveral DRandAR are upregulated in PBMC, Teffand Treg from CIS subjects. DRD3 and 伪2A-ARmRNA in PBMC, and DR D5 mRNA in Treg correlate with the risk ofMS at 12 months. Results show the involvement of dopaminergic and adrenergic pathways in CIS as well as in MS pathogenesis, supporting the evaluation of dopaminergic and adrenergic agents in MS.;the involvement of dopaminergic and adrenergic pathways in CIS as well as in MS pathogenesis;27609280;2016;Dopaminergic receptors and adrenoceptors in circulating lymphocytes as putative biomarkers for the early onset and progression of multiple sclerosis
ADRA1A;Homo sapiens;148;adrenoceptor alpha 1A;"ADRA1C; ADRA1L1; ALPHA1AAR";protein coding;"Ensembl:ENSG00000120907 MIM:104221; AllianceGenome:HGNC:277";8p21.2;peripheral blood;PBMCs;RT-PCR;MS;N/A;Italian;38;up-regulation;Disease risk;Expression ofseveral DRandAR are upregulated in PBMC, Teffand Treg from CIS subjects. DRD3 and 伪2A-ARmRNA in PBMC, and DR D5 mRNA in Treg correlate with the risk ofMS at 12 months. Results show the involvement of dopaminergic and adrenergic pathways in CIS as well as in MS pathogenesis, supporting the evaluation of dopaminergic and adrenergic agents in MS.;the involvement of dopaminergic and adrenergic pathways in CIS as well as in MS pathogenesis;27609280;2016;Dopaminergic receptors and adrenoceptors in circulating lymphocytes as putative biomarkers for the early onset and progression of multiple sclerosis
ADRA1B;Homo sapiens;147;adrenoceptor alpha 1B;"ADRA1; ALPHA1BAR";protein coding;"Ensembl:ENSG00000170214 MIM:104220; AllianceGenome:HGNC:278";5q33.3;peripheral blood;PBMCs;RT-PCR;MS;N/A;Italian;38;up-regulation;Disease risk;Expression ofseveral DRandAR are upregulated in PBMC, Teffand Treg from CIS subjects. DRD3 and 伪2A-ARmRNA in PBMC, and DR D5 mRNA in Treg correlate with the risk ofMS at 12 months. Results show the involvement of dopaminergic and adrenergic pathways in CIS as well as in MS pathogenesis, supporting the evaluation of dopaminergic and adrenergic agents in MS.;the involvement of dopaminergic and adrenergic pathways in CIS as well as in MS pathogenesis;27609280;2016;Dopaminergic receptors and adrenoceptors in circulating lymphocytes as putative biomarkers for the early onset and progression of multiple sclerosis
ADRA1D;Homo sapiens;146;adrenoceptor alpha 1D;"DAR; ADRA1; ADRA1A; ADRA1R; ALPHA1; dJ779E11.2";protein coding;"Ensembl:ENSG00000171873 MIM:104219; AllianceGenome:HGNC:280";20p13;peripheral blood;PBMCs;RT-PCR;MS;N/A;Italian;38;up-regulation;Disease risk;Expression ofseveral DRandAR are upregulated in PBMC, Teffand Treg from CIS subjects. DRD3 and 伪2A-ARmRNA in PBMC, and DR D5 mRNA in Treg correlate with the risk ofMS at 12 months. Results show the involvement of dopaminergic and adrenergic pathways in CIS as well as in MS pathogenesis, supporting the evaluation of dopaminergic and adrenergic agents in MS.;the involvement of dopaminergic and adrenergic pathways in CIS as well as in MS pathogenesis;27609280;2016;Dopaminergic receptors and adrenoceptors in circulating lymphocytes as putative biomarkers for the early onset and progression of multiple sclerosis
ADRA2A;Homo sapiens;150;adrenoceptor alpha 2A;"ADRA2; ADRAR; ZNF32; ADRA2R; ALPHA2AAR";protein coding;"Ensembl:ENSG00000150594 MIM:104210; AllianceGenome:HGNC:281";10q25.2;peripheral blood;PBMCs;RT-PCR;MS;N/A;Italian;38;up-regulation;Disease risk;Expression ofseveral DRandAR are upregulated in PBMC, Teffand Treg from CIS subjects. DRD3 and 伪2A-ARmRNA in PBMC, and DR D5 mRNA in Treg correlate with the risk ofMS at 12 months. Results show the involvement of dopaminergic and adrenergic pathways in CIS as well as in MS pathogenesis, supporting the evaluation of dopaminergic and adrenergic agents in MS.;the involvement of dopaminergic and adrenergic pathways in CIS as well as in MS pathogenesis;27609280;2016;Dopaminergic receptors and adrenoceptors in circulating lymphocytes as putative biomarkers for the early onset and progression of multiple sclerosis
ADRA2B;Homo sapiens;151;adrenoceptor alpha 2B;"FAME2; ADRA2L1; ADRARL1; ADRA2RL1; ALPHA2BAR; alpha-2BAR";protein coding;"Ensembl:ENSG00000274286 MIM:104260; AllianceGenome:HGNC:282";2q11.2;peripheral blood;PBMCs;RT-PCR;MS;N/A;Italian;38;up-regulation;Disease risk;Expression ofseveral DRandAR are upregulated in PBMC, Teffand Treg from CIS subjects. DRD3 and 伪2A-ARmRNA in PBMC, and DR D5 mRNA in Treg correlate with the risk ofMS at 12 months. Results show the involvement of dopaminergic and adrenergic pathways in CIS as well as in MS pathogenesis, supporting the evaluation of dopaminergic and adrenergic agents in MS.;the involvement of dopaminergic and adrenergic pathways in CIS as well as in MS pathogenesis;27609280;2016;Dopaminergic receptors and adrenoceptors in circulating lymphocytes as putative biomarkers for the early onset and progression of multiple sclerosis
ADRA2C;Homo sapiens;152;adrenoceptor alpha 2C;"ADRA2L2; ADRARL2; ADRA2RL2; ALPHA2CAR";protein coding;"Ensembl:ENSG00000184160 MIM:104250; AllianceGenome:HGNC:283";4p16.3;peripheral blood;PBMCs;RT-PCR;MS;N/A;Italian;38;up-regulation;Disease risk;Expression ofseveral DRandAR are upregulated in PBMC, Teffand Treg from CIS subjects. DRD3 and 伪2A-ARmRNA in PBMC, and DR D5 mRNA in Treg correlate with the risk ofMS at 12 months. Results show the involvement of dopaminergic and adrenergic pathways in CIS as well as in MS pathogenesis, supporting the evaluation of dopaminergic and adrenergic agents in MS.;the involvement of dopaminergic and adrenergic pathways in CIS as well as in MS pathogenesis;27609280;2016;Dopaminergic receptors and adrenoceptors in circulating lymphocytes as putative biomarkers for the early onset and progression of multiple sclerosis
ADRB1;Homo sapiens;153;adrenoceptor beta 1;"RHR; B1AR; FNSS2; ADRB1R; BETA1AR";protein coding;"Ensembl:ENSG00000043591 MIM:109630; AllianceGenome:HGNC:285";10q25.3;peripheral blood;PBMCs;RT-PCR;MS;N/A;Italian;38;up-regulation;Disease risk;Expression ofseveral DRandAR are upregulated in PBMC, Teffand Treg from CIS subjects. DRD3 and 伪2A-ARmRNA in PBMC, and DR D5 mRNA in Treg correlate with the risk ofMS at 12 months. Results show the involvement of dopaminergic and adrenergic pathways in CIS as well as in MS pathogenesis, supporting the evaluation of dopaminergic and adrenergic agents in MS.;the involvement of dopaminergic and adrenergic pathways in CIS as well as in MS pathogenesis;27609280;2016;Dopaminergic receptors and adrenoceptors in circulating lymphocytes as putative biomarkers for the early onset and progression of multiple sclerosis
ADRB2;Homo sapiens;154;adrenoceptor beta 2;"BAR; B2AR; ADRBR; ADRB2R; BETA2AR";protein coding;"Ensembl:ENSG00000169252 MIM:109690; AllianceGenome:HGNC:286";5q32;peripheral blood;PBMCs;RT-PCR;MS;N/A;Italian;38;up-regulation;Disease risk;Expression ofseveral DRandAR are upregulated in PBMC, Teffand Treg from CIS subjects. DRD3 and 伪2A-ARmRNA in PBMC, and DR D5 mRNA in Treg correlate with the risk ofMS at 12 months. Results show the involvement of dopaminergic and adrenergic pathways in CIS as well as in MS pathogenesis, supporting the evaluation of dopaminergic and adrenergic agents in MS.;the involvement of dopaminergic and adrenergic pathways in CIS as well as in MS pathogenesis;27609280;2016;Dopaminergic receptors and adrenoceptors in circulating lymphocytes as putative biomarkers for the early onset and progression of multiple sclerosis
ADRB3;Homo sapiens;155;adrenoceptor beta 3;BETA3AR;protein coding;"Ensembl:ENSG00000188778 MIM:109691; AllianceGenome:HGNC:288";8p11.23;peripheral blood;PBMCs;RT-PCR;MS;N/A;Italian;38;up-regulation;Disease risk;Expression ofseveral DRandAR are upregulated in PBMC, Teffand Treg from CIS subjects. DRD3 and 伪2A-ARmRNA in PBMC, and DR D5 mRNA in Treg correlate with the risk ofMS at 12 months. Results show the involvement of dopaminergic and adrenergic pathways in CIS as well as in MS pathogenesis, supporting the evaluation of dopaminergic and adrenergic agents in MS.;the involvement of dopaminergic and adrenergic pathways in CIS as well as in MS pathogenesis;27609280;2016;Dopaminergic receptors and adrenoceptors in circulating lymphocytes as putative biomarkers for the early onset and progression of multiple sclerosis
MIR106A;Homo sapiens;406899;microRNA 106a;"mir-106; MIRN106A; mir-106a";protein coding;"Ensembl:ENSG00000284157 MIM:300792; miRBase:MI0000113; AllianceGenome:HGNC:31494";Xq26.2;blood samples;N/A;RT-PCR;MS;N/A;Iranic;included 23, 23, 20 MS patients and 94, 70, 21 controls respectively;up-regulation;Disease risk;miR-106a-5p may have a biomarker potential to the diagnosis ofMS patients based on its dysregulation patterns.;the miR-106a dysregulation in MS patients.;33452935;2020;Identification of hsa-miR-106a-5p as an impact agent on promotion of multiple sclerosis using multi-step data analysis
PLP1;Homo sapiens;5354;proteolipid protein 1;"PLP; PMD; HLD1; MMPL; SPG2; GPM6C; PLP/DM20";protein coding;"Ensembl:ENSG00000123560 MIM:300401; AllianceGenome:HGNC:9086";Xq22.2;serum;PBMCs;RT-PCR;MS;N/A;Tranic;30MS;positive;Disease risk;PLP58-74 can stimulate CD4+ T cells and humoral immunity. Therefore it seems that the epitopes of some microorganisms mimicking PLP such as PLP58-74 might have a potential role in the initiation of MS.;self-antigens expressed;27917626;2016;Association of New Putative Epitopes of Myelin Proteolipid Protein (58-74) with Pathogenesis of Multiple Sclerosis
Serpina3n;Mus musculus;20716;serine (or cysteine) peptidase inhibitor, clade A, member 3N;"Spi2-2; Spi2.2; Spi2/eb.4";protein coding;Ensembl:ENSMUSG00000021091 AllianceGenome:MGI:105045;"12; 12 E";forebrain;neurons and NSCs;qPCR;EAE;N/A;C57BL/6;4 EAE and 4 control;up-regulation;Disease risk;Intersection between the 3 sets of results (i.e., sPLS analysis, time-course analysis, and neuronal differentiation) revealed 2 molecules, Serpina3n and S100A4, that showed a high expression in the progressive phases of EAE and were upregulated during neurogenesis;N/A;33436375;2021;CSF SERPINA3 Levels Are Elevated in Patients With Progressive MS
S100a4;Mus musculus;20198;S100 calcium binding protein A4;"42a; 18A2; Capl; FSp1; Mts1; pk9a; PeL98; metastasin";protein coding;Ensembl:ENSMUSG00000001020 AllianceGenome:MGI:1330282;"3 F1; 3 39.27 cM";forebrain;neurons and NSCs;qPCR;EAE;N/A;C57BL/6;4 EAE and 5 control;up-regulation;Disease risk;Intersection between the 3 sets of results (i.e., sPLS analysis, time-course analysis, and neuronal differentiation) revealed 2 molecules, Serpina3n and S100A4, that showed a high expression in the progressive phases of EAE and were upregulated during neurogenesis;N/A;33436375;2021;CSF SERPINA3 Levels Are Elevated in Patients With Progressive MS
Mbp;Rattus norvegicus;24547;myelin basic protein;Mbps;protein coding;Ensembl:ENSRNOG00000016516 AllianceGenome:RGD:3054;18q12.3;spinal cord;N/A;qPCR;EAE;N/A;Lewis rats;50;up-regulation;Disease risk;combined therapy of vitamins A and C effectively protect myelin damage in EAE model via increasing MBP level and BDNF as a crucial protein in myelin repair;N/A;35072933;2022;Therapeutic Potential of Combined Therapy of Vitamin A and Vitamin C in the Experimental Autoimmune Encephalomyelitis (EAE) in Lewis Rats
Bdnf;Rattus norvegicus;24225;brain-derived neurotrophic factor;N/A;protein coding;Ensembl:ENSRNOG00000047466 AllianceGenome:RGD:2202;3q34;spinal cord;N/A;qPCR;EAE;N/A;Lewis rats;50;up-regulation;Disease risk;combined therapy of vitamins A and C effectively protect myelin damage in EAE model via increasing MBP level and BDNF as a crucial protein in myelin repair;N/A;35072933;2022;Therapeutic Potential of Combined Therapy of Vitamin A and Vitamin C in the Experimental Autoimmune Encephalomyelitis (EAE) in Lewis Rats
Cd38;Rattus norvegicus;25668;CD38 molecule;ADPRC 1;protein coding;Ensembl:ENSRNOG00000003069 AllianceGenome:RGD:2303;14q21;spinal cord;N/A;Real-time PCR;EAE;N/A;LEW.1AV1 (RT1av1)rats;26;up-regulation;Disease risk;an increased expression of Cd38 was measured [MOG 91-108-immunized rats (n=8) as compared to CFA-immunized (n=8, ANOVA, P<0.05) and naive (n=6, ANOVA, P<0.05) LEW.1AV1 (RT1av1)rats].;The hereby-defined underlying pathways indicate cellular activation and migration pathways mediated by G-protein-coupled receptors as crucial events in CNS tissue damage;27519689;2016;Identification of gene expression patterns crucially involved in experimental autoimmune encephalomyelitis and multiple sclerosis
Cxcr4;Rattus norvegicus;60628;C-X-C motif chemokine receptor 4;N/A;protein coding;Ensembl:ENSRNOG00000003866 AllianceGenome:RGD:620465;13q13;spinal cord;N/A;Real-time PCR;EAE;N/A;LEW.1AV1 (RT1av1)rats;26;up-regulation;Disease risk;Upregulation of both Cxcl12 and Cxcr4 mRNA expression was observed in CFAandMOG 1-125 in CFA-immunized DA (RT1av1) rats in spinal cord compared to naive rats, IFA-injected or MOG 1-125 in IFAimmunized DA (RT1av1) rats (ANOVA, P<0.001). Increased Cxcl12 and Cxcr4 mRNA expression was observed in MOG 1125 in CFA- compared to CFA-immunized DA (RT1av1)rats (ANOVA, P<0.01).;The hereby-defined underlying pathways indicate cellular activation and migration pathways mediated by G-protein-coupled receptors as crucial events in CNS tissue damage;27519689;2016;Identification of gene expression patterns crucially involved in experimental autoimmune encephalomyelitis and multiple sclerosis
Cxcl12;Rattus norvegicus;24772;C-X-C motif chemokine ligand 12;Sdf1;protein coding;Ensembl:ENSRNOG00000013589 AllianceGenome:RGD:3651;4q42;spinal cord;N/A;Real-time PCR;EAE;N/A;LEW.1AV1 (RT1av2)rats;26;up-regulation;Disease risk;Upregulation of both Cxcl12 and Cxcr4 mRNA expression was observed in CFAandMOG 1-125 in CFA-immunized DA (RT1av1) rats in spinal cord compared to naive rats, IFA-injected or MOG 1-125 in IFAimmunized DA (RT1av1) rats (ANOVA, P<0.001). Increased Cxcl12 and Cxcr4 mRNA expression was observed in MOG 1125 in CFA- compared to CFA-immunized DA (RT1av1)rats (ANOVA, P<0.01).;The hereby-defined underlying pathways indicate cellular activation and migration pathways mediated by G-protein-coupled receptors as crucial events in CNS tissue damage;27519689;2016;Identification of gene expression patterns crucially involved in experimental autoimmune encephalomyelitis and multiple sclerosis
CXCR4;Homo sapiens;7852;C-X-C motif chemokine receptor 4;"FB22; HM89; LAP3; LCR1; NPYR; WHIM; CD184; LAP-3; LESTR; NPY3R; NPYRL; WHIMS; HSY3RR; NPYY3R; WHIMS1; D2S201E";protein coding;"Ensembl:ENSG00000121966 MIM:162643; AllianceGenome:HGNC:2561";2q22.1;peripheral blood;WBC;Real-time PCR;MS;RRMS、SPMS;individuals with MS;RRMS n=32；SPMS n=22；controls n=21;up-regulation;Disease risk;Upregulation of CXCR4 mRNA was also observed in white blood cells of individuals with MS with a relapsing-remitting disease course and a secondary chronic progressive disease course;The hereby-defined underlying pathways indicate cellular activation and migration pathways mediated by G-protein-coupled receptors as crucial events in CNS tissue damage;27519689;2016;Identification of gene expression patterns crucially involved in experimental autoimmune encephalomyelitis and multiple sclerosis
Raet1d;Mus musculus;56554;retinoic acid early transcript delta;RAE-1delta;protein coding;Ensembl:ENSMUSG00000078452 AllianceGenome:MGI:1861032;"10; 10 A3";spinal cord;N/A;qPCR;EAE;N/A;C57BL/6;4 to 8;up-regulation;Disease risk;Raet1d and Raet1e's expression increased from the beginning of the pathology and reached a maximum at the peak of the disease;The hereby-defined underlying pathways indicate cellular activation and migration pathways mediated by G-protein-coupled receptors as crucial events in CNS tissue damage;27444966;2016;RAE-1 expression is induced during experimental autoimmune encephalomyelitis and is correlated with microglia cell proliferation
Raet1e;Mus musculus;379043;retinoic acid early transcript 1E;N/A;protein coding;Ensembl:ENSMUSG00000053219 AllianceGenome:MGI:2675273;"10; 10 A3";spinal cord;N/A;qPCR;EAE;N/A;C57BL/6;4 to 8;up-regulation;Disease risk;Raet1d and Raet1e's expression increased from the beginning of the pathology and reached a maximum at the peak of the disease;The hereby-defined underlying pathways indicate cellular activation and migration pathways mediated by G-protein-coupled receptors as crucial events in CNS tissue damage;27444966;2016;RAE-1 expression is induced during experimental autoimmune encephalomyelitis and is correlated with microglia cell proliferation
Il22ra2;Mus musculus;237310;interleukin 22 receptor, alpha 2;"CRF2X; CRF2-10; CRF2-s1; Il-22bp";protein coding;Ensembl:ENSMUSG00000039760 AllianceGenome:MGI:2665114;"10; 10 A3";brain and spinal cord;N/A;Real-time PCR;EAE;N/A;C57BL/6 wild-type and Il22ra2-deficient mice;N/A;down-regulation;Disease risk;Il22ra1 or Il22ra2 messenger RNA was not detected in mononuclear cells isolated from the CNS at the chronic stage (day 24) of EAE, but Il22 was present at high levels in both Il22ra2;The hereby-defined underlying pathways indicate cellular activation and migration pathways mediated by G-protein-coupled receptors as crucial events in CNS tissue damage;25008863;2014;The multiple sclerosis risk gene IL22RA2 contributes to a more severe murine autoimmune neuroinflammation
Il22ra2;Rattus norvegicus;444986;interleukin 22 receptor subunit alpha 2;Crf2-s1;protein coding;Ensembl:ENSRNOG00000012259 AllianceGenome:RGD:1303169;1p12;cell;Splenocytes and lymph node (LN) cells;Real-time PCR;EAE;N/A;DA rats;N/A;down-regulation;Disease risk;The soluble IL-22R a2gene (Il-22ra2) lies within the Eae29 locus, and its expression was reduced in Dc1P, both in activated macrophages and splenocytes from immunized rats;g macrophage effector mechanisms;21041731;2010;IL-22RA2 Associates with Multiple Sclerosis and Macrophage Effector Mechanisms in Experimental Neuroinflammation
Atg5;Mus musculus;11793;autophagy related 5;"Apg5l; Atg5l; Paddy; 2010107M05Rik; 3110067M24Rik";protein coding;Ensembl:ENSMUSG00000038160 AllianceGenome:MGI:1277186;"10 B2; 10 23.24 cM";brain;N/A;Real-time PCR;EAE;N/A;C57BL/6;37-39;up-regulation;Disease risk;Analysis of protein extracted from these cells confirmed both upregulation and post-translational modification of Atg5, the latter of which was positively correlated with EAE severity.;modulate T cell survival;19066443;2009;Elevated ATG5 expression in autoimmune demyelination and multiple sclerosis
ATG5;Homo sapiens;9474;autophagy related 5;"ASP; APG5; APG5L; hAPG5; SCAR25; APG5-LIKE";protein coding;"Ensembl:ENSG00000057663 MIM:604261; AllianceGenome:HGNC:589";6q21;"peripheral blood;brain";"T cell;Postmortem tissues";Real-time PCR;MS;active relapsing-remitting MS;N/A;"N/A;10";up-regulation;Disease risk;Atg5 expression was significantly elevated in individuals with active relapsing-remitting MS compared to non-diseased controls;modulate T cell survival;19066443;2009;Elevated ATG5 expression in autoimmune demyelination and multiple sclerosis
Atp2b2;Rattus norvegicus;24215;ATPase plasma membrane Ca2+ transporting 2;PMCA2;protein coding;Ensembl:ENSRNOG00000030269 AllianceGenome:RGD:2176;4q42;spinal cord;2-3 lumbar spinal cords;Real-time PCR;EAE;N/A;Lewis rats;N/A;down-regulation;Disease risk;Transcript and protein levels of plasma membrane Ca2+ ATPase 2 (PMCA2) were dramatically decreased coincident with the onset of clinical symp- toms;perturbations in Ca2+ balance and neurotransmitter exocytosis may partially underlie aberrant neuronal function and communication at onset of symptoms. Altered mitochondrial function and impulse conduction may exacerbate neurological de<U+00AE>cits at subsequent disease stages.;12538406;2003;Regulation of gene expression in experimental autoimmune encephalomyelitis indicates early neuronal dysfunction
Mir23b;Mus musculus;387217;microRNA 23b;"Mirn23b; mmu-mir-23b";ncRNA;"Ensembl:ENSMUSG00000065599 miRBase:MI0000141; AllianceGenome:MGI:2676898";"13; 13 B3";Brain and lumbar spinal cords;N/A;Real-time PCR;EAE;N/A;C57BL/6;N/A;down-regulation;Disease risk;miR-23b reduced the severity of EAE by inhibiting the migration of pathogenic T cells to the CNS rather than diminishing the encephalitogenesis of T cells.;inhibiting the migration of pathogenic T cells to the CNS;29275848;2018;miR-23b Suppresses Leukocyte Migration and Pathogenesis of Experimental Autoimmune Encephalomyelitis by Targeting CCL7
Mapk14;Mus musculus;26416;mitogen-activated protein kinase 14;N/A;protein coding;Ensembl:ENSMUSG00000053436 AllianceGenome:MGI:1346865;"17 A3.3; 17 14.85 cM";axillary, inguinal, and cervical lymph nodes;N/A;Real-time PCR;EAE;N/A;C57BL/6J;N/A;up-regulation;Disease risk;oral administration of a highly specific p38<U+2423> inhibitor (UR5269) to WT mice at the onset ofEAE markedly suppressed the progression of EAE compared with a vehicle group.;through IL-17 induction.;22637476;2012;Mechanism for p38<U+2423>-mediated Experimental Autoimmune Encephalomyelitis
Isg15;Mus musculus;1855694;ISG15 ubiquitin-like modifier;"G1p2; IP17; Irfp; UCRP; IGI15";protein coding;Ensembl:ENSMUSG00000035692 AllianceGenome:MGI:1855694;"4 E2; 4";brain;N/A;RT-PCR;EAE;N/A;C57BL/6;N/A;up-regulation;Disease risk;we measured increased ISG15 expression in cortical neurons of EAE and cuprizone mice compared to controls by RT-PCR;However, its role in neurons is not well established;36261842;2022;ISGylation is induced in neurons by demyelination driving ISG15-dependent microglial activation
Rac1;Mus musculus;97845;Rac family small GTPase 1;D5Ertd559e;protein coding;Ensembl:ENSMUSG00000001847 AllianceGenome:MGI:97845;"5 G2; 5 82.22 cM";LN;N/A;RT-qPCR;EAE;N/A;C57BL/6;n = 2-3 mice group;up-regulation;Disease risk;Increased expression of Tiam1 and Rac1 in Th17 cells;Tiam1/Rac1 and RORγt cooperatively bind to Il17 promoter;27725632;2016;Tiam1/Rac1 complex controls Il17a transcription and autoimmunity
Tiam1;Mus musculus;103306;T cell lymphoma invasion and metastasis 1;"D16Ium10; D16Ium10e";protein coding;Ensembl:ENSMUSG00000002489 AllianceGenome:MGI:103306;"16 C3.3; 16 51.5 cM";LN;N/A;RT-qPCR;EAE;N/A;C57BL/6;n = 2-3 mice group;up-regulation;Disease risk;Increased expression of Tiam1 and Rac1 in Th17 cells;Tiam1/Rac1 and RORγt cooperatively bind to Il17 promoter;27725632;2016;Tiam1/Rac1 complex controls Il17a transcription and autoimmunity
RAC1;Homo sapiens;9801;Rac family small GTPase 1;"MIG5; MRD48; Rac-1; TC-25; p21-Rac1";protein coding;"Ensembl:ENSG00000136238 MIM:602048; AllianceGenome:HGNC:9801";7p22.1;peripheral blood;N/A;TaqMan PCR;MS;N/A;N/A;n = 9 (case group)/n = 4 (control group);up-regulation;Disease risk;we found that the expression of both Tiam1 and Rac1 is significantly higher in Th17 cells differentiated in vitro according to a standard protocol for 7 days.;we have demonstrated that Tiam1/Rac1 signalling is required for the encephalitogenicity of CD4+ T cells, very likely through its regulation of RORγt-mediated Il17 transcription;27725632;2016;Tiam1/Rac1 complex controls Il17a transcription and autoimmunity
TIAM1;Homo sapiens;11805;TIAM Rac1 associated GEF 1;"NEDLDS; TIAM-1";protein coding;"Ensembl:ENSG00000156299 MIM:600687; AllianceGenome:HGNC:11805";21q22.11;peripheral blood;N/A;TaqMan PCR;MS;N/A;N/A;n = 8 (case group)/n = 4 (control group);up-regulation;Disease risk;we found that the expression of both Tiam1 and Rac1 is significantly higher in Th17 cells differentiated in vitro according to a standard protocol for 7 days.;we have demonstrated that Tiam1/Rac1 signalling is required for the encephalitogenicity of CD4+ T cells, very likely through its regulation of RORγt-mediated Il17 transcription;27725632;2016;Tiam1/Rac1 complex controls Il17a transcription and autoimmunity
Arg1;Mus musculus;88070;arginase, liver;"AI; PGIF; Arg-1";protein coding;Ensembl:ENSMUSG00000019987 AllianceGenome:MGI:88070;"10; 10 A4";spleen;N/A;RT-qPCR;EAE;N/A;C57BL/6、SJL/J mice;n = 4-9 mice group;up-regulation;Disease risk;Three of these genes, Arginase-1, Chi3l3 and Ms4a8a, showed a higher expression at the exacerbation than at later time points during the disease, both in SJL/J and in C57BL/6 mice;could be attributed to alternatively activated APCs;27423192;2016;Increase of Alternatively Activated Antigen Presenting Cells in Active Experimental Autoimmune Encephalomyelitis
Chil3;Mus musculus;1330860;chitinase-like 3;"Ym1; ECF-L; Chi3l3";protein coding;Ensembl:ENSMUSG00000040809 AllianceGenome:MGI:1330860;"3 F2.2; 3 46.49 cM";spleen;N/A;RT-qPCR;EAE;N/A;C57BL/6、SJL/J mice;n = 4-9 mice group;up-regulation;Disease risk;Three of these genes, Arginase-1, Chi3l3 and Ms4a8a, showed a higher expression at the exacerbation than at later time points during the disease, both in SJL/J and in C57BL/6 mice;could be attributed to alternatively activated APCs;27423192;2016;Increase of Alternatively Activated Antigen Presenting Cells in Active Experimental Autoimmune Encephalomyelitis
Ms4a8a;Mus musculus;1927657;membrane-spanning 4-domains, subfamily A, member 8A;"Ms4a8; CD20L5; 2010004L09Rik";protein coding;Ensembl:ENSMUSG00000024730 AllianceGenome:MGI:1927657;"19; 19 A";spleen;N/A;RT-qPCR;EAE;N/A;C57BL/6、SJL/J mice;n = 4-9 mice group;up-regulation;Disease risk;Three of these genes, Arginase-1, Chi3l3 and Ms4a8a, showed a higher expression at the exacerbation than at later time points during the disease, both in SJL/J and in C57BL/6 mice;could be attributed to alternatively activated APCs;27423192;2016;Increase of Alternatively Activated Antigen Presenting Cells in Active Experimental Autoimmune Encephalomyelitis
Iba1;Mus musculus;2149992;induction of brown adipocytes 1;N/A;unknown;N/A;2 49.45 cM;brain;microglia;RT-qPCR;EAE;N/A;C57BL/6;n = 3-5 mice group;up-regulation;Disease risk;"Laser-captured microdissections of the striatum from EAE mice (20 dpi; n = 3 for each group) showed a statistically significant increase of Iba1, CD45, and TNFα mRNA levels (p < 0.01, p < 0.05, and p < 0.01 respectively) (Fig. 2 h) compared with control mice.";T lymphocytes alter synaptic transmission and cause microglia/macrophage activation in EAE;19295150;2009;Inflammation Triggers Synaptic Alteration and Degeneration in Experimental Autoimmune Encephalomyelitis
Ptprc;Mus musculus;97810;protein tyrosine phosphatase, receptor type, C;"loc; B220; Cd45; L-CA; Ly-5; T200; CD45R; Lyt-4";protein coding;Ensembl:ENSMUSG00000026395 AllianceGenome:MGI:97810;"1 E4; 1 60.73 cM";brain;microglia;RT-qPCR;EAE;N/A;C57BL/6;n = 3-5 mice group;up-regulation;Disease risk;"Laser-captured microdissections of the striatum from EAE mice (20 dpi; n = 3 for each group) showed a statistically significant increase of Iba1, CD45, and TNFα mRNA levels (p < 0.01, p < 0.05, and p < 0.01 respectively) (Fig. 2 h) compared with control mice.";T lymphocytes alter synaptic transmission and cause microglia/macrophage activation in EAE;19295150;2009;Inflammation Triggers Synaptic Alteration and Degeneration in Experimental Autoimmune Encephalomyelitis
Tnf;Mus musculus;104798;tumor necrosis factor;"DIF; Tnfa; TNF-a; TNFSF2; Tnlg1f; Tnfsf1a; TNFalpha; TNF-alpha";protein coding;Ensembl:ENSMUSG00000024401 AllianceGenome:MGI:104798;"17 B1; 17 18.59 cM";brain;microglia;RT-qPCR;EAE;N/A;C57BL/6;n = 3-5 mice group;up-regulation;Disease risk;"Laser-captured microdissections of the striatum from EAE mice (20 dpi; n = 3 for each group) showed a statistically significant increase of Iba1, CD45, and TNFα mRNA levels (p < 0.01, p < 0.05, and p < 0.01 respectively) (Fig. 2 h) compared with control mice.";that this cytokine may play a role in the synaptic defects induced by EAE and activated microglia/macrophage.;19295150;2009;Inflammation Triggers Synaptic Alteration and Degeneration in Experimental Autoimmune Encephalomyelitis
Arc;Mus musculus;88067;activity regulated cytoskeletal-associated protein;"mArc; Arc3.1; arg3.1";protein coding;Ensembl:ENSMUSG00000022602 AllianceGenome:MGI:88067;"15 D3; 15 34.25 cM";brain;microglia;RT-qPCR;EAE;N/A;C57BL/6;n = 3-5 mice group;down-regulation;Disease risk;Arc/Arg3x.1 mRNA levels were downregulated in Th1-treated primary neuronal cell cultures and in EAE;Arc/Arg3.1 gene has been shown to be regulated in the brain by neuroinflammation and to be implicated in the regulation of the AMPA receptor subunit GluR1 and in AMPA receptor-mediated synaptic transmission.;19295150;2009;Inflammation Triggers Synaptic Alteration and Degeneration in Experimental Autoimmune Encephalomyelitis
Mir873a;Mus musculus;3718563;microRNA 873a;"Mir873; Mirn873; mir-873a; mmu-mir-873; mmu-mir-873a";ncRNA;"Ensembl:ENSMUSG00000078057 miRBase:MI0005550; AllianceGenome:MGI:3718563";"4 A5; 4";brain;N/A;RT-qPCR;EAE;N/A;C57BL/6;n = 3-4 mice group;up-regulation;Disease risk;we detected the changes of miRNA expression profiles both in the brain tissue of EAE mice and in cultured mouse primary astrocytes stimulated with IL-17 and identified miR-873 as one of the co-up-regulated miRNAs in vivo and in vitro;Upon IL-17 stimulation, miR-873 can directly target the A20 gene and promote NF-κB activation, leading to the enhanced production of inflammatory and chemotactic cytokines both in vivo and in vitro;25183005;2014;Interleukin-17 (IL-17)-induced microRNA 873 (miR-873) contributes to the pathogenesis of experimental autoimmune encephalomyelitis by targeting A20 ubiquitin-editing enzyme
Mir873a;Mus musculus;3718563;microRNA 873a;"Mir873; Mirn873; mir-873a; mmu-mir-873; mmu-mir-873a";ncRNA;"Ensembl:ENSMUSG00000078057 miRBase:MI0005550; AllianceGenome:MGI:3718563";"4 A5; 4";microglia;N/A;RT-qPCR;EAE;N/A;C57BL/6;three independent experiments;up-regulation;Disease risk;we detected the changes of miRNA expression profiles both in the brain tissue of EAE mice and in cultured mouse primary astrocytes stimulated with IL-17 and identified miR-873 as one of the co-up-regulated miRNAs in vivo and in vitro;Upon IL-17 stimulation, miR-873 can directly target the A20 gene and promote NF-κB activation, leading to the enhanced production of inflammatory and chemotactic cytokines both in vivo and in vitro;25183005;2014;Interleukin-17 (IL-17)-induced microRNA 873 (miR-873) contributes to the pathogenesis of experimental autoimmune encephalomyelitis by targeting A20 ubiquitin-editing enzyme
CD4;Homo sapiens;1678;CD4 molecule;"T4; IMD79; Leu-3; OKT4D; CD4mut";protein coding;"Ensembl:ENSG00000010610 MIM:186940; AllianceGenome:HGNC:1678";12p13.31;peripheral blood;N/A;RT-PCR;MS;N/A;N/A;8 MS cases and 8 controls;up-regulation;Disease risk;CD4 and HLA-DRalpha transcripts were dramatically increased in MS as compared with controls;This reveals a robust MHC class II up-regulation and suggests that Ag is being presented locally to activated T cells;11086101;2000;Transcriptional analysis of multiple sclerosis brain lesions reveals a complex pattern of cytokine expression
HLA-DRA;Homo sapiens;4947;major histocompatibility complex, class II, DR alpha;HLA-DRA1;protein coding;"Ensembl:ENSG00000204287 MIM:142860; AllianceGenome:HGNC:4947";6p21.32;peripheral blood;N/A;RT-PCR;MS;N/A;N/A;8 MS cases and 8 controls;up-regulation;Disease risk;CD4 and HLA-DRalpha transcripts were dramatically increased in MS as compared with controls;This reveals a robust MHC class II up-regulation and suggests that Ag is being presented locally to activated T cells;11086101;2000;Transcriptional analysis of multiple sclerosis brain lesions reveals a complex pattern of cytokine expression
CCL5;Homo sapiens;10632;C-C motif chemokine ligand 5;"SISd; eoCP; SCYA5; RANTES; TCP228; D17S136E; SIS-delta";protein coding;"Ensembl:ENSG00000271503 MIM:187011; AllianceGenome:HGNC:10632";17q12;peripheral blood;N/A;RT-PCR;MS;N/A;N/A;8 MS cases and 8 controls;up-regulation;Disease risk;Although analysis of cytokine and cytokine receptor genes expression showed predominantly increased levels of several Th1 molecules (TGF-ss, RANTES, and macrophage-inflammatory protein (MIP)-1alpha) in MS samples;our data suggest a complex regulation of the inflammatory response in human autoimmune demyelination;11086101;2000;Transcriptional analysis of multiple sclerosis brain lesions reveals a complex pattern of cytokine expression
CCR1;Homo sapiens;1602;C-C motif chemokine receptor 1;"CKR1; CD191; CKR-1; HM145; CMKBR1; MIP1aR; SCYAR1";protein coding;"Ensembl:ENSG00000163823 MIM:601159; AllianceGenome:HGNC:1602";3p21.31;peripheral blood;N/A;RT-PCR;MS;N/A;N/A;8 MS cases and 8 controls;up-regulation;Disease risk;Although analysis of cytokine and cytokine receptor genes expression showed predominantly increased levels of several Th1 molecules (TGF-ss, RANTES, and macrophage-inflammatory protein (MIP)-1alpha) in MS samples;our data suggest a complex regulation of the inflammatory response in human autoimmune demyelination;11086101;2000;Transcriptional analysis of multiple sclerosis brain lesions reveals a complex pattern of cytokine expression
CCR5;Homo sapiens;1608;C-C motif chemokine receptor 5;"CKR5; CCR-5; CD195; CKR-5; CCCKR5; CMKBR5; IDDM22; CC-CKR-5";protein coding;"Ensembl:ENSG00000160791 MIM:601373; AllianceGenome:HGNC:1606";3p21.31;peripheral blood;N/A;RT-PCR;MS;N/A;N/A;8 MS cases and 8 controls;up-regulation;Disease risk;Similarly, both proinflammatory type (CCR1, CCR5) and immunomodulatory type (CCR4, CCR8) chemokine receptors were differentially expressed in the MS brain;our data suggest a complex regulation of the inflammatory response in human autoimmune demyelination;11086101;2000;Transcriptional analysis of multiple sclerosis brain lesions reveals a complex pattern of cytokine expression
CCR4;Homo sapiens;1605;C-C motif chemokine receptor 4;"CKR4; K5-5; CD194; CMKBR4; ChemR13; CC-CKR-4; HGCN:14099";protein coding;"Ensembl:ENSG00000183813 MIM:604836; AllianceGenome:HGNC:1605";3p22.3;peripheral blood;N/A;RT-PCR;MS;N/A;N/A;8 MS cases and 8 controls;up-regulation;Disease risk;Similarly, both proinflammatory type (CCR1, CCR5) and immunomodulatory type (CCR4, CCR8) chemokine receptors were differentially expressed in the MS brain;our data suggest a complex regulation of the inflammatory response in human autoimmune demyelination;11086101;2000;Transcriptional analysis of multiple sclerosis brain lesions reveals a complex pattern of cytokine expression
CCR8;Homo sapiens;1609;C-C motif chemokine receptor 8;"CY6; TER1; CCR-8; CKRL1; CDw198; CMKBR8; GPRCY6; CMKBRL2; CC-CKR-8";protein coding;"Ensembl:ENSG00000179934 MIM:601834; AllianceGenome:HGNC:1609";3p22.1;peripheral blood;N/A;RT-PCR;MS;N/A;N/A;8 MS cases and 8 controls;up-regulation;Disease risk;Similarly, both proinflammatory type (CCR1, CCR5) and immunomodulatory type (CCR4, CCR8) chemokine receptors were differentially expressed in the MS brain;our data suggest a complex regulation of the inflammatory response in human autoimmune demyelination;11086101;2000;Transcriptional analysis of multiple sclerosis brain lesions reveals a complex pattern of cytokine expression
STAT1;Homo sapiens;11362;signal transducer and activator of transcription 1;"CANDF7; IMD31A; IMD31B; IMD31C; ISGF-3; STAT91";protein coding;"Ensembl:ENSG00000115415 MIM:600555; AllianceGenome:HGNC:11362";2q32.2;peripheral blood;N/A;TaqMan RT-qPCR;MS;N/A;N/A;50 MS cases and 50 controls;up-regulation;Disease risk;The results showed that STAT1 gene expression was significantly up-regulated;The signal transducer and activator of transcription (STAT) family has an essential role in transmitting many of the cytokine-mediated signals and failure in the signaling process contributes to the etiopathogenesis of MS;30412483;2019;Analysis of STAT1, STAT2 and STAT3 mRNA expression levels in the blood of patients with multiple sclerosis
STAT2;Homo sapiens;11363;signal transducer and activator of transcription 2;"P113; IMD44; ISGF-3; PTORCH3; STAT113";protein coding;"Ensembl:ENSG00000170581 MIM:600556; AllianceGenome:HGNC:11363";12q13.3;peripheral blood;N/A;TaqMan RT-qPCR;MS;N/A;N/A;50 MS cases and 50 controls;down-regulation;Disease risk;whereas STAT2 gene expression was significantly down-regulated (p< 0.0001) in MS patients compared to controls;The signal transducer and activator of transcription (STAT) family has an essential role in transmitting many of the cytokine-mediated signals and failure in the signaling process contributes to the etiopathogenesis of MS;30412483;2019;Analysis of STAT1, STAT2 and STAT3 mRNA expression levels in the blood of patients with multiple sclerosis
STAT3;Homo sapiens;11364;signal transducer and activator of transcription 3;"APRF; HIES; ADMIO; ADMIO1";protein coding;"Ensembl:ENSG00000168610 MIM:102582; AllianceGenome:HGNC:11364";17q21.2;peripheral blood;N/A;TaqMan RT-qPCR;MS;N/A;N/A;50 MS cases and 50 controls;N/A;Disease risk;there was no significant difference between MS patients and controls for STAT3 gene expression;The signal transducer and activator of transcription (STAT) family has an essential role in transmitting many of the cytokine-mediated signals and failure in the signaling process contributes to the etiopathogenesis of MS;30412483;2019;Analysis of STAT1, STAT2 and STAT3 mRNA expression levels in the blood of patients with multiple sclerosis
IFNG;Homo sapiens;5438;interferon gamma;"IFG; IFI; IMD69";protein coding;"Ensembl:ENSG00000111537 MIM:147570; AllianceGenome:HGNC:5438";12q15;peripheral blood;N/A;TaqMan RT-qPCR;MS;RRMS;N/A;39 MS cases and 39 controls;up-regulation;Disease risk;RRMS patients had increased expression of IFN-gamma (IFNG), interleukin (IL) 1-beta (IL1B), IL7, IL10, IL12A, IL15, IL23, IL27, lymphotoxin-alpha (LTA) and lymphotoxin-beta (LTB) in WB;our findings suggest a pathogenetic role of B-cells and an immunoregulatory role of monocytes in RRMS;22978757;2012;Cellular sources of dysregulated cytokines in relapsing-remitting multiple sclerosis
IL1B;Homo sapiens;5992;interleukin 1 beta;"IL-1; IL1F2; IL1beta; IL1-BETA";protein coding;"Ensembl:ENSG00000125538 MIM:147720; AllianceGenome:HGNC:5992";2q14.1;peripheral blood;N/A;TaqMan RT-qPCR;MS;RRMS;N/A;39 MS cases and 39 controls;up-regulation;Disease risk;RRMS patients had increased expression of IFN-gamma (IFNG), interleukin (IL) 1-beta (IL1B), IL7, IL10, IL12A, IL15, IL23, IL27, lymphotoxin-alpha (LTA) and lymphotoxin-beta (LTB) in WB;our findings suggest a pathogenetic role of B-cells and an immunoregulatory role of monocytes in RRMS;22978757;2012;Cellular sources of dysregulated cytokines in relapsing-remitting multiple sclerosis
IL7;Homo sapiens;6023;interleukin 7;IL-7;protein coding;"Ensembl:ENSG00000104432 MIM:146660; AllianceGenome:HGNC:6023";8q21.13;peripheral blood;N/A;TaqMan RT-qPCR;MS;RRMS;N/A;39 MS cases and 39 controls;up-regulation;Disease risk;RRMS patients had increased expression of IFN-gamma (IFNG), interleukin (IL) 1-beta (IL1B), IL7, IL10, IL12A, IL15, IL23, IL27, lymphotoxin-alpha (LTA) and lymphotoxin-beta (LTB) in WB;our findings suggest a pathogenetic role of B-cells and an immunoregulatory role of monocytes in RRMS;22978757;2012;Cellular sources of dysregulated cytokines in relapsing-remitting multiple sclerosis
IL10;Homo sapiens;5962;interleukin 10;"CSIF; TGIF; GVHDS; IL-10; IL10A";protein coding;"Ensembl:ENSG00000136634 MIM:124092; AllianceGenome:HGNC:5962";1q32.1;peripheral blood;N/A;TaqMan RT-qPCR;MS;RRMS;N/A;39 MS cases and 39 controls;up-regulation;Disease risk;RRMS patients had increased expression of IFN-gamma (IFNG), interleukin (IL) 1-beta (IL1B), IL7, IL10, IL12A, IL15, IL23, IL27, lymphotoxin-alpha (LTA) and lymphotoxin-beta (LTB) in WB;our findings suggest a pathogenetic role of B-cells and an immunoregulatory role of monocytes in RRMS;22978757;2012;Cellular sources of dysregulated cytokines in relapsing-remitting multiple sclerosis
IL12A;Homo sapiens;5969;interleukin 12A;"P35; CLMF; NFSK; NKSF1; IL-12A";protein coding;"Ensembl:ENSG00000168811 MIM:161560; AllianceGenome:HGNC:5969";3q25.33;peripheral blood;N/A;TaqMan RT-qPCR;MS;RRMS;N/A;39 MS cases and 39 controls;up-regulation;Disease risk;RRMS patients had increased expression of IFN-gamma (IFNG), interleukin (IL) 1-beta (IL1B), IL7, IL10, IL12A, IL15, IL23, IL27, lymphotoxin-alpha (LTA) and lymphotoxin-beta (LTB) in WB;our findings suggest a pathogenetic role of B-cells and an immunoregulatory role of monocytes in RRMS;22978757;2012;Cellular sources of dysregulated cytokines in relapsing-remitting multiple sclerosis
IL15;Homo sapiens;5977;interleukin 15;IL-15;protein coding;"Ensembl:ENSG00000164136 MIM:600554; AllianceGenome:HGNC:5977";4q31.21;peripheral blood;N/A;TaqMan RT-qPCR;MS;RRMS;N/A;39 MS cases and 39 controls;up-regulation;Disease risk;RRMS patients had increased expression of IFN-gamma (IFNG), interleukin (IL) 1-beta (IL1B), IL7, IL10, IL12A, IL15, IL23, IL27, lymphotoxin-alpha (LTA) and lymphotoxin-beta (LTB) in WB;our findings suggest a pathogenetic role of B-cells and an immunoregulatory role of monocytes in RRMS;22978757;2012;Cellular sources of dysregulated cytokines in relapsing-remitting multiple sclerosis
IL23A;Homo sapiens;15488;interleukin 23 subunit alpha;"P19; SGRF; IL-23; IL-23A; IL23P19";protein coding;"Ensembl:ENSG00000110944 MIM:605580; AllianceGenome:HGNC:15488";12q13.3;peripheral blood;N/A;TaqMan RT-qPCR;MS;RRMS;N/A;39 MS cases and 39 controls;up-regulation;Disease risk;RRMS patients had increased expression of IFN-gamma (IFNG), interleukin (IL) 1-beta (IL1B), IL7, IL10, IL12A, IL15, IL23, IL27, lymphotoxin-alpha (LTA) and lymphotoxin-beta (LTB) in WB;our findings suggest a pathogenetic role of B-cells and an immunoregulatory role of monocytes in RRMS;22978757;2012;Cellular sources of dysregulated cytokines in relapsing-remitting multiple sclerosis
IL27;Homo sapiens;191157;interleukin 27;"p28; IL30; IL-27; IL27A; IL-27A; IL27p28";protein coding;"Ensembl:ENSG00000197272 MIM:608273; AllianceGenome:HGNC:19157";16p12.1-p11.2;peripheral blood;N/A;TaqMan RT-qPCR;MS;RRMS;N/A;39 MS cases and 39 controls;up-regulation;Disease risk;RRMS patients had increased expression of IFN-gamma (IFNG), interleukin (IL) 1-beta (IL1B), IL7, IL10, IL12A, IL15, IL23, IL27, lymphotoxin-alpha (LTA) and lymphotoxin-beta (LTB) in WB;our findings suggest a pathogenetic role of B-cells and an immunoregulatory role of monocytes in RRMS;22978757;2012;Cellular sources of dysregulated cytokines in relapsing-remitting multiple sclerosis
LTA;Homo sapiens;6709;lymphotoxin alpha;"LT; TNFB; TNFSF1; TNLG1E";protein coding;"Ensembl:ENSG00000226979 MIM:153440; AllianceGenome:HGNC:6709";6p21.33;peripheral blood;N/A;TaqMan RT-qPCR;MS;RRMS;N/A;39 MS cases and 39 controls;up-regulation;Disease risk;RRMS patients had increased expression of IFN-gamma (IFNG), interleukin (IL) 1-beta (IL1B), IL7, IL10, IL12A, IL15, IL23, IL27, lymphotoxin-alpha (LTA) and lymphotoxin-beta (LTB) in WB;our findings suggest a pathogenetic role of B-cells and an immunoregulatory role of monocytes in RRMS;22978757;2012;Cellular sources of dysregulated cytokines in relapsing-remitting multiple sclerosis
LTB;Homo sapiens;6711;lymphotoxin beta;"p33; TNFC; TNFSF3; TNLG1C";protein coding;"Ensembl:ENSG00000227507 MIM:600978; AllianceGenome:HGNC:6711";6p21.33;peripheral blood;N/A;TaqMan RT-qPCR;MS;RRMS;N/A;39 MS cases and 39 controls;up-regulation;Disease risk;RRMS patients had increased expression of IFN-gamma (IFNG), interleukin (IL) 1-beta (IL1B), IL7, IL10, IL12A, IL15, IL23, IL27, lymphotoxin-alpha (LTA) and lymphotoxin-beta (LTB) in WB;our findings suggest a pathogenetic role of B-cells and an immunoregulatory role of monocytes in RRMS;22978757;2012;Cellular sources of dysregulated cytokines in relapsing-remitting multiple sclerosis
CLDN11;Homo sapiens;8514;claudin 11;"OSP; OTM; HLD22";protein coding;"Ensembl:ENSG00000013297 MIM:601326; AllianceGenome:HGNC:8514";3q26.2;peripheral blood;N/A;qPCR;MS;N/A;N/A;13 men MS cases and 15 men controls;up-regulation;Disease risk;The results of this study showed that the gene expression of Claudin-11 was significantly higher in MS group compared with normal;Leukocytes penetration into the blood-brain barrier is related to several factors, such as, the conversion of leukocyte gene expression or plasma characteristics;26768647;2016;Leukocyte Gene Expression and Plasma Concentration in Multiple Sclerosis: Alteration of Transforming Growth Factor-βs, Claudin-11, and Matrix Metalloproteinase-2
MMP2;Homo sapiens;7166;matrix metallopeptidase 2;"CLG4; MONA; CLG4A; MMP-2; TBE-1; MMP-II";protein coding;"Ensembl:ENSG00000087245 MIM:120360; AllianceGenome:HGNC:7166";16q12.2;peripheral blood;N/A;qPCR;MS;N/A;N/A;13 men MS cases and 15 men controls;up-regulation;Disease risk;the MMP-2 pattern was similar to Claudin-11 and correlated positively with it;Leukocytes penetration into the blood-brain barrier is related to several factors, such as, the conversion of leukocyte gene expression or plasma characteristics;26768647;2016;Leukocyte Gene Expression and Plasma Concentration in Multiple Sclerosis: Alteration of Transforming Growth Factor-βs, Claudin-11, and Matrix Metalloproteinase-2
TGFB1;Homo sapiens;11766;transforming growth factor beta 1;"CED; LAP; DPD1; TGFB; IBDIMDE; TGFbeta; TGF-beta1";protein coding;"Ensembl:ENSG00000105329 MIM:190180; AllianceGenome:HGNC:11766";19q13.2;peripheral blood;N/A;qPCR;MS;N/A;N/A;13 men MS cases and 15 men controls;down-regulation;Disease risk;although the expressions of TGF-β1 and TGF-β2 are down-regulated in the leukocytes of subjects with MS, they showed higher levels of these cytokines in blood plasma;Leukocytes penetration into the blood-brain barrier is related to several factors, such as, the conversion of leukocyte gene expression or plasma characteristics;26768647;2016;Leukocyte Gene Expression and Plasma Concentration in Multiple Sclerosis: Alteration of Transforming Growth Factor-βs, Claudin-11, and Matrix Metalloproteinase-2
TGFB2;Homo sapiens;11768;transforming growth factor beta 2;"LDS4; G-TSF; TGF-beta2";protein coding;"Ensembl:ENSG00000092969 MIM:190220; AllianceGenome:HGNC:11768";1q41;peripheral blood;N/A;qPCR;MS;N/A;N/A;13 men MS cases and 15 men controls;down-regulation;Disease risk;although the expressions of TGF-β1 and TGF-β2 are down-regulated in the leukocytes of subjects with MS, they showed higher levels of these cytokines in blood plasma;Leukocytes penetration into the blood-brain barrier is related to several factors, such as, the conversion of leukocyte gene expression or plasma characteristics;26768647;2016;Leukocyte Gene Expression and Plasma Concentration in Multiple Sclerosis: Alteration of Transforming Growth Factor-βs, Claudin-11, and Matrix Metalloproteinase-2
TGFB3;Homo sapiens;11769;transforming growth factor beta 3;"ARVD; LDS5; RNHF; ARVD1; TGF-beta3";protein coding;"Ensembl:ENSG00000119699 MIM:190230; AllianceGenome:HGNC:11769";14q24.3;peripheral blood;N/A;qPCR;MS;N/A;N/A;13 men MS cases and 15 men controls;N/A;Disease risk;there was no significant difference in the expression of TGF-β3 between two groups;Leukocytes penetration into the blood-brain barrier is related to several factors, such as, the conversion of leukocyte gene expression or plasma characteristics;26768647;2016;Leukocyte Gene Expression and Plasma Concentration in Multiple Sclerosis: Alteration of Transforming Growth Factor-βs, Claudin-11, and Matrix Metalloproteinase-2
A2M;Homo sapiens;7;alpha-2-macroglobulin;"A2MD; CPAMD5; FWP007; S863-7";protein coding;"Ensembl:ENSG00000175899 MIM:103950; AllianceGenome:HGNC:7";12p13.31;peripheral blood;N/A;RT-qPCR;MS;N/A;N/A;45 MS cases and 45 controls;up-regulation;Disease risk;The mRNA expression of gene coding α2M was upregulated, whilst ApoA1 was down-regulated, both in platelets and megakaryocytes from MS patients;the high risk of ischemic events in multiple sclerosis (MS) that are associated with increased pro-thrombotic activity of blood platelets;33086557;2020;Increased Pro-Thrombotic Platelet Activity Associated with Thrombin/PAR1-Dependent Pathway Disorder in Patients with Secondary Progressive Multiple Sclerosis
APOA1;Homo sapiens;600;apolipoprotein A1;"HPALP2; apo(a)";protein coding;"Ensembl:ENSG00000118137 MIM:107680; AllianceGenome:HGNC:600";11q23.3;peripheral blood;N/A;RT-qPCR;MS;N/A;N/A;45 MS cases and 45 controls;down-regulation;Disease risk;The mRNA expression of gene coding α2M was upregulated, whilst ApoA1 was down-regulated, both in platelets and megakaryocytes from MS patients;the high risk of ischemic events in multiple sclerosis (MS) that are associated with increased pro-thrombotic activity of blood platelets;33086557;2020;Increased Pro-Thrombotic Platelet Activity Associated with Thrombin/PAR1-Dependent Pathway Disorder in Patients with Secondary Progressive Multiple Sclerosis
NR1I2;Homo sapiens;7968;nuclear receptor subfamily 1 group I member 2;"BXR; PAR; PRR; PXR; SAR; SXR; ONR1; PAR1; PAR2; PARq";protein coding;"Ensembl:ENSG00000144852 MIM:603065; AllianceGenome:HGNC:7968";3q13.33;peripheral blood;N/A;RT-qPCR;MS;N/A;N/A;45 MS cases and 45 controls;up-regulation;Disease risk;Furthermore, we observed an increase in both mRNA expression and surface density of PAR1 in platelets and megakaryocytes in MS compared to controls;the high risk of ischemic events in multiple sclerosis (MS) that are associated with increased pro-thrombotic activity of blood platelets;33086557;2020;Increased Pro-Thrombotic Platelet Activity Associated with Thrombin/PAR1-Dependent Pathway Disorder in Patients with Secondary Progressive Multiple Sclerosis
MIR17;Homo sapiens;31547;microRNA 17;"MIR91; MIRN17; MIRN91; miR-17; miRNA17; miRNA91; MIR17-5p; miR17-3p; hsa-mir-17";protein coding;"Ensembl:ENSG00000284536 MIM:609416; miRBase:MI0000071; AllianceGenome:HGNC:31547";13q31.3;peripheral blood;N/A;RT-qPCR;MS;RRMS;N/A;8 MS cases and 10 controls;up-regulation;Disease risk;Moreover, we found distinct responses of deregulated miRNA to stimulation, i.e. miR-17-5p and miR-193a were strongly up-regulated, in contrast to the down-regulation of miR-497, miR-1 and miR-126;Our findings support the role of miRNA-dependent regulatory mechanisms in the immunopathogenesis of MS;20148420;2010;Altered expression of miR-17-5p in CD4+ lymphocytes of relapsing-remitting multiple sclerosis patients
MIR193A;Homo sapiens;31563;microRNA 193a;"MIRN193; MIRN193A; mir-193a";protein coding;"Ensembl:ENSG00000207614 MIM:614733; miRBase:MI0000487; AllianceGenome:HGNC:31563";17q11.2;peripheral blood;N/A;RT-qPCR;MS;RRMS;N/A;8 MS cases and 10 controls;up-regulation;Disease risk;Moreover, we found distinct responses of deregulated miRNA to stimulation, i.e. miR-17-5p and miR-193a were strongly up-regulated, in contrast to the down-regulation of miR-497, miR-1 and miR-126;Our findings support the role of miRNA-dependent regulatory mechanisms in the immunopathogenesis of MS;20148420;2010;Altered expression of miR-17-5p in CD4+ lymphocytes of relapsing-remitting multiple sclerosis patients
MIR497;Homo sapiens;32088;microRNA 497;"MIRN497; mir-497; hsa-mir-497";protein coding;"Ensembl:ENSG00000284027 MIM:615672; miRBase:MI0003138; AllianceGenome:HGNC:32088";17p13.1;peripheral blood;N/A;RT-qPCR;MS;RRMS;N/A;8 MS cases and 10 controls;down-regulation;Disease risk;Moreover, we found distinct responses of deregulated miRNA to stimulation, i.e. miR-17-5p and miR-193a were strongly up-regulated, in contrast to the down-regulation of miR-497, miR-1 and miR-126;Our findings support the role of miRNA-dependent regulatory mechanisms in the immunopathogenesis of MS;20148420;2010;Altered expression of miR-17-5p in CD4+ lymphocytes of relapsing-remitting multiple sclerosis patients
MIR1-1;Homo sapiens;31499;microRNA 1-1;"MIRN1-1; mir-1-1; miRNA1-1; hsa-mir-1-1";protein coding;"Ensembl:ENSG00000199017 MIM:609326; miRBase:MI0000651; AllianceGenome:HGNC:31499";20q13.33;peripheral blood;N/A;RT-qPCR;MS;RRMS;N/A;8 MS cases and 10 controls;down-regulation;Disease risk;Moreover, we found distinct responses of deregulated miRNA to stimulation, i.e. miR-17-5p and miR-193a were strongly up-regulated, in contrast to the down-regulation of miR-497, miR-1 and miR-126;Our findings support the role of miRNA-dependent regulatory mechanisms in the immunopathogenesis of MS;20148420;2010;Altered expression of miR-17-5p in CD4+ lymphocytes of relapsing-remitting multiple sclerosis patients
MIR126;Homo sapiens;31508;microRNA 126;"MIRN126; mir-126; miRNA126";protein coding;"Ensembl:ENSG00000199161 MIM:611767; miRBase:MI0000471; AllianceGenome:HGNC:31508";9q34.3;peripheral blood;N/A;RT-qPCR;MS;RRMS;N/A;8 MS cases and 10 controls;down-regulation;Disease risk;Moreover, we found distinct responses of deregulated miRNA to stimulation, i.e. miR-17-5p and miR-193a were strongly up-regulated, in contrast to the down-regulation of miR-497, miR-1 and miR-126;Our findings support the role of miRNA-dependent regulatory mechanisms in the immunopathogenesis of MS;20148420;2010;Altered expression of miR-17-5p in CD4+ lymphocytes of relapsing-remitting multiple sclerosis patients
VEGFA;Homo sapiens;12680;vascular endothelial growth factor A;"VPF; VEGF; MVCD1";protein coding;"Ensembl:ENSG00000112715 MIM:192240; AllianceGenome:HGNC:12680";6p21.1;peripheral blood;N/A;TaqMan、RT-qPCR;MS;RRMS;N/A;50 MS cases and 50 controls;up-regulation;Disease risk;A significant upregulation of VEGFA expression was observed among MS patients compared with controls;vascular endothelial growth factor A (VEGF) and its receptors are considered to be important components of MS progression;31925615;2020;Upregulation of VEGF-A and correlation between VEGF-A and FLT-1 expressions in Iranian multiple sclerosis patients
FLT1;Homo sapiens;3763;fms related receptor tyrosine kinase 1;"FLT; FLT-1; VEGFR1; VEGFR-1";protein coding;"Ensembl:ENSG00000102755 MIM:165070; AllianceGenome:HGNC:3763";13q12.3;peripheral blood;N/A;TaqMan、RT-qPCR;MS;RRMS;N/A;50 MS cases and 50 controls;N/A;Disease risk;However, the difference in FLT1 gene expression between study groups was insignificant;VEGFA and fms-related tyrosine kinase 1 (FLT1) play important roles in various aspects of MS;31925615;2020;Upregulation of VEGF-A and correlation between VEGF-A and FLT-1 expressions in Iranian multiple sclerosis patients
CD86;Homo sapiens;1705;CD86 molecule;"B70; B7-2; B7.2; LAB72; CD28LG2";protein coding;"Ensembl:ENSG00000114013 MIM:601020; AllianceGenome:HGNC:1705";3q13.33;peripheral blood;N/A;RT-qPCR;MS;RRMS;N/A;healthy donors (n = 15), untreated (n = 13), and laquinimod-treated patients with MS (n = 14);up-regulation;Disease risk;Laquinimod did not alter the frequency or viability of circulating monocytes, but led to an upregulation of CD86 expression;laquinimod-associated inhibition of the NF-κB pathway;33203651;2020;Laquinimod dampens IL-1β signaling and Th17-polarizing capacity of monocytes in patients with MS
IL1B;Homo sapiens;5992;interleukin 1 beta;"IL-1; IL1F2; IL1beta; IL1-BETA";protein coding;"Ensembl:ENSG00000125538 MIM:147720; AllianceGenome:HGNC:5992";2q14.1;peripheral blood;N/A;RT-qPCR;MS;RRMS;N/A;healthy donors (n = 15), untreated (n = 13), and laquinimod-treated patients with MS (n = 14);down-regulation;Disease risk;LPS-stimulated monocytes of laquinimod-treated patients with MS secreted less IL-1β following a downregulation of IL-1β gene expression;laquinimod-associated inhibition of the NF-κB pathway;33203651;2020;Laquinimod dampens IL-1β signaling and Th17-polarizing capacity of monocytes in patients with MS
TNF;Homo sapiens;11892;tumor necrosis factor;"DIF; TNFA; TNFSF2; TNLG1F; TNF-alpha";protein coding;"Ensembl:ENSG00000232810 MIM:191160; AllianceGenome:HGNC:11892";6p21.33;peripheral blood;N/A;RT-qPCR;MS;RRMS;N/A;healthy donors (n = 15), untreated (n = 13), and laquinimod-treated patients with MS (n = 14);down-regulation;Disease risk;The secretion of TNF-α, IL-6, IL-10, and MIP-1β was reduced in LPS-stimulated monocytes of laquinimod-treated patients with MS compared with HDs, but not in comparison to untreated patients with MS;laquinimod-associated inhibition of the NF-κB pathway;33203651;2020;Laquinimod dampens IL-1β signaling and Th17-polarizing capacity of monocytes in patients with MS
IL6;Homo sapiens;6018;interleukin 6;"CDF; HGF; HSF; BSF2; IL-6; BSF-2; IFNB2; IFN-beta-2";protein coding;"Ensembl:ENSG00000136244 MIM:147620; AllianceGenome:HGNC:6018";7p15.3;peripheral blood;N/A;RT-qPCR;MS;RRMS;N/A;healthy donors (n = 15), untreated (n = 13), and laquinimod-treated patients with MS (n = 14);down-regulation;Disease risk;The secretion of TNF-α, IL-6, IL-10, and MIP-1β was reduced in LPS-stimulated monocytes of laquinimod-treated patients with MS compared with HDs, but not in comparison to untreated patients with MS;laquinimod-associated inhibition of the NF-κB pathway;33203651;2020;Laquinimod dampens IL-1β signaling and Th17-polarizing capacity of monocytes in patients with MS
IL10;Homo sapiens;5962;interleukin 10;"CSIF; TGIF; GVHDS; IL-10; IL10A";protein coding;"Ensembl:ENSG00000136634 MIM:124092; AllianceGenome:HGNC:5962";1q32.1;peripheral blood;N/A;RT-qPCR;MS;RRMS;N/A;healthy donors (n = 15), untreated (n = 13), and laquinimod-treated patients with MS (n = 14);down-regulation;Disease risk;The secretion of TNF-α, IL-6, IL-10, and MIP-1β was reduced in LPS-stimulated monocytes of laquinimod-treated patients with MS compared with HDs, but not in comparison to untreated patients with MS;laquinimod-associated inhibition of the NF-κB pathway;33203651;2020;Laquinimod dampens IL-1β signaling and Th17-polarizing capacity of monocytes in patients with MS
CCL4;Homo sapiens;10630;C-C motif chemokine ligand 4;"ACT2; G-26; HC21; LAG1; LAG-1; MIP1B; SCYA2; SCYA4; MIP1B1; AT744.1; MIP-1-beta";protein coding;"Ensembl:ENSG00000275302 MIM:182284; AllianceGenome:HGNC:10630";17q12;peripheral blood;N/A;RT-qPCR;MS;RRMS;N/A;healthy donors (n = 15), untreated (n = 13), and laquinimod-treated patients with MS (n = 14);down-regulation;Disease risk;The secretion of TNF-α, IL-6, IL-10, and MIP-1β was reduced in LPS-stimulated monocytes of laquinimod-treated patients with MS compared with HDs, but not in comparison to untreated patients with MS;laquinimod-associated inhibition of the NF-κB pathway;33203651;2020;Laquinimod dampens IL-1β signaling and Th17-polarizing capacity of monocytes in patients with MS
TRADD;Homo sapiens;12030;TNFRSF1A associated via death domain;Hs.89862;protein coding;"Ensembl:ENSG00000102871 MIM:603500; AllianceGenome:HGNC:12030";16q22.1;peripheral blood;N/A;RT-PCR;MS;RRMS、SPMS、PPMS;N/A;23 relapsing remitting (RR), 19 secondary progressive (SP) and 12 primary progressive (PP) MS patients, as well as of 29 healthy controls;up-regulation;Disease risk;The median of TRADD expression was elevated in the patient groups compared to the healthy group, but this was not significant;an elevated general inflammatory activity;24603611;2014;FADD is upregulated in relapsing remitting multiple sclerosis
FADD;Homo sapiens;3573;Fas associated via death domain;"GIG3; IMD90; MORT1";protein coding;"Ensembl:ENSG00000168040 MIM:602457; AllianceGenome:HGNC:3573";11q13.3;peripheral blood;N/A;RT-PCR;MS;RRMS、SPMS、PPMS;N/A;23 relapsing remitting (RR), 19 secondary progressive (SP) and 12 primary progressive (PP) MS patients, as well as of 29 healthy controls;up-regulation;Disease risk;FADD expression was significantly elevated in RR MS patients compared to the other disease courses;an elevated general inflammatory activity;24603611;2014;FADD is upregulated in relapsing remitting multiple sclerosis
JUN;Homo sapiens;6204;Jun proto-oncogene, AP-1 transcription factor subunit;"AP1; p39; AP-1; cJUN; c-Jun";protein coding;"Ensembl:ENSG00000177606 MIM:165160; AllianceGenome:HGNC:6204";1p32.1;peripheral blood;N/A;RT-qPCR;MS;RRMS;N/A;16 MS cases and 28 controls;down-regulation;Disease risk;We observed lower relative expression levels of JUN (P = 0.015) and IRF1 (P = 0.006) in circulating cDC from patients with RRMS compared with cDC from healthy controls;The observed alterations in the gene expression of molecules involved in the TLR4 and TLR7 signaling pathways in circulating DC subsets may underlie the impaired IL-12p70 and IFN-α secretion in patients with RRMS, thereby potentially contributing to the disease pathogenesis of MS;27036414;2016;Altered molecular expression of TLR-signaling pathways affects the steady-state release of IL-12p70 and IFN-α in patients with relapsing-remitting multiple sclerosis
IRF1;Homo sapiens;6116;interferon regulatory factor 1;"MAR; IRF-1";protein coding;"Ensembl:ENSG00000125347 MIM:147575; AllianceGenome:HGNC:6116";5q31.1;peripheral blood;N/A;RT-qPCR;MS;RRMS;N/A;16 MS cases and 28 controls;down-regulation;Disease risk;We observed lower relative expression levels of JUN (P = 0.015) and IRF1 (P = 0.006) in circulating cDC from patients with RRMS compared with cDC from healthy controls;The observed alterations in the gene expression of molecules involved in the TLR4 and TLR7 signaling pathways in circulating DC subsets may underlie the impaired IL-12p70 and IFN-α secretion in patients with RRMS, thereby potentially contributing to the disease pathogenesis of MS;27036414;2016;Altered molecular expression of TLR-signaling pathways affects the steady-state release of IL-12p70 and IFN-α in patients with relapsing-remitting multiple sclerosis
IRF7;Homo sapiens;6122;interferon regulatory factor 7;"IMD39; IRF-7; IRF7A; IRF7B; IRF7C; IRF7H; IRF-7H";protein coding;"Ensembl:ENSG00000185507 MIM:605047; AllianceGenome:HGNC:6122";11p15.5;peripheral blood;N/A;RT-qPCR;MS;RRMS;N/A;16 MS cases and 28 controls;down-regulation;Disease risk;Our observations demonstrate that the relative expression levels of IRF7 (P = 0.016) and IFNGR1 (P = 0.032) in pDC from patients with RRMS was lower compared with the gene expression level in pDC from healthy controls;The observed alterations in the gene expression of molecules involved in the TLR4 and TLR7 signaling pathways in circulating DC subsets may underlie the impaired IL-12p70 and IFN-α secretion in patients with RRMS, thereby potentially contributing to the disease pathogenesis of MS;27036414;2016;Altered molecular expression of TLR-signaling pathways affects the steady-state release of IL-12p70 and IFN-α in patients with relapsing-remitting multiple sclerosis
IFNGR1;Homo sapiens;5439;interferon gamma receptor 1;"CD119; IFNGR; IMD27A; IMD27B";protein coding;"Ensembl:ENSG00000027697 MIM:107470; AllianceGenome:HGNC:5439";6q23.3;peripheral blood;N/A;RT-qPCR;MS;RRMS;N/A;16 MS cases and 28 controls;down-regulation;Disease risk;Our observations demonstrate that the relative expression levels of IRF7 (P = 0.016) and IFNGR1 (P = 0.032) in pDC from patients with RRMS was lower compared with the gene expression level in pDC from healthy controls;The observed alterations in the gene expression of molecules involved in the TLR4 and TLR7 signaling pathways in circulating DC subsets may underlie the impaired IL-12p70 and IFN-α secretion in patients with RRMS, thereby potentially contributing to the disease pathogenesis of MS;27036414;2016;Altered molecular expression of TLR-signaling pathways affects the steady-state release of IL-12p70 and IFN-α in patients with relapsing-remitting multiple sclerosis
TLR4;Homo sapiens;11850;toll like receptor 4;"TOLL; CD284; TLR-4; ARMD10";protein coding;"Ensembl:ENSG00000136869 MIM:603030; AllianceGenome:HGNC:11850";9q33.1;peripheral blood;N/A;RT-qPCR;MS;RRMS;N/A;16 MS cases and 28 controls;up-regulation;Disease risk;pDC from patients with RRMS showed an increased relative expression level of TLR4 (P = 0.017) and LY86 (P = 0.020) in comparison with healthy controls;The observed alterations in the gene expression of molecules involved in the TLR4 and TLR7 signaling pathways in circulating DC subsets may underlie the impaired IL-12p70 and IFN-α secretion in patients with RRMS, thereby potentially contributing to the disease pathogenesis of MS;27036414;2016;Altered molecular expression of TLR-signaling pathways affects the steady-state release of IL-12p70 and IFN-α in patients with relapsing-remitting multiple sclerosis
LY86;Homo sapiens;16837;lymphocyte antigen 86;"MD1; MD-1; MMD-1; dJ80N2.1";protein coding;"Ensembl:ENSG00000112799 MIM:605241; AllianceGenome:HGNC:16837";6p25.1;peripheral blood;N/A;RT-qPCR;MS;RRMS;N/A;16 MS cases and 28 controls;up-regulation;Disease risk;pDC from patients with RRMS showed an increased relative expression level of TLR4 (P = 0.017) and LY86 (P = 0.020) in comparison with healthy controls;The observed alterations in the gene expression of molecules involved in the TLR4 and TLR7 signaling pathways in circulating DC subsets may underlie the impaired IL-12p70 and IFN-α secretion in patients with RRMS, thereby potentially contributing to the disease pathogenesis of MS;27036414;2016;Altered molecular expression of TLR-signaling pathways affects the steady-state release of IL-12p70 and IFN-α in patients with relapsing-remitting multiple sclerosis
LAG3;Homo sapiens;6476;lymphocyte activating 3;CD223;protein coding;"Ensembl:ENSG00000089692 MIM:153337; AllianceGenome:HGNC:6476";12p13.31;peripheral blood;N/A;RT-qPCR;MS;RRMS;N/A;121 MS cases and 69 controls;down-regulation;Disease risk;In T cells from subjects with RRMS, LAG3 mRNA expression was less than in resting CD4 (median 2.58-fold) and CD8 T cells (2.16-fold) from HC;The co-inhibitory receptor lymphocyte activation gene 3 (LAG-3) is an immune checkpoint;35022272;2022;Fewer LAG-3+ T Cells in Relapsing-Remitting Multiple Sclerosis and Type 1 Diabetes
IL23A;Homo sapiens;15488;interleukin 23 subunit alpha;"P19; SGRF; IL-23; IL-23A; IL23P19";protein coding;"Ensembl:ENSG00000110944 MIM:605580; AllianceGenome:HGNC:15488";12q13.3;peripheral blood;N/A;Taqman、RT-qPCR;MS;RRMS;N/A;30 MS cases and 30controls;up-regulation;Disease risk;We quantified the expression of IL-23 in monocyte-derived DCs in MS patients and healthy donors and found that DCs from MS patients secrete elevated amounts of IL-23 and express increased levels of IL-23p19 mRNA;Our results demonstrate that an abnormal Th1 bias in DCs from MS patients related to IL-23 exists, and that antisense oligonucleotides specific to IL-23 can be used for immune modulation by targeting DC gene expression;16751425;2006;IL-23 is increased in dendritic cells in multiple sclerosis and down-regulation of IL-23 by antisense oligos increases dendritic cell IL-10 production
Csf1;Rattus norvegicus;621063;colony stimulating factor 1;N/A;protein coding;Ensembl:ENSRNOG00000018659 AllianceGenome:RGD:621063;2q34;spinal cord;N/A;Northern blot;EAE;N/A;Male Lewis rats;n = 3 mice group;up-regulation;Disease risk;CSF-1 mRNA increased significantly over that found in control animals;within the CNS, the production of factors that recruit macrophages from the periphery into the spinal cord and lead to the expansion and activation of these cells are an important component of the encephalitogenic process.;8450228;1993;Expression of CSF-1, c-fms, and MCP-1 in the central nervous system of rats with experimental allergic encephalomyelitis
Csf1r;Rattus norvegicus;2425;colony stimulating factor 1 receptor;"c-fms; mrfms; CSF-1R; CSF-1-R; M-CSF-R";protein coding;Ensembl:ENSRNOG00000018414 AllianceGenome:RGD:2425;18q12.1;spinal cord;N/A;Northern blot;EAE;N/A;Male Lewis rats;n = 3 mice group;up-regulation;Disease risk;Expression of the receptor for CSF-1, the proto-oncogene c-fms, also paralleled the early disease process. Elevated levels of c-fms mRNA were detected immediately before the onset and peaked at the height of clinical signs of disease;within the CNS, the production of factors that recruit macrophages from the periphery into the spinal cord and lead to the expansion and activation of these cells are an important component of the encephalitogenic process.;8450228;1993;Expression of CSF-1, c-fms, and MCP-1 in the central nervous system of rats with experimental allergic encephalomyelitis
Ccl2;Rattus norvegicus;3645;C-C motif chemokine ligand 2;"MCP-1; Scya2; Sigje";protein coding;Ensembl:ENSRNOG00000007159 AllianceGenome:RGD:3645;10q26;spinal cord;N/A;Northern blot;EAE;N/A;Male Lewis rats;n = 3 mice group;up-regulation;Disease risk;Levels of macrophage chemotactic factor-1 message were also elevated immediately before the onset of clinical signs, peaked with the height of clinical disease, and declined with resolution of the disease;within the CNS, the production of factors that recruit macrophages from the periphery into the spinal cord and lead to the expansion and activation of these cells are an important component of the encephalitogenic process.;8450228;1993;Expression of CSF-1, c-fms, and MCP-1 in the central nervous system of rats with experimental allergic encephalomyelitis
GAS5;Homo sapiens;16355;growth arrest specific 5;"SNHG2; NCRNA00030";ncRNA;"Ensembl:ENSG00000234741 MIM:608280; AllianceGenome:HGNC:16355";1q25.1;peripheral blood;N/A;RT-qPCR;MS;N/A;N/A;n = 108 (case group)/n = 104 (control group);up-regulation;Disease risk;Serum GAS5 was upregulated, while serum miR-137 was downregulated in MS compared with the controls.;The long noncoding RNA GAS5 acts as a competing endogenous RNA for microRNA-137 and is involved in demyelination;32348112;2020;LncRNA GAS5 and miR-137 Polymorphisms and Expression are Associated with Multiple Sclerosis Risk: Mechanistic Insights and Potential Clinical Impact
MIR137;Homo sapiens;31523;microRNA 137;"MIRN137; miR-137";ncRNA;"Ensembl:ENSG00000284202 MIM:614304; miRBase:MI0000454; AllianceGenome:HGNC:31523";1p21.3;peripheral blood;N/A;RT-qPCR;MS;N/A;N/A;n = 108 (case group)/n = 104 (control group);down-regulation;Disease risk;Serum GAS5 was upregulated, while serum miR-137 was downregulated in MS compared with the controls.;The long noncoding RNA GAS5 acts as a competing endogenous RNA for microRNA-137 and is involved in demyelination;32348112;2020;LncRNA GAS5 and miR-137 Polymorphisms and Expression are Associated with Multiple Sclerosis Risk: Mechanistic Insights and Potential Clinical Impact
Nos2;Mus musculus;97361;nitric oxide synthase 2, inducible;"iNOS; Nos-2; Nos2a; i-NOS; NOS-II; MAC-NOS";protein coding;Ensembl:ENSMUSG00000020826 AllianceGenome:MGI:97361;"11 B5; 11 46.74 cM";spinal cord;N/A;cRT-PCR;EAE;N/A;SJL/J mice;n = 3-19 mice group;up-regulation;Disease risk;cRT-PCR assays revealed a 10-20-fold increase in iNOS mRNA in spinal cords during acute EAE compared with the level observed in normal mouse spinal cords;These findings support a role for excess NO generated by iNOS in the pathogenesis of this model of cell-mediated CNS autoimmunity;8982114;1996;Inducible nitric oxide synthase gene expression and enzyme activity correlate with disease activity in murine experimental autoimmune encephalomyelitis
Irf7;Mus musculus;1859212;interferon regulatory factor 7;N/A;protein coding;Ensembl:ENSMUSG00000025498 AllianceGenome:MGI:1859212;"7; 7 F5";spinal cord;N/A;RT-qPCR;EAE;N/A;C57BL/6;n = 3 mice group;up-regulation;Disease risk;IRF7 gene expression increased in the CNS as disease progressed;Interferon regulatory factor 7 (IRF7) is critical for the induction and positive feedback regulation of type I IFN.;22196084;2011;Interferon regulatory factor-7 modulates experimental autoimmune encephalomyelitis in mice
CYP27B1;Homo sapiens;2606;cytochrome P450 family 27 subfamily B member 1;"VDR; CP2B; CYP1; PDDR; VDD1; VDDR; VDDRI; CYP27B; P450c1; CYP1alpha";protein coding;"Ensembl:ENSG00000111012 MIM:609506; AllianceGenome:HGNC:2606";12q14.1;peripheral blood;N/A;RT-qPCR;MS;RRMS;N/A;n = 23 (case group )/n = 12 (control group);up-regulation;Disease risk;VDR mRNA levels are upregulated in RRMS patients compared to healthy controls;On the whole, these results suggest that epigenetic mechanisms may underlie the role that vitamin D plays in MS;28355272;2017;Vitamin D receptor gene is epigenetically altered and transcriptionally up-regulated in multiple sclerosis
Hmox1;Rattus norvegicus;2806;heme oxygenase 1;"Ho1; Heox; Hmox; Ho-1; HEOXG; hsp32";protein coding;Ensembl:ENSRNOG00000014117 AllianceGenome:RGD:2806;19p11;brain;N/A;RT-PCR;EAE;N/A;Wistar rats;n = 3 mice group;up-regulation;Disease risk;The results showed that the levels of HO-1 mRNA and its protein expression were very low in the brains of the control group, whereas they were enhanced gradually with pathological course in the brain and onsets of symptoms, signs of EAE.The levels of HO-1 mRNA and its protein expression were lowered gradually on day 21, which were in parallel with the severities of symptoms and signs of EAE;Antioxidant effect;15497037;2004;[Dynamic changes of heme oxygenase-1 protein and mRNA in the brains of rats with experimental allergic encephalomyelitis]
HBD;Homo sapiens;4829;hemoglobin subunit delta;N/A;protein coding;"Ensembl:ENSG00000223609 MIM:142000; AllianceGenome:HGNC:4829";11p15.4;peripheral blood;N/A;RT-qPCR;MS;N/A;N/A;45 MS cases and 24 controls;up-regulation;Disease risk;HBD is one of the remarkably up-regulated genes in the PBMCS of MS patients. HBD is substantially up-regulated in treatment-na<U+00EF>ve MS patients;mitochondrial stress can be one of the culprits in MS development;34504491;2021;The Role of Hemoglobin Subunit Delta in the Immunopathy of Multiple Sclerosis: Mitochondria Matters
MIR146A;Homo sapiens;31533;microRNA 146a;"MIRN146; MIRN146A; miR-146a; miRNA146A";ncRNA;"Ensembl:ENSG00000283733 MIM:610566; miRBase:MI0000477; AllianceGenome:HGNC:31533";5q33.3;peripheral blood;N/A;qPCR;MS;CIS、RRMS;N/A;15 CIS patients and 61 RRMS and 32 controls;up-regulation;Disease risk;However, significant dysregulations were identified in miRNA expression in the vitamin D level, EDSS values, and the number of attacks;It is possible that miR-146a may be associated with vitamin D deficiency and disease disability;34503396;2022;The expression and prognostic value of miR-146a and miR-155 in Turkish patients with multiple sclerosis
MIR155;Homo sapiens;31542;microRNA 155;"MIRN155; mir-155; miRNA155";ncRNA;"Ensembl:ENSG00000283904 MIM:609337; miRBase:MI0000681; AllianceGenome:HGNC:31542";21q21.3;peripheral blood;N/A;qPCR;MS;CIS、RRMS;N/A;15 CIS patients and 61 RRMS and 32 controls;up-regulation;Disease risk;However, significant dysregulations were identified in miRNA expression in the vitamin D level, EDSS values, and the number of attacks;while miR-155 may be associated with the number of attacks;34503396;2022;The expression and prognostic value of miR-146a and miR-155 in Turkish patients with multiple sclerosis
RUNX1;Homo sapiens;10471;RUNX family transcription factor 1;"AML1; CBFA2; EVI-1; AMLCR1; PEBP2aB; CBF2alpha; AML1-EVI-1; PEBP2alpha";protein coding;"Ensembl:ENSG00000159216 MIM:151385; AllianceGenome:HGNC:10471";21q22.12;peripheral blood;N/A;RT-qPCR;MS;CIS、RRMS、SPMS;N/A;30 CIS patients、30 RRMS patients in relapse、30 RRMS patients in remission、30 SPMS and 30 controls;down-regulation;Disease risk;All measured RNA expression levels were markedly downregulated;Altogether, this study suggests the implication of the RUNXOR–RUNX1 axis in MS development, progression, and increased MS-related disability;36754216;2023;Diagnostic and prognostic value of the RUNXOR/RUNX1 axis in multiple sclerosis
MAP2;Homo sapiens;6839;microtubule associated protein 2;"MAP-2; MAP2A; MAP2B; MAP2C";protein coding;"Ensembl:ENSG00000078018 MIM:157130; AllianceGenome:HGNC:6839";2q34;peripheral blood;N/A;RT-qPCR;MS;CIS、RRMS、SPMS;N/A;30 CIS patients、30 RRMS patients in relapse、30 RRMS patients in remission、30 SPMS and 30 controls;down-regulation;Disease risk;All measured RNA expression levels were markedly downregulated;Altogether, this study suggests the implication of the RUNXOR–RUNX1 axis in MS development, progression, and increased MS-related disability;36754216;2023;Diagnostic and prognostic value of the RUNXOR/RUNX1 axis in multiple sclerosis
NGF;Homo sapiens;7808;nerve growth factor;"NGFB; HSAN5; Beta-NGF";protein coding;"Ensembl:ENSG00000134259 MIM:162030; AllianceGenome:HGNC:7808";1p13.2;peripheral blood;N/A;RT-qPCR;MS;CIS、RRMS、SPMS;N/A;30 CIS patients、30 RRMS patients in relapse、30 RRMS patients in remission、30 SPMS and 30 controls;down-regulation;Disease risk;All measured RNA expression levels were markedly downregulated;Altogether, this study suggests the implication of the RUNXOR–RUNX1 axis in MS development, progression, and increased MS-related disability;36754216;2023;Diagnostic and prognostic value of the RUNXOR/RUNX1 axis in multiple sclerosis
BDNF;Homo sapiens;1033;brain derived neurotrophic factor;"ANON2; BULN2";protein coding;"Ensembl:ENSG00000176697 MIM:113505; AllianceGenome:HGNC:1033";11p14.1;peripheral blood;N/A;RT-qPCR;MS;CIS、RRMS、SPMS;N/A;30 CIS patients、30 RRMS patients in relapse、30 RRMS patients in remission、30 SPMS and 30 controls;down-regulation;Disease risk;All measured RNA expression levels were markedly downregulated;Altogether, this study suggests the implication of the RUNXOR–RUNX1 axis in MS development, progression, and increased MS-related disability;36754216;2023;Diagnostic and prognostic value of the RUNXOR/RUNX1 axis in multiple sclerosis
IL10;Homo sapiens;5962;interleukin 10;"CSIF; TGIF; GVHDS; IL-10; IL10A";protein coding;"Ensembl:ENSG00000136634 MIM:124092; AllianceGenome:HGNC:5962";1q32.1;peripheral blood;N/A;RT-qPCR;MS;CIS、RRMS、SPMS;N/A;30 CIS patients、30 RRMS patients in relapse、30 RRMS patients in remission、30 SPMS and 30 controls;down-regulation;Disease risk;All measured RNA expression levels were markedly downregulated;Altogether, this study suggests the implication of the RUNXOR–RUNX1 axis in MS development, progression, and increased MS-related disability;36754216;2023;Diagnostic and prognostic value of the RUNXOR/RUNX1 axis in multiple sclerosis
Pde4b;Rattus norvegicus;3280;phosphodiesterase 4B;"Pde4B1; Pde4B2; Pde4B3; Pde4B4; Pde4b5; PDE4/IVb; Pde4b_v1; Pde4b_v2; Pde4b_v3; Pde4b_v4";protein coding;Ensembl:ENSRNOG00000005905 AllianceGenome:RGD:3280;5q33;brain;N/A;PCR;EAE;N/A;Lewis rats;n = 3 mice group;up-regulation;Disease risk;We found in the brain of EAE animals that there was a dramatic increase in the mRNA expression levels of the PDE4B isozyme detected around blood vessels from the spinal cord to the upper midbrain;This overexpression is localized around the blood vessels and parenchyma in infiltrating T cells and macrophages/microglia;17917586;2007;Selective induction of cAMP phosphodiesterase PDE4B2 expression in experimental autoimmune encephalomyelitis
MIR922;Homo sapiens;33672;microRNA 922;"MIRN922; hsa-mir-922";ncRNA;"Ensembl:ENSG00000284146 miRBase:MI0005714; AllianceGenome:HGNC:33672";3q29;CSF;N/A;RT-PCR;MS;RRMS、SPMS;N/A;53 MS cases and 39 OND;up-regulation;Disease risk;we quantitatively confirmed miR-922 (p = 0.0001), miR-181c (p = 0.0007), and miR-633 (p = 0.0014) to be differentially regulated in patients with MS as compared with OND;MiRNAs are also present in biological fluids and may be of use as disease biomarkers;23077021;2012;Regulated microRNAs in the CSF of patients with multiple sclerosis: a case-control study
MIR181C;Homo sapiens;31552;microRNA 181c;"MIRN181C; mir-181c";ncRNA;"Ensembl:ENSG00000207613 MIM:612746; miRBase:MI0000271; AllianceGenome:HGNC:31552";19p13.12;CSF;N/A;RT-PCR;MS;RRMS、SPMS;N/A;53 MS cases and 39 OND;up-regulation;Phenotypic risk;miR-181c and miR-633 differentiated relapsing-remitting from secondary progressive MS courses with specificity up to of 82% and a sensitivity of 69%;MiRNAs are also present in biological fluids and may be of use as disease biomarkers;23077021;2012;Regulated microRNAs in the CSF of patients with multiple sclerosis: a case-control study
MIR633;Homo sapiens;32889;microRNA 633;"MIRN633; hsa-mir-633";ncRNA;"Ensembl:ENSG00000207552 miRBase:MI0003648; AllianceGenome:HGNC:32889";17q23.2;CSF;N/A;RT-PCR;MS;RRMS、SPMS;N/A;53 MS cases and 39 OND;up-regulation;Phenotypic risk;miR-181c and miR-633 differentiated relapsing-remitting from secondary progressive MS courses with specificity up to of 82% and a sensitivity of 69%;MiRNAs are also present in biological fluids and may be of use as disease biomarkers;23077021;2012;Regulated microRNAs in the CSF of patients with multiple sclerosis: a case-control study
MIR92A1;Homo sapiens;31643;microRNA 92a-1;"MIRH1; MIRHG1; MIR17HG; MIR92-1; C13orf25; MIRN92-1; MIRN92A1; MIRN92A-1; miRNA92-1; mir-92a-1";ncRNA;"Ensembl:ENSG00000283705 MIM:609422; miRBase:MI0000093; AllianceGenome:HGNC:31643";13q31.3;peripheral blood;N/A;RT-qPCR;MS;RRMS、SPMS;N/A;50 RRMS patients, 51 SPMS patients, and 32 HCs;up-regulation;Phenotypic risk;also found miRNAs to be linked to Expanded Disability Status Scale (EDSS). hsa-miR-92a-1* was identified in the largest number of comparisons.;miR-92 has target genes involved in cell cycle regulation and cell signaling;23494648;2013;Circulating microRNAs as biomarkers for disease staging in multiple sclerosis
MIR454;Homo sapiens;33137;microRNA 454;"MIRN454; mir-454; hsa-mir-454";ncRNA;"Ensembl:ENSG00000211514 miRBase:MI0003820; AllianceGenome:HGNC:33137";17q22;peripheral blood;N/A;RT-qPCR;MS;RRMS、SPMS;N/A;50 RRMS patients, 51 SPMS patients, and 32 HCs;up-regulation;Phenotypic risk;hsa-miR-454 differen;miR-92 has target genes involved in cell cycle regulation and cell signaling;23494648;2013;Circulating microRNAs as biomarkers for disease staging in multiple sclerosis
NDFIP1;Homo sapiens;17592;Nedd4 family interacting protein 1;N4WBP5;protein coding;"Ensembl:ENSG00000131507 MIM:612050; AllianceGenome:HGNC:17592";5q31.3;peripheral blood;N/A;RT-qPCR;MS;N/A;N/A;87 MS cases and 84 controls;up-regulation;Disease risk;significantly higher levels of NDFIP1 mRNA were found in MS patients compared to healthy controls;NDFIP1 shows interesting immune functions and is involved in the development of the central nervous system;34725369;2021;Genetic variation in NDFIP1 modifies the metabolic patterns in immune cells of multiple sclerosis patients
FOXP3;Homo sapiens;6106;forkhead box P3;"JM2; AIID; IPEX; PIDX; XPID; DIETER";protein coding;"Ensembl:ENSG00000049768 MIM:300292; AllianceGenome:HGNC:6106";Xp11.23;peripheral blood;N/A;RT-qPCR;MS;N/A;N/A;50 MS cases and 50 controls;N/A;Disease risk;The expression level of FOXP3 gene was not significantly different between MS patients and controls;according to no significant results of this study it may concluded that the expression of the gene is not different between MS patients and healthy controls at least at mRNA level;29526847;2017;FOXP3 gene expression in the blood of Iranian multiple sclerosis patients
Il3;Mus musculus;96552;interleukin 3;"BPA; PSF; HCGF; Il-3; MCGF; Csfmu";protein coding;Ensembl:ENSMUSG00000018914 AllianceGenome:MGI:96552;"11 B1.3; 11 32.13 cM";spleen;Splenocytes;N/A;EAE;N/A;TCR transgenic mice;n = 3(IL-3+/+)n = 9(IL-3+/<U+2212>)n = 11(IL-3<U+2212>/<U+2212>);up-regulation;Disease risk;IL-3 is highly expressed in myelin-specific T cells capable of inducing EAE;Given that Il3 and Csf2 are in the same gene cluster, it is unclear whether increased IL-3 is due to a specific upregulation of the Il3 gene or an indirect effect due to upregulation of the Il3/Csf2 gene cluster.;29915594;2018;IL-3 Is a Marker of Encephalitogenic T Cells, but Not Essential for CNS Autoimmunity
Cxcl13;Mus musculus;1888499;chemokine (C-X-C motif) ligand 13;"BLC; Angie; BCA-1; BLR1L; ANGIE2; Scyb13; 4631412M08Rik";protein coding;Ensembl:ENSMUSG00000023078 AllianceGenome:MGI:1888499;"5; 5 E3";spinal cord;Spinal cord tissues;RT-qPCR;EAE、TMEV-IDD;R-EAE、TMEV-IDD;SJL/J mice;n = 84(R-EAE mice group)n = 128(TMEV-IDD mice group);up-regulation;Phenotypic risk;CXCL13 mRNA levels were significantly higher in TMEV-IDD mice compared to R-EAE and sham mice;Active cycling between demyelination/remyelination and axonal regeneration in the spinal cord of R-EAE mice but not in the spinal cord of mice in the later stage of TMEV-IDD.;31118079;2019;Differential neuro-immune patterns in two clinically relevant murine models of multiple sclerosis
Chil4;Mus musculus;1341098;chitinase-like 4;"Ym2; Chi3l4";protein coding;Ensembl:ENSMUSG00000063779 AllianceGenome:MGI:1341098;"3; 3 F2.2";spinal cord;Spinal cord tissues;RT-qPCR;EAE、TMEV-IDD;R-EAE、TMEV-IDD;SJL/J mice;n = 84(R-EAE mice group)n = 128(TMEV-IDD mice group);up-regulation;Phenotypic risk;Chi3l4 gene expression was higher in R-EAE mice compared to both TMEV-IDD and sham mice;A gene set enriched in processes related to adaptive immune responses, particularly T cell recruitment, activation, and differentiation.;31118079;2019;Differential neuro-immune patterns in two clinically relevant murine models of multiple sclerosis
Ighg1;Mus musculus;96446;immunoglobulin heavy constant gamma 1 (G1m marker);"IgG1; Igh-4; VH7183";other;"IMGT/GENE-DB:IGHG1; AllianceGenome:MGI:96446";"12 F1; 12 62.1 cM";spinal cord;Spinal cord tissues;RT-qPCR;EAE、TMEV-IDD;R-EAE、TMEV-IDD;SJL/J mice;n = 84(R-EAE mice group)n = 128(TMEV-IDD mice group);up-regulation;Phenotypic risk;Levels of IgG1 mRNA in the spinal cord were significantly higher in TMEV-IDD mice compared with R-EAE mice;Ig production capacities can be associated with the stage of the disease;31118079;2019;Differential neuro-immune patterns in two clinically relevant murine models of multiple sclerosis
Tob1;Mus musculus;1349721;transducer of ErbB-2.1;"Tob; Trob";protein coding;Ensembl:ENSMUSG00000037573 AllianceGenome:MGI:1349721;"11; 11 D";spleen;Splenocytes;RT-PCR;EAE;N/A;C57BL/6;n = 3-5 mice per genotype per condition;down-regulation;Disease risk;Tob1 is a negative regulator of the immune response with implications in health and disease.;Tob1 drives distinct genetic programs in different immune cell populations, although its effects on cell proliferation are phenotypically similar.;27546286;2016;Immune cell-specific transcriptional profiling highlights distinct molecular pathways controlled by Tob1 upon experimental autoimmune encephalomyelitis
Bdnf;Mus musculus;88145;brain derived neurotrophic factor;N/A;protein coding;Ensembl:ENSMUSG00000048482 AllianceGenome:MGI:88145;"2 E3; 2 56.63 cM";Dorsal root ganglia (DRG);N/A;RT-qPCR;EAE;N/A;adolescent female Lewis rats;N/A;up-regulation;Disease risk;The mRNA expression for BDNF within the DRG obtained from the three experimental groups revealed peak expression in the EAE group at 12 dpi compared to all other experimental groups . Specifically, mRNA in EAE 12 dpi is significantly higher than other groups (NC and AC) .;BDNF may play a significant role in the induction and progression of neuronal and oligodendrocyte damage.;22050733;2012;The role of dorsal root ganglia activation and brain-derived neurotrophic factor in multiple sclerosis
Bdnf;Mus musculus;88145;brain derived neurotrophic factor;N/A;protein coding;Ensembl:ENSMUSG00000048482 AllianceGenome:MGI:88145;"2 E3; 2 56.63 cM";spinal cord;N/A;RT-qPCR;EAE;N/A;adolescent female Lewis rats;N/A;up-regulation;Disease risk;The qRT-PCR analysis of gene expression changes revealed no significant differences in BDNF mRNA in the spinal cord of any of the groups across all time points studied;This corroborates previous studies showing anterograde transport of BDNF along microtubules via transport vesicles;22050733;2012;The role of dorsal root ganglia activation and brain-derived neurotrophic factor in multiple sclerosis
Dlk1;Rattus norvegicus;619931;delta like non-canonical Notch ligand 1;"Zog; DLK-1; Pref-1";protein coding;Ensembl:ENSRNOG00000019584 AllianceGenome:RGD:619931;6q32;spleen;N/A;PCR;EAE;N/A;same DA and PVG.AV1 parental strains;n = 8–9 rats per group;up-regulation;Disease risk;These findings suggest that Dlk1 may at least in part, be responsible for the effect of the parent-of-origin dependent QTL on chromosome 6.;That PVG alleles can promote EAE by means of lower Dlk1 expression when paternally inherited;24676147;2014;Parent-of-Origin Effects Implicate Epigenetic Regulation of Experimental Autoimmune Encephalomyelitis and Identify Imprinted Dlk1 as a Novel Risk Gene
Dlk1;Mus musculus;94900;delta like non-canonical Notch ligand 1;"FA1; ZOG; pG2; DlkI; Peg9; SCP1; DLK-1; Ly107; pref-1";protein coding;Ensembl:ENSMUSG00000040856 AllianceGenome:MGI:94900;"12 F1; 12 60.17 cM";spleen;N/A;TaqMan PCR;EAE;N/A;C57BL/6;n = 3-5 mice per group;up-regulation;Disease risk;We first confirmed that levels of Dlk1 were elevated in three different immune tissues of transgenic mice compared to wild type littermate controls;This observation may be attributed to a role of Dlk1 in blocking Notch signaling.;24676147;2014;Parent-of-Origin Effects Implicate Epigenetic Regulation of Experimental Autoimmune Encephalomyelitis and Identify Imprinted Dlk1 as a Novel Risk Gene
Nupr1;Mus musculus;1891834;nuclear protein transcription regulator 1;"p8; Com1; 2310032H04Rik";protein coding;Ensembl:ENSMUSG00000030717 AllianceGenome:MGI:1891834;"7; 7 F3";brain;N/A;RT-qPCR;EAE;N/A;C57BL/6;n = 3-5 mice per group at each stage;N/A;N/A;P8 mRNA levels in the brains of PLP139–151 immunized mice did not change over the clinical time course, nor were they different from p8 levels in the brains of OVA immunized mice.;We believe that the differences in p8 expression in brain and spinal cord are due to the fact that in EAE, pathology begins in the caudal spinal cord and gradually moves in the rostral direction with minimal pathology in the brain;16374777;2006;Upregulation of the Stress-Associated Gene p8 in Mouse Models of Demyelination and in Multiple Sclerosis Tissues
Nupr1;Mus musculus;1891834;nuclear protein transcription regulator 1;"p8; Com1; 2310032H04Rik";protein coding;Ensembl:ENSMUSG00000030717 AllianceGenome:MGI:1891834;"7; 7 F3";spinal cord;N/A;RT-qPCR;EAE;N/A;C57BL/6;n = 3-5 mice per group at each stage;up-regulation;Disease risk;A significant increase in p8 was found in the spinal cord at the peak of EAE in PLP139–151 immunized mice. In the clinically defined remission stage, p8 levels fall but remain elevated above the preclinical state.;Enhanced expression of p8 is also observed in the spinal cords of mice with acute experimental autoimmune encephalomyelitis (EAE) induced by PLP139–151 peptide (10×).;16374777;2006;Upregulation of the Stress-Associated Gene p8 in Mouse Models of Demyelination and in Multiple Sclerosis Tissues
NUPR1;Homo sapiens;29990;nuclear protein 1, transcriptional regulator;"P8; COM1";protein coding;"Ensembl:ENSG00000176046 MIM:614812; AllianceGenome:HGNC:29990";16p11.2;brain;N/A;RT-qPCR;MS;N/A;N/A;n = 3;up-regulation;Disease risk;Real-time PCR analysis revealed a dramatic upregulation of p8 in all plaque tissues tested compared with NAWM and NAGM;p8 is found upregulated (8×) in post-mortem tissue from MS patients and is higher in the plaque tissue compared with adjacent normal-appearing white and gray matter.;16374777;2006;Upregulation of the Stress-Associated Gene p8 in Mouse Models of Demyelination and in Multiple Sclerosis Tissues
Xiap;Mus musculus;107572;X-linked inhibitor of apoptosis;"Aipa; Api3; IAP3; MIHA; Birc4; ILP-1; 1110015C02Rik";protein coding;Ensembl:ENSMUSG00000025860 AllianceGenome:MGI:107572;"X; X A4";brain;N/A;RT-PCR;EAE;N/A;C57BL/6;n = 3 (ubXIAP mice group)/n = 3 (Wild-type mice group);up-regulation;Disease risk;High levels of transgene expression were detected in the brain;The inhibitors of apoptosis (IAPs) are a family of anti-apoptotic proteins that suppress intrinsic, extrinsic, and c-JunN-terminal Kinase (JNK)-mediated apoptosis;18687476;2008;Increased X-linked inhibitor of apoptosis protein (XIAP) expression exacerbates experimental autoimmune encephalomyelitis (EAE)
MBP;Homo sapiens;6925;myelin basic protein;N/A;protein coding;"Ensembl:ENSG00000197971 MIM:159430; AllianceGenome:HGNC:6925";18q23;brain;Astrocytes;PCR;MS;N/A;N/A;n = 100;N/A;N/A;The results of the present investigation of multiplex families in the western United States show that MS and MBP alleles frequently do not co-segregate.;The results do not demonstrate linkage between the MBP gene region and multiple sclerosis.;7683738;1993;Genetic susceptibility in familial multiple sclerosis not linked to the myelin basic protein gene
Il17a;Mus musculus;107364;interleukin 17A;"Il17; Ctla8; IL-17; Ctla-8; IL-17A";protein coding;Ensembl:ENSMUSG00000025929 AllianceGenome:MGI:107364;"1; 1 A4";spinal cord;N/A;RT-PCR;EAE;N/A;C57BL/6;n = 3-5 mice group;up-regulation;Disease risk;upregulated expression of inflammatory gene markersIl17a,H2-Ab1,andCxcl16was detectable in the spinal cord from the presymptomatic time point and increased as disease progressed;Il17a used as a marker for effector T cell infiltration.;24683189;2014;Altered expression of oligodendrocyte and neuronal marker genes predicts the clinical onset of autoimmune encephalomyelitis and indicates the effectiveness of multiple sclerosis-directed therapeutics
H2-Ab1;Mus musculus;103070;histocompatibility 2, class II antigen A, beta 1;"IAb; Ia2; Ia-2; Abeta; H-2Ab; H2-Ab; Rmcs1; I-Abeta";protein coding;Ensembl:ENSMUSG00000073421 AllianceGenome:MGI:103070;"17 B1; 17 17.98 cM";spinal cord;N/A;RT-PCR;EAE;N/A;C57BL/6;n = 3-5 mice group;up-regulation;Disease risk;upregulated expression of inflammatory gene markersIl17a,H2-Ab1,andCxcl16was detectable in the spinal cord from the presymptomatic time point and increased as disease progressed;a steady increase in neuroinflammatory geneexpression correlating with glial cell activation and lesion development;24683189;2014;Altered expression of oligodendrocyte and neuronal marker genes predicts the clinical onset of autoimmune encephalomyelitis and indicates the effectiveness of multiple sclerosis-directed therapeutics
Cxcl16;Mus musculus;1932682;chemokine (C-X-C motif) ligand 16;"SR-PSOX; Zmynd15; CXCL16v1; CXCL16v2; b2b498Clo; 0910001K24Rik";protein coding;Ensembl:ENSMUSG00000018920 AllianceGenome:MGI:1932682;"11; 11 B3";spinal cord;N/A;RT-PCR;EAE;N/A;C57BL/6;n = 3-5 mice group;up-regulation;Disease risk;upregulated expression of inflammatory gene markersIl17a,H2-Ab1,andCxcl16was detectable in the spinal cord from the presymptomatic time point and increased as disease progressed;a steady increase in neuroinflammatory geneexpression correlating with glial cell activation and lesion development;24683189;2014;Altered expression of oligodendrocyte and neuronal marker genes predicts the clinical onset of autoimmune encephalomyelitis and indicates the effectiveness of multiple sclerosis-directed therapeutics
Mbp;Mus musculus;96925;myelin basic protein;"jve; mld; shi; Hmbpr; golli-mbp";protein coding;Ensembl:ENSMUSG00000041607 AllianceGenome:MGI:96925;"18 E3; 18 55.84 cM";spinal cord;N/A;RT-PCR;EAE;N/A;C57BL/6;n = 3-5 mice group;down-regulation;Disease risk;expression of two myelingene markers,Mbp and Olig2, was markedly downregulated at the presymptomatictime point, and expression continued to decrease until the peak of disease;marked downregulation of neuron and oligodendrocyte genes occurs on a background of innateimmune activation before immune cell infiltration of CNS paren-chyma and the development of clinical symptoms, suggesting thatalterations in these cells may be a primary feature of disease.;24683189;2014;Altered expression of oligodendrocyte and neuronal marker genes predicts the clinical onset of autoimmune encephalomyelitis and indicates the effectiveness of multiple sclerosis-directed therapeutics
Olig2;Mus musculus;1355331;oligodendrocyte transcription factor 2;"RK17; Olg-2; Bhlhb1; Oligo2; bHLHe19";protein coding;Ensembl:ENSMUSG00000039830 AllianceGenome:MGI:1355331;"16 C3.3; 16 52.6 cM";spinal cord;N/A;RT-PCR;EAE;N/A;C57BL/6;n = 3-5 mice group;down-regulation;Disease risk;expression of two myelingene markers,Mbp and Olig2, was markedly downregulated at the presymptomatictime point, and expression continued to decrease until the peak of disease;marked downregulation of neuron and oligodendrocyte genes occurs on a background of innateimmune activation before immune cell infiltration of CNS paren-chyma and the development of clinical symptoms, suggesting thatalterations in these cells may be a primary feature of disease.;24683189;2014;Altered expression of oligodendrocyte and neuronal marker genes predicts the clinical onset of autoimmune encephalomyelitis and indicates the effectiveness of multiple sclerosis-directed therapeutics
Nrg1;Mus musculus;96083;neuregulin 1;"GGF; HRG; Hgl; NDF; ARIA; SMDF; GGFII; HRGalpha; Pro-NRG1; 6030402G23Rik; D230005F13Rik";protein coding;Ensembl:ENSMUSG00000062991 AllianceGenome:MGI:96083;"8; 8 A3";spinal cord;N/A;RT-PCR;EAE;N/A;C57BL/6;n = 3-5 mice group;down-regulation;Disease risk;expression of all selected neuron-specificgenes,Nrg1,Ninj1,Snap25,andGrin1, was markedly downregulated at the presymptomatic time poin;marked downregulation of neuron and oligodendrocyte genes occurs on a background of innateimmune activation before immune cell infiltration of CNS paren-chyma and the development of clinical symptoms, suggesting thatalterations in these cells may be a primary feature of disease.;24683189;2014;Altered expression of oligodendrocyte and neuronal marker genes predicts the clinical onset of autoimmune encephalomyelitis and indicates the effectiveness of multiple sclerosis-directed therapeutics
Snap25;Mus musculus;98331;synaptosomal-associated protein 25;"sp; Bdr; SUP; GENA70; SNAP-25";protein coding;Ensembl:ENSMUSG00000027273 AllianceGenome:MGI:98331;"2 F3; 2 67.56 cM";spinal cord;N/A;RT-PCR;EAE;N/A;C57BL/6;n = 3-5 mice group;down-regulation;Disease risk;expression of all selected neuron-specificgenes,Nrg1,Ninj1,Snap25,andGrin1, was markedly downregulated at the presymptomatic time poin;marked downregulation of neuron and oligodendrocyte genes occurs on a background of innateimmune activation before immune cell infiltration of CNS paren-chyma and the development of clinical symptoms, suggesting thatalterations in these cells may be a primary feature of disease.;24683189;2014;Altered expression of oligodendrocyte and neuronal marker genes predicts the clinical onset of autoimmune encephalomyelitis and indicates the effectiveness of multiple sclerosis-directed therapeutics
Grin1;Mus musculus;95819;glutamate receptor, ionotropic, NMDA1 (zeta 1);"NR1; GluN1; Nmdar; NMD-R1; NMDAR1; M100174; Rgsc174; GluRzeta1; GluRdelta1";protein coding;Ensembl:ENSMUSG00000026959 AllianceGenome:MGI:95819;"2 A3; 2 17.14 cM";spinal cord;N/A;RT-PCR;EAE;N/A;C57BL/6;n = 3-5 mice group;down-regulation;Disease risk;expression of all selected neuron-specificgenes,Nrg1,Ninj1,Snap25,andGrin1, was markedly downregulated at the presymptomatic time poin;marked downregulation of neuron and oligodendrocyte genes occurs on a background of innateimmune activation before immune cell infiltration of CNS paren-chyma and the development of clinical symptoms, suggesting thatalterations in these cells may be a primary feature of disease.;24683189;2014;Altered expression of oligodendrocyte and neuronal marker genes predicts the clinical onset of autoimmune encephalomyelitis and indicates the effectiveness of multiple sclerosis-directed therapeutics
Ifng;Mus musculus;107656;interferon gamma;"Ifg; If2f; IFN-g";protein coding;Ensembl:ENSMUSG00000055170 AllianceGenome:MGI:107656;"10 D2; 10 66.75 cM";spinal cord;N/A;RT-qPCR;EAE;N/A;C57BL/6;n = 4 mice group;up-regulation;Disease risk;In female mice, Ifng transcripts was clearly elevated at EAE stage 1 comparedwith naive mice；Moerover，as EAE severity and Ifng ftranscripts gradually increased in females;the data suggest that the low Ifng expresser allele could predispose individuals to MS disease development by reducing Vdr gene expression in the CNS and undermining the protective effects ofvitamin D3;22896638;2012;The Ifng gene is essential for Vdr gene expression and vitamin D<U+2083>-mediated reduction of the pathogenic T cell burden in the central nervous system in experimental autoimmune encephalomyelitis, a multiple sclerosis model.
Sult1a1;Mus musculus;3767;sulfotransferase family 1A member 1;"Stm; Stp1; ASTIV; Mx-ST; PST-1; St1a1; Sult1a3";protein coding;Ensembl:ENSRNOG00000019342 AllianceGenome:RGD:3767;1q36;spinal cord;N/A;TaqMan PCR;EAE;N/A;C57BL/6;n = 3 (case mice group)/n = 3 (control mice group);up-regulation;Disease risk;indicating a sustained up-regulation of the mRNA during this chronic EAE model;astrocytes may have not only altered sex steroid synthesis but also higher estrogen conjugation activity, both potentially leading to lower intracellular concentrations active estrogen;26141748;2015;Transcript analysis of laser capture microdissected white matter astrocytes and higher phenol sulfotransferase 1A1 expression during autoimmune neuroinflammation
Stk11;Mus musculus;1341870;serine/threonine kinase 11;"Lkb1; Par-4";protein coding;Ensembl:ENSMUSG00000003068 AllianceGenome:MGI:1341870;"10; 10 C1";brain;Astrocytes;RT-qPCR;EAE;N/A;C57BL/6;n = 4-6 mice group;N/A;Disease risk;N/A;N/A;31664743;2020;Liver kinase B1 depletion from astrocytes worsens disease in a mouse model of multiple sclerosis
Il6;Mus musculus;96559;interleukin 6;Il-6;protein coding;Ensembl:ENSMUSG00000025746 AllianceGenome:MGI:96559;"5 B1; 5 15.7 cM";brain;Astrocytes;TaqMan PCR;EAE;N/A;C57BL/6;n = 3-5 mice group;up-regulation;Disease risk;Astrocytes secrete IL-6 during progressive EAE;IL-6 has a central role in facilitating CNS inflammation;25896970;2015;Astrocyte response to IFN-γ limits IL-6-mediated microglia activation and progressive autoimmune encephalomyelitis
PRKCA;Homo sapiens;9393;protein kinase C alpha;"AAG6; PKCA; PRKACA; PKCI+/-; PKCalpha; PKC-alpha";protein coding;"Ensembl:ENSG00000154229 MIM:176960; AllianceGenome:HGNC:9393";17q24.2;peripheral blood;N/A;RT-qPCR;MS;N/A;Italians population;n = 409 (case group)/n = 723 (control group);down-regulation;Disease risk;well fitting our observation that MS patients have significantly lower PRKCA mRNA levels in blood;Since we demonstrated that the protein isoform produced through premature polyadenylation aberrantly localizes to the plasma membrane and/or in cytoplasmic clusters, dysregulated PRKCA 3* inclusion may represent an additional mechanism relevant to MS susceptibility;25080502;2014;Functional variations modulating PRKCA expression and alternative splicing predispose to multiple sclerosis
Mir155;Mus musculus;2676840;microRNA 155;"Mirn155; mir-155; mmu-mir-155";ncRNA;"Ensembl:ENSMUSG00000065397 miRBase:MI0000177; AllianceGenome:MGI:2676840";"16; 16 C3.3";spleen;N/A;RT-qPCR、TaqMan PCR;EAE;N/A;C57BL/6;n = 10 mice group;up-regulation;Disease risk;We and others have described miR-155 upregulation in T helper cells (Th) during the development of experimental autoimmune encephalomyelitis，we found that miR-155-3p is also strongly upregulated in Th cells infiltrating the brain in EAE;Mechanistic studies showed that miR-155-3p influenced the development of Th17 cells;26674874;2015;miR-155-3p Drives the Development of Autoimmune Demyelination by Regulation of Heat Shock Protein 40
Cx3cl1;Mus musculus;1097153;chemokine (C-X3-C motif) ligand 1;"FK; CX3C; Cxc3; Scyd1; ABCD-3; D8Bwg0439e";protein coding;Ensembl:ENSMUSG00000031778 AllianceGenome:MGI:1097153;"8 C5; 8 46.79 cM";spinal cord;N/A;RT-qPCR;EAE;N/A;Lewis rats;N/A;up-regulation;Disease risk;Results revealed significant increases in mRNA and the protein expression of CX3CL1 and CX3CR1 in the dorsal root ganglia (DRG) and spinal cord (SC) 12 days after EAE induction compared to controls.;we conclude that the changes in CX3CL1 and CX3CR1 expression levels are the direct result of activation of the immune response by CNS-myelin-specific antigens such as MBP;24175290;2013;Elevated Expression of Fractalkine (CX3CL1) and Fractalkine Receptor (CX3CR1) in the Dorsal Root Ganglia and Spinal Cord in Experimental Autoimmune Encephalomyelitis: Implications in Multiple Sclerosis-Induced Neuropathic Pain
Cx3cr1;Mus musculus;1333815;chemokine (C-X3-C motif) receptor 1;mCX3CR1;protein coding;Ensembl:ENSMUSG00000052336 AllianceGenome:MGI:1333815;"9; 9 F4";spinal cord;N/A;RT-qPCR;EAE;N/A;Lewis rats;N/A;up-regulation;Disease risk;Results revealed significant increases in mRNA and the protein expression of CX3CL1 and CX3CR1 in the dorsal root ganglia (DRG) and spinal cord (SC) 12 days after EAE induction compared to controls.;we conclude that the changes in CX3CL1 and CX3CR1 expression levels are the direct result of activation of the immune response by CNS-myelin-specific antigens such as MBP;24175290;2013;Elevated Expression of Fractalkine (CX3CL1) and Fractalkine Receptor (CX3CR1) in the Dorsal Root Ganglia and Spinal Cord in Experimental Autoimmune Encephalomyelitis: Implications in Multiple Sclerosis-Induced Neuropathic Pain
Cx3cl1;Mus musculus;1097153;chemokine (C-X3-C motif) ligand 1;"FK; CX3C; Cxc3; Scyd1; ABCD-3; D8Bwg0439e";protein coding;Ensembl:ENSMUSG00000031778 AllianceGenome:MGI:1097153;"8 C5; 8 46.79 cM";Dorsal root ganglia (DRG);N/A;RT-qPCR;EAE;N/A;Lewis rats;N/A;up-regulation;Disease risk;Results revealed significant increases in mRNA and the protein expression of CX3CL1 and CX3CR1 in the dorsal root ganglia (DRG) and spinal cord (SC) 12 days after EAE induction compared to controls.;we conclude that the changes in CX3CL1 and CX3CR1 expression levels are the direct result of activation of the immune response by CNS-myelin-specific antigens such as MBP;24175290;2013;Elevated Expression of Fractalkine (CX3CL1) and Fractalkine Receptor (CX3CR1) in the Dorsal Root Ganglia and Spinal Cord in Experimental Autoimmune Encephalomyelitis: Implications in Multiple Sclerosis-Induced Neuropathic Pain
Cx3cr1;Mus musculus;1333815;chemokine (C-X3-C motif) receptor 1;mCX3CR1;protein coding;Ensembl:ENSMUSG00000052336 AllianceGenome:MGI:1333815;"9; 9 F4";Dorsal root ganglia (DRG);N/A;RT-qPCR;EAE;N/A;Lewis rats;N/A;up-regulation;Disease risk;Results revealed significant increases in mRNA and the protein expression of CX3CL1 and CX3CR1 in the dorsal root ganglia (DRG) and spinal cord (SC) 12 days after EAE induction compared to controls.;we conclude that the changes in CX3CL1 and CX3CR1 expression levels are the direct result of activation of the immune response by CNS-myelin-specific antigens such as MBP;24175290;2013;Elevated Expression of Fractalkine (CX3CL1) and Fractalkine Receptor (CX3CR1) in the Dorsal Root Ganglia and Spinal Cord in Experimental Autoimmune Encephalomyelitis: Implications in Multiple Sclerosis-Induced Neuropathic Pain
STAT5A;Homo sapiens;6776;signal transducer and activator of transcription 5A;"MGF; STAT5";protein coding;"Ensembl:ENSG00000126561 MIM:601511; AllianceGenome:HGNC:11366";17q21.2;peripheral blood;NA;Quantitative real time PCR;MS;RRMS;NA;50MS/50Health;down-regulation;Disease risk;We found that STAT5a expression was significantly down-regulated (p = .049), whereas STAT6 gene expression was significantly up-regulated (p = .046) in MS patients compared with controls.;Cytokines have an important role in inflammation as characteristic feature of the disease. Janus kinase/signal transducers and activators of transcriptions (JAK/STAT) family promote cytokine-mediated cell activation.;29126764;2018;STAT5a and STAT6 gene expression levels in multiple sclerosis patients
STAT6;Homo sapiens;6778;signal transducer and activator of transcription 6;"STAT6B; STAT6C; D12S1644; IL-4-STAT";protein coding;"Ensembl:ENSG00000166888 MIM:601512; AllianceGenome:HGNC:11368";12q13.3;peripheral blood;NA;Quantitative real time PCR;MS;MS;NA;50MS/50Health;up-regulation;Disease risk;We found that STAT5a expression was significantly down-regulated (p = .049), whereas STAT6 gene expression was significantly up-regulated (p = .046) in MS patients compared with controls.;Cytokines have an important role in inflammation as characteristic feature of the disease. Janus kinase/signal transducers and activators of transcriptions (JAK/STAT) family promote cytokine-mediated cell activation.;29126764;2018;STAT5a and STAT6 gene expression levels in multiple sclerosis patients
PPARGC1A;Homo sapiens;10891;PPARG coactivator 1 alpha;"LEM6; PGC1; PGC1A; PGC-1v; PPARGC1; PGC-1alpha; PGC-1(alpha)";protein coding;"Ensembl:ENSG00000109819 MIM:604517; AllianceGenome:HGNC:9237";4p15.2;Brain;NA;Real-time quantitative PCR;MS;MS;NA;15MS/9Health;down-regulation;Disease risk;Taken together, our data indicate that reduced neuronal PGC-1a expression in MS cortex partly underlies mitochondrial dysfunction in MS grey matter and thereby contributes to neurodegeneration in MS cortex.;There is growing evidence that mitochondrial dysfunction and associated reactive oxygen species (ROS)formation contribute to neurodegenerative processes in multiple sclerosis (MS).;23073717;2013;Reduced expression of PGC-1a partly underlies mitochondrial changes and correlates with neuronal loss in multiple sclerosis cortex
SP3;Homo sapiens;6670;Sp3 transcription factor;SPR2;protein coding;"Ensembl:ENSG00000172845 MIM:601804; AllianceGenome:HGNC:11208";2q31.1;PBMC;NA;RT-PCR;MS;MS;NA;NA;down-regulation;Disease risk;We propose that transcription of the Sp3 gene is blocked in immune cells from most patients with MS and that this contributes to the development of central nervous system inflammation in the disease.;We previously reported the lack of expression of the bifunctional transcription factor Sp3 in peripheral blood mononuclear cells from most patients with multiple sclerosis (MS);12218073;2002;Sp3 Expression in Immune Cells: A Quantitative Study
TNFRSF11B;Homo sapiens;4982;TNF receptor superfamily member 11b;"OPG; TR1; OCIF; PDB5";protein coding;"Ensembl:ENSG00000164761 MIM:602643; AllianceGenome:HGNC:11909";8q24.12;PBL and CSF;NA;qPCR;MS;MS/RRMS;NA;33MS/30RRMS/35Control;down-regulation;Disease risk;Our study revealed that changes of RANKL/RANK/OPG axis are associated with MS, particularly the decreased OPG level in the CSF at disease onset. Therefore, these factors may serve as disease bio-markers and molecular targets of novel therapeutic ap-proaches.;Our study focused on the RANKL (receptor acti-vator of nuclear factor-κB ligand)/RANK/OPG (osteoprote-gerin) axis and selected proinflammatory/immunoregula-tory upstream mediators in the peripheral blood (PBL) and cerebrospinal fluid (CSF) of multiple sclerosis (MS) patients;29920500;2017;RANKL/RANK/OPG Axis Is Deregulated in the Cerebrospinal Fluid of Multiple Sclerosis Patients at Clinical Onset
TLR4;Homo sapiens;7099;toll like receptor 4;"TOLL; CD284; TLR-4; ARMD10";protein coding;"Ensembl:ENSG00000136869 MIM:603030; AllianceGenome:HGNC:11850";9q33.1;peripheral blood;NA;PCR;MS;MS;NA;20MS/23Control;down-regulation;Disease risk;MS patients had greater post-exercise increases than controls in β-1 and β-2 adrenergic receptor expression (1.4 ± .27 and 1.3 ± .06 fold increase, respectively, p=.02 and <.001) and greater decreases in TLR4 (p=.02).;Chronic fatigue syndrome (CFS) and multiple sclerosis (MS) are characterized by debilitating fatigue, yet evaluation of this symptom is subjective.;22210239;2012;Differences in metabolite-detecting, adrenergic, and immune gene expression following moderate exercise in chronic fatigue syndrome, multiple sclerosis and healthy controls
PTPN6;Homo sapiens;5777;protein tyrosine phosphatase non-receptor type 6;"HCP; HCPH; SHP1; SHP-1; HPTP1C; PTP-1C; SHP-1L; SH-PTP1";protein coding;"Ensembl:ENSG00000111679 MIM:176883; AllianceGenome:HGNC:9658";12p13.31;Brain;NA;PCR;MS;MS;NA;NA;down-regulation;Disease risk;Furthermore, we demonstrate that SHP-1 is expressed in human white matter oligodendrocytes and there is a subset of multiple sclerosis (MS) subjects that demonstrate a deficiency of SHP-1 in normal appearing white matter (NAWM).;We have previously described reduced myelination and corresponding myelin basic protein (MBP) expression in the CNS of Src homology 2 domain-containing protein tyrosine phosphatase 1 (SHP-1) deficient motheaten (me/me) mice compared to normal littermate controls.;25919645;2015;The control of reactive oxygen species production by SHP-1 in oligodendrocytes
PTPN6;Homo sapiens;5777;protein tyrosine phosphatase non-receptor type 6;"HCP; HCPH; SHP1; SHP-1; HPTP1C; PTP-1C; SHP-1L; SH-PTP1";protein coding;"Ensembl:ENSG00000111679 MIM:176883; AllianceGenome:HGNC:9658";12p13.31;peripheral blood;Macrophages;RT-PCR;MS;MS;NA;NA;down-regulation;Disease risk;In conclusion, macrophages of MS patients display a deficiency of SHP-1 expression, heightened activation of STAT6, STAT1, and NF-κB and a corresponding inflammatory profile that may be important in controlling macrophage-mediated demyelination in MS.;Recent studies in mice have demonstrated that the protein tyrosine phosphatase SHP-1 is a crucial negative regulator of pro-inflammatory cytokine signaling, TLR signaling, and inflammatory gene expression;19398961;2009;Macrophages of multiple sclerosis patients display deficient SHP-1 expression and enhanced inflammatory phenotype
IL17A;Homo sapiens;3605;interleukin 17A;"IL17; CTLA8; IL-17; ILA17; CTLA-8; IL-17A";protein coding;"Ensembl:ENSG00000112115 MIM:603149; AllianceGenome:HGNC:5981";6p12.2;peripheral blood;NA;PCR;MS;RRMS/PPMS/SPMS;NA;135MS/135Control;up-regulation;Disease risk;These results indicated higher levels of IL-17 in MS patients that may be influenced by disease patterns, medication and gender. No association was observed between investigated SNPs and MS.;Interleukin (IL)-17/IL-23 axis performs a prominent role in the pathogenesis of several autoimmune disorders.;28717429;2017;Circulating concentrations of interleukin (IL)-17 in patients with multiple sclerosis: Evaluation of the effects of gender, treatment, disease patterns and IL-23 receptor gene polymorphisms
MIR18A;Homo sapiens;406953;microRNA 18a;"MIR18; MIRH1; MIRHG1; MIRN18; miR-18; MIR17HG; MIRN18A; mir-18a; C13orf25; miRNA18A; hsa-mir-18; hsa-mir-18a";protein coding;"Ensembl:ENSG00000283815 MIM:609417; miRBase:MI0000072; AllianceGenome:HGNC:31548";13q31.3;peripheral blood;NA;real-time PCR.;MS;MS;NA;32MS/32Control;down-regulation;Disease risk;miR-18a-5p expression was significantly less in MS patients than in healthy subjects.;In multiple sclerosis (MS), the immune system acts against myelin lesions of the central nervous system, destroying neuronal fibers resulting in signal transmission disturbances in the nervous system.;32582802;2020;Analysis of MicroRNA-18a Expression in Multiple Sclerosis Patients
HTN1;Homo sapiens;3346;histatin 1;HIS1;protein coding;"Ensembl:ENSG00000126550 MIM:142701; AllianceGenome:HGNC:5283";4q13.3;peripheral blood;NA;PCR;MS;MS;NA;elevated (n = 19) or normal (n = 18);down-regulation;Disease risk;These results provide evidence that serum histidine is lower in fatigued women with MS, but the study did not find a relationship between histidine and TNF, IFN-y, or leptin gene expression.;Disabling persistent perceived fatigue occurs in 50% of people with multiple sclerosis (MS), but mechanisms are poorly understood.;32440368;2019;Serum Histidine is Lower in Fatigued Women with Multiple Sclerosis
CD14;Homo sapiens;929;CD14 molecule;NA;protein coding;"Ensembl:ENSG00000170458 MIM:158120; AllianceGenome:HGNC:1628";5q31.3;peripheral blood;NA;PCR;MS;MS;Iranian population;14MS/159Control;up-regulation;Phenotypic risk;In summary, we conclude that CD14-159 and -260 polymorphisms are associated with the risk of MS in Iranian population and affects CD14 promoter activity, thereby regulating CD14 expression.;Besides the central role of the adaptive immune system, a disturbance of innate immune system is also suggested to be involved in the pathogenesis of multiple sclerosis (MS).;27819517;2016;Polymorphisms in CD14 Gene May Modify Soluble CD14 Levels and Represent Risk Factors for Multiple Sclerosis
IL18;Homo sapiens;3606;interleukin 18;"IGIF; IL-18; IL-1g; IL1F4";protein coding;"Ensembl:ENSG00000150782 MIM:600953; AllianceGenome:HGNC:5986";11q23.1;peripheral blood;NA;PCR;MS;MS;NA;110MS/110Control;up-regulation;Disease risk;In this study, we showed the significant higher IL-18 serum level and significant different frequencies of two polymorphisms of IL-18 in MS patients. These results show the important roles of IL-18 in MS pathogenesis. However, more studies are needed to verify our results in larger sample size.;Multiple sclerosis (MS) is a chronic demyelinating disorder of central nervous system. Although the definite pathogenesis of MS has not been understood, crucial role of environmental and genetic risk factors has been proposed.;31736573;2019;Interleukin 18 Polymorphisms and its serum level in Patients with Multiple Sclerosis
IL2;Homo sapiens;3558;interleukin 2;"IL-2; TCGF; lymphokine";protein coding;"Ensembl:ENSG00000109471 MIM:147680; AllianceGenome:HGNC:6001";4q27;peripheral blood;NA;PCR;MS;MS;Iranian population;100MS/100Control;up-regulation;Disease risk;Accordingly, the plasma levels of IL2 were significantly higher (P < 0.0001) in patients when compared to the control group. In conclusion, in case of MS patients the -330 T/T IL2 genotype is associated with higher plasma levels of IL2.;Multiple sclerosis (MS) is a chronic neuroinflammatory demyelinating disease of the central nervous system. The cytokine genes are involved in autoimmune diseases such as MS.;24959373;2014;The association of -330 interleukin-2 gene polymorphism with its plasma concentration in Iranian multiple sclerosis patients
Ccr2;Homo sapiens;12772;chemokine (C-C motif) receptor 2;"Ckr2; Ccr2a; Ccr2b; Ckr2a; Ckr2b; mJe-r; Cmkbr2; Cc-ckr-2";protein coding;Ensembl:ENSMUSG00000049103 AllianceGenome:MGI:106185;"9 F4; 9 75.05 cM";serum;NA;real-time PCR;EAE;N/A;C57BL/6;NA;down-regulation;Disease risk;Selective depletion of this specific monocyte subpopulation through engagement of CCR2 strongly reduced central nervous system autoimmunity.;Collectively, these data indicate a disease-promoting role of CCR2+Ly-6Chi monocytes during autoimmune inflammation of the central nervous system.;19531531;2009;CCR2+Ly-6Chi monocytes are crucial for the effector phase of autoimmunity in the central nervous system
Mir132;Mus musculus;387150;microRNA 132;"Mirn132; mir-132; mmu-mir-132";ncRNA;"Ensembl:ENSMUSG00000065537 miRBase:MI0000158; AllianceGenome:MGI:2676817";"11; 11 B5";serum;T cell;qPCR;EAE;N/A;C57BL/6;NA;down-regulation;Disease risk;Similarly, we found that miR-132 was downregulated at earlier stages of EAE (Fig. 2H and I, middle panel), suggesting that miR-132 is involved in EAE pathogenesis. Interestingly, the expression of miR-132 15 days after immunization was the lowest, indicating that miR-132 is associated with EAE severity;In contrast, T cells from Ahr<U+2212>/<U+2212> mice maintained the expression of miR-132 at an extremely lower level under all examined culture conditions, suggesting that Ahr regulates miR-132 in T cells.;23780851;2013;MicroRNA-132 suppresses autoimmune encephalomyelitis by inducing cholinergic anti-inflammation: a new Ahr-based exploration
Mir26a-1;Mus musculus;387218;microRNA 26a-1;"Mirn26a; miR-26a; Mirn26a-1; mir-26a-1";ncRNA;"Ensembl:ENSMUSG00000065513 miRBase:MI0000573; AllianceGenome:MGI:2676900";"9; 9 F3";brain;NA;PCR;EAE;N/A;C57BL/6;n = 6mice group;down-regulation;Disease risk;Downregulation of miR26a in EAE mice;Downregulation of miR26a in EAE mice;25362566;2013;MicroRNA-132 suppresses autoimmune encephalomyelitis by inducing cholinergic anti-inflammation: a new Ahr-based exploration
MIR26A1;Homo sapiens;407015;microRNA 26a-1;"MIR26A; MIRN26A1; mir-26a-1";ncRNA;"Ensembl:ENSG00000199075 MIM:612151; miRBase:MI0000083; AllianceGenome:HGNC:31610";3p22.2;serum;NA;qPCR;MS;peripheral blood lymphocytes;RRMS;normal controls (n = 38) or from patients with RRMS (n = 42) and in PBLs from patients with relapsing multiple sclerosis (n = 25) or remitting multiple sclerosis (n = 17).;down-regulation;Disease risk;miR26a is Downregulated in MS Patients;Using the EAE model system, in vivo silencing of miR26a was found to result in increased expression of Th17-related cytokines and increased severity of EAE, while overexpression of miR26a was found to result in reduced expression of Th17- related cytokines and a milder form of EAE.;25362566;2013;MicroRNA-132 suppresses autoimmune encephalomyelitis by inducing cholinergic anti-inflammation: a new Ahr-based exploration
IL6;Homo sapiens;3569;interleukin 6;"CDF; HGF; HSF; BSF2; IL-6; BSF-2; IFNB2; IFN-beta-2";protein coding;"Ensembl:ENSG00000136244 MIM:147620; AllianceGenome:HGNC:6018";7p15.3;serum;NA;qPCR;MS;peripheral blood lymphocytes;RRMS;normal controls (n = 38) or from patients with RRMS (n = 42) and in PBLs from patients with relapsing multiple sclerosis (n = 25) or remitting multiple sclerosis (n = 17).;up-regulation;Disease risk;IL6 (p \ 0.01, Fig. 1c) were found to increase with lower miR26a expression in PBLs of patients with RRMS or patients with relapsing MS;Using the EAE model system, in vivo silencing of miR26a was found to result in increased expression of Th17-related cytokines and increased severity of EAE, while overexpression of miR26a was found to result in reduced expression of Th17- related cytokines and a milder form of EAE.;25362566;2013;MicroRNA-132 suppresses autoimmune encephalomyelitis by inducing cholinergic anti-inflammation: a new Ahr-based exploration
FOXP3;Homo sapiens;50943;forkhead box P3;"JM2; AIID; IPEX; PIDX; XPID; DIETER";protein coding;"Ensembl:ENSG00000049768 MIM:300292; AllianceGenome:HGNC:6106";Xp11.23;serum;NA;qPCR;MS;peripheral blood lymphocytes;RRMS;normal controls (n = 38) or from patients with RRMS (n = 42) and in PBLs from patients with relapsing multiple sclerosis (n = 25) or remitting multiple sclerosis (n = 17).;down-regulation;Disease risk;the Foxp3 gene (p \ 0.05, Fig. 1b) showed the same pattern with miR26a. Using;Using the EAE model system, in vivo silencing of miR26a was found to result in increased expression of Th17-related cytokines and increased severity of EAE, while overexpression of miR26a was found to result in reduced expression of Th17- related cytokines and a milder form of EAE.;25362566;2013;MicroRNA-132 suppresses autoimmune encephalomyelitis by inducing cholinergic anti-inflammation: a new Ahr-based exploration
Il6;Mus musculus;16193;interleukin 6;Il-6;protein coding;Ensembl:ENSMUSG00000025746 AllianceGenome:MGI:96559;"5 B1; 5 15.7 cM";brain;NA;quantitative real-time PCR;EAE;N/A;C57BL/6;n = 9mice group;up-regulation;Disease risk;Brain tissues from EAE mice showed significantly higher expression of RORct (p \ 0.01, Fig. 2a), IL17 (p \ 0.01, Fig. 2a), and IL6 (p \ 0.01, Fig. 2a) mRNA in the acute phase, but significantly lower expression of miR26a (p \ 0.01, Fig. 2b) and Foxp3 (p \ 0.05, Fig. 2a).;As shown in Fig. 4 c through d, IL6 knockdown led to the downregulation of RORct (p \ 0.05, Fig. 4c), IL17 (Fig. 4c, p \ 0.05, and d, p \ 0.01), and IL6 (p \ 0.01, Fig. 4c, d) and to the upregulation of Foxp3 (p \ 0.05, Fig. 4c), results that were similar to those found by using miR26a.;25362566;2013;MicroRNA-132 suppresses autoimmune encephalomyelitis by inducing cholinergic anti-inflammation: a new Ahr-based exploration
Il17a;Mus musculus;16171;interleukin 17A;"Il17; Ctla8; IL-17; Ctla-8; IL-17A";protein coding;Ensembl:ENSMUSG00000025929 AllianceGenome:MGI:107364;"1; 1 A4";brain;NA;quantitative real-time PCR;EAE;N/A;C57BL/6;n = 10mice group;down-regulation;Disease risk;Brain tissues from EAE mice showed significantly higher expression of RORct (p \ 0.01, Fig. 2a), IL17 (p \ 0.01, Fig. 2a), and IL6 (p \ 0.01, Fig. 2a) mRNA in the acute phase, but significantly lower expression of miR26a (p \ 0.01, Fig. 2b) and Foxp3 (p \ 0.05, Fig. 2a).;As shown in Fig. 4 c through d, IL6 knockdown led to the downregulation of RORct (p \ 0.05, Fig. 4c), IL17 (Fig. 4c, p \ 0.05, and d, p \ 0.01), and IL6 (p \ 0.01, Fig. 4c, d) and to the upregulation of Foxp3 (p \ 0.05, Fig. 4c), results that were similar to those found by using miR27a.;25362566;2013;MicroRNA-133 suppresses autoimmune encephalomyelitis by inducing cholinergic anti-inflammation: a new Ahr-based exploration
Rorc;Mus musculus;19885;RAR-related orphan receptor gamma;"TOR; Thor; Nr1f3; RORgamma";protein coding;Ensembl:ENSMUSG00000028150 AllianceGenome:MGI:104856;"3; 3 F2.1";brain;NA;quantitative real-time PCR;EAE;N/A;C57BL/6;n = 11mice group;down-regulation;Disease risk;Brain tissues from EAE mice showed significantly higher expression of RORct (p \ 0.01, Fig. 2a), IL17 (p \ 0.01, Fig. 2a), and IL6 (p \ 0.01, Fig. 2a) mRNA in the acute phase, but significantly lower expression of miR26a (p \ 0.01, Fig. 2b) and Foxp3 (p \ 0.05, Fig. 2a).;As shown in Fig. 4 c through d, IL6 knockdown led to the downregulation of RORct (p \ 0.05, Fig. 4c), IL17 (Fig. 4c, p \ 0.05, and d, p \ 0.01), and IL6 (p \ 0.01, Fig. 4c, d) and to the upregulation of Foxp3 (p \ 0.05, Fig. 4c), results that were similar to those found by using miR28a.;25362566;2013;MicroRNA-134 suppresses autoimmune encephalomyelitis by inducing cholinergic anti-inflammation: a new Ahr-based exploration
Foxp3;Mus musculus;20371;forkhead box P3;"sf; JM2; scurfin";protein coding;Ensembl:ENSMUSG00000039521 AllianceGenome:MGI:1891436;"X A1.1; X 3.41 cM";brain;NA;quantitative real-time PCR;EAE;N/A;C57BL/6;n = 12mice group;down-regulation;Disease risk;Brain tissues from EAE mice showed significantly higher expression of RORct (p \ 0.01, Fig. 2a), IL17 (p \ 0.01, Fig. 2a), and IL6 (p \ 0.01, Fig. 2a) mRNA in the acute phase, but significantly lower expression of miR26a (p \ 0.01, Fig. 2b) and Foxp3 (p \ 0.05, Fig. 2a).;As shown in Fig. 4 c through d, IL6 knockdown led to the downregulation of RORct (p \ 0.05, Fig. 4c), IL17 (Fig. 4c, p \ 0.05, and d, p \ 0.01), and IL6 (p \ 0.01, Fig. 4c, d) and to the upregulation of Foxp3 (p \ 0.05, Fig. 4c), results that were similar to those found by using miR29a.;25362566;2013;MicroRNA-135 suppresses autoimmune encephalomyelitis by inducing cholinergic anti-inflammation: a new Ahr-based exploration
HLA-DRB1;Homo sapiens;3123;major histocompatibility complex, class II, DR beta 1;6p21.32;protein coding;"Ensembl:ENSG00000196126 MIM:142857; AllianceGenome:HGNC:4948";"SS1; DRB1; HLA-DRB; HLA-DR1B";serum;homozygous lymphoblastoid cell;PCR;MS;N/A;NA;NA;down-regulation;Disease risk;It was found that vitamin D specifically interacts with HLA-DRB1*1501 to influence its expression. This study therefore provides more direct support for the already strong epidemiological evidence implicating sunlight and vitamin D in the determination of MS risk, and implies that vitamin D supplementation at critical time periods may be key to disease prevention.;The dominant haplotype of Northern Europe, marked by the presence of DRB1*1501, increases risk of MS by 3-fold. The environment also plays a key role in MS. The most striking illustration of this is the geographical distribution of the disease in populations matched for ethnicity. This has led to the proposal that sunshine, and in particular, vitamin D, is an environmental factor influencing the risk of MS;19197344;2009;Expression of the Multiple Sclerosis-Associated MHC Class II Allele HLA-DRB1*1501 Is Regulated by Vitamin D
Apoe;Mus musculus;11816;apolipoprotein E;Apo-E;protein coding;Ensembl:ENSMUSG00000002985 AllianceGenome:MGI:88057;"7 A3; 7 9.94 cM";serum and Spinal cord;NA;Quantitative real-time PCR;EAE;N/A;C57BL/6;n = 6mice group;down-regulation;Disease risk;apoE deficiency ameliorates EAE course in male but not female mice;As sex hormones modify immunomodulatory apoE functions, they may explain contentious findings.;26669675;2015;Investigation of sex-specific effects of apolipoprotein E on severity of EAE and MS
Csf2;Mus musculus;12981;colony stimulating factor 2 (granulocyte-macrophage);"CSF; Csfgm; GMCSF; Gm-CSf; MGI-IGM";protein coding;Ensembl:ENSMUSG00000018916 AllianceGenome:MGI:1339752;"11 B1.3; 11 32.13 cM";serum;CD4+ Tcell;real-time PCR;EAE;N/A;C57BL/6;n = 4mice group;up-regulation;Disease risk;Importantly, we show that STAT4 interacts with the Csf2 locus in MOG35–55-activated effector CD4 T cells demonstrating direct modulation of GM-CSF.;Importantly, we show that STAT4 interacts with the Csf2 locus in MOG35–55-activated effector CD4 T cells demonstrating direct modulation of GM-CSF.;26123499;2015;STAT4 controls GM-CSF production by both Th1 and Th17 cells during EAE
Hprt;Mus musculus;15452;hypoxanthine guanine phosphoribosyl transferase;"HPGRT; Hprt1";protein coding;Ensembl:ENSMUSG00000025630 AllianceGenome:MGI:96217;"X A5; X 29.31 cM";serum;Lymphocyte;PCR;EAE;N/A;C57BL/6;n = 5mice group;up-regulation;Disease risk;The selection of T cell clones with mutations in the hypoxanthine guanine phosphoribosyltransferase (hprt) gene has been used to isolate T cells reactive to myelin basic protein (MBP) in patients with multiple sclerosis (MS). These T cell clones are activated in vivo, and are not found in healthy individuals. The third complementarity determining regions (CDR3) of the T cell receptor (TCR) alpha and beta chains are the putative contact sites for peptide fragments of MBP bound in the groove of the HLA molecule. The TCR V gene usage and CDR3s of these MBP-reactive hprt-T cell clones are homologous to TCRs from other T cells relevant to MS, including T cells causing experimental allergic encephalomyelitis (EAE) and T cells found in brain lesions and in the cerebrospinal fluid (CSF) of MS patients. In vivo activated MBP-reactive T cells in MS patients may be critical in the pathogenesis of MS.;The selection of T cell clones with mutations in the hypoxanthine guanine phosphoribosyltransferase (hprt) gene has been used to isolate T cells reactive to myelin basic protein (MBP) in patients with multiple sclerosis (MS). These T cell clones are activated in vivo, and are not found in healthy individuals. The third complementarity determining regions (CDR3) of the T cell receptor (TCR) alpha and beta chains are the putative contact sites for peptide fragments of MBP bound in the groove of the HLA molecule. The TCR V gene usage and CDR3s of these MBP-reactive hprt-T cell clones are homologous to TCRs from other T cells relevant to MS, including T cells causing experimental allergic encephalomyelitis (EAE) and T cells found in brain lesions and in the cerebrospinal fluid (CSF) of MS patients. In vivo activated MBP-reactive T cells in MS patients may be critical in the pathogenesis of MS.;8040252;1994;Homologies between T cell receptor junctional sequences unique to multiple sclerosis and T cells mediating experimental allergic encephalomyelitis
Inpp4b;Mus musculus;234515;inositol polyphosphate-4-phosphatase, type II;E130107I17Rik;protein coding;Ensembl:ENSMUSG00000037940 AllianceGenome:MGI:2158925;"8 C2; 8 39.02 cM";cerebrum, cerebellum, spinal cord, and skeletal muscle;N/A;RT-PCR;EAE;N/A;C57BL/6;n = 15 mice;down-regulation;Disease risk;An association of an INPP4B polymorphism (rs13102150) with MS was observed in German and Spanish MS cohorts (3676 controls and 911 cases) (P Z 8.8 ? 10?3).;An association of an INPP4B polymorphism (rs13102150) with MS was observed in German and Spanish MS cohorts (3676 controls and 911 cases) (P Z 8.8 ? 10?3).;25129256;2014;Nerve Conduction Velocity Is Regulated by the Inositol Polyphosphate-4-Phosphatase II Gene
Nlrp3;Mus musculus;216799;NLR family, pyrin domain containing 3;"FCU; MWS; FCAS; Cias1; Mmig1; NALP3; Pypaf1; AII/AVP; AGTAVPRL";protein coding;Ensembl:ENSMUSG00000032691 AllianceGenome:MGI:2653833;"11; 11 B1.3";spinal cord;NA;PCR;EAE;N/A;C57BL/7;NA;up-regulation;Disease risk;At the 3 week time point,Nlrp3 ?/? mice showed significantly reduced disease scores (Fig.3c) and retained more myelin as determined by the CNPase stain for myelin (Fig. 3d) when compared with wild-type controls.;At the 3 week time point,Nlrp3 ?/? mice showed significantly reduced disease scores (Fig.3c) and retained more myelin as determined by the CNPase stain for myelin (Fig. 3d) when compared with wild-type controls.;21106820;2010;The inflammasome sensor, NLRP3, regulates CNS inflammation and demyelination via caspase-1 and interleukin-18
Fadd;Mus musculus;14082;Fas (TNFRSF6)-associated via death domain;Mort1/FADD;protein coding;Ensembl:ENSMUSG00000031077 AllianceGenome:MGI:109324;"7 F5; 7 88.85 cM";peripheral blood;NA;real-time quantitative PCR.;EAE;N/A;C57BL/6;NA;up-regulation;Phenotypic risk;We found that overexpression of the long form of human FLICE-inhibitory protein by retroviral gene transfer of hemopoietic stem cells led to a clinically more severe EAE in these mice compared with control mice receiving the retroviral vector alone.;Subsidence of inflammation and clinical recovery in experimental autoimmune encephalomyelitis (EAE) is postulated to involve apoptosis of inflammatory cells.;12574377;2015;Expression of the Long Form of Human FLIP by Retroviral Gene Transfer of Hemopoietic Stem Cells Exacerbates Experimental Autoimmune Encephalomyelitis
STAT1;Homo sapiens;6772;signal transducer and activator of transcription 1;"CANDF7; IMD31A; IMD31B; IMD31C; ISGF-3; STAT91";protein coding;"Ensembl:ENSG00000115415 MIM:600555; AllianceGenome:HGNC:11362";2q32.2;peripheral blood;NA;RT-qPCR;MS;N/A;NA;6MS;up-regulation;Treatment risk;Based on this proof of concept study, we hypothesize that NAb effects can be monitored by evaluation of a single biomarker, pStat1, in either monocytes or T cells by phosphoflow directly after IFN-b administration. The method will significantly reduce cost relative to labor intensive in vitro methods and offers a patient-specific approach to NAb evaluation.;Anti interferon-beta (IFN-b) neutralizing antibodies (NAb) affect efficacy of treatment of multiple sclerosis patients, but exactly when the detrimental effects of NAbs offset therapeutic efficacy is debated. Quantification of intracellular pathway-specific phosphorylation by phospho-specific flow cytometry (phosphoflow) is a promising tool for evaluation of these effects in primary immune cells from treated patients at the single-cell level.;24586361;2014;Deficient Phosphorylation of Stat1 in Leukocytes Identifies Neutralizing Antibodies in Multiple Sclerosis Patients Treated with Interferon-Beta
CXCL10;Homo sapiens;3627;C-X-C motif chemokine ligand 10;"C7; IFI10; INP10; IP-10; crg-2; mob-1; SCYB10; gIP-10";protein coding;"Ensembl:ENSG00000169245 MIM:147310; AllianceGenome:HGNC:10637";4q21.1;peripheral blood;NA;real-time PCR.;MS;RRMS;NA;22MS/25Health;up-regulation;Disease risk;Circulating MSCs, IP-10 and SDF-1α levels, increased in RRMS patients with clinically active not on DMT and IFN-β therapy reduced circulating MSCs and SDF-1α levels.;Mesenchymal stem cells (MSCs) have the capacity to migrate into the inflammatory regions in response to chemokines such as, IP-10 and SDF-1α and function as anti-inflammatory and immunomodulatory cells;31421626;2019;Circulating mesenchymal stem cells, stromal derived factor (SDF)-1 and IP-10 levels increased in clinically active multiple sclerosis patients but not in clinically stable patients treated with beta interfero
CXCR4;Homo sapiens;7852;C-X-C motif chemokine receptor 4;"FB22; HM89; LAP3; LCR1; NPYR; WHIM; CD184; LAP-3; LESTR; NPY3R; NPYRL; WHIMS; HSY3RR; NPYY3R; WHIMS1; D2S201E";protein coding;"Ensembl:ENSG00000121966 MIM:162643; AllianceGenome:HGNC:2561";2q22.1;peripheral blood;NA;real-time PCR.;MS;RRMS;NA;22MS/25Health;up-regulation;Disease risk;Circulating MSCs, IP-10 and SDF-1α levels, increased in RRMS patients with clinically active not on DMT and IFN-β therapy reduced circulating MSCs and SDF-1α levels.;Mesenchymal stem cells (MSCs) have the capacity to migrate into the inflammatory regions in response to chemokines such as, IP-10 and SDF-1α and function as anti-inflammatory and immunomodulatory cells;31421626;2019;Circulating mesenchymal stem cells, stromal derived factor (SDF)-1 and IP-10 levels increased in clinically active multiple sclerosis patients but not in clinically stable patients treated with beta interfero
PINK1-AS;Homo sapiens;100861548;PINK1 antisense RNA;"NAPINK1; PINK1AS; PINK1-AS1";protein coding;Ensembl:ENSG00000117242 AllianceGenome:HGNC:38872;1p36.12;peripheral blood;NA;PCR;MS;RRMS;NA;50MS/50Health;up-regulation;Disease risk;Based on the altered expression of PINK1-AS in the peripheral blood of MS patients, PINK1-AS might be a putative culpript in the pathogenesis of MS. We recommend conduction of additional studies to unravel the mechanism of PINK1-AS partake in the MS;Recent investigations which have aimed at unrav-eling the etiology of multiple sclerosis (MS), have underscored the role of mitochondria in this disorder. PINK1 gene codes a serine/threonine kinase that protects mitochondria and main-tains its normal function.;33161812;2019;Expression analysis of PINK1 and PINK1-AS in multiple sclerosis patients versus healthy subjects
Il23a;Mus musculus;83430;interleukin 23, alpha subunit p19;"p19; IL-23";protein coding;Ensembl:ENSMUSG00000025383 AllianceGenome:MGI:1932410;"10; 10 D3";peripheral blood;NA;real-time PCR.;EAE;N/A;C57BL/6;n = 5mice;up-regulation;Disease risk;Using passive transfer studies, we confirm that these IL-23–dependent CD4 ? T cells are highly pathogenic and essential for the establishment of organ-specific inflammation associated with central nervous system autoimmunity.;Interleukin (IL)-23 is a heterodimeric cytokine composed of a unique p19 subunit, and a common p40 subunit shared with IL-12.;15657292;2005;IL-23 drives a pathogenic T cell population that induces autoimmune inflammation
SGPL1;Homo sapiens;8879;sphingosine-1-phosphate lyase 1;"SPL; S1PL; NPHS14";protein coding;"Ensembl:ENSG00000166224 MIM:603729; AllianceGenome:HGNC:10817";10q22.1;peripheral blood;NA;PCR;MS;MS;NA;803 cases and 1516 controls;up-regulation;Treatment risk;Among the exclusive binding partners of the risk variant, we describe the novel interaction with sphingosine 1-phosphate lyase (SGPL1)—a key enzyme for the creation of the sphingosine-1 phosphate gradient, which is relevant to the pathogenic process and therapeutic management of MS.;Despite recent progress in the characterization of genetic loci associated with multiple sclerosis (MS) risk, the ubiquitous linkage disequilibrium operating across the genome has stalled efforts to distinguish causative variants from proxy single-nucleotide polymorphisms (SNPs).;26433934;2015;A non-synonymous single-nucleotide polymorphism associated with multiple sclerosis risk affects the EVI5 interactome
EVI5;Homo sapiens;7813;ecotropic viral integration site 5;"NB4S; EVI-5";protein coding;"Ensembl:ENSG00000067208 MIM:602942; AllianceGenome:HGNC:3501";1p22.1;peripheral blood;NA;PCR;MS;MS;NA;803 cases and 1516 controls;up-regulation;Disease risk;We further show that an exonic SNP associated with risk induces changes in superficial hydrophobicity patterns of the coiled-coil domain of EVI5, which, in turns, affects the EVI5 interactome. Immunoprecipitation of wild-type and mutated EVI5 followed by mass spectrometry generated a roster of disease-specific interactors functionally linked to lipid metabolism.;Despite recent progress in the characterization of genetic loci associated with multiple sclerosis (MS) risk, the ubiquitous linkage disequilibrium operating across the genome has stalled efforts to distinguish causative variants from proxy single-nucleotide polymorphisms (SNPs).;26433934;2015;A non-synonymous single-nucleotide polymorphism associated with multiple sclerosis risk affects the EVI5 interactome
HSPA5;Homo sapiens;3309;heat shock protein family A (Hsp70) member 5;"BIP; GRP78; HEL-S-89n";protein coding;"Ensembl:ENSG00000044574 MIM:138120; AllianceGenome:HGNC:5238";9q33.3;peripheral blood;NA;RT-PCR;MS;RRMS/SPMS/CIS;NA;30MS;up-regulation;Disease risk;We observed endoplasmic reticulum swelling in MS skin fibroblasts, and increased gene expression of cell stress markers including BIP, ATF4, CHOP, GRP94, P53, and P21.;Multiple sclerosis (MS) is a central nervous system inflammatory demyelinating disease and the most common cause of non-traumatic disability in young adults.;32640422;2020;Signatures of cell stress and altered bioenergetics in skin fibroblasts from patients with multiple sclerosis
DDIT3;Homo sapiens;1649;DNA damage inducible transcript 3;"CHOP; CEBPZ; CHOP10; CHOP-10; GADD153; AltDDIT3; C/EBPzeta";protein coding;"Ensembl:ENSG00000175197 MIM:126337; AllianceGenome:HGNC:2726";12q13.3;peripheral blood;NA;RT-PCR;MS;RRMS/SPMS/CIS;NA;30MS;up-regulation;Disease risk;We observed endoplasmic reticulum swelling in MS skin fibroblasts, and increased gene expression of cell stress markers including BIP, ATF4, CHOP, GRP94, P53, and P21.;Multiple sclerosis (MS) is a central nervous system inflammatory demyelinating disease and the most common cause of non-traumatic disability in young adults.;32640422;2020;Signatures of cell stress and altered bioenergetics in skin fibroblasts from patients with multiple sclerosis
ATF4;Homo sapiens;468;activating transcription factor 4;"CREB2; TXREB; CREB-2; TAXREB67";protein coding;"Ensembl:ENSG00000128272 MIM:604064; AllianceGenome:HGNC:786";22q13.1;peripheral blood;NA;RT-PCR;MS;RRMS/SPMS/CIS;NA;30MS;up-regulation;Disease risk;We observed endoplasmic reticulum swelling in MS skin fibroblasts, and increased gene expression of cell stress markers including BIP, ATF4, CHOP, GRP94, P53, and P21.;Multiple sclerosis (MS) is a central nervous system inflammatory demyelinating disease and the most common cause of non-traumatic disability in young adults.;32640422;2020;Signatures of cell stress and altered bioenergetics in skin fibroblasts from patients with multiple sclerosis
HSP90B1;Homo sapiens;7184;heat shock protein 90 beta family member 1;"ECGP; GP96; TRA1; GRP94; HEL35; HEL-S-125m";protein coding;"Ensembl:ENSG00000166598 MIM:191175; AllianceGenome:HGNC:12028";12q23.3;peripheral blood;NA;RT-PCR;MS;RRMS/SPMS/CIS;NA;30MS;up-regulation;Disease risk;We observed endoplasmic reticulum swelling in MS skin fibroblasts, and increased gene expression of cell stress markers including BIP, ATF4, CHOP, GRP94, P53, and P21.;Multiple sclerosis (MS) is a central nervous system inflammatory demyelinating disease and the most common cause of non-traumatic disability in young adults.;32640422;2020;Signatures of cell stress and altered bioenergetics in skin fibroblasts from patients with multiple sclerosis
TP53;Homo sapiens;7157;tumor protein p53;"P53; BCC7; LFS1; BMFS5; TRP53";protein coding;"Ensembl:ENSG00000141510 MIM:191170; AllianceGenome:HGNC:11998";17p13.1;peripheral blood;NA;RT-PCR;MS;RRMS/SPMS/CIS;NA;30MS;up-regulation;Disease risk;We observed endoplasmic reticulum swelling in MS skin fibroblasts, and increased gene expression of cell stress markers including BIP, ATF4, CHOP, GRP94, P53, and P21.;Multiple sclerosis (MS) is a central nervous system inflammatory demyelinating disease and the most common cause of non-traumatic disability in young adults.;32640422;2020;Signatures of cell stress and altered bioenergetics in skin fibroblasts from patients with multiple sclerosis
CDKN1A;Homo sapiens;1026;cyclin dependent kinase inhibitor 1A;"P21; CIP1; SDI1; WAF1; CAP20; CDKN1; MDA-6; p21CIP1";protein coding;"Ensembl:ENSG00000124762 MIM:116899; AllianceGenome:HGNC:1784";6p21.2;peripheral blood;NA;RT-PCR;MS;RRMS/SPMS/CIS;NA;30MS;up-regulation;Disease risk;We observed endoplasmic reticulum swelling in MS skin fibroblasts, and increased gene expression of cell stress markers including BIP, ATF4, CHOP, GRP94, P53, and P21.;Multiple sclerosis (MS) is a central nervous system inflammatory demyelinating disease and the most common cause of non-traumatic disability in young adults.;32640422;2020;Signatures of cell stress and altered bioenergetics in skin fibroblasts from patients with multiple sclerosis
Trem2;Mus musculus;83433;triggering receptor expressed on myeloid cells 2;"TREM-2; Trem2a; Trem2b; Trem2c";protein coding;Ensembl:ENSMUSG00000023992 AllianceGenome:MGI:1913150;"17; 17 C";Brain;microglia;RT-qPCR;EAE;N/A;C57BL/6;n =20mice;up-regulation;Disease risk;These results are relevant as they propose TREM2 on microglia as a potential new target to promote remyelination.;Multiple sclerosis (MS) is an inflammatory, demyelinating, and neurodegenerative disease of the central nervous system (CNS) triggered by autoimmune mechanisms.;32772264;2020;TREM2 activation on microglia promotes myelin debris clearance and remyelination in a model of multiple sclerosis
CYP27B1;Homo sapiens;1594;cytochrome P450 family 27 subfamily B member 1;"VDR; CP2B; CYP1; PDDR; VDD1; VDDR; VDDRI; CYP27B; P450c1; CYP1alpha";protein coding;"Ensembl:ENSG00000111012 MIM:609506; AllianceGenome:HGNC:2606";12q14.1;Brain;dendritic cells;real-time PCR.;MS;MS;NA;NA;down-regulation;Disease risk;These data support therapeutic approaches aimed at targeting Vitamin D effects on DCs;Genome-wide association studies have identified a linkage disequilibrium block on chromosome 12 associated with multiple sclerosis (MS), type 1 diabetes and other autoimmune diseases.;24158849;2013;The CYP27B1 variant associated with increased risk of autoimmune disease is underexpressed in tolerising dendritic cells
MMP3;Homo sapiens;4314;matrix metallopeptidase 3;"SL-1; STMY; STR1; CHDS6; MMP-3; STMY1";protein coding;"Ensembl:ENSG00000149968 MIM:185250; AllianceGenome:HGNC:7173";11q22.2;Brain;B cell;PCR;MS;MS;NA;6 cases and 15 controls;up-regulation;Disease risk;Autopsied brain sections from multiple sclerosis patients containing aggregates of B cells expressed a significantly higher amount of matrix metalloproteinase-3 compared to controls;There has been a growing interest in the presence and role of B cell aggregates within the central nervous system of multiple sclerosis patients.;36389698;2022;Identification of a novel role for matrix metalloproteinase-3 in the modulation of B cell responses in multiple sclerosis
HSPA4;Homo sapiens;3308;eat shock protein family A (Hsp70) member 4;"RY; APG-2; HSPH2; hsp70; hsp70RY; HEL-S-5a; HS24/P52";protein coding;"Ensembl:ENSG00000170606 MIM:601113; AllianceGenome:HGNC:5237";5q31.1;PBMC;NA;RT-PCR;MS;MS;NA;549 cases and 540controls;up-regulation;Disease risk;These results indicate that immune cells from MS patients are more prone to Hsp70 induction under stress conditions, suggesting a possible link between Hsp70 overexpression and development of auto-immunity.;Heat shock protein 70 (Hsp70), a prominent member of the heat shock protein family, is a stress-induced chap-erone, contributing to the ‘‘protein triage’’ mechanism;20806409;2010;Aberrant Stress-Induced Hsp70 Expression in Immune Cells in Multiple Sclerosis
NFE2L2;Homo sapiens;4780;NFE2 like bZIP transcription factor 2;"NRF2; HEBP1; Nrf-2; IMDDHH";protein coding;"Ensembl:ENSG00000116044 MIM:600492; AllianceGenome:HGNC:7782";2q31.2;peripheral blood;NA;real-time PCR.;MS;RRMS;Iranian origin;29 cases and 15 controls;up-regulation;Disease risk;Furthermore, the catalase expression augmented in patients at the acute phase (P value < 0.05), while an increased expression of SOD1 and Nrf2 was found in RRMS patients at relapse and remission phases (P value < 0.05).;As a prevalent autoimmune disease of the central nervous system in young adults, multiple sclerosis (MS) is mediated by T cells,particularly CD4+ subsets. Given the evidence that the perturbation in reactive oxygen species (ROS) production has a pivotal role in the onset and progression of MS, its regulation through the antioxidant molecules is too important.;33354282;2020;Redox Imbalance in CD4+ T Cells of Relapsing-Remitting Multiple Sclerosis Patients
SOD1;Homo sapiens;6647;superoxide dismutase 1;"ALS; SOD; ALS1; IPOA; STAHP; hSod1; HEL-S-44; homodimer";protein coding;"Ensembl:ENSG00000142168 MIM:147450; AllianceGenome:HGNC:11179";21q22.11;peripheral blood;NA;real-time PCR.;MS;RRMS;Iranian origin;29 cases and 15 controls;up-regulation;Disease risk;Furthermore, the catalase expression augmented in patients at the acute phase (P value < 0.05), while an increased expression of SOD1 and Nrf2 was found in RRMS patients at relapse and remission phases (P value < 0.05).;As a prevalent autoimmune disease of the central nervous system in young adults, multiple sclerosis (MS) is mediated by T cells,particularly CD4+ subsets. Given the evidence that the perturbation in reactive oxygen species (ROS) production has a pivotal role in the onset and progression of MS, its regulation through the antioxidant molecules is too important.;33354282;2020;Redox Imbalance in CD4+ T Cells of Relapsing-Remitting Multiple Sclerosis Patients
CAT;Homo sapiens;847;catalase;NA;protein coding;"Ensembl:ENSG00000121691 MIM:115500; AllianceGenome:HGNC:1516";11p13;peripheral blood;NA;real-time PCR.;MS;RRMS;Iranian origin;29 cases and 15 controls;up-regulation;Phenotypic risk;Furthermore, the catalase expression augmented in patients at the acute phase (P value < 0.05), while an increased expression of SOD1 and Nrf2 was found in RRMS patients at relapse and remission phases (P value < 0.05).;As a prevalent autoimmune disease of the central nervous system in young adults, multiple sclerosis (MS) is mediated by T cells,particularly CD4+ subsets. Given the evidence that the perturbation in reactive oxygen species (ROS) production has a pivotal role in the onset and progression of MS, its regulation through the antioxidant molecules is too important.;33354282;2020;Redox Imbalance in CD4+ T Cells of Relapsing-Remitting Multiple Sclerosis Patients
CYBB;Homo sapiens;1536;cytochrome b-245 beta chain;"CGD; CGDX; NOX2; IMD34; AMCBX2; GP91-1; GP91PHOX; p91-PHOX; GP91-PHOX";protein coding;"Ensembl:ENSG00000165168 MIM:300481; AllianceGenome:HGNC:2578";Xp21.1-p11.4;peripheral blood;NA;real-time PCR.;MS;RRMS;Iranian origin;29 cases and 15 controls;up-regulation;Phenotypic risk;Furthermore, the catalase expression augmented in patients at the acute phase (P value < 0.05), while an increased expression of SOD1 and Nrf2 was found in RRMS patients at relapse and remission phases (P value < 0.05).;As a prevalent autoimmune disease of the central nervous system in young adults, multiple sclerosis (MS) is mediated by T cells,particularly CD4+ subsets. Given the evidence that the perturbation in reactive oxygen species (ROS) production has a pivotal role in the onset and progression of MS, its regulation through the antioxidant molecules is too important.;33354282;2020;Redox Imbalance in CD4+ T Cells of Relapsing-Remitting Multiple Sclerosis Patients
LILRA3;Homo sapiens;11026;leukocyte immunoglobulin like receptor A3;"HM31; HM43; ILT6; LIR4; CD85E; ILT-6; LIR-4";protein coding;MIM:604818;19q13.4;peripheral blood;NA;PCR;MS;RRMS/PPMS/SPMS;Caucasian German and French MS patients;723 cases and 751 controls;down-regulation;Disease risk;ILT6 deficiency is associated with MS in the German population and hence a likely risk factor for autoimmune disorders;Family studies have shown strong genetic contributions. Linkage analyses have revealed several regions harboring risk genes including chromosome region 19q13.;15815690;2005;Association of multiple sclerosis with ILT6 deficiency
MPO;Homo sapiens;4353;myeloperoxidase;NA;protein coding;"Ensembl:ENSG00000005381 MIM:606989; AllianceGenome:HGNC:7218";17q22;peripheral blood;microgliar/macrophages;PCR;MS;MS;NA;NA;up-regulation;Disease risk;This is the first evidence that MPO is present in microgliarmacrophages at MS lesions, that MPO gene expression occurs in microglia and that MPO plays a role in MS pathogenesis as shown by the allelic disequilibrium in early onset disease.;The myeloperoxidase enzyme MPO is expressed specifically in myeloid cells and catalyzes the formation of hypochlorous acid and other cytotoxic oxidants.;9307233;1997;Immunohistochemical and genetic evidence of myeloperoxidase involvement in multiple sclerosis
STAT5A;Homo sapiens;6776;signal transducer and activator of transcription 5A;"MGF; STAT5";protein coding;"Ensembl:ENSG00000126561 MIM:601511; AllianceGenome:HGNC:11366";17q21.2;peripheral blood;NA;Quantitative real time PCR;MS;RRMS;NA;50MS/50Health;down-regulation;Disease risk;We found that STAT5a expression was significantly down-regulated (p = .049), whereas STAT6 gene expression was significantly up-regulated (p = .046) in MS patients compared with controls.;Cytokines have an important role in inflammation as characteristic feature of the disease. Janus kinase/signal transducers and activators of transcriptions (JAK/STAT) family promote cytokine-mediated cell activation.;29126764;2018;STAT5a and STAT6 gene expression levels in multiple sclerosis patients
STAT6;Homo sapiens;6778;signal transducer and activator of transcription 6;"STAT6B; STAT6C; D12S1644; IL-4-STAT";protein coding;"Ensembl:ENSG00000166888 MIM:601512; AllianceGenome:HGNC:11368";12q13.3;peripheral blood;NA;Quantitative real time PCR;MS;MS;NA;50MS/50Health;up-regulation;Disease risk;We found that STAT5a expression was significantly down-regulated (p = .049), whereas STAT6 gene expression was significantly up-regulated (p = .046) in MS patients compared with controls.;Cytokines have an important role in inflammation as characteristic feature of the disease. Janus kinase/signal transducers and activators of transcriptions (JAK/STAT) family promote cytokine-mediated cell activation.;29126764;2018;STAT5a and STAT6 gene expression levels in multiple sclerosis patients
PPARGC1A;Homo sapiens;10891;PPARG coactivator 1 alpha;"LEM6; PGC1; PGC1A; PGC-1v; PPARGC1; PGC-1alpha; PGC-1(alpha)";protein coding;"Ensembl:ENSG00000109819 MIM:604517; AllianceGenome:HGNC:9237";4p15.2;Brain;NA;Real-time quantitative PCR;MS;MS;NA;15MS/9Health;down-regulation;Disease risk;Taken together, our data indicate that reduced neuronal PGC-1a expression in MS cortex partly underlies mitochondrial dysfunction in MS grey matter and thereby contributes to neurodegeneration in MS cortex.;There is growing evidence that mitochondrial dysfunction and associated reactive oxygen species (ROS)formation contribute to neurodegenerative processes in multiple sclerosis (MS).;23073717;2013;Reduced expression of PGC-1a partly underlies mitochondrial changes and correlates with neuronal loss in multiple sclerosis cortex
SP3;Homo sapiens;6670;Sp3 transcription factor;SPR2;protein coding;"Ensembl:ENSG00000172845 MIM:601804; AllianceGenome:HGNC:11208";2q31.1;PBMC;NA;RT-PCR;MS;MS;NA;NA;down-regulation;Disease risk;We propose that transcription of the Sp3 gene is blocked in immune cells from most patients with MS and that this contributes to the development of central nervous system inflammation in the disease.;We previously reported the lack of expression of the bifunctional transcription factor Sp3 in peripheral blood mononuclear cells from most patients with multiple sclerosis (MS);12218073;2002;Sp3 Expression in Immune Cells: A Quantitative Study
TNFRSF11B;Homo sapiens;4982;TNF receptor superfamily member 11b;"OPG; TR1; OCIF; PDB5";protein coding;"Ensembl:ENSG00000164761 MIM:602643; AllianceGenome:HGNC:11909";8q24.12;PBL and CSF;NA;qPCR;MS;MS/RRMS;NA;33MS/30RRMS/35Control;down-regulation;Disease risk;Our study revealed that changes of RANKL/RANK/OPG axis are associated with MS, particularly the decreased OPG level in the CSF at disease onset. Therefore, these factors may serve as disease bio-markers and molecular targets of novel therapeutic ap-proaches.;Our study focused on the RANKL (receptor acti-vator of nuclear factor-κB ligand)/RANK/OPG (osteoprote-gerin) axis and selected proinflammatory/immunoregula-tory upstream mediators in the peripheral blood (PBL) and cerebrospinal fluid (CSF) of multiple sclerosis (MS) patients;29920500;2017;RANKL/RANK/OPG Axis Is Deregulated in the Cerebrospinal Fluid of Multiple Sclerosis Patients at Clinical Onset
TLR4;Homo sapiens;7099;toll like receptor 4;"TOLL; CD284; TLR-4; ARMD10";protein coding;"Ensembl:ENSG00000136869 MIM:603030; AllianceGenome:HGNC:11850";9q33.1;peripheral blood;NA;PCR;MS;MS;NA;20MS/23Control;down-regulation;Disease risk;MS patients had greater post-exercise increases than controls in β-1 and β-2 adrenergic receptor expression (1.4 ± .27 and 1.3 ± .06 fold increase, respectively, p=.02 and <.001) and greater decreases in TLR4 (p=.02).;Chronic fatigue syndrome (CFS) and multiple sclerosis (MS) are characterized by debilitating fatigue, yet evaluation of this symptom is subjective.;22210239;2012;Differences in metabolite-detecting, adrenergic, and immune gene expression following moderate exercise in chronic fatigue syndrome, multiple sclerosis and healthy controls
PTPN6;Homo sapiens;5777;protein tyrosine phosphatase non-receptor type 6;"HCP; HCPH; SHP1; SHP-1; HPTP1C; PTP-1C; SHP-1L; SH-PTP1";protein coding;"Ensembl:ENSG00000111679 MIM:176883; AllianceGenome:HGNC:9658";12p13.31;Brain;NA;PCR;MS;MS;NA;NA;down-regulation;Disease risk;Furthermore, we demonstrate that SHP-1 is expressed in human white matter oligodendrocytes and there is a subset of multiple sclerosis (MS) subjects that demonstrate a deficiency of SHP-1 in normal appearing white matter (NAWM).;We have previously described reduced myelination and corresponding myelin basic protein (MBP) expression in the CNS of Src homology 2 domain-containing protein tyrosine phosphatase 1 (SHP-1) deficient motheaten (me/me) mice compared to normal littermate controls.;25919645;2015;The control of reactive oxygen species production by SHP-1 in oligodendrocytes
PTPN6;Homo sapiens;5777;protein tyrosine phosphatase non-receptor type 6;"HCP; HCPH; SHP1; SHP-1; HPTP1C; PTP-1C; SHP-1L; SH-PTP1";protein coding;"Ensembl:ENSG00000111679 MIM:176883; AllianceGenome:HGNC:9658";12p13.31;peripheral blood;Macrophages;RT-PCR;MS;MS;NA;NA;down-regulation;Disease risk;In conclusion, macrophages of MS patients display a deficiency of SHP-1 expression, heightened activation of STAT6, STAT1, and NF-κB and a corresponding inflammatory profile that may be important in controlling macrophage-mediated demyelination in MS.;Recent studies in mice have demonstrated that the protein tyrosine phosphatase SHP-1 is a crucial negative regulator of pro-inflammatory cytokine signaling, TLR signaling, and inflammatory gene expression;19398961;2009;Macrophages of multiple sclerosis patients display deficient SHP-1 expression and enhanced inflammatory phenotype
STAT6;Homo sapiens;6778;signal transducer and activator of transcription 6;"STAT6B; STAT6C; D12S1644; IL-4-STAT";protein coding;"Ensembl:ENSG00000166888 MIM:601512; AllianceGenome:HGNC:11368";12q13.3;peripheral blood;Macrophages;RT-PCR;MS;MS;NA;NA;up-regulation;Disease risk;In conclusion, macrophages of MS patients display a deficiency of SHP-1 expression, heightened activation of STAT6, STAT1, and NF-κB and a corresponding inflammatory profile that may be important in controlling macrophage-mediated demyelination in MS.;Recent studies in mice have demonstrated that the protein tyrosine phosphatase SHP-1 is a crucial negative regulator of pro-inflammatory cytokine signaling, TLR signaling, and inflammatory gene expression;19398961;2009;Macrophages of multiple sclerosis patients display deficient SHP-1 expression and enhanced inflammatory phenotype
STAT1;Homo sapiens;6772;signal transducer and activator of transcription 1;"CANDF7; IMD31A; IMD31B; IMD31C; ISGF-3; STAT91";protein coding;"Ensembl:ENSG00000115415 MIM:600555; AllianceGenome:HGNC:11362";2q32.2;peripheral blood;Macrophages;RT-PCR;MS;MS;NA;NA;up-regulation;Disease risk;In conclusion, macrophages of MS patients display a deficiency of SHP-1 expression, heightened activation of STAT6, STAT1, and NF-κB and a corresponding inflammatory profile that may be important in controlling macrophage-mediated demyelination in MS.;Recent studies in mice have demonstrated that the protein tyrosine phosphatase SHP-1 is a crucial negative regulator of pro-inflammatory cytokine signaling, TLR signaling, and inflammatory gene expression;19398961;2009;Macrophages of multiple sclerosis patients display deficient SHP-1 expression and enhanced inflammatory phenotype
NFKB1;Homo sapiens;4790;nuclear factor kappa B subunit 1;"KBF1; EBP-1; NF-kB; CVID12; NF-kB1; NFKB-p50; NFkappaB; NF-kappaB; NFKB-p105; NF-kappa-B1; NF-kappabeta";protein coding;"Ensembl:ENSG00000109320 MIM:164011; AllianceGenome:HGNC:7794";4q24;peripheral blood;Macrophages;RT-PCR;MS;MS;NA;NA;up-regulation;Disease risk;In conclusion, macrophages of MS patients display a deficiency of SHP-1 expression, heightened activation of STAT6, STAT1, and NF-κB and a corresponding inflammatory profile that may be important in controlling macrophage-mediated demyelination in MS.;Recent studies in mice have demonstrated that the protein tyrosine phosphatase SHP-1 is a crucial negative regulator of pro-inflammatory cytokine signaling, TLR signaling, and inflammatory gene expression;19398961;2009;Macrophages of multiple sclerosis patients display deficient SHP-1 expression and enhanced inflammatory phenotype
TNF;Homo sapiens;7124;tumor necrosis factor;"DIF; TNFA; TNFSF2; TNLG1F; TNF-alpha";protein coding;"Ensembl:ENSG00000232810 MIM:191160; AllianceGenome:HGNC:11892";6p21.33;peripheral blood;NA;PCR;MS;RRMS/PPMS/SPMS;Caucasian and of Northern Irish;189MS/206Control;up-regulation;Phenotypic risk;We conclude that whilst a trend exists, we have found no significant association between peripheral TNFa production and a specific MS associated TNF haplotype in this population. Paradoxically this haplotype may also predict a more favourable clinical course;To determine if monocyte TNFa production from patients homozygous for a specific MS associated TNF gene haplotype is different from that produced in patients either heterozygous for, or without this haplotype.;10408716;1999;Relationship between tumour necrosis factor-alpha (TNFa) production and a specific multiple sclerosis (MS) associated TNF gene haplotype
SERPINE1;Homo sapiens;5054;serpin family E member 1;"PAI; PAI1; PAI-1; PLANH1";protein coding;"Ensembl:ENSG00000106366 MIM:173360; AllianceGenome:HGNC:8583";7q22.1;peripheral blood;NA;PCR;MS;RRMS/SPMS;Mexican mestizo;200MS/200Control;up-regulation;Disease risk;"A significant association was found between the CG genotype of the HindIII C>G PAI-1 polymorphism and susceptibility to MS (OR = 1:58, p = 0:03); moreover, the frequency of 5G allele and 5G/5G genotype of the 4G/5G PAI-1 polymorphism was statistically significant (OR = 1:36 and p = 0:04 and OR = 2:43 and p = 0:02, respectively).";Tissue plasminogen activator (tPA) is a serine protease that enhances the conversion of plasminogen into its active form plasmin, the principal tPA inhibitor is the PAI-1.;31687051;2019;Association between the -844 G>A, HindIII C>G, and 4G/5G PAI-1 Polymorphisms and Susceptibility to Multiple Sclerosis in Western Mexican Population
PRF1;Homo sapiens;5551;perforin 1;"P1; PFP; HPLH2";protein coding;"Ensembl:ENSG00000180644 MIM:170280; AllianceGenome:HGNC:9360";10q22.1;peripheral blood;NA;PCR;MS;RRMS/PPMS/SPMS;Spanish population;420MS/324Control;up-regulation;Phenotypic risk;We genotyped three PRF1 single nucleotide polymorphisms (rs885822, rs10999426, and rs3758562) in 420 patients with MS and 512 controls.;The granule-dependent exocytosis pathway is an important mechanism to induce apoptosis by CD8+ T cells and NK cells and involves lytic molecules such as perforin.;20921521;2010;Gender-Associated Differences of Perforin Polymorphisms in the Susceptibility to Multiple Sclerosis
FOXP3;Homo sapiens;50943;forkhead box P3;"JM2; AIID; IPEX; PIDX; XPID; DIETER";protein coding;"Ensembl:ENSG00000049768 MIM:300292; AllianceGenome:HGNC:6106";Xp11.23;PBMC;NA;real-time PCR.;MS;RRMS/PPMS/SPMS;NA;191MS/200Control;up-regulation;Phenotypic risk;Also, expression of Foxp3 and levels of visfatin in relapsing remitting-MS(RR-MS) patients were higher compared with the other subgroups.;Adipocytokines may be involved in multiple sclerosis (MS) as well as other autoimmune and inflammatory-related diseases.;24098530;2013;Adipocytokine Profile, Cytokine Levels and Foxp3 Expression in Multiple Sclerosis: a Possible Link to Susceptibility and Clinical Course of Disease
NAMPT;Homo sapiens;10135;nicotinamide phosphoribosyltransferase;"VF; PBEF; PBEF1; VISFATIN; 1110035O14Rik";protein coding;"Ensembl:ENSG00000105835 MIM:608764; AllianceGenome:HGNC:30092";7q22.3;PBMC;NA;real-time PCR.;MS;RRMS/PPMS/SPMS;NA;191MS/200Control;up-regulation;Phenotypic risk;Also, expression of Foxp3 and levels of visfatin in relapsing remitting-MS(RR-MS) patients were higher compared with the other subgroups.;Adipocytokines may be involved in multiple sclerosis (MS) as well as other autoimmune and inflammatory-related diseases.;24098530;2013;Adipocytokine Profile, Cytokine Levels and Foxp3 Expression in Multiple Sclerosis: a Possible Link to Susceptibility and Clinical Course of Disease
TNF;Homo sapiens;7124;tumor necrosis factor;"DIF; TNFA; TNFSF2; TNLG1F; TNF-alpha";protein coding;"Ensembl:ENSG00000232810 MIM:191160; AllianceGenome:HGNC:11892";6p21.33;PBMC;NA;real-time PCR.;MS;RRMS/PPMS/SPMS;NA;191MS/200Control;up-regulation;Phenotypic risk;In controls, there were positive correlations between circulating leptin and resistin with TNF-α and IL-1β in subgroup analysis, the highest levels of TNF-α, IL-1β, hs-CRP, resistin and leptin were observed in primary progressive-MS (PP-MS) patients.;Adipocytokines may be involved in multiple sclerosis (MS) as well as other autoimmune and inflammatory-related diseases.;24098530;2013;Adipocytokine Profile, Cytokine Levels and Foxp3 Expression in Multiple Sclerosis: a Possible Link to Susceptibility and Clinical Course of Disease
IL1B;Homo sapiens;3553;interleukin 1 beta;"IL-1; IL1F2; IL1beta; IL1-BETA";protein coding;"Ensembl:ENSG00000125538 MIM:147720; AllianceGenome:HGNC:5992";2q14.1;PBMC;NA;real-time PCR.;MS;RRMS/PPMS/SPMS;NA;191MS/200Control;up-regulation;Phenotypic risk;In controls, there were positive correlations between circulating leptin and resistin with TNF-α and IL-1β in subgroup analysis, the highest levels of TNF-α, IL-1β, hs-CRP, resistin and leptin were observed in primary progressive-MS (PP-MS) patients.;Adipocytokines may be involved in multiple sclerosis (MS) as well as other autoimmune and inflammatory-related diseases.;24098530;2013;Adipocytokine Profile, Cytokine Levels and Foxp3 Expression in Multiple Sclerosis: a Possible Link to Susceptibility and Clinical Course of Disease
TNFSF15;Homo sapiens;9966;TNF superfamily member 15;"TL1; TL1A; VEGI; TNLG1B; VEGI192A";protein coding;"Ensembl:ENSG00000181634 MIM:604052; AllianceGenome:HGNC:11931";9q32;PBMC;NA;PCR;MS;RRMS/PPMS/SPMS;NA;58MS/16Control;up-regulation;Disease risk;Taken together, these findings suggest the TL1A should be evaluated further for its potential as a candidate biomarker of inflammatory activity and the marker of therapeutic response to immunomodulatory treatments in MS.;TL1A/DR3/DcR3 pathway is an important mediator of inflammatory responses and contributes to the pathogenesis of several chronic inflammatory diseases.;31445379;2019;Gene expression profiles of TNF-like cytokine 1A (TL1A) and its receptors death receptor 3 (DR3) and decoy receptor 3 (DcR3) in multiple sclerosis
RORC;Homo sapiens;6097;RAR related orphan receptor C;"TOR; RORG; RZRG; IMD42; NR1F3; RZR-GAMMA";protein coding;"Ensembl:ENSG00000143365 MIM:602943; AllianceGenome:HGNC:10260";1q21.3;peripheral blood;NA;RT-PCR;MS;RRMS;NA;83MS/44Control;up-regulation;Treatment risk;Further-more, RMRP has demonstrated moderate positive correlations with the expression of DDX5 and RORC in treated RRMS patients.;Although T helper 17 (Th17) lymphocytes protect mucosal barriers against infections, they have been implicated in the development of multiple sclerosis (MS).;33068674;2020;The expression analyses of RMRP, DDX5, and RORC in RRMS patients treated with different drugs versus na<U+00EF>ve patients and healthy controls
DDX5;Homo sapiens;1655;DEAD-box helicase 5;"p68; HLR1; G17P1; HUMP68";protein coding;"Ensembl:ENSG00000108654 MIM:180630; AllianceGenome:HGNC:2746";17q23.3;peripheral blood;NA;RT-PCR;MS;RRMS;NA;83MS/44Control;up-regulation;Treatment risk;Further-more, RMRP has demonstrated moderate positive correlations with the expression of DDX5 and RORC in treated RRMS patients.;Although T helper 17 (Th17) lymphocytes protect mucosal barriers against infections, they have been implicated in the development of multiple sclerosis (MS).;33068674;2020;The expression analyses of RMRP, DDX5, and RORC in RRMS patients treated with different drugs versus na<U+00EF>ve patients and healthy controls
RMRP;Homo sapiens;6023;RNA component of mitochondrial RNA processing endoribonuclease;"CHH; NME1; RRP2; RMRPR";protein coding;"Ensembl:ENSG00000277027 MIM:157660; AllianceGenome:HGNC:10031";9p13.3;peripheral blood;NA;RT-PCR;MS;RRMS;NA;83MS/44Control;up-regulation;Treatment risk;Among the comparisons of their expressions in the different groups of treated patients with treatment-na<U+00EF>ve patients, only the down-regulation of the RMRP expression level was significant in IFNβ-1α-treated patients;Although T helper 17 (Th17) lymphocytes protect mucosal barriers against infections, they have been implicated in the development of multiple sclerosis (MS).;33068674;2020;The expression analyses of RMRP, DDX5, and RORC in RRMS patients treated with different drugs versus na<U+00EF>ve patients and healthy controls
IFNAR2;Homo sapiens;3455;interferon alpha and beta receptor subunit 2;"IFN-R; IMD45; IFNABR; IFNARB; IFN-R-2; IFN-alpha-REC";protein coding;"Ensembl:ENSG00000159110 MIM:602376; AllianceGenome:HGNC:5433";21q22.11;peripheral blood;NA;PCR;MS;RRMS;NA;94MS/41Control;up-regulation;Treatment risk;IFN-b administration induces the production of sIFNAR2 in RRMS and higher levels might be associated to the reduction of therapeutic response. Thus, levels of sIFNAR2 could be monitored to optimize an effective response to IFN-b therapy.;Interferon beta receptor 2 subunit (IFNAR2) can be produced as a transmembrane protein, but also as a soluble form (sIFNAR2) generated by alternative splicing or proteolytic cleavage, which has both agonist and antagonist activities for IFN-b.;34975865;2021;Soluble Receptor Isoform of IFN-Beta (sIFNAR2) in Multiple Sclerosis Patients and Their Association With the Clinical Response to IFN-Beta Treatment
MIR15A;Homo sapiens;406948;microRNA 15a;"MIRN15A; mir-15a; miRNA15A; hsa-mir-15a";ncRNA;"Ensembl:ENSG00000283785 MIM:609703; miRBase:MI0000069; AllianceGenome:HGNC:31543";13q14.2;peripheral blood;CD4+ T CELL;real-time PCR.;MS;PPMS;NA;15MS/15Control;down-regulation;Disease risk;Our data suggest that miR-15a/16-1 can also modulate the BCL2 gene expression in CD4+ T cells from RR-MS patients, thereby affecting apoptosis processes;The pathology of relapsing–remitting multiple sclerosis (RR-MS) is largely attributed to activated autoreactive effector T lymphocytes.;22463747;2012;miR-15a and 16-1 Are Downregulated in CD4+ T Cells of Multiple Sclerosis Relapsing Patients
MIR16-1;Homo sapiens;406950;microRNA 16-1;"MIRN16-1; mir-16-1; miRNA16-1";ncRNA;"Ensembl:ENSG00000208006 MIM:609704; miRBase:MI0000070; AllianceGenome:HGNC:31545";13q14.2;peripheral blood;CD4+ T CELL;real-time PCR.;MS;PPMS;NA;15MS/15Control;down-regulation;Disease risk;Our data suggest that miR-15a/16-1 can also modulate the BCL2 gene expression in CD4+ T cells from RR-MS patients, thereby affecting apoptosis processes;The pathology of relapsing–remitting multiple sclerosis (RR-MS) is largely attributed to activated autoreactive effector T lymphocytes.;22463747;2012;miR-15a and 16-1 Are Downregulated in CD4+ T Cells of Multiple Sclerosis Relapsing Patients
BCL2;Homo sapiens;596;BCL2 apoptosis regulator;"Bcl-2; PPP1R50";protein coding;"Ensembl:ENSG00000171791 MIM:151430; AllianceGenome:HGNC:990";18q21.33;peripheral blood;CD4+ T CELL;real-time PCR.;MS;PPMS;NA;15MS/15Control;down-regulation;Phenotypic risk;Our data suggest that miR-15a/16-1 can also modulate the BCL2 gene expression in CD4+ T cells from RR-MS patients, thereby affecting apoptosis processes.;The pathology of relapsing–remitting multiple sclerosis (RR-MS) is largely attributed to activated autoreactive effector T lymphocytes.;22463747;2012;miR-15a and 16-1 Are Downregulated in CD4+ T Cells of Multiple Sclerosis Relapsing Patients
CTLA4;Homo sapiens;1493;cytotoxic T-lymphocyte associated protein 4;"CD; GSE; GRD4; ALPS5; CD152; CTLA-4; IDDM12; CELIAC3";protein coding;"Ensembl:ENSG00000163599 MIM:123890; AllianceGenome:HGNC:2505";2q33.2;peripheral blood;NA;real-time PCR.;MS;RRMS/SPMS;NA;57MS/19Control;up-regulation;Disease risk;This is an initial exploration of the utility of CTLA-4, PD-1, TIM-3, LAG-3,and TIGIT expression levels as prognostic indicators in untreated, recently diagnosed multiple sclerosis.;The clinical course of multiple sclerosis ranges from benign with little disease progression and minimal disability, to severe disease requiring intensive medical treatment.;31134049;2019;Blood Levels of Co-inhibitory-Receptors: A Biomarker of Disease Prognosis in Multiple Sclerosis
PDCD1;Homo sapiens;5133;programmed cell death 1;"PD1; PD-1; CD279; SLEB2; hPD-1; hPD-l; hSLE1";protein coding;"Ensembl:ENSG00000188389 MIM:600244; AllianceGenome:HGNC:8760";2q37.3;peripheral blood;NA;real-time PCR.;MS;RRMS/SPMS;NA;57MS/19Control;up-regulation;Disease risk;This is an initial exploration of the utility of CTLA-4, PD-1, TIM-3, LAG-3,and TIGIT expression levels as prognostic indicators in untreated, recently diagnosed multiple sclerosis.;The clinical course of multiple sclerosis ranges from benign with little disease progression and minimal disability, to severe disease requiring intensive medical treatment.;31134049;2019;Blood Levels of Co-inhibitory-Receptors: A Biomarker of Disease Prognosis in Multiple Sclerosis
HAVCR2;Homo sapiens;84868;hepatitis A virus cellular receptor 2;"TIM3; CD366; KIM-3; SPTCL; TIMD3; Tim-3; TIMD-3; HAVcr-2";protein coding;"Ensembl:ENSG00000135077 MIM:606652; AllianceGenome:HGNC:18437";5q33.3;peripheral blood;NA;real-time PCR.;MS;RRMS/SPMS;NA;57MS/19Control;up-regulation;Disease risk;This is an initial exploration of the utility of CTLA-4, PD-1, TIM-3, LAG-3,and TIGIT expression levels as prognostic indicators in untreated, recently diagnosed multiple sclerosis.;The clinical course of multiple sclerosis ranges from benign with little disease progression and minimal disability, to severe disease requiring intensive medical treatment.;31134049;2019;Blood Levels of Co-inhibitory-Receptors: A Biomarker of Disease Prognosis in Multiple Sclerosis
LAG3;Homo sapiens;3902;lymphocyte activating 3;CD223;protein coding;"Ensembl:ENSG00000089692 MIM:153337; AllianceGenome:HGNC:6476";12p13.31;peripheral blood;NA;real-time PCR.;MS;RRMS/SPMS;NA;57MS/19Control;up-regulation;Disease risk;This is an initial exploration of the utility of CTLA-4, PD-1, TIM-3, LAG-3,and TIGIT expression levels as prognostic indicators in untreated, recently diagnosed multiple sclerosis.;The clinical course of multiple sclerosis ranges from benign with little disease progression and minimal disability, to severe disease requiring intensive medical treatment.;31134049;2019;Blood Levels of Co-inhibitory-Receptors: A Biomarker of Disease Prognosis in Multiple Sclerosis
TIGIT;Homo sapiens;201633;T cell immunoreceptor with Ig and ITIM domains;"VSIG9; VSTM3; WUCAM";protein coding;"Ensembl:ENSG00000181847 MIM:612859; AllianceGenome:HGNC:26838";3q13.31;peripheral blood;NA;real-time PCR.;MS;RRMS/SPMS;NA;57MS/19Control;up-regulation;Disease risk;This is an initial exploration of the utility of CTLA-4, PD-1, TIM-3, LAG-3,and TIGIT expression levels as prognostic indicators in untreated, recently diagnosed multiple sclerosis.;The clinical course of multiple sclerosis ranges from benign with little disease progression and minimal disability, to severe disease requiring intensive medical treatment.;31134049;2019;Blood Levels of Co-inhibitory-Receptors: A Biomarker of Disease Prognosis in Multiple Sclerosis
HAVCR2;Homo sapiens;84868;hepatitis A virus cellular receptor 2;"TIM3; CD366; KIM-3; SPTCL; TIMD3; Tim-3; TIMD-3; HAVcr-2";protein coding;"Ensembl:ENSG00000135077 MIM:606652; AllianceGenome:HGNC:18437";5q33.3;peripheral blood;NA;real-time PCR.;MS;RRMS/SPMS;NA;57MS/19Control;up-regulation;Phenotypic risk;This is an initial exploration of the utility of CTLA-4, PD-1, TIM-3, LAG-3,and TIGIT expression levels as prognostic indicators in untreated, recently diagnosed multiple sclerosis.;The clinical course of multiple sclerosis ranges from benign with little disease progression and minimal disability, to severe disease requiring intensive medical treatment.;31134049;2019;Blood Levels of Co-inhibitory-Receptors: A Biomarker of Disease Prognosis in Multiple Sclerosis
LAG3;Homo sapiens;3902;lymphocyte activating 3;CD223;protein coding;"Ensembl:ENSG00000089692 MIM:153337; AllianceGenome:HGNC:6476";12p13.31;peripheral blood;NA;real-time PCR.;MS;RRMS/SPMS;NA;57MS/19Control;up-regulation;Phenotypic risk;This is an initial exploration of the utility of CTLA-4, PD-1, TIM-3, LAG-3,and TIGIT expression levels as prognostic indicators in untreated, recently diagnosed multiple sclerosis.;The clinical course of multiple sclerosis ranges from benign with little disease progression and minimal disability, to severe disease requiring intensive medical treatment.;31134049;2019;Blood Levels of Co-inhibitory-Receptors: A Biomarker of Disease Prognosis in Multiple Sclerosis
MIR29B1;Homo sapiens;407024;microRNA 29b-1;"miR-29b; MIRN29B1; miRNA29B1; mir-29b-1";ncRNA;"Ensembl:ENSG00000283797 MIM:610783; miRBase:MI0000105; AllianceGenome:HGNC:31619";7q32.3;peripheral blood;NA;RT-PCR;MS;RRMS;NA;70MS;down-regulation;Treatment risk;Our results might provide fundamentals for the development of new markers of the biological effects of IFN-β therapy;Myelin-reactive IFN-γ-producing Th1 cells has been shown to play an important role in the development of MS. MicroRNAs (miRNAs) are a new class of small non-coding RNA molecules about 22 nucleotides long which regulate gene expression post-tran-scriptionally by binding to 3′ UTR of their mRNA targets, and resulting in degradation or transcriptional re-pression of the targeted mRNA.;31421628;2019;MicroRNA-29b variants and MxA expression change during interferon beta therapy in patients with relapsing-remitting multiple sclerosis
IL17A;Homo sapiens;3605;interleukin 17A;"IL17; CTLA8; IL-17; ILA17; CTLA-8; IL-17A";protein coding;"Ensembl:ENSG00000112115 MIM:603149; AllianceGenome:HGNC:5981";6p12.2;meninges;Ectopic B-cell follicle-like structures (ELS);RT-PCR;MS;SPMS;NA;12MS;up-regulation;Phenotypic risk;Thus, there is selective migration or survival of RORct-positive cells in MS patient meninges and an association of these cells with ELS.;Because cells expressing the transcriptional regulator reti-noic acid receptor-related orphan receptor-ct (RORct) and producing interleukin 17 (IL17), e.g. T helper 17 cells and lymphoid tissue in-ducer (LTi) cells, have been implicated in the formation of ELS, we studied RORct and IL17 expression in brain tissue from patients with SPMS an assessed their relationships to immune infiltrates and meningeal ELS.;27413074;2016;RORct Expression and Lymphoid Neogenesis in the Brain of Patients with Secondary Progressive Multiple Sclerosis
RORC;Homo sapiens;6097;RAR related orphan receptor C;"TOR; RORG; RZRG; IMD42; NR1F3; RZR-GAMMA";protein coding;"Ensembl:ENSG00000143365 MIM:602943; AllianceGenome:HGNC:10260";1q21.3;meninges;Ectopic B-cell follicle-like structures (ELS);RT-PCR;MS;SPMS;NA;12MS;up-regulation;Phenotypic risk;Thus, there is selective migration or survival of RORct-positive cells in MS patient meninges and an association of these cells with ELS.;Because cells expressing the transcriptional regulator reti-noic acid receptor-related orphan receptor-ct (RORct) and producing interleukin 17 (IL17), e.g. T helper 17 cells and lymphoid tissue in-ducer (LTi) cells, have been implicated in the formation of ELS, we studied RORct and IL17 expression in brain tissue from patients with SPMS an assessed their relationships to immune infiltrates and meningeal ELS.;27413074;2016;RORct Expression and Lymphoid Neogenesis in the Brain of Patients with Secondary Progressive Multiple Sclerosis
IL12RB2;Homo sapiens;3595;interleukin 12 receptor subunit beta 2;NA;protein coding;"Ensembl:ENSG00000081985 MIM:601642; AllianceGenome:HGNC:5972";1p31.3;peripheral blood;NA;RT-PCR;MS;RRMS;NA;45MS;up-regulation;Treatment risk;Higher IL-12Rβ2 m R N A l e v e l s were associated with lower risk of relapse. Despite recent reports regarding role of GM-CSF in MS, our study failed to demonstrate its significance as therapy response biomarker, both on the mRNA and protein level.;Cytokines produced by helper T (Th)1 cells, Th17 and regulatory T cells (Treg) are involved in multiple sclerosis (MS) immunopathogenesis.;26439963;2015;Higher expression of IL-12Rβ2 is associated with lower risk of relapse in relapsing–remitting multiple sclerosis patients on interferon-β1b therapy during 3-year follow-up
MIR193A;Homo sapiens;791013;microRNA mir-193a;"MIRN193A; mir-193a; bta-mir-193a";ncRNA;Ensembl:ENSBTAG00000029955 miRBase:MI0005014;chromosome: 19;peripheral blood;NA;qRT-PCR;MS;MS;NA;30MS;down-regulation;Disease risk;Results showed that miR-193a was decreased while RhoA and ROCK1 were up-regulated in PBMCs obtained from patients with MS compared to the control group. It was also revealed that miR-193a transfection reduced RhoA and ROCK1 expression at mRNA and protein levels.;At present, microRNAs (miRNAs) are considered not only a diagnostic and prognostic indicator of diseases but also a new goal in gene therapy.;36529069;2022;Dysregulation of miR-193a serves as a potential contributor to MS pathogenesis via affecting RhoA and Rock1
RHOA;Homo sapiens;387;ras homolog family member A;"ARHA; ARH12; RHO12; EDFAOB; RHOH12";protein coding;"Ensembl:ENSG00000067560 MIM:165390; AllianceGenome:HGNC:667";3p21.31;peripheral blood;NA;qRT-PCR;MS;MS;NA;30MS;down-regulation;Disease risk;Results showed that miR-193a was decreased while RhoA and ROCK1 were up-regulated in PBMCs obtained from patients with MS compared to the control group. It was also revealed that miR-193a transfection reduced RhoA and ROCK1 expression at mRNA and protein levels.;At present, microRNAs (miRNAs) are considered not only a diagnostic and prognostic indicator of diseases but also a new goal in gene therapy.;36529069;2022;Dysregulation of miR-193a serves as a potential contributor to MS pathogenesis via affecting RhoA and Rock1
ROCK1;Homo sapiens;6093;Rho associated coiled-coil containing protein kinase 1;"ROCK-I; P160ROCK";protein coding;"Ensembl:ENSG00000067900 MIM:601702; AllianceGenome:HGNC:10251";18q11.1;peripheral blood;NA;qRT-PCR;MS;MS;NA;30MS;down-regulation;Disease risk;Results showed that miR-193a was decreased while RhoA and ROCK1 were up-regulated in PBMCs obtained from patients with MS compared to the control group. It was also revealed that miR-193a transfection reduced RhoA and ROCK1 expression at mRNA and protein levels.;At present, microRNAs (miRNAs) are considered not only a diagnostic and prognostic indicator of diseases but also a new goal in gene therapy.;36529069;2022;Dysregulation of miR-193a serves as a potential contributor to MS pathogenesis via affecting RhoA and Rock1
APOE;Homo sapiens;348;apolipoprotein E;"AD2; LPG; APO-E; ApoE4; LDLCQ5";protein coding;"Ensembl:ENSG00000130203 MIM:107741; AllianceGenome:HGNC:613";19q13.32;CSF;N/A;PCR;MS;N/A;N/A;121 MS/45 Health;down-regulation;Disease risk;We recently demonstrated that apo E con-centrations in cerebrospinal fluid (CSF) and apo E intrathecal synthesis are decreased in MS patients. The reduction of CSF apo E levels may impair myelin repair and influence disease progression in MS patients.;Apolipoprotein E (apo E) is a polymorphic plasma protein involved in cholesterol transport.Apo E is produced and secreted in the central nervous system by astrocytes. Following periph-eral nerve injury in rats, the synthesis of apo E increases 250- to 350-fold. A similar increase is observed in the central nervous system when the optic nerve and spinal cord are injured. It was suggested that apo E redistributes lipid, partici-pates in cholesterol homeostasis in the brain and is implicated in the growth and repair of the nervous system;9463752;1998;Apolipoprotein E polymorphism in multiple sclerosis
TNF;Homo sapiens;7124;tumor necrosis factor;"DIF; TNFA; TNFSF2; TNLG1F; TNF-alpha";protein coding;"Ensembl:ENSG00000232810 MIM:191160; AllianceGenome:HGNC:11892";6p21.33;CSF/peripheral blood;N/A;PCR;MS;RRMS/PPMS/SPMS;N/A;50 MS/22Health;up-regulation;Phenotypic risk;Increased TNF-~ levels of cerebrospinal fluid (CSF) and peripheral blood were found in patients with chronic progressive MS and patients with acute relapses, but not in the stable form of the disease.;Tumor-necrosis-factor-~ (TNF-c0 is a major mediator of the inflammatory immune response and may play an important role in the pathogenesis and progression of Multiple Sclerosis (MS).;8887999;1996;Gene polymorphism at position -308 of the tumor-necrosis-factor- (TNF-c ) in Multiple Sclerosis and it's influence on the regulation of TNF-c production
Mir155;Mus musculus;387173;microRNA 155;"Mirn155; mir-155; mmu-mir-155";ncRNA;"Ensembl:ENSMUSG00000065397 miRBase:MI0000177; AllianceGenome:MGI:2676840";"16; 16 C3.3";brain;oligodendrocyte;qRT-PCR;EAE;N/A;C57BL/6;NA;up-regulation;Disease risk;The levels of 6 miRNAs (miR-155-5p, miR-28a-3p, miR-667-3p, miR-221-3p, miR-7654-3p,and miR-203-3p) were significantly increased in cells at day 6 compared to day 0;MicroRNAs (miRNAs) belong to a class of evolutionary conserved, non-coding small RNAs with regulatory functions on gene expression. They negatively affect the expression of target genes by promoting either RNA degradation or translational inhibition. In recent years, converging studies have identified miRNAs as key regulators of oligodendrocyte (OL) functions. OLs are the cells responsible for the formation and maintenance of myelin in the central nervous system (CNS) and represent a principal target of the autoimmune injury in multiple sclerosis (MS).;33046105;2020;Oligodendrocyte-specific Argonaute profiling identifies microRNAs associated with experimental autoimmune encephalomyelitis
Mir28a;Mus musculus;723830;microRNA 28a;"Mir28; Mirn28; mmu-mir-28; mmu-mir-28a";ncRNA;"Ensembl:ENSMUSG00000065494 miRBase:MI0000690; AllianceGenome:MGI:3619267";"16; 16 B1";brain;oligodendrocyte;qRT-PCR;EAE;N/A;C57BL/6;NA;up-regulation;Disease risk;The levels of 6 miRNAs (miR-155-5p, miR-28a-3p, miR-667-3p, miR-221-3p, miR-7654-3p,and miR-203-3p) were significantly increased in cells at day 6 compared to day 0;MicroRNAs (miRNAs) belong to a class of evolutionary conserved, non-coding small RNAs with regulatory functions on gene expression. They negatively affect the expression of target genes by promoting either RNA degradation or translational inhibition. In recent years, converging studies have identified miRNAs as key regulators of oligodendrocyte (OL) functions. OLs are the cells responsible for the formation and maintenance of myelin in the central nervous system (CNS) and represent a principal target of the autoimmune injury in multiple sclerosis (MS).;33046105;2020;Oligodendrocyte-specific Argonaute profiling identifies microRNAs associated with experimental autoimmune encephalomyelitis
Mir667;Mus musculus;751552;microRNA 667;"Mirn667; mir-667; mmu-mir-667";ncRNA;"Ensembl:ENSMUSG00000076396 miRBase:MI0004196; AllianceGenome:MGI:3629904";"12 F1; 12";brain;oligodendrocyte;qRT-PCR;EAE;N/A;C57BL/6;NA;up-regulation;Disease risk;The levels of 6 miRNAs (miR-155-5p, miR-28a-3p, miR-667-3p, miR-221-3p, miR-7654-3p,and miR-203-3p) were significantly increased in cells at day 6 compared to day 0;MicroRNAs (miRNAs) belong to a class of evolutionary conserved, non-coding small RNAs with regulatory functions on gene expression. They negatively affect the expression of target genes by promoting either RNA degradation or translational inhibition. In recent years, converging studies have identified miRNAs as key regulators of oligodendrocyte (OL) functions. OLs are the cells responsible for the formation and maintenance of myelin in the central nervous system (CNS) and represent a principal target of the autoimmune injury in multiple sclerosis (MS).;33046105;2020;Oligodendrocyte-specific Argonaute profiling identifies microRNAs associated with experimental autoimmune encephalomyelitis
Mir221;Mus musculus;723827;microRNA 221;"Mirn221; mir-221; mmu-mir-221";ncRNA;"Ensembl:ENSMUSG00000065422 miRBase:MI0000709; AllianceGenome:MGI:3619066";"X A1.3; X";brain;oligodendrocyte;qRT-PCR;EAE;N/A;C57BL/6;NA;up-regulation;Disease risk;The levels of 6 miRNAs (miR-155-5p, miR-28a-3p, miR-667-3p, miR-221-3p, miR-7654-3p,and miR-203-3p) were significantly increased in cells at day 6 compared to day 0;MicroRNAs (miRNAs) belong to a class of evolutionary conserved, non-coding small RNAs with regulatory functions on gene expression. They negatively affect the expression of target genes by promoting either RNA degradation or translational inhibition. In recent years, converging studies have identified miRNAs as key regulators of oligodendrocyte (OL) functions. OLs are the cells responsible for the formation and maintenance of myelin in the central nervous system (CNS) and represent a principal target of the autoimmune injury in multiple sclerosis (MS).;33046105;2020;Oligodendrocyte-specific Argonaute profiling identifies microRNAs associated with experimental autoimmune encephalomyelitis
Mir7654;Mus musculus;102465762;microRNA 7654;"Gm27748; mmu-mir-7654";ncRNA;"Ensembl:ENSMUSG00000098917 miRBase:MI0024994; AllianceGenome:MGI:5531130";"8; 8 A1.1";brain;oligodendrocyte;qRT-PCR;EAE;N/A;C57BL/6;NA;up-regulation;Disease risk;The levels of 6 miRNAs (miR-155-5p, miR-28a-3p, miR-667-3p, miR-221-3p, miR-7654-3p,and miR-203-3p) were significantly increased in cells at day 6 compared to day 0;MicroRNAs (miRNAs) belong to a class of evolutionary conserved, non-coding small RNAs with regulatory functions on gene expression. They negatively affect the expression of target genes by promoting either RNA degradation or translational inhibition. In recent years, converging studies have identified miRNAs as key regulators of oligodendrocyte (OL) functions. OLs are the cells responsible for the formation and maintenance of myelin in the central nervous system (CNS) and represent a principal target of the autoimmune injury in multiple sclerosis (MS).;33046105;2020;Oligodendrocyte-specific Argonaute profiling identifies microRNAs associated with experimental autoimmune encephalomyelitis
Mir203;Mus musculus;387199;microRNA 203;"Mirn203; mir-203; mmu-mir-203";ncRNA;"Ensembl:ENSMUSG00000065574 miRBase:MI0000246; AllianceGenome:MGI:2676878";"12; 12 F1";brain;oligodendrocyte;qRT-PCR;EAE;N/A;C57BL/6;NA;up-regulation;Disease risk;The levels of 6 miRNAs (miR-155-5p, miR-28a-3p, miR-667-3p, miR-221-3p, miR-7654-3p,and miR-203-3p) were significantly increased in cells at day 6 compared to day 0;MicroRNAs (miRNAs) belong to a class of evolutionary conserved, non-coding small RNAs with regulatory functions on gene expression. They negatively affect the expression of target genes by promoting either RNA degradation or translational inhibition. In recent years, converging studies have identified miRNAs as key regulators of oligodendrocyte (OL) functions. OLs are the cells responsible for the formation and maintenance of myelin in the central nervous system (CNS) and represent a principal target of the autoimmune injury in multiple sclerosis (MS).;33046105;2020;Oligodendrocyte-specific Argonaute profiling identifies microRNAs associated with experimental autoimmune encephalomyelitis
MMP-2;Homo sapiens;4313;matrix metallopeptidase 2;"CLG4; MONA; CLG4A; MMP-2; TBE-1; MMP-II";protein coding;"Ensembl:ENSG00000087245 MIM:120360; AllianceGenome:HGNC:7166";16q12.2;peripheral blood;NA;PCR;MS;NA;Kurdish ethnic background;125 MS/235Health;up-regulation;Disease risk;In females the presence of MMP-2 C allele was associated with an increased risk of MS;Multiple sclerosis (MS) is a chronic autoimmune disease of the central nervous system. Matrix metalloproteinases (MMPs) play an important role in breakdown of blood–brain barrier, transmigration, and invasion of immune cells and formation of MS lesions.;27409770;2016;Functional Promoter Polymorphisms of MMP-2 C-735T and MMP-9 C-1562T and Their Synergism with MMP-7 A-181G in Multiple Sclerosis
TALDO1;Homo sapiens;6888;transaldolase 1;"TAL; TALH; TAL-H; TALDOR";protein coding;"Ensembl:ENSG00000177156 MIM:602063; AllianceGenome:HGNC:11559";11p15.5;peripheral blood;NA;RT-PCR;MS;NA;NA;94 MS/74Health;up-regulation;Treatment risk;The results suggest that TAL may be a more potent immunogen than MBP in MS.;Antibody and T cell–mediated immune responses to oligo-dendroglial autoantigens transaldolase (TAL) and myelin basic protein (MBP) were examined in patients with multi-ple sclerosis (MS).;9077532;1997;Comparative Analysis of Antibody and Cell-mediated Autoimmunity to Transaldolase and Myelin Basic Protein in Patients with Multiple Sclerosis
Lrrc4;Mus musculus;192198;leucine rich repeat containing 4;"NGL2; MBAG1; NGL-2; NLG-2; Nag14";protein coding;Ensembl:ENSMUSG00000049939 AllianceGenome:MGI:2182081;"6; 6 A3.3";peripheral blood /spinal cords;NA;RT-PCR;EAE;N/A;C57BL/6;n = 4;down-regulation;Disease risk;We report that LRRC4 is mainly expressed in neuron of spinal cords, and is decreased in the spinal cords of the EAE mice.;Leucine rich repeat containing 4 (LRRC4), also known as netrin-G ligand-2 (NGL-2), belongs to the superfamily of LRR proteins and serves as a receptor for netrin-G2. LRRC4 regulates the formation of excitatory synapses and promotes axon differentiation. Mutations in LRRC4 occur in Autism Spectrum Disorder (ASD) and intel-lectual disability.;33932995;2021;LRRC4 functions as a neuron-protective role in experimental autoimmune encephalomyelitis
Mbp;Mus musculus;17196;myelin basic protein;"jve; mld; shi; Hmbpr; golli-mbp";protein coding;Ensembl:ENSMUSG00000041607 AllianceGenome:MGI:96925;"18 E3; 18 55.84 cM";lymph nodes;NA;PCR;rEAE;N/A;SJL/J;NA;up-regulation;Disease risk;In all four models, expression of golli-MBP BG21 mRNA was increased two- to fivefold in lymph nodes of mice 45 to 60 days post-transfer. Immunohistochemical analysis indicated that expression occurred principally in macrophages within lymph nodes;This larger gene encodes both the ”classic” MBPs as well as the structurally related golli-MBPs. In this study, golli-MBP expression in lymph nodes was examined in four different models of relapsing experimental autoimmune encephalomyelitis (rEAE).;9379062;1997;Myelin Protein Expression I s Increased in Lymph Nodes of Mice with Relapsing Experimental Autoimmune Encephalomyeliti
EIF2B5;Homo sapiens;8893;eukaryotic translation initiation factor 2B subunit epsilon;"CLE; CACH; LVWM; EIF-2B; EIF2Bepsilon";protein coding;"Ensembl:ENSG00000145191 MIM:603945; AllianceGenome:HGNC:3261";3q27.1;peripheral blood;NA;PCR;MS;N/A;Kashmiri;NA;up-regulation;Disease risk;In conclusion our study suggests involvement of the EIF2B5 gene in MS development, thus suggesting p.Thr194Ala to be a susceptibility factor for the development of multiple sclerosis.;Most of the studies have shown that it results from the defects during protein synthesis, with the gene defects in EIF2B 1-5, encoding the five subunits of eukaryotic translation initiation factor 2B (eIF2B) α, β, γ, δ and ε, respectively. eIF2B plays a crucial role in protein translation and its regulation under different conditions. The previous studies have shown that mutations in five subunits of eIF2B cause white matter disease of the brain and thus EIF2B is the main culprit in development of white matter disease.;24980014;2014;Novel mutations identified in EIF2B5 gene in Kashmiri patients as susceptibility factor for multiple sclerosis
Mt1;Mus musculus;17748;metallothionein 1;"MT-I; Mt-1";protein coding;Ensembl:ENSMUSG00000031765 AllianceGenome:MGI:97171;"8 C5; 8 46.34 cM";brain/liver;NA;RT-PCR;EAE;N/A;Dark Agouti (DA)/ Albino Oxford (AO);n = 5;up-regulation;Disease risk;Our data show that AO and DA rats differ in consti-tutive and inductive MT-I gene expression in the brain and in the liver, as well as in the hepatic cytokine profile, suggest-ing that these mechanisms may contribute to the discrep-ancy in the susceptibility to EAE;Compared to the Dark Agouti (DA), the Albino Oxford (AO) rat strain exhibits lower susceptibility to the in-duction of experimental autoimmune encephalomyelitis (EAE). Here, we investigated the potential contribution of the heavy metal-binding proteins metallothioneins (MTs) I/II to these effects;23485922;2012;Metallothioneins I/II Expression in Rat Strains with Genetically Different Susceptibility to Experimental Autoimmune Encephalomyelitis
Kcna3;Homo sapiens;16491;potassium voltage-gated channel, shaker-related subfamily, member 3;"Mk-3; Kv1.3; Kca1-3";protein coding;Ensembl:ENSMUSG00000047959 AllianceGenome:MGI:96660;"3 F2.3; 3 46.59 cM";brain;NA;qRT-PCR;EAE;N/A;C57BL/6;3–5/cage;up-regulation;Treatment risk;Our results support the hypothesis that Kv1.3 may be a therapeutic target of interest for MS and add astrocytes to the list of cells whose activation would be suppressed by inhibiting Kv1.3 in inflammatory conditions.;Kv1.3 is a voltage gated potassium channel that has been implicated in pathophysiology of multiple sclerosis (MS).;29574670;2018;Voltage Gated Potassium Channel Kv1.3 Is Upregulated on Activated Astrocytes in Experimental Autoimmune Encephalomyelitis
CCR5;Homo sapiens;1234;C-C motif chemokine receptor 5;"CKR5; CCR-5; CD195; CKR-5; CCCKR5; CMKBR5; IDDM22; CC-CKR-5";protein coding;"Ensembl:ENSG00000160791 MIM:601373; AllianceGenome:HGNC:1606";3p21.31;CSF/peripheral blood;NA;PCR;MS;N/A;NA;148 MS/151Health;up-regulation;Phenotypic risk;CCR5 D32, a truncated allele of the CC chemokine receptor CCR5 gene encoding a non-functional receptor, did;Chemokines and matrix metalloproteinases MMPs appear to be crucial in leukocyte recruitment to the central nervous system in <U+017D> .multiple sclerosis MS . CCR5 D32, a truncated allele of the CC chemokine receptor CCR5 gene encoding a non-functional receptor, did not confer protection from MS. CCR5 D32 was, however, associated with a lower risk of recurrent clinical disease activity;10626673;2000;CCR5 D32, matrix metalloproteinase-9 and disease activity in multiple sclerosis
MMP9;Homo sapiens;4318;matrix metallopeptidase 9;"GELB; CLG4B; MMP-9; MANDP2";protein coding;"Ensembl:ENSG00000100985 MIM:120361; AllianceGenome:HGNC:7176";20q13.12;CSF/peripheral blood;NA;PCR;MS;N/A;NA;148 MS/151Health;up-regulation;Disease risk;High CSF levels of MMP-9 activity were also associated with recurrent disease activity.;Chemokines and matrix metalloproteinases MMPs appear to be crucial in leukocyte recruitment to the central nervous system in <U+017D> .multiple sclerosis MS . CCR5 D32, a truncated allele of the CC chemokine receptor CCR5 gene encoding a non-functional receptor, did not confer protection from MS. CCR5 D32 was, however, associated with a lower risk of recurrent clinical disease activity;10626673;2000;CCR5 D32, matrix metalloproteinase-9 and disease activity in multiple sclerosis
Cp;Mus musculus;12870;ceruloplasmin;D3Ertd555e;protein coding;Ensembl:ENSMUSG00000003617 AllianceGenome:MGI:88476;"3; 3 A2";spinal cords;NA;PCR;EAE;N/A;C57BL/6;n = 10 mice;up-regulation;Phenotypic risk;. Based on these observations, we propose that an increase in Cp expression could contribute to tissue damage in early EAE. In addition, endogenous CP either directly or indirectly inhibits astrocyte reactivity during early disease, which could also worsen early disease evolution.;Unexpectedly, ceruloplasmin (Cp), a ferroxidase that converts toxic ferrous iron to its nontoxic ferric form and also promotes the efflux of iron from astrocytes in the CNS, was shown to be highly upregulated (13.2-fold increase) in EAE spinal cord.;24615902;2014;Ceruloplasmin gene-deficient mice with experimental autoimmune encephalomyelitis show attenuated early disease evolution
APOE;Homo sapiens;348;apolipoprotein E;"AD2; LPG; APO-E; ApoE4; LDLCQ5";protein coding;"Ensembl:ENSG00000130203 MIM:107741; AllianceGenome:HGNC:613";19q13.32;peripheral blood;NA;PCR;MS;N/A;NA;47 MS;up-regulation;Phenotypic risk;These preliminary observations suggest that APOE genotype may influence disease progression in MS.The APOE e4 allele was not associated with an in-creased risk of MS or relapses.;Apolipoprotein E expression is in-creased in regenerating neural tissue and the APOE e4 allele is associated with impaired neuronal repair. Since repair is essential for the restoration of central nervous system function following multiple sclerosis (MS) re-lapses, APOE genotype may influence clinical progres-sion of the disease.;10593303;1999;Preliminary Observations on APOE e4 Allele and Progression of Disability in Multiple Sclerosis
WTAP;Homo sapiens;9589;WT1 associated protein;Mum2;protein coding;"Ensembl:ENSG00000146457 MIM:605442; AllianceGenome:HGNC:16846";6q25.3;CSF;NA;qRT-PCR;MS;N/A;NA;11MS/3no-MS;down-regulation;Phenotypic risk;The dynamic modification of m6A RNA methylation is involved in the progression of MS and could potentially represent a novel CSF biomarker for diagnosing MS and distinguishing PMS from RRMS in the early stages of the disease;Previous studies have demonstrated that dysfunction of N6-methyladenosine (m6A) RNA modification is relevant to many neurological disorders. Thus, the aim of this study was to explore the diagnostic biomarkers for PMS based on m6A regulatory genes in the cerebrospinal fluid (CSF).;34294105;2021;N6-Methyladenosine RNA modification in cerebrospinal fluid as a novel potential diagnostic biomarker for progressive multiple sclerosis
ALKBH5;Homo sapiens;54890;alkB homolog 5, RNA demethylase;"ABH5; OFOXD; OFOXD1";protein coding;"Ensembl:ENSG00000091542 MIM:613303; AllianceGenome:HGNC:25996";"17p11.2; 17p11.2";CSF;NA;qRT-PCR;MS;N/A;NA;11MS/3no-MS;down-regulation;Phenotypic risk;The dynamic modification of m6A RNA methylation is involved in the progression of MS and could potentially represent a novel CSF biomarker for diagnosing MS and distinguishing PMS from RRMS in the early stages of the disease;Previous studies have demonstrated that dysfunction of N6-methyladenosine (m6A) RNA modification is relevant to many neurological disorders. Thus, the aim of this study was to explore the diagnostic biomarkers for PMS based on m6A regulatory genes in the cerebrospinal fluid (CSF).;34294105;2021;N6-Methyladenosine RNA modification in cerebrospinal fluid as a novel potential diagnostic biomarker for progressive multiple sclerosis
YTHDF1;Homo sapiens;54915;YTH N6-methyladenosine RNA binding protein F1;N/A;protein coding;"Ensembl:ENSG00000149658 MIM:616529; AllianceGenome:HGNC:15867";20q13.33;CSF;NA;qRT-PCR;MS;N/A;NA;11MS/3no-MS;down-regulation;Phenotypic risk;The dynamic modification of m6A RNA methylation is involved in the progression of MS and could potentially represent a novel CSF biomarker for diagnosing MS and distinguishing PMS from RRMS in the early stages of the disease;Previous studies have demonstrated that dysfunction of N6-methyladenosine (m6A) RNA modification is relevant to many neurological disorders. Thus, the aim of this study was to explore the diagnostic biomarkers for PMS based on m6A regulatory genes in the cerebrospinal fluid (CSF).;34294105;2021;N6-Methyladenosine RNA modification in cerebrospinal fluid as a novel potential diagnostic biomarker for progressive multiple sclerosis
HNRNPC;Homo sapiens;3183;heterogeneous nuclear ribonucleoprotein C;"C1; C2; HNRNP; HNRPC; SNRPC";protein coding;"Ensembl:ENSG00000092199 MIM:164020; AllianceGenome:HGNC:5035";"C1; C2; HNRNP; HNRPC; SNRPC";CSF;NA;qRT-PCR;MS;N/A;NA;11MS/3no-MS;down-regulation;Phenotypic risk;The dynamic modification of m6A RNA methylation is involved in the progression of MS and could potentially represent a novel CSF biomarker for diagnosing MS and distinguishing PMS from RRMS in the early stages of the disease;Previous studies have demonstrated that dysfunction of N6-methyladenosine (m6A) RNA modification is relevant to many neurological disorders. Thus, the aim of this study was to explore the diagnostic biomarkers for PMS based on m6A regulatory genes in the cerebrospinal fluid (CSF).;34294105;2021;N6-Methyladenosine RNA modification in cerebrospinal fluid as a novel potential diagnostic biomarker for progressive multiple sclerosis
YTHDF2;Homo sapiens;51441;YTH N6-methyladenosine RNA binding protein F2;"DF2; CAHL; HGRG8; NY-REN-2";protein coding;"Ensembl:ENSG00000198492 MIM:610640; AllianceGenome:HGNC:31675";"DF2; CAHL; HGRG8; NY-REN-2";CSF;NA;qRT-PCR;MS;N/A;NA;11MS/3no-MS;down-regulation;Phenotypic risk;The dynamic modification of m6A RNA methylation is involved in the progression of MS and could potentially represent a novel CSF biomarker for diagnosing MS and distinguishing PMS from RRMS in the early stages of the disease;Previous studies have demonstrated that dysfunction of N6-methyladenosine (m6A) RNA modification is relevant to many neurological disorders. Thus, the aim of this study was to explore the diagnostic biomarkers for PMS based on m6A regulatory genes in the cerebrospinal fluid (CSF).;34294105;2021;N6-Methyladenosine RNA modification in cerebrospinal fluid as a novel potential diagnostic biomarker for progressive multiple sclerosis
VIRMA;Homo sapiens;25962;vir like m6A methyltransferase associated;"MSTP054; fSAP121; KIAA1429";protein coding;"Ensembl:ENSG00000164944 MIM:616447; AllianceGenome:HGNC:24500";8q22.1;CSF;NA;qRT-PCR;MS;N/A;NA;11MS/3no-MS;down-regulation;Phenotypic risk;The dynamic modification of m6A RNA methylation is involved in the progression of MS and could potentially represent a novel CSF biomarker for diagnosing MS and distinguishing PMS from RRMS in the early stages of the disease;Previous studies have demonstrated that dysfunction of N6-methyladenosine (m6A) RNA modification is relevant to many neurological disorders. Thus, the aim of this study was to explore the diagnostic biomarkers for PMS based on m6A regulatory genes in the cerebrospinal fluid (CSF).;34294105;2021;N6-Methyladenosine RNA modification in cerebrospinal fluid as a novel potential diagnostic biomarker for progressive multiple sclerosis
METTL3;Homo sapiens;56339;methyltransferase 3, N6-adenosine-methyltransferase complex catalytic subunit;"M6A; IME4; Spo8; MT-A70; hMETTL3";protein coding;"Ensembl:ENSG00000165819 MIM:612472; AllianceGenome:HGNC:17563";14q11.2;CSF;NA;qRT-PCR;MS;N/A;NA;11MS/3no-MS;down-regulation;Phenotypic risk;The dynamic modification of m6A RNA methylation is involved in the progression of MS and could potentially represent a novel CSF biomarker for diagnosing MS and distinguishing PMS from RRMS in the early stages of the disease;Previous studies have demonstrated that dysfunction of N6-methyladenosine (m6A) RNA modification is relevant to many neurological disorders. Thus, the aim of this study was to explore the diagnostic biomarkers for PMS based on m6A regulatory genes in the cerebrospinal fluid (CSF).;34294105;2021;N6-Methyladenosine RNA modification in cerebrospinal fluid as a novel potential diagnostic biomarker for progressive multiple sclerosis
Rbpj;Mus musculus;19664;recombination signal binding protein for immunoglobulin kappa J region;"CBF1; RBP-J; RBPjk; Igkjrb; Rbpsuh; Igkrsbp; RBP-Jkappa; RBP-J kappa";protein coding;Ensembl:ENSMUSG00000039191 AllianceGenome:MGI:96522;"5 C1; 5 29.37 cM";peripheral blood;NA;qPCR;EAE;N/A;NA;NA;up-regulation;Disease risk;RBPJ binds and trans-activates the Il23r promoter and induces IL-23R expression and represses anti-inflammatory IL-10 production in Th17 cells. We thus find that Notch signaling influ-ences the development of pathogenic and non-path-ogenic Th17 cells by reciprocally regulating IL-23R and IL-10 expression;Here, we demonstrate that the canonical Notch signaling mediator RBPJ is a key driver of IL-23R expression. In the absence of RBPJ, Th17 cells fail to upregulate IL-23R, lack stability, and do not induce autoimmune tissue inflammation in vivo,whereas overexpression of IL-23R rescues this defect and promotes pathogenicity of RBPJ-defi-cient Th17 cells.;27346359;2016;RBPJ Controls Development of Pathogenic Th17 Cells by Regulating IL-23 Receptor Expression
KIR2DL3;Homo sapiens;22185807;complement factor B;"BF; FB; BFD; GBG; CFAB; CFBD; PBF2; AHUS4; FBI12; H2-Bf; ARMD14";protein coding;"Ensembl:ENSG00000243649 MIM:138470; AllianceGenome:HGNC:1037";6p21.33;peripheral blood;NA;qPCR;MS;N/A;NA;NA;down-regulation;Disease risk;Absence of the inhibitory KIR2DL3 gene is associated with the development of CIS/CDMS. These findings, if confirmed in larger cohorts, suggest that KIR-mediated recognition of HLA class I molecules should be further explored as potential disease mechanism in MS.;The objective of this study was to analyze whether inhibitory and activating killer cell immunoglobulin-like receptors (KIRs) and human leukocyte antigen (HLA) class I alleles defined by their KIR binding motifs are associated with multiple sclerosis (MS) susceptibility or severity.;22185807;2012;Killer immunoglobulin-like receptor locus polymorphisms in multiple sclerosis
CXCR4;Homo sapiens;7852;C-X-C motif chemokine receptor 4;"FB22; HM89; LAP3; LCR1; NPYR; WHIM; CD184; LAP-3; LESTR; NPY3R; NPYRL; WHIMS; HSY3RR; NPYY3R; WHIMS1; D2S201E";protein coding;"Ensembl:ENSG00000121966 MIM:162643; AllianceGenome:HGNC:2561";2q22.1;peripheral blood;NA;qRT-PCR;MS;N/A;NA;NA;up-regulation;Disease risk;RT-qPCR results demonstrated that CXCR4 was obviously up-regulated, while ACTB, RHOA, and ITGAM were down-regulated in MS patient PBMC in comparison with normal samples;Multiple sclerosis (MS) is a central nervous system disease with a high disability rate. Modern molecular biology techniques have identified a number of key genes and diagnostic markers to MS, but the etiology and patho-genesis of MS remain unknown.;33795012;2021;Identification of blood-derived candidate gene markers and a new 7-gene diagnostic model for multiple sclerosis
ACTB;Homo sapiens;60;actin beta;"BRWS1; PS1TP5BP1";protein coding;"Ensembl:ENSG00000075624 MIM:102630; AllianceGenome:HGNC:132";7p22.1;peripheral blood;NA;qRT-PCR;MS;N/A;NA;NA;down-regulation;Disease risk;RT-qPCR results demonstrated that CXCR4 was obviously up-regulated, while ACTB, RHOA, and ITGAM were down-regulated in MS patient PBMC in comparison with normal samples;Multiple sclerosis (MS) is a central nervous system disease with a high disability rate. Modern molecular biology techniques have identified a number of key genes and diagnostic markers to MS, but the etiology and patho-genesis of MS remain unknown.;33795012;2021;Identification of blood-derived candidate gene markers and a new 7-gene diagnostic model for multiple sclerosis
RHOA;Homo sapiens;387;ras homolog family member A;"ARHA; ARH12; RHO12; EDFAOB; RHOH12";protein coding;"Ensembl:ENSG00000067560 MIM:165390; AllianceGenome:HGNC:667";3p21.31;peripheral blood;NA;qRT-PCR;MS;N/A;NA;NA;down-regulation;Disease risk;RT-qPCR results demonstrated that CXCR4 was obviously up-regulated, while ACTB, RHOA, and ITGAM were down-regulated in MS patient PBMC in comparison with normal samples;Multiple sclerosis (MS) is a central nervous system disease with a high disability rate. Modern molecular biology techniques have identified a number of key genes and diagnostic markers to MS, but the etiology and patho-genesis of MS remain unknown.;33795012;2021;Identification of blood-derived candidate gene markers and a new 7-gene diagnostic model for multiple sclerosis
ITGAM;Homo sapiens;3684;integrin subunit alpha M;"CR3A; MO1A; CD11B; MAC-1; MAC1A; SLEB6";protein coding;"Ensembl:ENSG00000169896 MIM:120980; AllianceGenome:HGNC:6149";16p11.2;peripheral blood;NA;qRT-PCR;MS;N/A;NA;NA;down-regulation;Disease risk;RT-qPCR results demonstrated that CXCR4 was obviously up-regulated, while ACTB, RHOA, and ITGAM were down-regulated in MS patient PBMC in comparison with normal samples;Multiple sclerosis (MS) is a central nervous system disease with a high disability rate. Modern molecular biology techniques have identified a number of key genes and diagnostic markers to MS, but the etiology and patho-genesis of MS remain unknown.;33795012;2021;Identification of blood-derived candidate gene markers and a new 7-gene diagnostic model for multiple sclerosis
IL21;Homo sapiens;59067;interleukin 21;"Za11; IL-21; CVID11";protein coding;"Ensembl:ENSG00000138684 MIM:605384; AllianceGenome:HGNC:6005";4q27;peripheral blood;NA;qRT-PCR;MS;N/A;NA;NA;up-regulation;Disease risk;The results of our study suggest a pro-inflammatory and booster role for IL-21 in the MS pathogenesis and progression;IL-21 is a proinflammatory cytokine produced mainly by Th-17 and Tfh cells which its exact role in MS was not yet clearly understood. In the present study we aimed to investigate the possible correlation of IL-21 gene expression, methylation, and its serum levels with MS severity and progres-sion.;31545959;2019;IL-21 and IL-21-producing T cells are involved in multiple sclerosis severity and progression
TOB1;Homo sapiens;10140;transducer of ERBB2, 1;N/A;protein coding;"Ensembl:ENSG00000141232 MIM:605523; AllianceGenome:HGNC:11979";17q21.33;peripheral blood;NA;RT-PCR;MS;N/A;NA;NA;down-regulation;Phenotypic risk;Finally, a genetic association was observed between TOB1 variation and MS progression in an independent cohort.;Currently there are no prognostic biological markers that accurately predict conversion of CIS to clini-cally definite MS (CDMS).;18689680;2008;Abrogation of T cell quiescence characterizes patients at high risk for multiple sclerosis after the initial neurological event
ATG16L2;Homo sapiens;89849;autophagy related 16 like 2;"WDR80; ATG16B";protein coding;"Ensembl:ENSG00000168010 MIM:618716; AllianceGenome:HGNC:25464";11q13.4;peripheral blood;NA;real-time PCR;MS;NA;NA;54 MS/55Health;down-regulation;Disease risk;Eleven peptides were significantly different between the two groups with one being identified as a fragment of Atg16L2.;The prolonged survival of autoreactive T cells acts as a primary event to trigger an inflammatory cascade that mediates myelin loss and clinical relapse in MS.;24406150;2014;Autophagy-related gene16L2, a potential serum biomarker of multiple sclerosis evaluated by bead-based proteomic technology
CD58;Homo sapiens;965;CD58 molecule;"ag3; LFA3; LFA-3";protein coding;"Ensembl:ENSG00000116815 MIM:153420; AllianceGenome:HGNC:1688";1p13.1;peripheral blood;NA;PCR;MS;N/A;NA;NA;up-regulation;Disease risk;This protective rs2300747G allele is associated with a dose-dependent increase in CD58 mRNA expression in lymphoblastic cell lines (P ? 1.1 ? 10?10) and in peripheral blood mononuclear cells from MS subjects (P ? 0.0037).;Multiple sclerosis (MS) is an inflammatory disease of the central nervous system associated with demyelination and axonal loss. A whole genome association scan suggested that allelic variants in the CD58 gene region, encoding the costimulatory molecule LFA-3, are associated with risk of developing MS.;19237575;2009;The role of the CD58 locus in multiple sclerosis
MICB;Homo sapiens;4277;MHC class I polypeptide-related sequence B;PERB11.2;protein coding;"Ensembl:ENSG00000204516 IMGT/GENE-DB:MICB; MIM:602436; AllianceGenome:HGNC:7091";N/A;peripheral blood;NA;RT-PCR;MS;N/A;NA;48 MS/48Health;up-regulation;Disease risk;It is concluded that the high expression of MICB gene in MS patients is an important criterion of MS disease that it may be due to the interaction between MICB and its receptor on CD8 +T or NK cells.;N/A;22184268;2011;MICB Gene Expression on Peripheral Blood Mononuclear Cells and Susceptibility to Multiple Sclerosis in North of Iran
Serpinb2;Mus musculus;18788;serine (or cysteine) peptidase inhibitor, clade B, member 2;"PAI-2; Planh2; ovalbumin";protein coding;Ensembl:ENSMUSG00000062345 AllianceGenome:MGI:97609;"1 E2.1; 1 50.34 cM";brain/spinal cords;oligodendrocyte;PCR;EAE;N/A;C57BL/6;n = 7mice;up-regulation;Disease risk;Upon immunization with OVA in complete Freund's adjuvant, about half of the transgenic mice developed neurological symptoms characteristic of experimental autoimmune encephalomyelitis (EAE).;We have used the 50 flanking sequence of the myelin basic protein gene known to include the core promoter and a strong oligodendrocyte (ODC)-specific enhancer to target expression of the well-studied model antigen ovalbumin (OVA) to ODC in transgenic mice.;16342234;2006;Induction of experimental autoimmune encephalomyelitis in transgenic mice expressing ovalbumin in oligodendrocytes
BATF;Homo sapiens;10538;basic leucine zipper ATF-like transcription factor;"SFA2; B-ATF; BATF1; SFA-2";protein coding;"Ensembl:ENSG00000156127 MIM:612476; AllianceGenome:HGNC:958";14q24.3;peripheral blood;NA;PCR;MS;RRMS/PPMS/SPMS/CIS;Germany, North Rhine-Westphalia;141 MS;up-regulation;Phenotypic risk;"For nine loci—BATF, CYP27B1, IL12B, NFKB1,IL7, PLEK, EVI5, TAGAP and nrs669607—patients revealed significantly higher degree of atrophy; TYK2, RGS1 and CLEC16A revealed inverse effects. The weighted genetic risk score over the twelve loci showed significant correlation with MUCCA.";We genotyped 141 MS patients for 58 variations re-ported to reach significance in GW AS. Expanded disability status scale (EDSS) and disease duration (DD) are available from regular clinical examinations.;25620546;2014;Multiple sclerosis risk loci correlate with cervical cord atrophy and may explain the course of disability
CYP27B1;Homo sapiens;1594;cytochrome P450 family 27 subfamily B member 1;"VDR; CP2B; CYP1; PDDR; VDD1; VDDR; VDDRI; CYP27B; P450c1; CYP1alpha";protein coding;"Ensembl:ENSG00000111012 MIM:609506; AllianceGenome:HGNC:2606";12q14.1;peripheral blood;NA;PCR;MS;RRMS/PPMS/SPMS/CIS;Germany, North Rhine-Westphalia;141 MS;up-regulation;Phenotypic risk;"For nine loci—BATF, CYP27B1, IL12B, NFKB1,IL7, PLEK, EVI5, TAGAP and nrs669607—patients revealed significantly higher degree of atrophy; TYK2, RGS1 and CLEC16A revealed inverse effects. The weighted genetic risk score over the twelve loci showed significant correlation with MUCCA.";We genotyped 141 MS patients for 58 variations re-ported to reach significance in GW AS. Expanded disability status scale (EDSS) and disease duration (DD) are available from regular clinical examinations.;25620546;2014;Multiple sclerosis risk loci correlate with cervical cord atrophy and may explain the course of disability
IL12B;Homo sapiens;3593;interleukin 12B;"CLMF; NKSF; CLMF2; IMD28; IMD29; NKSF2; IL-12B";protein coding;"Ensembl:ENSG00000113302 MIM:161561; AllianceGenome:HGNC:5970";5q33.3;peripheral blood;NA;PCR;MS;RRMS/PPMS/SPMS/CIS;Germany, North Rhine-Westphalia;141 MS;up-regulation;Phenotypic risk;"For nine loci—BATF, CYP27B1, IL12B, NFKB1,IL7, PLEK, EVI5, TAGAP and nrs669607—patients revealed significantly higher degree of atrophy; TYK2, RGS1 and CLEC16A revealed inverse effects. The weighted genetic risk score over the twelve loci showed significant correlation with MUCCA.";We genotyped 141 MS patients for 58 variations re-ported to reach significance in GW AS. Expanded disability status scale (EDSS) and disease duration (DD) are available from regular clinical examinations.;25620546;2014;Multiple sclerosis risk loci correlate with cervical cord atrophy and may explain the course of disability
NFKB1;Homo sapiens;4790;nuclear factor kappa B subunit 1;"KBF1; EBP-1; NF-kB; CVID12; NF-kB1; NFKB-p50; NFkappaB; NF-kappaB; NFKB-p105; NF-kappa-B1; NF-kappabeta";protein coding;"Ensembl:ENSG00000109320 MIM:164011; AllianceGenome:HGNC:7794";4q24;peripheral blood;NA;PCR;MS;RRMS/PPMS/SPMS/CIS;Germany, North Rhine-Westphalia;141 MS;up-regulation;Phenotypic risk;"For nine loci—BATF, CYP27B1, IL12B, NFKB1,IL7, PLEK, EVI5, TAGAP and nrs669607—patients revealed significantly higher degree of atrophy; TYK2, RGS1 and CLEC16A revealed inverse effects. The weighted genetic risk score over the twelve loci showed significant correlation with MUCCA.";We genotyped 141 MS patients for 58 variations re-ported to reach significance in GW AS. Expanded disability status scale (EDSS) and disease duration (DD) are available from regular clinical examinations.;25620546;2014;Multiple sclerosis risk loci correlate with cervical cord atrophy and may explain the course of disability
IL7;Homo sapiens;3574;interleukin 7;IL-7;protein coding;"Ensembl:ENSG00000104432 MIM:146660; AllianceGenome:HGNC:6023";8q21.13;peripheral blood;NA;PCR;MS;RRMS/PPMS/SPMS/CIS;Germany, North Rhine-Westphalia;141 MS;up-regulation;Phenotypic risk;"For nine loci—BATF, CYP27B1, IL12B, NFKB1,IL7, PLEK, EVI5, TAGAP and nrs669607—patients revealed significantly higher degree of atrophy; TYK2, RGS1 and CLEC16A revealed inverse effects. The weighted genetic risk score over the twelve loci showed significant correlation with MUCCA.";We genotyped 141 MS patients for 58 variations re-ported to reach significance in GW AS. Expanded disability status scale (EDSS) and disease duration (DD) are available from regular clinical examinations.;25620546;2014;Multiple sclerosis risk loci correlate with cervical cord atrophy and may explain the course of disability
PLEK;Homo sapiens;5341;pleckstrin;"P47; PLEK1";protein coding;"Ensembl:ENSG00000115956 MIM:173570; AllianceGenome:HGNC:9070";2p14;peripheral blood;NA;PCR;MS;RRMS/PPMS/SPMS/CIS;Germany, North Rhine-Westphalia;141 MS;up-regulation;Phenotypic risk;"For nine loci—BATF, CYP27B1, IL12B, NFKB1,IL7, PLEK, EVI5, TAGAP and nrs669607—patients revealed significantly higher degree of atrophy; TYK2, RGS1 and CLEC16A revealed inverse effects. The weighted genetic risk score over the twelve loci showed significant correlation with MUCCA.";We genotyped 141 MS patients for 58 variations re-ported to reach significance in GW AS. Expanded disability status scale (EDSS) and disease duration (DD) are available from regular clinical examinations.;25620546;2014;Multiple sclerosis risk loci correlate with cervical cord atrophy and may explain the course of disability
EVI5;Homo sapiens;7813;ecotropic viral integration site 5;"NB4S; EVI-5";protein coding;"Ensembl:ENSG00000067208 MIM:602942; AllianceGenome:HGNC:3501";1p22.1;peripheral blood;NA;PCR;MS;RRMS/PPMS/SPMS/CIS;Germany, North Rhine-Westphalia;141 MS;up-regulation;Phenotypic risk;"For nine loci—BATF, CYP27B1, IL12B, NFKB1,IL7, PLEK, EVI5, TAGAP and nrs669607—patients revealed significantly higher degree of atrophy; TYK2, RGS1 and CLEC16A revealed inverse effects. The weighted genetic risk score over the twelve loci showed significant correlation with MUCCA.";We genotyped 141 MS patients for 58 variations re-ported to reach significance in GW AS. Expanded disability status scale (EDSS) and disease duration (DD) are available from regular clinical examinations.;25620546;2014;Multiple sclerosis risk loci correlate with cervical cord atrophy and may explain the course of disability
TAGAP;Homo sapiens;117289;T cell activation RhoGTPase activating protein;"FKSG15; IDDM21; TAGAP1; ARHGAP47";protein coding;"Ensembl:ENSG00000164691 MIM:609667; AllianceGenome:HGNC:15669";6q25.3;peripheral blood;NA;PCR;MS;RRMS/PPMS/SPMS/CIS;Germany, North Rhine-Westphalia;141 MS;up-regulation;Phenotypic risk;"For nine loci—BATF, CYP27B1, IL12B, NFKB1,IL7, PLEK, EVI5, TAGAP and nrs669607—patients revealed significantly higher degree of atrophy; TYK2, RGS1 and CLEC16A revealed inverse effects. The weighted genetic risk score over the twelve loci showed significant correlation with MUCCA.";We genotyped 141 MS patients for 58 variations re-ported to reach significance in GW AS. Expanded disability status scale (EDSS) and disease duration (DD) are available from regular clinical examinations.;25620546;2014;Multiple sclerosis risk loci correlate with cervical cord atrophy and may explain the course of disability
TYK2;Homo sapiens;7297;tyrosine kinase 2;"JTK1; IMD35";protein coding;"Ensembl:ENSG00000105397 MIM:176941; AllianceGenome:HGNC:12440";19p13.2;peripheral blood;NA;PCR;MS;RRMS/PPMS/SPMS/CIS;Germany, North Rhine-Westphalia;141 MS;down-regulation;Phenotypic risk;"For nine loci—BATF, CYP27B1, IL12B, NFKB1,IL7, PLEK, EVI5, TAGAP and nrs669607—patients revealed significantly higher degree of atrophy; TYK2, RGS1 and CLEC16A revealed inverse effects. The weighted genetic risk score over the twelve loci showed significant correlation with MUCCA.";We genotyped 141 MS patients for 58 variations re-ported to reach significance in GW AS. Expanded disability status scale (EDSS) and disease duration (DD) are available from regular clinical examinations.;25620546;2014;Multiple sclerosis risk loci correlate with cervical cord atrophy and may explain the course of disability
RGS1;Homo sapiens;5996;regulator of G protein signaling 1;"1R20; BL34; IER1; IR20; HEL-S-87";protein coding;"Ensembl:ENSG00000090104 MIM:600323; AllianceGenome:HGNC:9991";1q31.2;peripheral blood;NA;PCR;MS;RRMS/PPMS/SPMS/CIS;Germany, North Rhine-Westphalia;141 MS;down-regulation;Phenotypic risk;"For nine loci—BATF, CYP27B1, IL12B, NFKB1,IL7, PLEK, EVI5, TAGAP and nrs669607—patients revealed significantly higher degree of atrophy; TYK2, RGS1 and CLEC16A revealed inverse effects. The weighted genetic risk score over the twelve loci showed significant correlation with MUCCA.";We genotyped 141 MS patients for 58 variations re-ported to reach significance in GW AS. Expanded disability status scale (EDSS) and disease duration (DD) are available from regular clinical examinations.;25620546;2014;Multiple sclerosis risk loci correlate with cervical cord atrophy and may explain the course of disability
CLEC16A;Homo sapiens;23274;C-type lectin domain containing 16A;"Gop-1; KIAA0350";protein coding;"Ensembl:ENSG00000038532 MIM:611303; AllianceGenome:HGNC:29013";16p13.13;peripheral blood;NA;PCR;MS;RRMS/PPMS/SPMS/CIS;Germany, North Rhine-Westphalia;141 MS;down-regulation;Phenotypic risk;"For nine loci—BATF, CYP27B1, IL12B, NFKB1,IL7, PLEK, EVI5, TAGAP and nrs669607—patients revealed significantly higher degree of atrophy; TYK2, RGS1 and CLEC16A revealed inverse effects. The weighted genetic risk score over the twelve loci showed significant correlation with MUCCA.";We genotyped 141 MS patients for 58 variations re-ported to reach significance in GW AS. Expanded disability status scale (EDSS) and disease duration (DD) are available from regular clinical examinations.;25620546;2014;Multiple sclerosis risk loci correlate with cervical cord atrophy and may explain the course of disability
TCF4;Homo sapiens;6925;transcription factor 4;"E2-2; FCD2; ITF2; PTHS; SEF2; CDG2T; FECD3; ITF-2; SEF-2; TCF-4; SEF2-1; SEF2-1A; SEF2-1B; SEF2-1D; bHLHb19";protein coding;"Ensembl:ENSG00000196628 MIM:602272; AllianceGenome:HGNC:11634";18q21.2;peripheral blood;NA;q-PCR;MS;RRMS;NA;NA;down-regulation;Disease risk;Most striking was the impaired TIGIT expression on MS-derived B cells mediated by dysregulation of the transcription factor TCF4. Activated circulating Tfh cells (cTfh cells) expressed CD155, the ligand of TIGIT , and TIGIT on B cells revealed their capacity to suppress the proliferation of IL -17–producing cTfh cells via the TIGIT/CD155 axis;Here, we performed comprehensive analyses of CD40 ligand– (CD40L -) and IL -21–stimulated memory B cells from patients with MS and healthy age-matched controls, modeling the help of follicular helper T cells (Tfh cells), and found a differential gene expression signature in multiple B cell pathways.;36250467;2022;Impaired TIGIT expression on B cells drives circulating follicular helper T cell expansion in multiple sclerosis
TIGIT;Homo sapiens;201633;T cell immunoreceptor with Ig and ITIM domains;"VSIG9; VSTM3; WUCAM";protein coding;"Ensembl:ENSG00000181847 MIM:612859; AllianceGenome:HGNC:26838";3q13.31;peripheral blood;NA;q-PCR;MS;RRMS;NA;NA;up-regulation;Disease risk;Most striking was the impaired TIGIT expression on MS-derived B cells mediated by dysregulation of the transcription factor TCF4. Activated circulating Tfh cells (cTfh cells) expressed CD155, the ligand of TIGIT , and TIGIT on B cells revealed their capacity to suppress the proliferation of IL -17–producing cTfh cells via the TIGIT/CD155 axis;Here, we performed comprehensive analyses of CD40 ligand– (CD40L -) and IL -21–stimulated memory B cells from patients with MS and healthy age-matched controls, modeling the help of follicular helper T cells (Tfh cells), and found a differential gene expression signature in multiple B cell pathways.;36250467;2022;Impaired TIGIT expression on B cells drives circulating follicular helper T cell expansion in multiple sclerosis
Enpp2;Mus musculus;18606;ectonucleotide pyrophosphatase/phosphodiesterase 2;"ATX; Npps2; Pdnp2; E-NPP 2; lysoPLD; PD-Ialpha";protein coding;Ensembl:ENSMUSG00000022425 AllianceGenome:MGI:1321390;"15; 15 D1";brain;NA;RT-PCR;EAE;N/A;C57BL/6;NA;up-regulation;Disease risk;Furthermore,p421.HB/PD-Ia mRNA levels were reduced in the CNS at onset of clinical symptoms in experimental autoimmune encephalo-myelitis.;One of the more complex developmental processes occurring postnatally in the CNS is the formation of the myelin sheath by oligodendrocytes.;9364056;1997;Phosphodiesterase I, A Novel Adhesion Molecule and/or Cytokine Involved in Oligodendrocyte Function
Kcnj10;Mus musculus;16513;potassium inwardly-rectifying channel, subfamily J, member 10;"BIR10; BIRK-1; Kir1.2; Kir4.1";protein coding;Ensembl:ENSMUSG00000044708 AllianceGenome:MGI:1194504;"1 H3; 1 79.69 cM";brain;astrocytes;RT-PCR;TMEV;N/A;Theiler;NA;up-regulation;Disease risk;We validated this mRNA increase by RT-PCR and quantitative PCR using Kir 4.1 specific primers.;In this work we demonstrate that in a MS model induced by Theiler's murine encephalomyelitis virus (TMEV) infection, the inward rectifier (Kir) 4.1 potassium channel subunit is overexpressed in astrocytes.;29705539;2018;Kir 4.1 inward rectifier potassium channel is upregulated in astrocytes in a murine multiple sclerosis model
GATA3;Homo sapiens;2625;GATA binding protein 3;"HDR; HDRS";protein coding;"Ensembl:ENSG00000107485 MIM:131320; AllianceGenome:HGNC:4172";10p14;peripheral blood;NA;q-PCR;MS;N/A;NA;39MS;up-regulation;Disease risk;High expression of mRNA encoding GATA3 and lymphotoxin-β ( LT-β) was associated with low disease activity in Gd-enhanced MRI studies.;Glatiramer acetate (GA) treatment suppresses disease activity in multiple sclerosis (MS). The immunological response to treatment may differ in patients who are stable on GA therapy and patients with breakthrough disease activity, but the results of previous studies are inconsistent.;22020419;2012;Glatiramer acetate antibodies, gene expression and disease activity in multiple sclerosis
LTB;Homo sapiens;4050;lymphotoxin beta;"p33; TNFC; TNFSF3; TNLG1C";protein coding;"Ensembl:ENSG00000227507 MIM:600978; AllianceGenome:HGNC:6711";N/A;peripheral blood;NA;q-PCR;MS;N/A;NA;39MS;up-regulation;Disease risk;High expression of mRNA encoding GATA3 and lymphotoxin-β ( LT-β) was associated with low disease activity in Gd-enhanced MRI studies.;Glatiramer acetate (GA) treatment suppresses disease activity in multiple sclerosis (MS). The immunological response to treatment may differ in patients who are stable on GA therapy and patients with breakthrough disease activity, but the results of previous studies are inconsistent.;22020419;2012;Glatiramer acetate antibodies, gene expression and disease activity in multiple sclerosis
MIR181A1;Homo sapiens;406995;microRNA 181a-1;"MIR213; MIRN213; mir-213; MIRN181A1; mir-181a-1; hsa-mir-181a-1";ncRNA;"Ensembl:ENSG00000207759 MIM:612742; miRBase:MI0000289; AllianceGenome:HGNC:31590";1q32.1;peripheral blood;NA;qRT-PCR;EAE;N/A;C57BL/6;n = 10mice;up-regulation;Disease risk;Loss of mir-181a-1/b-1 dampened the induction of experimental autoimmune encephalomyelitis and reduced basal TCR signaling in peripheral T cells and their migration from lymph nodes to pathogenic sites.;Here we show that genetic ablation of a natural tuner of TCR signaling, mir-181a-1/b-1, in double-positive (DP) thymocytes dampened TCR and Erk signaling and increased the threshold of positive selection.;26163591;2015;mir-181a-1/b-1 Modulates Tolerance through Opposing Activities in Selection and Peripheral T Cell Function
B4galt6;Mus musculus;56386;UDP-Gal:betaGlcNAc beta 1,4-galactosyltransferase, polypeptide 6;N/A;protein coding;Ensembl:ENSMUSG00000056124 AllianceGenome:MGI:1928380;"18; 18 A2";brain;"Astrocytes; Microglia";qPCR;EAE;N/A;NOD mice;n = 15 (naive and acute) or 20 (chronic) samples per condition;up-regulation;Disease risk;B4galt6 up-regulation in astrocytes, but not microglia, was validated by qPCR.;increased LacCer levels in the CNS during the progressive phase of NOD EAE.;25216636;2014;Regulation of astrocyte activation by glycolipids drives chronic CNS inflammation
B4GALT6;Homo sapiens;9331;beta-1,4-galactosyltransferase 6;"B4Gal-T6; beta4Gal-T6";protein coding;"Ensembl:ENSG00000118276 MIM:604017; AllianceGenome:HGNC:929";18q12.1;brain;N/A;qPCR;MS;N/A;N/A;lesions (n=10) / NAWM (n=5) / healthy controls (n=6);up-regulation;Disease risk;We found increased expression of B4GALT5 (2.15±0.28 fold) and B4GALT6 (8.26±2.11 fold) in MS lesions, but not in normal appearing white matter (NAWM) or controls;The increased expression of B4GALT5/6 was linked to increased LacCer levels in MS lesions;25216636;2014;Regulation of astrocyte activation by glycolipids drives chronic CNS inflammation
B4GALT5;Homo sapiens;9334;beta-1,4-galactosyltransferase 5;"gt-V; B4Gal-T5; beta4Gal-T5; beta4GalT-V; BETA4-GALT-IV";protein coding;"Ensembl:ENSG00000158470 MIM:604016; AllianceGenome:HGNC:928";20q13.13;brain;N/A;qPCR;MS;N/A;N/A;lesions (n=10) / NAWM (n=5) / healthy controls (n=6);up-regulation;Disease risk;We found increased expression of B4GALT5 (2.15±0.28 fold) and B4GALT6 (8.26±2.11 fold) in MS lesions, but not in normal appearing white matter (NAWM) or controls;The increased expression of B4GALT5/6 was linked to increased LacCer levels in MS lesions;25216636;2014;Regulation of astrocyte activation by glycolipids drives chronic CNS inflammation
Cnr1;Mus musculus;12801;cannabinoid receptor 1 (brain);"CB1; CB-R; CB1A; CB1B; CB1R";protein coding;Ensembl:ENSMUSG00000044288 AllianceGenome:MGI:104615;"4 A5; 4 16.28 cM";brain;Astrocytes;RT-qPCR;EAE;N/A;C57BL/6;n = 5–6 mice group;down-regulation;Disease risk;down-regulation;Deregulation of Endocannabinoid System Genes;32846891;2020;Gene Expression Analysis of Astrocyte and Microglia Endocannabinoid Signaling during Autoimmune Demyelination
Dagla;Mus musculus;269060;diacylglycerol lipase, alpha;Nsddr;protein coding;Ensembl:ENSMUSG00000035735 AllianceGenome:MGI:2677061;"19; 19 A";brain;"Astrocytes; Microglia";RT-qPCR;EAE;N/A;C57BL/6;n = 5–6 mice group;down-regulation;Disease risk;down-regulation;Deregulation of Endocannabinoid System Genes;32846891;2020;Gene Expression Analysis of Astrocyte and Microglia Endocannabinoid Signaling during Autoimmune Demyelination
Daglb;Mus musculus;231871;diacylglycerol lipase, beta;E330036I19Rik;protein coding;Ensembl:ENSMUSG00000039206 AllianceGenome:MGI:2442032;"5; 5 G2";brain;"Astrocytes; Microglia";RT-qPCR;EAE;N/A;C57BL/6;n = 5–6 mice group;down-regulation;Disease risk;down-regulation;Deregulation of Endocannabinoid System Genes;32846891;2020;Gene Expression Analysis of Astrocyte and Microglia Endocannabinoid Signaling during Autoimmune Demyelination
Naaa;Mus musculus;67111;N-acylethanolamine acid amidase;"Asahl; 2210023K21Rik; 3830414F09Rik";protein coding;Ensembl:ENSMUSG00000029413 AllianceGenome:MGI:1914361;"5; 5 E2";brain;Astrocytes;RT-qPCR;EAE;N/A;C57BL/6;n = 5–6 mice group;down-regulation;Disease risk;down-regulation;Deregulation of Endocannabinoid System Genes;32846891;2020;Gene Expression Analysis of Astrocyte and Microglia Endocannabinoid Signaling during Autoimmune Demyelination
Mgll;Mus musculus;23945;monoglyceride lipase;"Mgl; Magl";protein coding;Ensembl:ENSMUSG00000033174 AllianceGenome:MGI:1346042;"6; 6 D1";brain;"Astrocytes; Microglia";RT-qPCR;EAE;N/A;C57BL/6;n = 5–6 mice group;down-regulation;Disease risk;down-regulation;Deregulation of Endocannabinoid System Genes;32846891;2020;Gene Expression Analysis of Astrocyte and Microglia Endocannabinoid Signaling during Autoimmune Demyelination
Abhd6;Mus musculus;66082;abhydrolase domain containing 6;0610041D24Rik;protein coding;Ensembl:ENSMUSG00000025277 AllianceGenome:MGI:1913332;"14; 14 A1";brain;"Astrocytes; Microglia";RT-qPCR;EAE;N/A;C57BL/6;n = 5–6 mice group;down-regulation;Disease risk;down-regulation;Deregulation of Endocannabinoid System Genes;32846891;2020;Gene Expression Analysis of Astrocyte and Microglia Endocannabinoid Signaling during Autoimmune Demyelination
Abhd12;Mus musculus;76192;abhydrolase domain containing 12;"1500011G07Rik; 6330583M11Rik";protein coding;Ensembl:ENSMUSG00000032046 AllianceGenome:MGI:1923442;"2; 2 G3";brain;"Astrocytes; Microglia";RT-qPCR;EAE;N/A;C57BL/6;n = 5–6 mice group;down-regulation;Disease risk;down-regulation;Deregulation of Endocannabinoid System Genes;32846891;2020;Gene Expression Analysis of Astrocyte and Microglia Endocannabinoid Signaling during Autoimmune Demyelination
Fabp7;Mus musculus;12140;fatty acid binding protein 7, brain;"MRG; Blbp; BFABP; B-FABP";protein coding;Ensembl:ENSMUSG00000019874 AllianceGenome:MGI:101916;"10; 10 B4";brain;Astrocytes;RT-qPCR;EAE;N/A;C57BL/6;n = 5–6 mice group;down-regulation;Disease risk;down-regulation;Deregulation of Endocannabinoid System Genes;32846891;2020;Gene Expression Analysis of Astrocyte and Microglia Endocannabinoid Signaling during Autoimmune Demyelination
Faah;Mus musculus;14073;fatty acid amide hydrolase;N/A;protein coding;Ensembl:ENSMUSG00000034171 AllianceGenome:MGI:109609;"4 D1; 4 53.08 cM";brain;Astrocytes;RT-qPCR;EAE;N/A;C57BL/6;n = 5–6 mice group;up-regulation;Disease risk;up-regulation;Deregulation of Endocannabinoid System Genes;32846891;2020;Gene Expression Analysis of Astrocyte and Microglia Endocannabinoid Signaling during Autoimmune Demyelination
Rgcc;Mus musculus;28984;regulator of cell cycle;"RGC32; RGC-32; C13orf15; bA157L14.2";protein coding;"Ensembl:ENSG00000102760 MIM:610077; AllianceGenome:HGNC:20369";13q14.11;brain;Astrocytes;real-time PCR;primary rat astrocytes and stimulated them with TGF-β;N/A;N/A;N/A;up-regulation;Phenotypic risk;up-regulation;Response gene to complement (RGC)-32 plays an important role in the mediation of TGF-β downstream effects;30006805;2018;RGC-32 regulates reactive astrocytosis and extracellular matrix deposition in experimental autoimmune encephalomyelitis
Ido1;Mus musculus;15930;indoleamine 2,3-dioxygenase 1;"Ido; Indo";protein coding;Ensembl:ENSMUSG00000031551 AllianceGenome:MGI:96416;"8; 8 A2";brain;N/A;RT<U+2011>PCR;EAE;N/A;C57BL/6;n = 6 mice group;up-regulation;Disease risk;These findings indicate that the inflammatory process concomitant with the activation of IDO/KP is involved in the pathogenic mechanisms of EAE.;Evidence has suggested that the activation of indoleamine-2,3-dioxygenase (IDO), the rate-limiting enzyme in the kynurenine pathway (KP), plays a crucial role in inflammation-related diseases.;33040279;2020;Involvement of Indoleamine-2,3-Dioxygenase and Kynurenine Pathway in Experimental Autoimmune Encephalomyelitis in Mice
Mir99a;Mus musculus;387229;microRNA 99a;"Mirn99a; mir-99a; mmu-mir-99a";ncRNA;"Ensembl:ENSMUSG00000065530 miRBase:MI0000146; AllianceGenome:MGI:2676912";"16; 16 C3.1";serum;N/A;qRT-PCR;EAE;N/A;C57BL/6;N/A;up-regulation;Disease risk;Our results suggest that above-mentioned miRNAs may play a crucial role in the pathogenesis of MS, and that miR-99b, miR-125a, and miR-146b in particular may serve as useful biomarkers for disease activity.;Interestingly, serum levels of miR-99b, miR-125a, and miR-146b were significantly higher in EAE mice compared to normal mice.;30544973;2018;The miRNA Expression Profile of Experimental Autoimmune Encephalomyelitis Reveals Novel Potential Disease Biomarkers
Mir125a;Mus musculus;387235;microRNA 125a;Mirn125a;ncRNA;"Ensembl:ENSMUSG00000065479 miRBase:MI0000151; AllianceGenome:MGI:2676809";"17; 17 A3.2";serum;N/A;qRT-PCR;EAE;N/A;C57BL/6;N/A;up-regulation;Disease risk;Our results suggest that above-mentioned miRNAs may play a crucial role in the pathogenesis of MS, and that miR-99b, miR-125a, and miR-146b in particular may serve as useful biomarkers for disease activity.;Interestingly, serum levels of miR-99b, miR-125a, and miR-146b were significantly higher in EAE mice compared to normal mice.;30544973;2018;The miRNA Expression Profile of Experimental Autoimmune Encephalomyelitis Reveals Novel Potential Disease Biomarkers
Mir146b;Mus musculus;751550;microRNA 146b;"Mirn146b; mir-146b";ncRNA;"Ensembl:ENSMUSG00000070127 miRBase:MI0004665; AllianceGenome:MGI:3629945";"19 C3; 19";serum;N/A;qRT-PCR;EAE;N/A;C57BL/6;N/A;up-regulation;Disease risk;Our results suggest that above-mentioned miRNAs may play a crucial role in the pathogenesis of MS, and that miR-99b, miR-125a, and miR-146b in particular may serve as useful biomarkers for disease activity.;Interestingly, serum levels of miR-99b, miR-125a, and miR-146b were significantly higher in EAE mice compared to normal mice.;30544973;2018;The miRNA Expression Profile of Experimental Autoimmune Encephalomyelitis Reveals Novel Potential Disease Biomarkers
Mir223;Mus musculus;723814;microRNA 223;"Mirn223; miR-223; mmu-mir-223";ncRNA;"Ensembl:ENSMUSG00000076066 miRBase:MI0000703; AllianceGenome:MGI:2684360";"X; X C3";brain;retinal neurons;qPCR;EAE;N/A;C57BL/6;N/A;up-regulation;Disease risk;Our results suggest that miR-223-3p and miR-27a-3p are upregulated in response to inflammation to mediate a compensatory neuroprotective gene expression program;Our results suggest that miR-223- 3p and miR-27a-3p are upregulated in response to inflammation to mediate a compensatory neuroprotective gene expression program that desensitizes neurons to glutamate by targeting messenger RNAs involved in glutamate receptor signalling.;31412103;2019;MicroRNA-223 protects neurons from degeneration in experimental autoimmune encephalomyelitis
Mir27a;Mus musculus;387220;microRNA 27a;"Mirn27a; mir-27a; mmu-mir-27a";ncRNA;"Ensembl:ENSMUSG00000065444 miRBase:MI0000578; AllianceGenome:MGI:2676902";"8; 8 C2";brain;retinal neurons;qPCR;EAE;N/A;C57BL/6;N/A;up-regulation;Disease risk;Our results suggest that miR-223-3p and miR-27a-3p are upregulated in response to inflammation to mediate a compensatory neuroprotective gene expression program;Our results suggest that miR-223- 3p and miR-27a-3p are upregulated in response to inflammation to mediate a compensatory neuroprotective gene expression program that desensitizes neurons to glutamate by targeting messenger RNAs involved in glutamate receptor signalling.;31412103;2019;MicroRNA-223 protects neurons from degeneration in experimental autoimmune encephalomyelitis
Mir127;Mus musculus;387146;microRNA 127;"Mirn127; mir-127; mmu-mir-127";ncRNA;"Ensembl:ENSMUSG00000070076 miRBase:MI0000154; AllianceGenome:MGI:2676812";"12; 12 F1";brain;lumbar motor neurons/retinal ganglion cells;qPCR;EAE;N/A;C57BL/6;n = 3–6 mice group;down-regulation;Disease risk;down-regulation;microRNAs (miRNAs) are powerful regulators of gene expression that regulate numerous mRNAs simultaneously and can thus regulate programs of gene expression;30194392;2018;Neuronal microRNA regulation in Experimental Autoimmune Encephalomyelitis
Mir129-1;Mus musculus;387237;microRNA 129-1;"Mirn129b; miR-129b; Mirn129-1; mir-129-1";ncRNA;"Ensembl:ENSMUSG00000065469 miRBase:MI0000222; AllianceGenome:MGI:2676815";"6; 6 A3.3";brain;lumbar motor neurons/retinal ganglion cells;qPCR;EAE;N/A;C57BL/6;n = 3–6 mice group;down-regulation;Disease risk;down-regulation;microRNAs (miRNAs) are powerful regulators of gene expression that regulate numerous mRNAs simultaneously and can thus regulate programs of gene expression;30194392;2018;Neuronal microRNA regulation in Experimental Autoimmune Encephalomyelitis
Mir7-1;Mus musculus;723902;microRNA 7-1;"Mir7a1; Mirn7-1; miR-7a1; mir-7a-1; mmu-miR-7a1; mmu-mir-7-1";ncRNA;"Ensembl:ENSMUSG00000065434 miRBase:MI0000728; AllianceGenome:MGI:3619436";"13; 13 B1";brain;lumbar motor neurons/retinal ganglion cells;qPCR;EAE;N/A;C57BL/6;n = 3–6 mice group;up-regulation;Disease risk;up-regulation;microRNAs (miRNAs) are powerful regulators of gene expression that regulate numerous mRNAs simultaneously and can thus regulate programs of gene expression;30194392;2018;Neuronal microRNA regulation in Experimental Autoimmune Encephalomyelitis
Mir101a;Mus musculus;387143;microRNA 101a;"Mirn101; miR-101; Mirn101a; mir-101a";ncRNA;"Ensembl:ENSMUSG00000065451 miRBase:MI0000148; AllianceGenome:MGI:2676803";"4; 4 C6";brain;lumbar motor neurons/retinal ganglion cells;qPCR;EAE;N/A;C57BL/6;n = 3–6 mice group;up-regulation;Disease risk;up-regulation;microRNAs (miRNAs) are powerful regulators of gene expression that regulate numerous mRNAs simultaneously and can thus regulate programs of gene expression;30194392;2018;Neuronal microRNA regulation in Experimental Autoimmune Encephalomyelitis
Mir142;Mus musculus;387160;microRNA 142;"Mirn142; miR-142; mir-142a; mmu-mir-142; mmu-mir-142a";ncRNA;"Ensembl:ENSMUSG00000105196 miRBase:MI0000167; AllianceGenome:MGI:2676827";"11 C; 11";brain;lumbar motor neurons/retinal ganglion cells;qPCR;EAE;N/A;C57BL/6;n = 3–6 mice group;up-regulation;Disease risk;up-regulation;microRNAs (miRNAs) are powerful regulators of gene expression that regulate numerous mRNAs simultaneously and can thus regulate programs of gene expression;30194392;2018;Neuronal microRNA regulation in Experimental Autoimmune Encephalomyelitis
Mir199b;Mus musculus;387239;microRNA 199b;"Mirn199b; mir-199b";ncRNA;"Ensembl:ENSMUSG00000092807 miRBase:MI0000714; AllianceGenome:MGI:2676865";"2; 2 B";brain;lumbar motor neurons/retinal ganglion cells;qPCR;EAE;N/A;C57BL/6;n = 3–6 mice group;up-regulation;Disease risk;up-regulation;microRNAs (miRNAs) are powerful regulators of gene expression that regulate numerous mRNAs simultaneously and can thus regulate programs of gene expression;30194392;2018;Neuronal microRNA regulation in Experimental Autoimmune Encephalomyelitis
Mir203;Mus musculus;387199;microRNA 203;"Mirn203; mir-203; mmu-mir-203";ncRNA;"Ensembl:ENSMUSG00000065574 miRBase:MI0000246; AllianceGenome:MGI:2676878";"12; 12 F1";brain;lumbar motor neurons/retinal ganglion cells;qPCR;EAE;N/A;C57BL/6;n = 3–6 mice group;up-regulation;Disease risk;up-regulation;microRNAs (miRNAs) are powerful regulators of gene expression that regulate numerous mRNAs simultaneously and can thus regulate programs of gene expression;30194392;2018;Neuronal microRNA regulation in Experimental Autoimmune Encephalomyelitis
Mir205;Mus musculus;387201;microRNA 205;"Mirn205; mir-205; mmu-mir-205";ncRNA;"Ensembl:ENSMUSG00000065533 miRBase:MI0000248; AllianceGenome:MGI:2676880";"1 H6; 1";brain;lumbar motor neurons/retinal ganglion cells;qPCR;EAE;N/A;C57BL/6;n = 3–6 mice group;up-regulation;Disease risk;up-regulation;microRNAs (miRNAs) are powerful regulators of gene expression that regulate numerous mRNAs simultaneously and can thus regulate programs of gene expression;30194392;2018;Neuronal microRNA regulation in Experimental Autoimmune Encephalomyelitis
Mir340;Mus musculus;723845;microRNA 340;"Mirn340; mir-340; mmu-mir-340";ncRNA;"Ensembl:ENSMUSG00000065417 miRBase:MI0000623; AllianceGenome:MGI:3619355";"11; 11 B1.3";brain;lumbar motor neurons/retinal ganglion cells;qPCR;EAE;N/A;C57BL/6;n = 3–6 mice group;up-regulation;Disease risk;up-regulation;microRNAs (miRNAs) are powerful regulators of gene expression that regulate numerous mRNAs simultaneously and can thus regulate programs of gene expression;30194392;2018;Neuronal microRNA regulation in Experimental Autoimmune Encephalomyelitis
Mir370;Mus musculus;723854;microRNA 370;"Mirn370; mir-370; mmu-mir-370";ncRNA;"Ensembl:ENSMUSG00000065433 miRBase:MI0001165; AllianceGenome:MGI:3619375";"12; 12 F1";brain;lumbar motor neurons/retinal ganglion cells;qPCR;EAE;N/A;C57BL/6;n = 3–6 mice group;up-regulation;Disease risk;up-regulation;microRNAs (miRNAs) are powerful regulators of gene expression that regulate numerous mRNAs simultaneously and can thus regulate programs of gene expression;30194392;2018;Neuronal microRNA regulation in Experimental Autoimmune Encephalomyelitis
Mir374b;Mus musculus;751546;microRNA 374b;"Mir374; Mirn374; mir-374b; mmu-mir-374; mmu-mir-374b";ncRNA;"Ensembl:ENSMUSG00000076269 miRBase:MI0004125; AllianceGenome:MGI:3629958";"X D; X";brain;lumbar motor neurons/retinal ganglion cells;qPCR;EAE;N/A;C57BL/6;n = 3–6 mice group;up-regulation;Disease risk;up-regulation;microRNAs (miRNAs) are powerful regulators of gene expression that regulate numerous mRNAs simultaneously and can thus regulate programs of gene expression;30194392;2018;Neuronal microRNA regulation in Experimental Autoimmune Encephalomyelitis
Mir381;Mus musculus;723935;microRNA 381;"Mirn381; mir-381; mmu-mir-381";ncRNA;"Ensembl:ENSMUSG00000098838 miRBase:MI0000798; AllianceGenome:MGI:3619391";"12 F1; 12";brain;lumbar motor neurons/retinal ganglion cells;qPCR;EAE;N/A;C57BL/6;n = 3–6 mice group;up-regulation;Disease risk;up-regulation;microRNAs (miRNAs) are powerful regulators of gene expression that regulate numerous mRNAs simultaneously and can thus regulate programs of gene expression;30194392;2018;Neuronal microRNA regulation in Experimental Autoimmune Encephalomyelitis
Mir1969;Mus musculus;100316777;microRNA 1969;"mir-1969; mmu-mir-1969";ncRNA;"Ensembl:ENSMUSG00000088248 miRBase:MI0009966; AllianceGenome:MGI:3837216";"8 B3.3; 8 34.43 cM";brain;lumbar motor neurons/retinal ganglion cells;qPCR;EAE;N/A;C57BL/6;n = 3–6 mice group;up-regulation;Disease risk;up-regulation;microRNAs (miRNAs) are powerful regulators of gene expression that regulate numerous mRNAs simultaneously and can thus regulate programs of gene expression;30194392;2018;Neuronal microRNA regulation in Experimental Autoimmune Encephalomyelitis
Mir7056;Mus musculus;102465639;microRNA 7056;"Gm27696; mmu-mir-7056";ncRNA;"Ensembl:ENSMUSG00000098960 miRBase:MI0022905; AllianceGenome:MGI:5531078";"7; 7 B3";brain;lumbar motor neurons/retinal ganglion cells;qPCR;EAE;N/A;C57BL/6;n = 3–6 mice group;up-regulation;Disease risk;up-regulation;microRNAs (miRNAs) are powerful regulators of gene expression that regulate numerous mRNAs simultaneously and can thus regulate programs of gene expression;30194392;2018;Neuronal microRNA regulation in Experimental Autoimmune Encephalomyelitis
Ehmt2;Mus musculus;110147;"G9a; Bat8; NG36; KMT1C; D17Ertd710e";"17 B1; 17 18.45 cM";protein coding;Ensembl:ENSMUSG00000013787 AllianceGenome:MGI:2148922;"17 B1; 17 18.45 Cm";spinal cords;N/A;qPCR;EAE;N/A;C57BL/6;n = 5 mice group;up-regulation;Disease risk;Together, both CNS inflammation in vivo and glutamate excitotoxicity in neuronal cultures resulted in increased G9a- dependent H3K9me2 levels and neuronal loss.;G9a activity repressed anti-ferroptotic genes, diminished intracellular glutathione levels, and triggered the iron-dependent programmed cell death pathway ferroptosis.;35930635;2020;G9a dictates neuronal vulnerability to inflammatory stress via transcriptional control of ferroptosis
Pcbp1;Mus musculus;23983;poly(rC) binding protein 1;"WBP17; [a]CP-1; hnRNP E1; hnRNP-E1; alphaCP-1";protein coding;Ensembl:ENSMUSG00000051695 AllianceGenome:MGI:1345635;"6; 6 D1";serum;N/A;real-time PCR;EAE;N/A;C57BL/6;n = 12 mice group;up-regulation;Disease risk;We next immunized the chimeric mice with MOG and CFA to induce EAE and found that the mice with Pcbp1-deficient T cells were protected from the disease,with reduced disease incidence and less severe clinical symptoms compared to the control mic;RNA-binding protein PCBP1 promotes GM-CSF production and EAE;29958803;2018;Iron Drives T Helper Cell Pathogenicity by Promoting RNA-Binding Protein PCBP1-Mediated Proinflammatory Cytokine Production
Ccl5;Mus musculus;20304;chemokine (C-C motif) ligand 5;"SISd; Scya5; RANTES; TCP228; MuRantes";protein coding;Ensembl:ENSMUSG00000035042 AllianceGenome:MGI:98262;"11 C; 11 50.66 cM";brain;Hippocampal;RT-qPCR;EAE;N/A;C57BL/6;n = 5mice group;up-regulation;Disease risk;up-regulation;To establish whether the gene expressions found by reverse transcription-quantitative polymerase chain reaction (RT-qPCR) were comparable with those discovered by the RNA-seq analyses (n = 5/group), we assessed genes chosen based on gene expression and biological significance.;36499161;2022;Transcriptome Profiling in the Hippocampi of Mice with Experimental Autoimmune Encephalomyelitis
Ifit1;Mus musculus;15957;interferon-induced protein with tetratricopeptide repeats 1;"P56; ISG56; Ifi56; GARG-16; IFI-56K";protein coding;Ensembl:ENSMUSG00000034459 AllianceGenome:MGI:99450;"19; 19 C1";brain;Hippocampal;RT-qPCR;EAE;N/A;C57BL/6;n = 5mice group;up-regulation;Disease risk;up-regulation;To establish whether the gene expressions found by reverse transcription-quantitative polymerase chain reaction (RT-qPCR) were comparable with those discovered by the RNA-seq analyses (n = 6/group), we assessed genes chosen based on gene expression and biological significance.;36499161;2022;Transcriptome Profiling in the Hippocampi of Mice with Experimental Autoimmune Encephalomyelitis
Tnf;Mus musculus;21926;tumor necrosis factor;"DIF; Tnfa; TNF-a; TNFSF2; Tnlg1f; Tnfsf1a; TNFalpha; TNF-alpha";protein coding;Ensembl:ENSMUSG00000024401 AllianceGenome:MGI:104798;"17 B1; 17 18.59 cM";brain;Hippocampal;RT-qPCR;EAE;N/A;C57BL/6;n = 5mice group;up-regulation;Disease risk;up-regulation;To establish whether the gene expressions found by reverse transcription-quantitative polymerase chain reaction (RT-qPCR) were comparable with those discovered by the RNA-seq analyses (n = 7/group), we assessed genes chosen based on gene expression and biological significance.;36499161;2022;Transcriptome Profiling in the Hippocampi of Mice with Experimental Autoimmune Encephalomyelitis
Cxcl10;Mus musculus;15945;chemokine (C-X-C motif) ligand 10;"C7; IP10; CRG-2; INP10; IP-10; Ifi10; mob-1; Scyb10; gIP-10";protein coding;Ensembl:ENSMUSG00000034855 AllianceGenome:MGI:1352450;"5 E2; 5 46.57 cM";brain;Hippocampal;RT-qPCR;EAE;N/A;C57BL/6;n = 5mice group;up-regulation;Disease risk;up-regulation;To establish whether the gene expressions found by reverse transcription-quantitative polymerase chain reaction (RT-qPCR) were comparable with those discovered by the RNA-seq analyses (n = 8/group), we assessed genes chosen based on gene expression and biological significance.;36499161;2022;Transcriptome Profiling in the Hippocampi of Mice with Experimental Autoimmune Encephalomyelitis
Tyrobp;Mus musculus;22177;TYRO protein tyrosine kinase binding proteinprovided;"Ly83; DAP12; KARAP";protein coding;Ensembl:ENSMUSG00000030579 AllianceGenome:MGI:1277211;"7 B1; 7 17.45 cM";brain;Hippocampal;RT-qPCR;EAE;N/A;C57BL/6;n = 5mice group;up-regulation;Disease risk;up-regulation;To establish whether the gene expressions found by reverse transcription-quantitative polymerase chain reaction (RT-qPCR) were comparable with those discovered by the RNA-seq analyses (n = 9/group), we assessed genes chosen based on gene expression and biological significance.;36499161;2022;Transcriptome Profiling in the Hippocampi of Mice with Experimental Autoimmune Encephalomyelitis
Ccr2;Mus musculus;12772;chemokine (C-C motif) receptor 2;"Ckr2; Ccr2a; Ccr2b; Ckr2a; Ckr2b; mJe-r; Cmkbr2; Cc-ckr-2";protein coding;Ensembl:ENSMUSG00000049103 AllianceGenome:MGI:106185;"9 F4; 9 75.05 cM";brain;Hippocampal;RT-qPCR;EAE;N/A;C57BL/6;n = 5mice group;up-regulation;Disease risk;up-regulation;To establish whether the gene expressions found by reverse transcription-quantitative polymerase chain reaction (RT-qPCR) were comparable with those discovered by the RNA-seq analyses (n = 10/group), we assessed genes chosen based on gene expression and biological significance.;36499161;2022;Transcriptome Profiling in the Hippocampi of Mice with Experimental Autoimmune Encephalomyelitis
B2m;Mus musculus;12010;beta-2 microglobulin;"Ly-m11; beta2m; beta2-m";protein coding;Ensembl:ENSMUSG00000060802 AllianceGenome:MGI:88127;"2 E5; 2 60.55 cM";brain;Hippocampal;RT-qPCR;EAE;N/A;C57BL/6;n = 5mice group;up-regulation;Disease risk;up-regulation;To establish whether the gene expressions found by reverse transcription-quantitative polymerase chain reaction (RT-qPCR) were comparable with those discovered by the RNA-seq analyses (n = 11/group), we assessed genes chosen based on gene expression and biological significance.;36499161;2022;Transcriptome Profiling in the Hippocampi of Mice with Experimental Autoimmune Encephalomyelitis
Stat1;Mus musculus;20846;signal transducer and activator of transcription 1;2010005J02Rik;protein coding;Ensembl:ENSMUSG00000026104 AllianceGenome:MGI:103063;"1 C1.1; 1 26.81 cM";brain;Hippocampal;RT-qPCR;EAE;N/A;C57BL/6;n = 5mice group;up-regulation;Disease risk;up-regulation;To establish whether the gene expressions found by reverse transcription-quantitative polymerase chain reaction (RT-qPCR) were comparable with those discovered by the RNA-seq analyses (n = 12/group), we assessed genes chosen based on gene expression and biological significance.;36499161;2022;Transcriptome Profiling in the Hippocampi of Mice with Experimental Autoimmune Encephalomyelitis
Junb;Mus musculus;16477;jun B proto-oncogene;NA;protein coding;Ensembl:ENSMUSG00000052837 AllianceGenome:MGI:96647;"8 C3; 8 41.41 cM";brain;Hippocampal;RT-qPCR;EAE;N/A;C57BL/6;n = 5mice group;up-regulation;Disease risk;up-regulation;To establish whether the gene expressions found by reverse transcription-quantitative polymerase chain reaction (RT-qPCR) were comparable with those discovered by the RNA-seq analyses (n = 13/group), we assessed genes chosen based on gene expression and biological significance.;36499161;2022;Transcriptome Profiling in the Hippocampi of Mice with Experimental Autoimmune Encephalomyelitis
Egr1;Mus musculus;13653;early growth response 1;"egr; TIS8; Zenk; Egr-1; NGFIA; Zfp-6; ETR103; Krox-1; Krox24; NGF1-A; NGFI-A; Zif268; Krox-24; A530045N19Rik";protein coding;Ensembl:ENSMUSG00000038418 AllianceGenome:MGI:95295;"18 B1; 18 18.76 cM";brain;Hippocampal;RT-qPCR;EAE;N/A;C57BL/6;n = 5mice group;up-regulation;Disease risk;up-regulation;To establish whether the gene expressions found by reverse transcription-quantitative polymerase chain reaction (RT-qPCR) were comparable with those discovered by the RNA-seq analyses (n = 14/group), we assessed genes chosen based on gene expression and biological significance.;36499161;2022;Transcriptome Profiling in the Hippocampi of Mice with Experimental Autoimmune Encephalomyelitis
Fos;Mus musculus;14281;FBJ osteosarcoma oncogene;"cFos; c-fos; D12Rfj1";protein coding;Ensembl:ENSMUSG00000021250 AllianceGenome:MGI:95574;"12 D2; 12 39.7 cM";brain;Hippocampal;RT-qPCR;EAE;N/A;C57BL/6;n = 5mice group;up-regulation;Disease risk;up-regulation;To establish whether the gene expressions found by reverse transcription-quantitative polymerase chain reaction (RT-qPCR) were comparable with those discovered by the RNA-seq analyses (n = 15/group), we assessed genes chosen based on gene expression and biological significance.;36499161;2022;Transcriptome Profiling in the Hippocampi of Mice with Experimental Autoimmune Encephalomyelitis
Arc;Mus musculus;11838;activity regulated cytoskeletal-associated protein;"mArc; Arc3.1; arg3.1";protein coding;Ensembl:ENSMUSG00000022602 AllianceGenome:MGI:88067;"15 D3; 15 34.25 cM";brain;Hippocampal;RT-qPCR;EAE;N/A;C57BL/6;n = 5mice group;up-regulation;Disease risk;up-regulation;To establish whether the gene expressions found by reverse transcription-quantitative polymerase chain reaction (RT-qPCR) were comparable with those discovered by the RNA-seq analyses (n = 16/group), we assessed genes chosen based on gene expression and biological significance.;36499161;2022;Transcriptome Profiling in the Hippocampi of Mice with Experimental Autoimmune Encephalomyelitis
Insl3;Mus musculus;16336;insulin-like 3;"Rlf; Rlnl";protein coding;Ensembl:ENSMUSG00000079019 AllianceGenome:MGI:108427;"8 B3.3; 8 34.43 cM";serum;NA;RT-qPCR;EAE;N/A;C57BL/6;NA;down-regulation;Disease risk;down-regulation;These results imply that, during EAE, impaired testicular steroidogenesis arises as a consequence of decreased LH release.;33903635;2021;Testicular steroidogenesis is suppressed during experimental autoimmune encephalomyelitis in rats
Lhcgr;Mus musculus;16867;luteinizing hormone/choriogonadotropin receptor;"Lhr; LH-R; LSH-R; LH/CG-R; Gpcr19-rs1";protein coding;Ensembl:ENSMUSG00000024107 AllianceGenome:MGI:96783;"17 E4; 17 58.35 cM";serum;NA;RT-qPCR;EAE;N/A;C57BL/6;NA;down-regulation;Disease risk;down-regulation;These results imply that, during EAE, impaired testicular steroidogenesis arises as a consequence of decreased LH release.;33903635;2021;Testicular steroidogenesis is suppressed during experimental autoimmune encephalomyelitis in rats
Star;Mus musculus;20845;steroidogenic acute regulatory protein;"stARD1; D8Ertd419e";protein coding;Ensembl:ENSMUSG00000031574 AllianceGenome:MGI:102760;"8 A2; 8 14.17 cM";serum;NA;RT-qPCR;EAE;N/A;C57BL/6;NA;down-regulation;Disease risk;down-regulation;These results imply that, during EAE, impaired testicular steroidogenesis arises as a consequence of decreased LH release.;33903635;2021;Testicular steroidogenesis is suppressed during experimental autoimmune encephalomyelitis in rats
Scarb1;Mus musculus;20778;scavenger receptor class B, member 1;"CD36; Cla1; SRBI; Srb1; Cla-1; Hdlq1; SR-B1; SR-BI; Cd36l1; Chohd1; Hlb398; mSR-BI; D5Ertd460e";protein coding;Ensembl:ENSMUSG00000037936 AllianceGenome:MGI:893578;"5 64.11 cM; 5 G1.1";serum;NA;RT-qPCR;EAE;N/A;C57BL/6;NA;down-regulation;Disease risk;down-regulation;These results imply that, during EAE, impaired testicular steroidogenesis arises as a consequence of decreased LH release.;33903635;2021;Testicular steroidogenesis is suppressed during experimental autoimmune encephalomyelitis in rats
Cyp11a1;Mus musculus;13070;cytochrome P450, family 11, subfamily a, polypeptide 1;"Scc; cscc; Cyp11a; Cypxia1; P450scc; D9Ertd411e";protein coding;Ensembl:ENSMUSG00000032323 AllianceGenome:MGI:88582;"9 B; 9 31.63 cM";serum;NA;RT-qPCR;EAE;N/A;C57BL/6;NA;down-regulation;Disease risk;down-regulation;These results imply that, during EAE, impaired testicular steroidogenesis arises as a consequence of decreased LH release.;33903635;2021;Testicular steroidogenesis is suppressed during experimental autoimmune encephalomyelitis in rats
Cyp17a1;Mus musculus;13074;cytochrome P450, family 17, subfamily a, polypeptide 1;"Cyp17; p450c17";protein coding;Ensembl:ENSMUSG00000003555 AllianceGenome:MGI:88586;"19 C3; 19 38.97 cM";serum;NA;RT-qPCR;EAE;N/A;C57BL/6;NA;down-regulation;Disease risk;down-regulation;These results imply that, during EAE, impaired testicular steroidogenesis arises as a consequence of decreased LH release.;33903635;2021;Testicular steroidogenesis is suppressed during experimental autoimmune encephalomyelitis in rats
Hsd3b1;Mus musculus;360348;hydroxy-delta-5-steroid dehydrogenase, 3 beta- and steroid delta-isomerase 1;NA;protein coding;Ensembl:ENSRNOG00000070622;2q34;serum;NA;RT-qPCR;EAE;N/A;C57BL/6;NA;down-regulation;Disease risk;down-regulation;These results imply that, during EAE, impaired testicular steroidogenesis arises as a consequence of decreased LH release.;33903635;2021;Testicular steroidogenesis is suppressed during experimental autoimmune encephalomyelitis in rats
REG1A;Homo sapiens;5967;regenerating family member 1 alpha;"P19; PSP; PTP; REG; ICRF; PSPS; PSPS1";protein coding;"Ensembl:ENSG00000115386 MIM:167770; AllianceGenome:HGNC:9951";2p12;cerebrospinal fluid;NA;RT-qPCR;RRMS;N/A;RRMS;5RRMS+5control;up-regulation;Disease risk;up-regulation;IL- 22 induces production of four groups of Reg family pro- teins both in humans and in mice. These include Reg1, Reg2, Reg3a, Reg3b, Reg3 g, Reg3d and Reg4 in mice and REG1A, REG1B, REG3A, REG3B and REG4 in humans [27]. Reg proteins bind bacterial sugars and peptidoglycans through their C- type lectin domains (CTLD) via Ca2+- independent interactions and exert their bactericidal effects;33876425;2021;Temporal overexpression of IL-22 and Reg3γ differentially impacts the severity of experimental autoimmune encephalomyelitis
EXTL3;Homo sapiens;2137;exostosin like glycosyltransferase 3;"RPR; BOTV; REGR; EXTR1; ISDNA; EXTL1L";protein coding;"Ensembl:ENSG00000012232 MIM:605744; AllianceGenome:HGNC:3518";8p21.1;cerebrospinal fluid;NA;RT-qPCR;RRMS;N/A;RRMS;5RRMS+5control;up-regulation;Disease risk;up-regulation;"Several recep- tors on other cells of the host have also been defined for Reg proteins (Reg1a- Exostosin- like 3 (Extl3); REG3A- EXTL3, Reg3γ- Extl3; REG3A- EGFR; Reg3β- gp130; Reg4- GPR37) though some are controversial";33876425;2021;Temporal overexpression of IL-22 and Reg3γ differentially impacts the severity of experimental autoimmune encephalomyelitis
ID2;Homo sapiens;3398;inhibitor of DNA binding 2;"GIG8; ID2A; ID2H; bHLHb26";protein coding;"Ensembl:ENSG00000115738 MIM:600386; AllianceGenome:HGNC:5361";2p25.1;brain;N/A;PCR;MS;N/A;N/A;N/A;up-regulation;Disease risk;ID2 and ID4 are hypomethylated and display increased expression in MS lesions, compared to controls.;We conclude that DNA methylation is crucial to suppress ID2 and ID4 during OPC differentiation, a process that appears to be dysregulated during MS.;34482420;2021;DNA methylation regulates the expression of the negative transcriptional regulators ID2 and ID4 during OPC differentiation
ID4;Homo sapiens;3400;inhibitor of DNA binding 4;"IDB4; bHLHb27";protein coding;"Ensembl:ENSG00000172201 MIM:600581; AllianceGenome:HGNC:5363";6p22.3;brain;N/A;PCR;MS;N/A;N/A;N/A;up-regulation;Disease risk;ID2 and ID4 are hypomethylated and display increased expression in MS lesions, compared to controls.;We conclude that DNA methylation is crucial to suppress ID2 and ID4 during OPC differentiation, a process that appears to be dysregulated during MS.;34482420;2021;DNA methylation regulates the expression of the negative transcriptional regulators ID2 and ID4 during OPC differentiation
CYP24A1;Homo sapiens;1591;cytochrome P450 family 24 subfamily A member 1;"CP24; HCAI; CYP24; HCINF1; P450-CC24";protein coding;"Ensembl:ENSG00000019186 MIM:126065; AllianceGenome:HGNC:2602";20q13.2;blood;N/A;RT-PCR;MS;RRMS;Iranian;50 RRMS patients,50 normal controls;down-regulation;N/A;On the other hand, there was a 0.89 times decrease in the expression level of CYP24A1 in RR-MS patients which was not statistically significant.;N/A;28836398;2017;VDR and CYP24A1 Expression Analysis in Iranian Relapsing-Remitting Multiple Sclerosis Patients
VDR;Homo sapiens;7421;vitamin D receptor;"NR1I1; PPP1R163";protein coding;"Ensembl:ENSG00000111424 MIM:601769; AllianceGenome:HGNC:12679";12q13.11;blood;N/A;RT-PCR;MS;RRMS;Iranian;50 RRMS patients,50 normal controls;up-regulation;Disease risk;On the other hand, there was a 0.89 times decrease in the expression level of CYP24A1 in RR-MS patients which was not statistically significant.;N/A;28836398;2017;VDR and CYP24A1 Expression Analysis in Iranian Relapsing-Remitting Multiple Sclerosis Patients
Cst7;Mus musculus;13011;cystatin F (leukocystatin);Cmap;protein coding;Ensembl:ENSMUSG00000068129 AllianceGenome:MGI:1298217;"2; 2 G3";brain;white matter;immunohistochemistry;EAE;N/A;C57BL/6 mouse;N/A;N/A;Disease risk;Elevated Numbers of Activated Microglia Persist in 8-Month-Old Mice Even With Decreased Levels of Cystatin F Expression;N/A;21344476;2011;Microglial cystatin F expression is a sensitive indicator for ongoing demyelination with concurrent remyelination
NLRP3;Homo sapiens;114548;NLR family pyrin domain containing 3;"AII; AVP; FCU; MWS; FCAS; KEFH; CIAS1; FCAS1; NALP3; C1orf7; CLR1.1; DFNA34; PYPAF1; AGTAVPRL";protein coding;"Ensembl:ENSG00000162711 MIM:606416; AllianceGenome:HGNC:16400";1q44;Blood;N/A;PCR;MS;RRMS;Iranian;150 Iranian patients with relapsing-remitting MS (RRMS) in comparison with 100 healthy controls.;down-regulation;disease risk;In this study, we found that NLRP3 rs3806265 C allele and CC genotype were significantly more frequent in the RRMS patients (p value = 0.03 OR = 1.66, 95% CI = 1.14-2.43) and p value = 0.04, OR = 3.26, 95% CI = 1.19-8.93, respectively), while the frequency of T allele significantly decreased in controls (p value = 0.03, OR = 0.6, 95% CI = 0.41-0.87). The frequency of CG genotype at position rs10754558 was also significantly higher in the controls compared with patients (p value = 0.03, OR = 0.5, 95% CI = 0.30-0.80).;These polymorphisms are suggested to be associated with the basal levels of IL‐1β and IL‐18.The G allele in rs10754558 was shown to enhance NLRP3 Mrna stability,leading to increased IL‐1 and IL‐18 secretion;30264444;2018;Association of nod-like receptor protein-3 single nucleotide gene polymorphisms and expression with the susceptibility to relapsing-remitting multiple sclerosis
Mir142;Mus musculus;387160;microRNA 142;"Mirn142; miR-142; mir-142a; mmu-mir-142; mmu-mir-142a";ncRNA;"Ensembl:ENSMUSG00000105196 miRBase:MI0000167; AllianceGenome:MGI:2676827";"11 C; 11";spinal cord;lumbar spinal cord;RT-PCR;EAE;N/A;C57BL6 mice;mice in each group = 10;up-regulation;disease risk;miR-142 isoforms are upregulated in the CNS of MS patients and animals with EAE;Our findings suggest that increased expression of miR-142 isoforms might be involved in the pathogenesis of autoimmune neuroinflammation by influencing T cell differentiation, and this effect could be mediated by interaction of miR-142 isoforms with SOCS1 and TGFBR-1 transcripts.;28302134;2017;MicroRNA-142 regulates inflammation and T cell differentiation in an animal model of multiple sclerosis
MIR142;Homo sapiens;406934;microRNA 142;"MIRN142; mir-142";ncRNA;"Ensembl:ENSG00000284353 MIM:615657; miRBase:MI0000458; AllianceGenome:HGNC:31529";17q22;Brain;white matter;RT-PCR;MS;N/A;N/A;"non-MS patients (n = 6; mean age = 61 + 4.0 years; male:female, 3:3; diagnoses at death: sepsis, cancer, myocardial infarction, stroke, HIV-AIDS, Parkinson’s disease) and patients with MS (n = 6; mean age = 56 + 3.2 years; male:female, 2:4; diagnoses at death: secondary progressive MS (n = 4), primary progressive MS (n = 1) and relapsing-remitting MS (n = 1).";up-regulation;disease risk;miR-142 isoforms are upregulated in the CNS of MS patients and animals with EAE;Our findings suggest that increased expression of miR-142 isoforms might be involved in the pathogenesis of autoimmune neuroinflammation by influencing T cell differentiation, and this effect could be mediated by interaction of miR-142 isoforms with SOCS1 and TGFBR-1 transcripts.;28302134;2017;MicroRNA-142 regulates inflammation and T cell differentiation in an animal model of multiple sclerosis
Socs1;Mus musculus;12703;suppressor of cytokine signaling 1;"JAB; Cish1; Cish7; SSI-1; SOCS-1";protein coding;Ensembl:ENSMUSG00000038037 AllianceGenome:MGI:1354910;"16 A1; 16 5.81 Cm";spinal cord;N/A;RT-PCR;EAE;N/A;C57BL6 mice;mice in each group = 10;up-regulation;disease risk;SOCS1 levels were also diminished in MS white matter and EAE spinal cords.;All these findings point to SOCS1 as a guardian of Tregs and a controller of Th1 development.;28302134;2017;MicroRNA-142 regulates inflammation and T cell differentiation in an animal model of multiple sclerosis
SOCS1;Homo sapiens;8651;suppressor of cytokine signaling 1;"JAB; CIS1; SSI1; TIP3; CISH1; SSI-1; TIP-3; AISIMD; SOCS-1";protein coding;"Ensembl:ENSG00000185338 MIM:603597; AllianceGenome:HGNC:19383";16p13.13;Brain;white matter;RT-PCR;MS;N/A;N/A;"non-MS patients (n = 6; mean age = 61 + 4.0 years; male:female, 3:3; diagnoses at death: sepsis, cancer, myocardial infarction, stroke, HIV-AIDS, Parkinson’s disease) and patients with MS (n = 6; mean age = 56 + 3.2 years; male:female, 2:4; diagnoses at death: secondary progressive MS (n = 4), primary progressive MS (n = 1) and relapsing-remitting MS (n = 1).";down-regulation;disease risk;In human autopsy samples, SOCS1 showed significant reduction in MS samples but the levels of TGFBR1 and TGFBR2 did not differ between MS and control tissues;All these findings point to SOCS1 as a guardian of Tregs and a controller of Th1 development.;28302134;2017;MicroRNA-142 regulates inflammation and T cell differentiation in an animal model of multiple sclerosis
GSDMB;Homo sapiens;55876;gasdermin B;"GSDML; PP4052; GSDMB-1; PRO2521";protein coding;"Ensembl:ENSG00000073605 MIM:611221; AllianceGenome:HGNC:23690";17q21.1;Blood;N/A;RT-PCR;MS;RRMS;N/A;30 relapsing remitting (RR)-MS cases and 30 healthy controls;up-regulation;disease risk;Real-time RT-PCR performed on RNA extracted from PBMCs showed a significant upregulation of the GSDMB ecircRNA in MS cases with respect to controls (2.8-fold, p = 0.0011) (Figure 4d).;Our results fit well with this hypothesis, and specifically provide evidence of alterations of GSDMB AS and backsplicing profiles in MS, highlighting a possible involvement of GSDMB isoform unbalance in the disease pathogenesis.;28272342;2017;The Characterization of GSDMB Splicing and Backsplicing Profiles Identifies Novel Isoforms and a Circular RNA That Are Dysregulated in Multiple Sclerosis
IGKC;Homo sapiens;3514;immunoglobulin kappa constant;"Km; HCAK1; IGKCD";other;"Ensembl:ENSG00000211592 IMGT/GENE-DB:IGKC; MIM:147200; AllianceGenome:HGNC:5716";2p11.2;Brain;cortical gray matter;qPCR;MS;N/A;the Dutch Brain Bank, the Netherlands;12 controls and 11 multiple sclerosis (MS) patients;up-regulation;disease risk;A Student's t‐test (P<0.001) confirmed significant upregulation of IGKC, IGHG1 and IGKV41 in MS patients compared with controls.;N/A;19919606;2010;Upregulation of immunoglobulin-related genes in cortical sections from multiple sclerosis patients
IGHG1;Homo sapiens;3500;immunoglobulin heavy constant gamma 1 (G1m marker);N/A;other;"Ensembl:ENSG00000211896 IMGT/GENE-DB:IGHG1; MIM:147100; AllianceGenome:HGNC:5525";14q32.33;Brain;cortical gray matter;qPCR;MS;N/A;the Dutch Brain Bank, the Netherlands;12 controls and 11 multiple sclerosis (MS) patients;up-regulation;disease risk;A Student's t‐test (P<0.001) confirmed significant upregulation of IGKC, IGHG1 and IGKV41 in MS patients compared with controls.;N/A;19919606;2010;Upregulation of immunoglobulin-related genes in cortical sections from multiple sclerosis patients
IGKV4-1;Homo sapiens;28908;immunoglobulin kappa variable 4-1;"B3; IGKV41";other;"Ensembl:ENSG00000211598 IMGT/GENE-DB:IGKV4-1; AllianceGenome:HGNC:5834";2p11.2;Brain;cortical gray matter;qPCR;MS;N/A;the Dutch Brain Bank, the Netherlands;12 controls and 11 multiple sclerosis (MS) patients;up-regulation;disease risk;A Student's t‐test (P<0.001) confirmed significant upregulation of IGKC, IGHG1 and IGKV41 in MS patients compared with controls.;N/A;19919606;2010;Upregulation of immunoglobulin-related genes in cortical sections from multiple sclerosis patients
NINJ2;Homo sapiens;4815;ninjurin 2;N/A;protein coding;"Ensembl:ENSG00000171840 MIM:607297; AllianceGenome:HGNC:7825";12p13.33;blood;CD14 Microbeads;PCR;MS;N/A;N/A;7 healthy controls,7 untreated MS;down-regulation;Disease risk;NINJ2 is Down-Regulated after Pro-Inflammatory Stimulation in Monocytes and in THP-1 Cells.;Overall, our results suggest that ninjurin2 could be involved in the transmigration of immune cells into the CNS in pro-inflammatory conditions. Further experiments are needed to elucidate the exact molecular mechanisms.;36360183;2022;Involvement of NINJ2 Protein in Inflammation and Blood-Brain Barrier Transmigration of Monocytes in Multiple Sclerosis
MANBA;Homo sapiens;4126;mannosidase beta;MANB1;protein coding;"Ensembl:ENSG00000109323 MIM:609489; AllianceGenome:HGNC:6831";4q24;blood;N/A;PCR;MS;RRMS;N/A;152 MS patients,112 healthy controls;down-regulation;Disease risk;Decreased MANBA Expression and Enzymatic Activity in Lymphocytes from MS Patients Compared to Those from Healthy Controls;We provide evidence regarding the MANBA gene as a contributor to MS susceptibility by investigating its role in the immunopathology of MS as well as the impact of the MS-associated SNP rs7665090.;35897697;2022;Impact of Multiple Sclerosis Risk Polymorphism rs7665090 on MANBA Activity, Lysosomal Endocytosis, and Lymphocyte Activation
MIR21;Homo sapiens;406991;microRNA 21;"MIRN21; miR-21; miRNA21; hsa-mir-21";protein coding;"Ensembl:ENSG00000284190 MIM:611020; miRBase:MI0000077; AllianceGenome:HGNC:31586";17q23.1;cell-free cerebrospinal fluid;N/A;TaqMan assays and Qpcr;MS;N/A;N/A;46 relapse-onset MS patients;up-regulation;Disease risk;In conclusion, overexpression of miR-21, miR-146a, and miR-146b in cell-free CSF were able to discriminate MS patients with Gd+ lesions in the MRI.;N/A;31727077;2019;Analysis of miRNA signatures in CSF identifies upregulation of miR-21 and miR-146a/b in patients with multiple sclerosis and active lesions
IL18;Homo sapiens;3606;interleukin 18;"IGIF; IL-18; IL-1g; IL1F4";protein coding;"Ensembl:ENSG00000150782 MIM:600953; AllianceGenome:HGNC:5986";11q23.1;blood;N/A;ELISA;MS;RRMS;N/A;N/A;up-regulation;Disease risk;IL-18 concentration in MS patients' sera was higher than in HD, but the level of anti-IL-18 auto-Abs was lower in MS patients.;These variations from the norm are possible results of abnormal regulation of the repertoire perhaps determined by remodeling of the molecular mechanisms involved in the V(D)J recombination and/or abnormal selection by antigen in MS pathogenesis.;26743536;2016;Use of the VH6-1 gene segment to code for anti-interleukin-18 autoantibodies in multiple sclerosis
CXCL13;Homo sapiens;10563;C-X-C motif chemokine ligand 13;"BLC; BCA1; ANGIE; BCA-1; BLR1L; ANGIE2; SCYB13";protein coding;"Ensembl:ENSG00000156234 MIM:605149; AllianceGenome:HGNC:10639";4q21.1;CSF and blood samples;N/A;ELISA;MS;RRMS,SPMS,PPMS;N/A;RRMS (n = 266), SPMS (n = 35) and PPMS (n = 19);up-regulation;Disease risk;Our results pointed towards a genetic predisposition for increased CXCL13 levels, which in MS patients correlates with the severity of the disease course.;N/A;23175382;2013;Multiple sclerosis risk genotypes correlate with an elevated cerebrospinal fluid level of the suggested prognostic marker CXCL13
MX1;Homo sapiens;4599;MX dynamin like GTPase 1;"MX; MxA; IFI78; IFI-78K; lncMX1-215";protein coding;"Ensembl:ENSG00000157601 MIM:147150; AllianceGenome:HGNC:7532";21q22.3;blood;N/A;PCR;MS;N/A;N/A;576 patients with MS;N/A;Disease risk;Ιn patients with low titres, we suggest to supplement ELISA with measurement of MX1 mRNA to establish whether the bioavailability of IFN-β is preserved.;N/A;22564111;2012;Correlation between anti-interferon-β binding and neutralizing antibodies in interferon-β-treated multiple sclerosis patients
CCL2;Homo sapiens;6347;C-C motif chemokine ligand 2;"HC11; MCAF; MCP1; MCP-1; SCYA2; GDCF-2; SMC-CF; HSMCR30";protein coding;"Ensembl:ENSG00000108691 MIM:158105; AllianceGenome:HGNC:10618";17q12;blood;N/A;PCR;MS;RRMS,SPMS,PPMS;N/A;30MS,10 healthy donors;up-regulation;Disease risk;CCL2 and CCR2 mRNA are upregulated during EAE/MS.;N/A;19232440;2009;Administration of a monomeric CCL2 variant to EAE mice inhibits inflammatory cell recruitment and protects from demyelination and axonal loss
CCR2;Homo sapiens;729230;C-C motif chemokine receptor 2;"CKR2; CCR-2; CCR2A; CCR2B; CD192; CKR2A; CKR2B; CMKBR2; MCP-1-R; CC-CKR-2";protein coding;"Ensembl:ENSG00000121807 MIM:601267; AllianceGenome:HGNC:1603";3p21.31;blood;N/A;PCR;MS;RRMS,SPMS,PPMS;N/A;30MS,10 healthy donors;up-regulation;Disease risk;CCL2 and CCR2 mRNA are upregulated during EAE/MS.;N/A;19232440;2009;Administration of a monomeric CCL2 variant to EAE mice inhibits inflammatory cell recruitment and protects from demyelination and axonal loss
Ccl2;Mus musculus;20296;chemokine (C-C motif) ligand 2;"JE; HC11; MCAF; MCP1; MCP-1; Scya2; Sigje; SMC-CF";protein coding;Ensembl:ENSMUSG00000035385 AllianceGenome:MGI:98259;"11 B5; 11 49.82 Cm";brain;N/A;PCR;EAE;N/A;SJL and C57 BL/6 mice;N/A;up-regulation;Disease risk;CCL2 and CCR2 mRNA are upregulated during EAE/MS.;N/A;19232440;2009;Administration of a monomeric CCL2 variant to EAE mice inhibits inflammatory cell recruitment and protects from demyelination and axonal loss
Ccr2;Mus musculus;12772;chemokine (C-C motif) receptor 2;"Ckr2; Ccr2a; Ccr2b; Ckr2a; Ckr2b; mJe-r; Cmkbr2; Cc-ckr-2";protein coding;Ensembl:ENSMUSG00000049103 AllianceGenome:MGI:106185;"9 F4; 9 75.05 cM";brain;N/A;PCR;EAE;N/A;SJL and C57 BL/6 mice;N/A;up-regulation;Disease risk;CCL2 and CCR2 mRNA are upregulated during EAE/MS.;N/A;19232440;2009;Administration of a monomeric CCL2 variant to EAE mice inhibits inflammatory cell recruitment and protects from demyelination and axonal loss
SPP1;Homo sapiens;6696;secreted phosphoprotein 1;"OPN; BNSP; BSPI; ETA-1";protein coding;"Ensembl:ENSG00000118785 MIM:166490; AllianceGenome:HGNC:11255";4q22.1;blood;N/A;ELISA;MS;RRMS;N/A;Sixteen patients with clinically or laboratory supported definite RRMS;up-regulation;Disease risk;Although no robust relation between OPN and disease activity was observed, these data suggest that OPN levels are elevated prior to increased disease activity in RR MS patients.;Osteopontin (OPN) has been identified as the most prominent cytokine-encoding gene expressed within multiple sclerosis (MS) lesions.;15342207;2004;Osteopontin levels and increased disease activity in relapsing-remitting multiple sclerosis patients
Ccl5;Mus musculus;20304;chemokine (C-C motif) ligand 5;"SISd; Scya5; RANTES; TCP228; MuRantes";protein coding;Ensembl:ENSMUSG00000035042 AllianceGenome:MGI:98262;"11 C; 11 50.66 Cm";spinal cord mononuclear cells;N/A;PCR;EAE;N/A;SJL/J mice;N/A;up-regulation;Disease risk;Expression of RANTES was increased significantly in the brain (fig. 1a) as well as in the spinal cord.;This consistent relationship supports the hypothesis that chemokines are relevant to leukocyte accumulation in CNS parenchyma and suggests that these cytokines (or their receptors) may provide attractive and selective targets for therapeutic intervention to treat pathogenic CNS inflammation.;9730682;1998;Expression of chemokines RANTES, MIP-1alpha and GRO-alpha correlates with inflammation in acute experimental autoimmune encephalomyelitis
Cxcl1;Mus musculus;14825;chemokine (C-X-C motif) ligand 1;"KC; Fsp; N51; gro; Gro1; Mgsa; Scyb1";protein coding;Ensembl:ENSMUSG00000029380 AllianceGenome:MGI:108068;"5 E1; 5 44.78 cM";spinal cord mononuclear cells;N/A;PCR;EAE;N/A;SJL/J mice;N/A;up-regulation;Disease risk;In the present study we analyzed the gene expression of three chemokines, RANTES, MIP-1alpha and GRO-alpha, at the onset of acute EAE, and correlated that expression with the intensity of inflammatory changes in the CNS.;This consistent relationship supports the hypothesis that chemokines are relevant to leukocyte accumulation in CNS parenchyma and suggests that these cytokines (or their receptors) may provide attractive and selective targets for therapeutic intervention to treat pathogenic CNS inflammation.;9730682;1998;Expression of chemokines RANTES, MIP-1alpha and GRO-alpha correlates with inflammation in acute experimental autoimmune encephalomyelitis
MAGI2-AS3;Homo sapiens;100505881;MAGI2 antisense RNA 3;N/A;ncRNA;Ensembl:ENSG00000234456 AllianceGenome:HGNC:40862;7q21.11;blood;N/A;RT-Qpcr;MS;N/A;N/A;100 patients with MS and 50 healthy volunteers;down-regulation;Disease risk;Compared with the healthy control group, serum MAGI2-AS3 and PTEN were downregulated in MS patients, whereas miR-374b-5p, PI3K, AKT, IRF-3, and IFN-β were upregulated in MS patients.;In conclusion, the study showed for the first time that the crosstalk between MAGI2-AS3 and miR-374b-5p could affect the AKT/IRF3/IFN-β axis in MS.;36878000;2023;MAGI2-AS3 and miR-374b-5p as Putative Regulators of Multiple Sclerosis via Modulating the PTEN/AKT/IRF-3/IFN-β Axis: New Clinical Insights
MIR374B;Homo sapiens;100126317;microRNA 374b;"MIRN374B; mir-374b";ncRNA;"Ensembl:ENSG00000212027 miRBase:MI0005566; AllianceGenome:HGNC:33665";Xq13.2;blood;N/A;RT-Qpcr;MS;N/A;N/A;100 patients with MS and 50 healthy volunteers;up-regulation;Disease risk;Compared with the healthy control group, serum MAGI2-AS3 and PTEN were downregulated in MS patients, whereas miR-374b-5p, PI3K, AKT, IRF-3, and IFN-β were upregulated in MS patients.;In conclusion, the study showed for the first time that the crosstalk between MAGI2-AS3 and miR-374b-5p could affect the AKT/IRF3/IFN-β axis in MS.;36878000;2023;MAGI2-AS3 and miR-374b-5p as Putative Regulators of Multiple Sclerosis via Modulating the PTEN/AKT/IRF-3/IFN-β Axis: New Clinical Insights
PTEN;Homo sapiens;5728;phosphatase and tensin homolog;"BZS; DEC; CWS1; GLM2; MHAM; TEP1; MMAC1; PTEN1; 10q23del; PTENbeta";protein coding;"Ensembl:ENSG00000171862 MIM:601728; AllianceGenome:HGNC:9588";10q23.31;blood;N/A;RT-Qpcr;MS;N/A;N/A;100 patients with MS and 50 healthy volunteers;down-regulation;Disease risk;Compared with the healthy control group, serum MAGI2-AS3 and PTEN were downregulated in MS patients, whereas miR-374b-5p, PI3K, AKT, IRF-3, and IFN-β were upregulated in MS patients.;In conclusion, the study showed for the first time that the crosstalk between MAGI2-AS3 and miR-374b-5p could affect the AKT/IRF3/IFN-β axis in MS.;36878000;2023;MAGI2-AS3 and miR-374b-5p as Putative Regulators of Multiple Sclerosis via Modulating the PTEN/AKT/IRF-3/IFN-β Axis: New Clinical Insights
IL6;Homo sapiens;3569;interleukin 6;"CDF; HGF; HSF; BSF2; IL-6; BSF-2; IFNB2; IFN-beta-2";protein coding;"Ensembl:ENSG00000136244 MIM:147620; AllianceGenome:HGNC:6018";7p15.3;blood;N/A;RT-PCR;MS;RRMS;N/A;N/A;up-regulation;Disease risk;The IL-6 mRNA expression in patients with RRMS was significantly higher than in the controls (p= 0.019). When patients who did not receive any other treatment were compared with the controls, the significant difference was substantial (p=0.006).;N/A;35767891;2022;Concomitant Expression of IL-6 and TGF-β Cytokines and their Receptors in Peripheral Blood of Patients with Multiple Sclerosis: The Effects of INFβ Drugs
TGFB1;Homo sapiens;7040;transforming growth factor beta 1;"CED; LAP; DPD1; TGFB; IBDIMDE; TGFbeta; TGF-beta1";protein coding;"Ensembl:ENSG00000105329 MIM:190180; AllianceGenome:HGNC:11766";19q13.2;blood;N/A;RT-PCR;MS;RRMS;N/A;N/A;down-regulation;Disease risk;The TGF-β mRNA expression in patients was lower than in the controls (p = 0.03).;N/A;35767891;2022;Concomitant Expression of IL-6 and TGF-β Cytokines and their Receptors in Peripheral Blood of Patients with Multiple Sclerosis: The Effects of INFβ Drugs
MIR20A;Homo sapiens;406982;microRNA 20a;"MIR20; MIRH1; MIRHG1; MIRN20; miR-20; MIR17HG; MIRN20A; mir-20a; C13orf25; miRNA20A; hsa-mir-20; hsa-mir-20a";ncRNA;"Ensembl:ENSG00000283762 MIM:609420; miRBase:MI0000076; AllianceGenome:HGNC:31577";13q31.3;blood;N/A;RT-PCR;MS;RRMS;N/A;20 MS,20 healthy;up-regulation;Disease risk;Comparison of miRNA expression levels in the peripheral blood samples and MS patients and healthy subjects revealed that the MS patients had significant upregulation of miR-20 and downregulation of miR-26 and miR-155 compared to the control group (p<0.005).;N/A;34130607;2021;Expression levels of IL-17/IL-23 cytokine-targeting microRNAs 20, 21, 26, 155, and Let-7 in patients with relapsing-remitting multiple sclerosis
TYK2;Homo sapiens;7297;tyrosine kinase 2;"JTK1; IMD35";protein coding;"Ensembl:ENSG00000105397 MIM:176941; AllianceGenome:HGNC:12440";19p13.2;blood;N/A;PCR;MS;RRMS;N/A;Seventy-eight RRMS patients treated with IFNβ-1a and 79 age- and ethnic-matched healthy subjects;down-regulation;Disease risk;Significantly down-regulated expression of TYK2, CBLB and LMP7 genes was found in the patients group versus controls.;Our results suggest that expression analysis of TYK2, CBLB and LMP7 genes could be useful for evaluation of T cells immunity and clinical response to IFNβ-therapy in RRMS patients.;29157944;2018;Down-regulation of TYK2, CBLB and LMP7 genes expression in relapsing-remitting multiple sclerosis patients treated with interferon-beta
CBLB;Homo sapiens;868;Cbl proto-oncogene B;"Cbl-b; RNF56; Nbla00127";protein coding;"Ensembl:ENSG00000114423 MIM:604491; AllianceGenome:HGNC:1542";3q13.11;blood;N/A;PCR;MS;RRMS;N/A;Seventy-eight RRMS patients treated with IFNβ-1a and 79 age- and ethnic-matched healthy subjects;down-regulation;Disease risk;Significantly down-regulated expression of TYK2, CBLB and LMP7 genes was found in the patients group versus controls.;Our results suggest that expression analysis of TYK2, CBLB and LMP7 genes could be useful for evaluation of T cells immunity and clinical response to IFNβ-therapy in RRMS patients.;29157944;2018;Down-regulation of TYK2, CBLB and LMP7 genes expression in relapsing-remitting multiple sclerosis patients treated with interferon-beta
PSMB8;Homo sapiens;5696;proteasome 20S subunit beta 8;"JMP; ALDD; LMP7; NKJO; D6S216; PRAAS1; PSMB5i; RING10; D6S216E";protein coding;"Ensembl:ENSG00000204264 MIM:177046; AllianceGenome:HGNC:9545";6p21.32;blood;N/A;PCR;MS;RRMS;N/A;Seventy-eight RRMS patients treated with IFNβ-1a and 79 age- and ethnic-matched healthy subjects;down-regulation;Disease risk;Significantly down-regulated expression of TYK2, CBLB and LMP7 genes was found in the patients group versus controls.;Our results suggest that expression analysis of TYK2, CBLB and LMP7 genes could be useful for evaluation of T cells immunity and clinical response to IFNβ-therapy in RRMS patients.;29157944;2018;Down-regulation of TYK2, CBLB and LMP7 genes expression in relapsing-remitting multiple sclerosis patients treated with interferon-beta
VDR;Homo sapiens;7421;vitamin D receptor;"NR1I1; PPP1R163";protein coding;"Ensembl:ENSG00000111424 MIM:601769; AllianceGenome:HGNC:12679";12q13.11;blood;N/A;PCR;MS;RRMS;N/A;30 MS patients,32 healthy individuals;down-regulation;Disease risk;Surprisingly, the expression level of VDR mRNA significantly decreased after 2 months supplementation with VD in our selected patients and in contrast, the level of serum 25(OH) D increased after supplementation.;In summary, here we showed that beside the increase of the serum 25(OH)D level in MS patients, the VDR mRNA expression significantly decreased which may be associated by different factors and also may overshadow the complexity of the underlying mechanisms for gene regulation by VD;28576565;2017;The expression of VDR mRNA but not NF-κB surprisingly decreased after vitamin D treatment in multiple sclerosis patients
CLEC16A;Homo sapiens;23274;C-type lectin domain containing 16A;"Gop-1; KIAA0350";protein coding;"Ensembl:ENSG00000038532 MIM:611303; AllianceGenome:HGNC:29013";16p13.13;blood;N/A;PCR;MS;N/A;N/A;"MS; n =) and healthy controls (HC; n = 46";up-regulation;Disease risk;CLEC16A expression is elevated in peripheral immune cells and brain tissue of multiple sclerosis patients.;Together, we identify CLEC16A as a pivotal gene in multiple sclerosis that serves as a direct regulator of the human leukocyte antigen class II pathway in antigen-presenting cells.;25823473;2015;Multiple sclerosis-associated CLEC16A controls HLA class II expression via late endosome biogenesis
CX3CL1;Homo sapiens;6376;C-X3-C motif chemokine ligand 1;"NTN; NTT; CXC3; CXC3C; SCYD1; ABCD-3; C3Xkine; fractalkine; neurotactin";protein coding;"Ensembl:ENSG00000006210 MIM:601880; AllianceGenome:HGNC:10647";16q21;blood,CSF;N/A;RT-PCR;MS;N/A;N/A;53 RRMS,10 (CIS), 19 HCs;up-regulation;Disease risk;Our results also identified higher CX3XL1 levels in the serum samples from 38 RRMS patients than in 38 HCs and higher serum levels in comparison to the CSF;Thus, CX3CL1 induces recruitment of CX3CR1(+)ICAM-1(+)CD4(+) T-cells into the central nervous system (CNS) during the early inflammatory response in MS.;25596452;2015;The role of fractalkine (CX3CL1) in regulation of CD4(+) cell migration to the central nervous system in patients with relapsing-remitting multiple sclerosis
MIR17;Homo sapiens;406952;microRNA 17;"MIR91; MIRN17; MIRN91; miR-17; miRNA17; miRNA91; MIR17-5p; miR17-3p; hsa-mir-17";protein coding;"Ensembl:ENSG00000284536 MIM:609416; miRBase:MI0000071; AllianceGenome:HGNC:31547";13q31.3;blood;N/A;PCR;MS;RRMS;N/A;fourteen untreated, fourteen natalizumab treated (mean time of treatment duration: 18 months) relapsing-remitting MS patients, and fourteen age and gender matched healthy volunteers;down-regulation;Disease risk;miR-17 was downregulated under natalizumab treatment and upregulated during relapse, therefore supporting a possible role of miR-17 in MS immunopathogenesis.;Specific inhibition of miR-17 in CD4 T cells resulted in a significant impairment of cell proliferation upon in vitro CD3/CD28 stimulation (++Figure 5(b) left and middle panels), suggesting an important role of miR-17 on lymphocyte proliferation.;24901013;2014;Unraveling natalizumab effects on deregulated miR-17 expression in CD4+ T cells of patients with relapsing-remitting multiple sclerosis
IL-10;Homo sapiens;3586;interleukin 10;"CSIF; TGIF; GVHDS; IL-10; IL10A";protein coding;"Ensembl:ENSG00000136634 MIM:124092; AllianceGenome:HGNC:5962";1q32.1;blood;N/A;PCR;MS;N/A;N/A;control subjects (n = 30) and MS patients (n = 27);down-regulation;Disease risk;We found a significantly lower expression of IL-10 (p = 0.031) in the PBMCs of MS patients.;N/A;24603633;2014;Decreased level of sRAGE in the cerebrospinal fluid of multiple sclerosis patients at clinical onset
TRAF2;Homo sapiens;7186;TNF receptor associated factor 2;"TRAP; TRAP3; RNF117; MGC:45012";protein coding;"Ensembl:ENSG00000127191 MIM:601895; AllianceGenome:HGNC:12032";9q34.3;blood;N/A;RT-PCR;MS;RRMS,SPMS,PPMS;N/A;23 relapsing-remitting (RR), 19 secondary progressive (SP) and 12 primary progressive (PP) MS patients as well as of 29 healthy controls;up-regulation;Disease risk;TRAF2 expression was significantly elevated in RRMS patients compared to the other disease courses (p<0.005, respectively) and the control group (p<0.009).;N/A;23595117;2013;TRAF2 is upregulated in relapsing-remitting multiple sclerosis
VEGFA;Homo sapiens;7422;vascular endothelial growth factor A;"VPF; VEGF; MVCD1";protein coding;"Ensembl:ENSG00000112715 MIM:192240; AllianceGenome:HGNC:12680";6p21.1;blood,CSF;N/A;RT-PCR;MS;RRMS,SPMS;N/A;RRMS (n = 128), SPMS (n = 55) and controls (n = 116);down-regulation;Disease risk;Expression of VEGF-A in CSF cells is reduced in MS patients compared to controls irrespective of disease course. In addition, SPMS patients display reduced VEGF-A mRNA expression in PBMC, which distinguish them from RRMS and controls.;N/A;21573104;2011;The expression of VEGF-A is down regulated in peripheral blood mononuclear cells of patients with secondary progressive multiple sclerosis
PTPN6;Homo sapiens;5777;protein tyrosine phosphatase non-receptor type 6;"HCP; HCPH; SHP1; SHP-1; HPTP1C; PTP-1C; SHP-1L; SH-PTP1";protein coding;"Ensembl:ENSG00000111679 MIM:176883; AllianceGenome:HGNC:9658";12p13.31;blood;N/A;RT-PCR;MS;RRMS;N/A;normal subjects (n=32), untreated RR MS patients (n=30);down-regulation;Disease risk;SHP-1 mRNA levels in freshly isolated PBMCs were significantly lower in MS patients compared to normal subjects and in vivo IFN-β treatment resulted in a significant increase in SHP-1 mRNA expression.;N/A;19559654;2009;Interferon-beta treatment in multiple sclerosis attenuates inflammatory gene expression through inducible activity of the phosphatase SHP-1
Otub1;Mus musculus;107260;OTU domain, ubiquitin aldehyde binding 1;N/A;protein coding;Ensembl:ENSMUSG00000024767 AllianceGenome:MGI:2147616;"19; 19 A";spinal cord;N/A;RT–PCR;EAE;N/A;C57BL/6 mice,OTUB1wt/fl mice;FAP‐Cre OTUB1fl/fl mice (n = 29) and OTUB1fl/fl control mice (n = 29);down-regulation;Disease risk;At later stages of EAE, i.e., day 22 p.i., OTUB1 expression in astrocytes strongly declined in OTUB1fl/fl mice and, as expected, remained negative in GFAP‐Cre OTUB1fl/fl mice.;Mechanistically, OTUB1 inhibited IFN-γ-induced Janus kinase (JAK)/signal transducer and activator of transcription (STAT) signaling by K48 deubiquitination and stabilization of the JAK2 inhibitor suppressor of cytokine signaling 1 (SOCS1).;30944096;2019;OTUB1 inhibits CNS autoimmunity by preventing IFN-γ-induced hyperactivation of astrocytes
MIR548AC;Homo sapiens;100616384;microRNA 548ac;N/A;ncRNA;"Ensembl:ENSG00000264419 miRBase:MI0016762; AllianceGenome:HGNC:41626";1p13.1;blood;N/A;RT–PCR;MS;N/A;north-east Germany.;32 MS patients;up-regulation;Disease risk;To conclude, the MS-associated haplotype is implicated with significantly decreased CD58 mRNA levels (HapMap cohort and Geuvadis cohort data).;We provide evidence that the SNP rs1414273 might alter Drosha cleavage activity, thereby provoking partial uncoupling of CD58 gene expression and microRNA-548ac production from the shared primary transcript in immune cells.;30730892;2019;A genetic variant associated with multiple sclerosis inversely affects the expression of CD58 and microRNA-548ac from the same gene
CD58;Homo sapiens;965;CD58 molecule;"ag3; LFA3; LFA-3";protein coding;"Ensembl:ENSG00000116815 MIM:153420; AllianceGenome:HGNC:1688";1p13.1;blood;N/A;RT–PCR;MS;N/A;north-east Germany.;32 MS patients;down-regulation;Disease risk;On the other hand, significantly increased levels of hsa-miR-548ac can be seen in risk allele carriers (Geuvadis cohort and MS cohort data).;Moreover, the microRNA was found to regulate genes, which participate in inflammatory processes and in controlling the balance of protein folding and degradation.;30730892;2019;A genetic variant associated with multiple sclerosis inversely affects the expression of CD58 and microRNA-548ac from the same gene
GPR183;Homo sapiens;1880;G protein-coupled receptor 183;"EBI2; Hebi2";protein coding;"Ensembl:ENSG00000169508 MIM:605741; AllianceGenome:HGNC:3128";13q32.3;blood;peripheral blood mononuclear cells;flow cytometry;MS;RRMS;N/A;HDs (n = 16) and RRMS patients (n = 15);up-regulation;Disease risk;We observed that EBI2 is functionally expressed on memory CD4 T cells and is enhanced under natalizumab treatment.;These data suggest a significant role for EBI2 in human CD4 T cell migration, notably in patients with MS.;28052250;2017;EBI2 Expression and Function: Robust in Memory Lymphocytes and Increased by Natalizumab in Multiple Sclerosis
Bdkrb1;Mus musculus;12061;bradykinin receptor, beta 1;"B1R; BKR1; B1BKR; Bdkrb; BRADYB1";protein coding;Ensembl:ENSMUSG00000041347 AllianceGenome:MGI:88144;"12; 12 E";spinal cord;N/A;RT–PCR;EAE;N/A;female C57BL/6, kinin B1R127 knockout (B1R-/-) and kinin B2R-knockout (B2R-/-) mice;N/A;up-regulation;Disease risk;B1R is over-expressed in the spinal cord of EAE mice;The above data constitute convincing experimental evidence indicating that both kinin receptors, especially the B1 subtype, exert a critical role in the establishment of persistent hypersensitivity observed in the EAE model, an action that seems to involve a central inflammatory process, possibly acting on astrocytes.;23454198;2013;The role of kinin B1 and B2 receptors in the persistent pain induced by experimental autoimmune encephalomyelitis (EAE) in mice: evidence for the involvement of astrocytes
Tlr8;Mus musculus;170744;toll-like receptor 8;N/A;protein coding;Ensembl:ENSMUSG00000040522 AllianceGenome:MGI:2176887;"X; X F5";spinal cord;N/A;RT–PCR;EAE;N/A;C57BL/6 mice;N/A;up-regulation;Disease risk;TLR8 Expression in the Spinal Cord was Markedly Increased by EAE and this Increase was Significantly Reduced by 1,25(OH)2D3 Treatment;1,25(OH)2D3 treatment not only significantly reduced TLR8 expression but also the expression or activity of MyD88, IRF-4, IRF-7 and NF-kB in monocytes challenged with TLR8 ligands. TLR8 promoter-luciferase reporter assays indicated that 1,25(OH)2D3 decreases TLR8 mRNA level in part via inhibiting TLR8 gene transcription activity.;23516559;2013;1,25-Dihydroxyvitamin D3 suppresses TLR8 expression and TLR8-mediated inflammatory responses in monocytes in vitro and experimental autoimmune encephalomyelitis in vivo
Eae36;Mus musculus;100035867;experimental allergic encephalomyelitis susceptibility 36;N/A;unknown;MGI:MGI:3530896;chromosome: 8;N/A;N/A;N/A;EAE;N/A;760 genotyped (B10.S/DvTe × SJL/J) F2 mice;N/A;N/A;Disease risk;This previously unidentified locus has been designated eae36. These results support the existence of age- and season-by-gene-specific interactions in the genetic control of susceptibility to autoimmune inflammatory disease of the central nervous system and suggest that late-onset MS may be immunogenetically distinct.;N/A;16299394;2006;eae36, a locus on mouse chromosome 4, controls susceptibility to experimental allergic encephalomyelitis in older mice and mice immunized in the winter.
Il18bp;Rattus norvegicus;84388;interleukin 18 binding protein;Igifbp;protein coding;Ensembl:ENSRNOG00000020150 AllianceGenome:RGD:620042;1q32;spinal cords;N/A;RT–PCR;EAE;N/A;Lewis rats;three groups of six rats each;up-regulation;Disease risk;Our results (Fig. 7b) show that rats administered with the congenic line overexpressing IL-18BP transcribe significantly higher levels of IL-4 ( p＜0.001) compared with those administered with the control Th2 line.;Targeted overexpression of IL-18 binding protein, a natural inhibitor of IL-18, restored the ability of these Ag-specific Th2 cells to produce IL-4 and subsequently induce protective spread of Th2 polarization.;15778395;2005;Targeted overexpression of IL-18 binding protein at the central nervous system overrides flexibility in functional polarization of antigen-specific Th2 cells
Pparg;Mus musculus;19016;peroxisome proliferator activated receptor gamma;"Nr1c3; PPARgamma; PPAR-gamma; PPARgamma2; PPAR-gamma2";protein coding;Ensembl:ENSMUSG00000000440 AllianceGenome:MGI:97747;"6 E3; 6 53.41 cM";spinal cords;N/A;RT–PCR;EAE;N/A;C57BL/6 mice;23;up-regulation;Disease risk;The expression of PPAR-γ mRNA in troglitazone-treated group was increased comparing with that of vehicle-treated group. This finding suggests that troglitazone increases PAR-γ transcription in vivo.;Thus, troglitazone treatment appeared to result in the enhanced expression of PPAR-γ message and reduced expressions of the pro-inflammatory cytokines, IL-1b and TNF-a messages,in the spinal cords.;11311328;2001;Amelioration of experimental autoimmune encephalomyelitis in C57BL/6 mice by an agonist of peroxisome proliferator-activated receptor-gamma
CD8A;Homo sapiens;925;CD8 subunit alpha;"CD8; p32; Leu2; CD8alpha";protein coding;"Ensembl:ENSG00000153563 MIM:186910; AllianceGenome:HGNC:1706";2p11.2;blood;N/A;Southern blots;MS;N/A;N/A;Four patients with well-defined progressive MS and one patient with a relapsing/remitting course whose father and sister had MS were compared to three healthy controls.;N/A;N/A;Analysis of DNA fragments of the CD8 gene following digestion with three restriction enzymes showed no differences between patients with chronic progressive multiple sclerosis (MS), familial MS and controls.;N/A;2950132;1987;Molecular analysis of the CD8 gene in multiple sclerosis
P2RY12;Homo sapiens;64805;purinergic receptor P2Y12;"HORK3; P2Y12; ADPG-R; BDPLT8; SP1999; P2T(AC); P2Y(AC); P2Y(12)R; P2Y(ADP); P2Y(cyc)";protein coding;"Ensembl:ENSG00000169313 MIM:600515; AllianceGenome:HGNC:18124";3q25.1;blood;Blood Platelets and Megakaryocytes;TaqMan;MS;SPMS;N/A;SPMS patients (n = 55) and from control group (n = 55);up-regulation;Disease risk;Simultaneously, the level of relative expression of mRNA transcripts for the P2RY12 gene in megakaryocytes was 85% higher in SP MS compared to the control group;Positive correlations between P2Y12 cellular expression and the level of activation markers formed analogously to the exposure of platelets to thrombin may provide evidence for the influence of the PAR1 receptor pathway on ADP/P2Y12 signaling. Go to: 4. Materials and Methods;34207429;2021;The Molecular Aspects of Disturbed Platelet Activation through ADP/P2Y12 Pathway in Multiple Sclerosis
SIRPG;Homo sapiens;55423;signal regulatory protein gamma;"CD172g; SIRPB2; SIRP-B2; bA77C3.1; SIRPgamma";protein coding;"Ensembl:ENSG00000089012 MIM:605466; AllianceGenome:HGNC:15757";20p13;blood;T-cells;flow cytometry;MS;RRMS;N/A;33 treatment na<U+00EF>ve relapsing remitting multiple sclerosis (RRMS) patients,145 healthy donors;down-regulation;Disease risk;T-cells from RRMS and T1D patients have significantly reduced SIRPγ expression as compared to HD.;Interestingly, increased frequencies of SIRPγlow T-cells in RRMS and T1D positively correlated with proinflammatory molecules from T-cells.;32853219;2020;Altered expression of SIRPγ on the T-cells of relapsing remitting multiple sclerosis and type 1 diabetes patients could potentiate effector responses from T-cells
NRON;Homo sapiens;641373;non-coding repressor of NFAT;NCRNA00194;ncRNA;"MIM:609618; AllianceGenome:HGNC:37079";"9q33.3; 9";blood;peripheral blood mononuclear cells;RT–PCR;MS;RRMS,PPMS;Italian;24 cases and 23 controls;down-regulation;Disease risk;In this study, NRON and TUG1 downregulations in MS patients compared with controls were confirmed.;N/A;30170791;2018;LncRNAs expression profile in peripheral blood mononuclear cells from multiple sclerosis patients
TUG1;Homo sapiens;55000;taurine up-regulated 1;"TI-227H; LINC00080; NCRNA00080";ncRNA;"Ensembl:ENSG00000253352 MIM:614971; AllianceGenome:HGNC:26066";22q12.2;blood;peripheral blood mononuclear cells;RT–PCR;MS;RRMS,PPMS;Italian;24 cases and 23 controls;down-regulation;Disease risk;In this study, NRON and TUG1 downregulations in MS patients compared with controls were confirmed.;N/A;30170791;2018;LncRNAs expression profile in peripheral blood mononuclear cells from multiple sclerosis patients
Mbp;Mus musculus;17196;myelin basic protein;"jve; mld; shi; Hmbpr; golli-mbp";protein coding;Ensembl:ENSMUSG00000041607 AllianceGenome:MGI:96925;"18 E3; 18 55.84 cM";brain;corpus callosum;RT–PCR;EAE;N/A;C57BL/6 mice;n = 40;up-regulation;Disease risk;In the BM-MSCs transplanted group, we found an increase in MBP mRNA level (p < 0.05) in comparison with the model and the sham groups.;We therefore can suggest that the peripheral immune system could be responsible for stimulating the effect of BM-MSCs on regenerative process in CNS inflammatory disease and injury.;29409311;2018;Effect of Multiple Intraperitoneal Injections of Human Bone Marrow Mesenchymal Stem Cells on Cuprizone Model of Multiple Sclerosis
IL12B;Homo sapiens;3593;interleukin 12B;"CLMF; NKSF; CLMF2; IMD28; IMD29; NKSF2; IL-12B";protein coding;"Ensembl:ENSG00000113302 MIM:161561; AllianceGenome:HGNC:5970";5q33.3;blood;peripheral blood mononuclear cells;RT–PCR;MS;RRMS;Iran;145 MS patients and 200 healthy subjects;up-regulation;Disease risk;The rs6887695 single-nucleotide polymorphism (SNP) in IL12B gene showed an association with susceptibility to MS;N/A;28276258;2017;An interleukin 12 B single nucleotide polymorphism increases IL-12p40 production and is associated with increased disease susceptibility in patients with relapsing-remitting multiple sclerosis
DDX39B;Homo sapiens;7919;DExD-box helicase 39B;"BAT1; UAP56; D6S81E";protein coding;"Ensembl:ENSG00000198563 MIM:142560; AllianceGenome:HGNC:13917";6p21.33;blood;N/A;RT–PCR;MS;N/A;N/A;N/A;down-regulation;Disease risk;Indeed, we showed that a genetic variant in the 5' UTR of DDX39B reduces translation of DDX39B mRNAs and increases MS risk.;Lastly, our studies uncovered a protective role for DDX39B in the pathogenesis of MS, wherein decreased DDX39B expression results in up-regulation of sIL7R via skipping of IL7R exon 6.;28340352;2017;Human Epistatic Interaction Controls IL7R Splicing and Increases Multiple Sclerosis Risk
CNR1;Homo sapiens;1268;cannabinoid receptor 1;"CB1; CNR; CB-R; CB1A; CB1R; CANN6; CB1K5";protein coding;"Ensembl:ENSG00000118432 MIM:114610; AllianceGenome:HGNC:2159";6q15;blood;N/A;RT–PCR;MS;RRMS;N/A;Twenty-six patients with relapsing–remitting MS,21 healthy volunteers;up-regulation;Disease risk;CB1 expression was elevated in all cell subsets;The different expression of cannabinoid receptor genes and the increased level of AEA in lymphocytes point to a possible role of the cannabinoid system in MS immune response and its modulation by interferon.;25169051;2015;Regulation of cannabinoid receptor gene expression and endocannabinoid levels in lymphocyte subsets by interferon-β: a longitudinal study in multiple sclerosis patients
CNR2;Homo sapiens;1269;cannabinoid receptor 2;"CB2; CX5; CB-2";protein coding;"Ensembl:ENSG00000188822 MIM:605051; AllianceGenome:HGNC:2160";1p36.11;blood;N/A;RT–PCR;MS;RRMS;N/A;Twenty-six patients with relapsing–remitting MS,21 healthy volunteers;up-regulation;Disease risk;Prior to interferon therapy, MS patients showed significantly elevated CB2 expression in B cells, but not in T or NK cells.;The different expression of cannabinoid receptor genes and the increased level of AEA in lymphocytes point to a possible role of the cannabinoid system in MS immune response and its modulation by interferon.;25169051;2015;Regulation of cannabinoid receptor gene expression and endocannabinoid levels in lymphocyte subsets by interferon-β: a longitudinal study in multiple sclerosis patients
Cxcl3;Mus musculus;330122;chemokine (C-X-C motif) ligand 3;"Dcip1; Gm1960";protein coding;Ensembl:ENSMUSG00000029379 AllianceGenome:MGI:3037818;"5; 5 E1";brain and spinal cord;N/A;RT–PCR;EAE;N/A;C57BL/6 mice;n=15;up-regulation;Disease risk;Finally, we demonstrate that CXCL16 expression is upregulated in the brain during EAE;CXCL16 expression in the EAE brain is not itself sufficient to mediate T cell infiltration.;19800886;2009;Two-photon laser scanning microscopy imaging of intact spinal cord and cerebral cortex reveals requirement for CXCR6 and neuroinflammation in immune cell infiltration of cortical injury sites
CTLA4;Homo sapiens;1493;cytotoxic T-lymphocyte associated protein 4;"CD; GSE; GRD4; ALPS5; CD152; CTLA-4; IDDM12; CELIAC3";protein coding;"Ensembl:ENSG00000163599 MIM:123890; AllianceGenome:HGNC:2505";2q33.2;blood;N/A;PCR;MS;N/A;N/A;Forty-eight patients;up-regulation;Disease risk;We analyzed our previous data on CTLA-4 protein expression in CD4 T cells freshly obtained from patients with MS in the context of the CTLA-4 gene polymorphisms determined.;We clearly show, for the first time, that 3′-UTR polymorphisms of the CTLA-4 gene influence both membrane and cytoplasmic CTLA-4 levels, as measured by MFI, and in this way they have impact on disease susceptibility.;19740340;2009;The CTLA-4 gene polymorphisms are associated with CTLA-4 protein expression levels in multiple sclerosis patients and with susceptibility to disease
IL7R;Homo sapiens;3575;interleukin 7 receptor;"ILRA; CD127; IL7RA; CDW127; IMD104; sIL-7R; lnc-IL7R; IL7Ralpha; IL-7Ralpha; IL-7R-alpha";protein coding;"Ensembl:ENSG00000168685 MIM:146661; AllianceGenome:HGNC:6024";5p13.2;blood;N/A;PCR;MS;RRMS,PPMS;N/A;42 CON,32 PPMS, 21 RRMS subjects;down-regulation;Disease risk;We found that CD127 mRNA expression was significantly reduced in whole blood samples from PPMS patients.;CD127 expression may be a biomarker for these potentially pathologically significant leukocyte types. These significant haplotypic effects on expression are likely to modulate regulation, differentiation and function of T cell subsets in health and disease.;17928869;2007;Haplotypes of the interleukin 7 receptor alpha gene are correlated with altered expression in whole blood cells in multiple sclerosis
IL7R;Homo sapiens;3575;interleukin 7 receptor;"ILRA; CD127; IL7RA; CDW127; IMD104; sIL-7R; lnc-IL7R; IL7Ralpha; IL-7Ralpha; IL-7R-alpha";protein coding;"Ensembl:ENSG00000168685 MIM:146661; AllianceGenome:HGNC:6024";5p13.2;blood;peripheral blood mononuclear cells;PCR;MS;RRMS,PPMS;N/A;31 CON, 34 PPMS, 20 RRMS subjects;down-regulation;Disease risk;As CD127 expression is very low in neutrophils,and neutrophils account for the majority of mRNA in whole blood, we tested peripheral blood mononucleocytes (PBMC) RNA (that is, neutrophil depleted component),and found that CD127 mRNA expression was still much lower in PPMS;CD127 expression may be a biomarker for these potentially pathologically significant leukocyte types. These significant haplotypic effects on expression are likely to modulate regulation, differentiation and function of T cell subsets in health and disease.;17928869;2007;Haplotypes of the interleukin 7 receptor alpha gene are correlated with altered expression in whole blood cells in multiple sclerosis
Ltbr;Mus musculus;17000;lymphotoxin B receptor;"Ltar; TNFCR; Tnfbr; TNFRrp; LTbetaR; TNFR-RP; Tnfrsf3; TNFR2-RP; TNF-R-III";protein coding;Ensembl:ENSMUSG00000030339 AllianceGenome:MGI:104875;"6 F3; 6 59.32 Cm";cerebellum + brain stem and spinal cord;N/A;PCR;EAE;RREAE;SJL mice;3–5 mice per group;up-regulation;Disease risk;LTβ and LTβR mRNAs are up-regulated in the CNS of EAE-affected SJL mice;Moreover, we used the decoy receptor LTbetaR-immunoglobulin fusion protein to block the interaction of lymphotoxin (LT) alpha(1)beta(2) with the LTbeta receptor (LTbetaR) in mice with established EAE and evaluate the effect of systemic and local treatments with the fusion protein on disease progression, CNS lymphocytic infiltration and formation of meningeal B-cell follicles.;16870269;2006;Suppression of established experimental autoimmune encephalomyelitis and formation of meningeal lymphoid follicles by lymphotoxin beta receptor-Ig fusion protein
Ltb;Mus musculus;16994;lymphotoxin B;"p33; Tnfc; LTbeta; Tnfsf3; Tnlg1c";protein coding;Ensembl:ENSMUSG00000024399 AllianceGenome:MGI:104796;"17 B1; 17 18.59 Cm";cerebellum + brain stem and spinal cord;N/A;PCR;EAE;RREAE;SJL mice;3–5 mice per group;up-regulation;Disease risk;LTβ and LTβR mRNAs are up-regulated in the CNS of EAE-affected SJL mice;Moreover, we used the decoy receptor LTbetaR-immunoglobulin fusion protein to block the interaction of lymphotoxin (LT) alpha(1)beta(2) with the LTbeta receptor (LTbetaR) in mice with established EAE and evaluate the effect of systemic and local treatments with the fusion protein on disease progression, CNS lymphocytic infiltration and formation of meningeal B-cell follicles.;16870269;2006;Suppression of established experimental autoimmune encephalomyelitis and formation of meningeal lymphoid follicles by lymphotoxin beta receptor-Ig fusion protein
IFI6;Homo sapiens;2537;interferon alpha inducible protein 6;"6-16; G1P3; FAM14C; IFI616; IFI-6-16";protein coding;"Ensembl:ENSG00000126709 MIM:147572; AllianceGenome:HGNC:4054";1p35.3;blood;N/A;PCR;MS;N/A;Finnish;eight MZ twin pairs;up-regulation;Disease risk;The expression of G1P3 was on average 3.6 times higher in MS twins compared to their healthy siblings, and the results concurred with those obtained from cDNA microarray.;N/A;16504146;2006;Gene expression profiles in Finnish twins with multiple sclerosis
IFNG;Homo sapiens;3458;interferon gamma;"IFG; IFI; IMD69";protein coding;"Ensembl:ENSG00000111537 MIM:147570; AllianceGenome:HGNC:5438";12q15;blood;N/A;PCR;MS;27 with RRMS, 11 with SP MS and eight with PP MS;Nordic;46 MS patients and 27 controls;N/A;N/A;Comparison of IFN-gamma mRNA levels in genotype-conditioned subgroups revealed no significant differences. Thus, alleles at the IFNG intron 1 dinucleotide repeat appear to affect neither MS susceptibility and severity nor IFN-gamma mRNA expression in vivo;N/A;11475438;2001;Analysis of an interferon-gamma gene dinucleotide-repeat polymorphism in Nordic multiple sclerosis patients
TNFSF13B;Homo sapiens;10673;TNF superfamily member 13b;"DTL; BAFF; BLYS; CD257; TALL1; THANK; ZTNF4; TALL-1; TNLG7A; TNFSF20";protein coding;"Ensembl:ENSG00000102524 MIM:603969; AllianceGenome:HGNC:11929";13q33.3;blood;N/A;RT–PCR;MS;N/A;N/A;n=19 pediatric MS (pedMS), 30 adult MS (adMS),20 pediatric (pedHC) and 20 adults (adHC);up-regulation;Disease risk;In our study we found that the TNFSF13B expression was upregulated between pedMS and pedHC, but quite similar in the adult groups’comparison (with a possible shift in the opposite direction of changes).;N/A;36722235;2022;Dysregulation of Gene Expressions in Multiple Sclerosis: TNFSF13B and Other Candidate Genes
IL23A;Homo sapiens;51561;interleukin 23 subunit alpha;"P19; SGRF; IL-23; IL-23A; IL23P19";protein coding;"Ensembl:ENSG00000110944 MIM:605580; AllianceGenome:HGNC:15488";12q13.3;blood;CD4+ T cells;RT–PCR;MS;N/A;N/A;42 MS patients;down-regulation;Disease risk;When we performed RT-PCR for IL23A gene expression profile of CD4+ T cells, it was observed that gene was significantly down-regulated at the 48 hours of drug exposure.;Although this study did not mention any discrimination on genes we investigated here, it pointed out the minimal short-time effects on Th1/Th2 pathways which are known to be highly related to CD4+ and CD25+ T-cell metabolism;33884734;2021;CD4+ and CD25+ T-cell response to short-time interferon-beta therapy on IL10, IL23A and FOXP3 genes in multiple sclerosis patients
IL10;Homo sapiens;3586;interleukin 10;"CSIF; TGIF; GVHDS; IL-10; IL10A";protein coding;"Ensembl:ENSG00000136634 MIM:124092; AllianceGenome:HGNC:5962";1q32.1;blood;CD25+ T cells;RT–PCR;MS;N/A;N/A;42 MS patients;down-regulation;Disease risk;On the contemporary, IL10 gene expression of CD25+ T cells was gradually decreased, which was also statistically significant.;Although this study did not mention any discrimination on genes we investigated here, it pointed out the minimal short-time effects on Th1/Th2 pathways which are known to be highly related to CD4+ and CD25+ T-cell metabolism;33884734;2021;CD4+ and CD25+ T-cell response to short-time interferon-beta therapy on IL10, IL23A and FOXP3 genes in multiple sclerosis patients
FOXP3;Homo sapiens;50943;forkhead box P3;"JM2; AIID; IPEX; PIDX; XPID; DIETER";protein coding;"Ensembl:ENSG00000049768 MIM:300292; AllianceGenome:HGNC:6106";Xp11.23;blood;CD4+ T cells;RT–PCR;MS;N/A;N/A;42 MS patients;down-regulation;Disease risk;FOXP3 gene expression in CD4+ was significantly increased at 48 hours post-administration;Although this study did not mention any discrimination on genes we investigated here, it pointed out the minimal short-time effects on Th1/Th2 pathways which are known to be highly related to CD4+ and CD25+ T-cell metabolism;33884734;2021;CD4+ and CD25+ T-cell response to short-time interferon-beta therapy on IL10, IL23A and FOXP3 genes in multiple sclerosis patients
MT-ND6;Homo sapiens;4541;mitochondrially encoded NADH dehydrogenase 6;"MTND6; ND6";protein coding;"MIM:516006; AllianceGenome:HGNC:7462";N/A;blood;peripheral blood mononuclear cells;PCR;MS;N/A;N/A;11 MS patients,10 controls;up-regulation;Disease risk;Similarly, DMF treated MS patients’ shows significant increase in mitochondrial complex subunit expression of mt-ND6 (complex 1), mt-CYB (complex 3), mt-CO2 (complex 4) and mt-ATP6 (complex 5) by 3.13 fold (P < 0.0358, n = 12), 2.87 fold (P < 0.016, n = 12), 2.34 fold (P < 0.041, n = 12) and 3.74 fold (P < 0.014, n = 12) respectively, when normalized to its own baseline.;Thus, DMF induces mitochondrial biogenesis primarily through its action on Nrf2, and is the first drug demonstrated to increase mitochondrial biogenesis with in vivo human dosing.;28460056;2017;Dimethyl fumarate mediates Nrf2-dependent mitochondrial biogenesis in mice and humans
MT-CYB;Homo sapiens;4519;mitochondrially encoded cytochrome b;"MTCYB; CYTB";protein coding;"MIM:516020; AllianceGenome:HGNC:7427";N/A;blood;peripheral blood mononuclear cells;PCR;MS;N/A;N/A;11 MS patients,10 controls;up-regulation;Disease risk;Similarly, DMF treated MS patients’ shows significant increase in mitochondrial complex subunit expression of mt-ND6 (complex 1), mt-CYB (complex 3), mt-CO2 (complex 4) and mt-ATP6 (complex 5) by 3.13 fold (P < 0.0358, n = 12), 2.87 fold (P < 0.016, n = 12), 2.34 fold (P < 0.041, n = 12) and 3.74 fold (P < 0.014, n = 12) respectively, when normalized to its own baseline.;Thus, DMF induces mitochondrial biogenesis primarily through its action on Nrf2, and is the first drug demonstrated to increase mitochondrial biogenesis with in vivo human dosing.;28460056;2017;Dimethyl fumarate mediates Nrf2-dependent mitochondrial biogenesis in mice and humans
MT-CO2;Homo sapiens;4513;mitochondrially encoded cytochrome c oxidase II;"COII; MTCO2; COX2";protein coding;"MIM:516040; AllianceGenome:HGNC:7421";N/A;blood;peripheral blood mononuclear cells;PCR;MS;N/A;N/A;11 MS patients,10 controls;up-regulation;Disease risk;Similarly, DMF treated MS patients’ shows significant increase in mitochondrial complex subunit expression of mt-ND6 (complex 1), mt-CYB (complex 3), mt-CO2 (complex 4) and mt-ATP6 (complex 5) by 3.13 fold (P < 0.0358, n = 12), 2.87 fold (P < 0.016, n = 12), 2.34 fold (P < 0.041, n = 12) and 3.74 fold (P < 0.014, n = 12) respectively, when normalized to its own baseline.;Thus, DMF induces mitochondrial biogenesis primarily through its action on Nrf2, and is the first drug demonstrated to increase mitochondrial biogenesis with in vivo human dosing.;28460056;2017;Dimethyl fumarate mediates Nrf2-dependent mitochondrial biogenesis in mice and humans
MT-ATP6;Homo sapiens;4508;mitochondrially encoded ATP synthase 6;"ATPase6; MTATP6; ATP6";protein coding;"MIM:516060; AllianceGenome:HGNC:7414";N/A;blood;peripheral blood mononuclear cells;PCR;MS;N/A;N/A;11 MS patients,10 controls;up-regulation;Disease risk;Similarly, DMF treated MS patients’ shows significant increase in mitochondrial complex subunit expression of mt-ND6 (complex 1), mt-CYB (complex 3), mt-CO2 (complex 4) and mt-ATP6 (complex 5) by 3.13 fold (P < 0.0358, n = 12), 2.87 fold (P < 0.016, n = 12), 2.34 fold (P < 0.041, n = 12) and 3.74 fold (P < 0.014, n = 12) respectively, when normalized to its own baseline.;Thus, DMF induces mitochondrial biogenesis primarily through its action on Nrf2, and is the first drug demonstrated to increase mitochondrial biogenesis with in vivo human dosing.;28460056;2017;Dimethyl fumarate mediates Nrf2-dependent mitochondrial biogenesis in mice and humans
NLRP3;Homo sapiens;114548;NLR family pyrin domain containing 3;"AII; AVP; FCU; MWS; FCAS; KEFH; CIAS1; FCAS1; NALP3; C1orf7; CLR1.1; DFNA34; PYPAF1; AGTAVPRL";protein coding;"Ensembl:ENSG00000162711 MIM:606416; AllianceGenome:HGNC:16400";1q44;blood;N/A;PCR;MS;N/A;N/A;30 MS patients;down-regulation;Disease risk;Analysis of the results before and after therapy with IFN-β 1α in all patients shows significantly decreased expressions of NLRP3, NLRC4, and AIM2.;Based on our results, it appears that NLRP3, NLRC4, and AIM2 play critical roles in the progression of MS, probably by mediating Th1 and Th17 responses.;27032392;2016;The Effects of IFN-β 1a on the Expression of Inflammasomes and Apoptosis-Associated Speck-Like Proteins in Multiple Sclerosis Patients
NLRC4;Homo sapiens;58484;NLR family CARD domain containing 4;"CLAN; IPAF; AIFEC; CLAN1; CLANA; CLANB; CLANC; CLAND; FCAS4; CARD12; CLR2.1";protein coding;"Ensembl:ENSG00000091106 MIM:606831; AllianceGenome:HGNC:16412";2p22.3;blood;N/A;PCR;MS;N/A;N/A;30 MS patients;down-regulation;Disease risk;Analysis of the results before and after therapy with IFN-β 1α in all patients shows significantly decreased expressions of NLRP3, NLRC4, and AIM2.;Based on our results, it appears that NLRP3, NLRC4, and AIM2 play critical roles in the progression of MS, probably by mediating Th1 and Th17 responses.;27032392;2016;The Effects of IFN-β 1a on the Expression of Inflammasomes and Apoptosis-Associated Speck-Like Proteins in Multiple Sclerosis Patients
AIM2;Homo sapiens;9447;absent in melanoma 2;PYHIN4;protein coding;"Ensembl:ENSG00000163568 MIM:604578; AllianceGenome:HGNC:357";1q44;blood;N/A;PCR;MS;N/A;N/A;30 MS patients;down-regulation;Disease risk;Analysis of the results before and after therapy with IFN-β 1α in all patients shows significantly decreased expressions of NLRP3, NLRC4, and AIM2.;Based on our results, it appears that NLRP3, NLRC4, and AIM2 play critical roles in the progression of MS, probably by mediating Th1 and Th17 responses.;27032392;2016;The Effects of IFN-β 1a on the Expression of Inflammasomes and Apoptosis-Associated Speck-Like Proteins in Multiple Sclerosis Patients
NLRP3;Homo sapiens;114548;NLR family pyrin domain containing 3;"AII; AVP; FCU; MWS; FCAS; KEFH; CIAS1; FCAS1; NALP3; C1orf7; CLR1.1; DFNA34; PYPAF1; AGTAVPRL";protein coding;"Ensembl:ENSG00000162711 MIM:606416; AllianceGenome:HGNC:16400";1q44;blood;N/A;PCR;MS;N/A;N/A;30 MS patients;down-regulation;Disease risk;Analysis of the results before and after therapy with IFN-β 1α in all patients shows significantly decreased expressions of NLRP3, NLRC4, and AIM2.;Based on our results, it appears that NLRP3, NLRC4, and AIM2 play critical roles in the progression of MS, probably by mediating Th1 and Th17 responses.;27032392;2016;The Effects of IFN-β 1a on the Expression of Inflammasomes and Apoptosis-Associated Speck-Like Proteins in Multiple Sclerosis Patients
SOCS1;Homo sapiens;8651;suppressor of cytokine signaling 1;"JAB; CIS1; SSI1; TIP3; CISH1; SSI-1; TIP-3; AISIMD; SOCS-1";protein coding;"Ensembl:ENSG00000185338 MIM:603597; AllianceGenome:HGNC:19383";16p13.13;blood;N/A;PCR;MS;RRMS;N/A;50 RRMS,50 age and gender matched;down-regulation;Disease risk;We observed that SOCS1 and SOCS5 expression was significantly down-regulated.;In fact, all SOCS proteins can regulate JAK-STAT pathway and can be involved in autoimmune diseases, but due to the importance of studied SOCS proteins (SOCS1, 2, 3 and 5) as well as limitations that we had, it was not possible for us to analyze other SOCS proteins.;28196747;2017;SOCS gene family expression profile in the blood of multiple sclerosis patients
SOCS5;Homo sapiens;9655;suppressor of cytokine signaling 5;"CIS6; CISH6; Cish5; SOCS-5";protein coding;"Ensembl:ENSG00000171150 MIM:607094; AllianceGenome:HGNC:16852";2p21;blood;N/A;PCR;MS;RRMS;N/A;50 RRMS,50 age and gender matched;down-regulation;Disease risk;We observed that SOCS1 and SOCS5 expression was significantly down-regulated.;In fact, all SOCS proteins can regulate JAK-STAT pathway and can be involved in autoimmune diseases, but due to the importance of studied SOCS proteins (SOCS1, 2, 3 and 5) as well as limitations that we had, it was not possible for us to analyze other SOCS proteins.;28196747;2017;SOCS gene family expression profile in the blood of multiple sclerosis patients
ZMIZ1;Homo sapiens;57178;zinc finger MIZ-type containing 1;"MIZ; RAI17; ZIMP10; NEDDFSA; TRAFIP10";protein coding;"Ensembl:ENSG00000108175 MIM:607159; AllianceGenome:HGNC:16493";10q22.3;blood;N/A;PCR;MS;N/A;N/A;30 untreated MS and 29 healthy controls;down-regulation;Disease risk;In the Sydney PCR cohort, ZMIZ1 gene expression in whole blood samples was significantly reduced in MS compared to control.;We propose that the expression of ZMIZ1 and the genes correlated with it identifies an arm of the immune response which affects MS disease susceptibility, is affected by MS therapies,and indicates a type of immune dysregulation which may identify personal response to therapy.;28063629;2017;The autoimmune risk gene ZMIZ1 is a vitamin D responsive marker of a molecular phenotype of multiple sclerosis
Smarcc1;Mus musculus;20588;SWI/SNF related, matrix associated, actin dependent regulator of chromatin, subfamily c, member 1;"Rsc8; SRG3; msp3; BAF155";protein coding;Ensembl:ENSMUSG00000032481 AllianceGenome:MGI:1203524;"9; 9 F2";spinal cord mononuclear cells;N/A;PCR;EAE;N/A;β-actin-SRG3 Tg C57BL/6 (B6) and CD2-SRG3 Tg B6 mice;N/A;up-regulation;Disease risk;The specific over-expression of SRG3 using the CD2 promoter facilitated EAE via the induction of Th1 and Th17 cells, whereas the ubiquitous over-expression of SRG3 using the β-actin promoter inhibited EAE by promoting Th2 differentiation and suppressing Th1 and Th17 differentiation.;Taken together, our results provide the first evidence supporting the development of a new therapeutic strategy for EAE involving the modulation of SRG3 expression to induce M2 and Th2 polarization, thereby inhibiting inflammatory immune responses.;26147219;2015;Ubiquitous Over-Expression of Chromatin Remodeling Factor SRG3 Ameliorates the T Cell-Mediated Exacerbation of EAE by Modulating the Phenotypes of both Dendritic Cells and Macrophages
IL10;Homo sapiens;3586;interleukin 10;"CSIF; TGIF; GVHDS; IL-10; IL10A";protein coding;"Ensembl:ENSG00000136634 MIM:124092; AllianceGenome:HGNC:5962";1q32.1;blood;N/A;PCR;MS;RRMS;Iranian;Thirty two Iranian RR-MS,32 controls;up-regulation;Disease risk;We found that, the expression level of IL-10 gene in treated patients was up-regulated 3.84 times more than before treatment, but the expression level of TGF-β1 was not affected by vitamin D treatment.;N/A;25680585;2015;Interleukin-10 but not transforming growth factor-β1 gene expression is up-regulated by vitamin D treatment in multiple sclerosis patients
BACH2;Homo sapiens;60468;BTB domain and CNC homolog 2;"IMD60; BTBD25";protein coding;"Ensembl:ENSG00000112182 MIM:605394; AllianceGenome:HGNC:14078";6q15;blood;N/A;PCR;MS;N/A;N/A;49 treatment-na<U+00EF>ve patients with newly diagnosis of relapsing-remitting MS (RRMS), 47 HC;down-regulation;Disease risk;Here, a gene expression analysis revealed that three of them, namely BACH2, PTGER4 and ZFP36L1, are down-regulated in MS patients' blood cells compared to healthy subjects.;Interestingly, all these genes are involved in the immune system regulation with predominant anti-inflammatory role and their reduction could predispose to MS development.;25670004;2015;Anti-inflammatory genes associated with multiple sclerosis: a gene expression study
PTGER4;Homo sapiens;5734;prostaglandin E receptor 4;prostaglandin E receptor 4;protein coding;"Ensembl:ENSG00000171522 MIM:601586; AllianceGenome:HGNC:9596";5p13.1;blood;N/A;PCR;MS;N/A;N/A;49 treatment-na<U+00EF>ve patients with newly diagnosis of relapsing-remitting MS (RRMS), 47 HC;down-regulation;Disease risk;Here, a gene expression analysis revealed that three of them, namely BACH2, PTGER4 and ZFP36L1, are down-regulated in MS patients' blood cells compared to healthy subjects.;Interestingly, all these genes are involved in the immune system regulation with predominant anti-inflammatory role and their reduction could predispose to MS development.;25670004;2015;Anti-inflammatory genes associated with multiple sclerosis: a gene expression study
ZFP36L1;Homo sapiens;677;ZFP36 ring finger protein like 1;"BRF1; ERF1; cMG1; ERF-1; Berg36; TIS11B; RNF162B";protein coding;"Ensembl:ENSG00000185650 MIM:601064; AllianceGenome:HGNC:1107";14q24.1;blood;N/A;PCR;MS;N/A;N/A;49 treatment-na<U+00EF>ve patients with newly diagnosis of relapsing-remitting MS (RRMS), 47 HC;down-regulation;Disease risk;Here, a gene expression analysis revealed that three of them, namely BACH2, PTGER4 and ZFP36L1, are down-regulated in MS patients' blood cells compared to healthy subjects.;Interestingly, all these genes are involved in the immune system regulation with predominant anti-inflammatory role and their reduction could predispose to MS development.;25670004;2015;Anti-inflammatory genes associated with multiple sclerosis: a gene expression study
Ackr3;Rattus norvegicus;84348;atypical chemokine receptor 3;"Rdc1; Cxcr7; Cmkor1";protein coding;Ensembl:ENSRNOG00000019622 AllianceGenome:RGD:620601;9q36;spinal cords;N/A;PCR;EAE;N/A;DA (RT1av1) rats;N/A;N/A;Disease risk;Of note, in the diseased demyelinating central nervous system, CXCR7 expression is maintained on oligodendroglial cells, whereas CXCR4 could not be detected.;Our findings suggest that a specific activation of the CXCR7 receptor could provide a means to promote oligodendroglial differentiation in the diseased or injured central nervous system.;21154415;2010;Activation of CXCR7 receptor promotes oligodendroglial cell maturation
Tnf;Mus musculus;21926;tumor necrosis factor;"DIF; Tnfa; TNF-a; TNFSF2; Tnlg1f; Tnfsf1a; TNFalpha; TNF-alpha";protein coding;Ensembl:ENSMUSG00000024401 AllianceGenome:MGI:104798;"17 B1; 17 18.59 Cm";spinal cords;N/A;PCR;EAE;N/A;BALB/c X SJL/J)FI mice;N/A;up-regulation;Disease risk;TNF-a message is up-regulated in the CNS of GKO-/- mice with EAE.;This and long-lasting T cell responses may be at least partially responsible for the increased severity of the disease and the unusually high mortality rate.;8766573;1996;Interferon-gamma confers resistance to experimental allergic encephalomyelitis
Sirt1;Mus musculus;93759;sirtuin 1;"Sir2; Sir2a; SIR2L1; Sir2alpha";protein coding;Ensembl:ENSMUSG00000020063 AllianceGenome:MGI:2135607;"10; 10 B4";retina;N/A;immunofluorescence micrographs;EAE;N/A;C57Bl/6J;16;N/A;N/A;AAV7m8-Mediated Expression of SIRT1 in RGCs Reduces Demyelination but Not Inflammation in the EAE Mouse Model;We conclude that despite minimally affecting the inflammatory response in the optic nerve, AAV7m8-mediated SIRT1 transfer into RGCs has a neuroprotective potential against RGC loss, axon demyelination and vison deficits associated with EAE.;35740955;2022;Selective Upregulation of SIRT1 Expression in Retinal Ganglion Cells by AAV-Mediated Gene Delivery Increases Neuronal Cell Survival and Alleviates Axon Demyelination Associated with Optic Neuritis
Nrxn1;Mus musculus;18189;neurexin I;"mKIAA0578; 1700062G21Rik; 9330127H16Rik; A230068P09Rik";protein coding;Ensembl:ENSMUSG00000024109 AllianceGenome:MGI:1096391;"17; 17 E5";brain;prefrontal cortex;RT-PCR;EAE;N/A;SJL/J mice;CTRL n=6, EAE n=11;down-regulation;disease risk;The splicing pattern of the Nrxn 1-3 genes is deregulated in the PFC of EAE mice.;Herein, we have investigated how inflammatory changes imposed by EAE impact on alternative splicing of the Nrxn 1-3 mouse genes in the acute phase of disease.;33058888;2021;Alternative splicing of neurexins 1-3 is modulated by neuroinflammation in the prefrontal cortex of a murine model of multiple sclerosis
Nrxn2;Mus musculus;18190;neurexin II;"mKIAA0921; 6430591O13Rik";protein coding;Ensembl:ENSMUSG00000033768 AllianceGenome:MGI:1096362;"19 A; 19";brain;prefrontal cortex;RT-PCR;EAE;N/A;SJL/J mice;CTRL n=6, EAE n=11;down-regulation;disease risk;The splicing pattern of the Nrxn 1-3 genes is deregulated in the PFC of EAE mice.;Herein, we have investigated how inflammatory changes imposed by EAE impact on alternative splicing of the Nrxn 1-3 mouse genes in the acute phase of disease.;33058888;2021;Alternative splicing of neurexins 1-3 is modulated by neuroinflammation in the prefrontal cortex of a murine model of multiple sclerosis
Nrxn3;Mus musculus;18191;neurexin III;N/A;protein coding;Ensembl:ENSMUSG00000066392 AllianceGenome:MGI:1096389;"12 D3; 12 42.94 Cm";brain;prefrontal cortex;RT-PCR;EAE;N/A;SJL/J mice;CTRL n=6, EAE n=11;down-regulation;disease risk;The splicing pattern of the Nrxn 1-3 genes is deregulated in the PFC of EAE mice.;Herein, we have investigated how inflammatory changes imposed by EAE impact on alternative splicing of the Nrxn 1-3 mouse genes in the acute phase of disease.;33058888;2021;Alternative splicing of neurexins 1-3 is modulated by neuroinflammation in the prefrontal cortex of a murine model of multiple sclerosis
Il1b;Mus musculus;16176;interleukin 1 beta;"Il-1b; IL-1beta";protein coding;Ensembl:ENSMUSG00000027398 AllianceGenome:MGI:96543;"2 F1; 2 62.97 cM";brain;prefrontal cortex;RT-PCR;EAE;N/A;SJL/J mice;CTRL n=6, EAE n=11;up-regulation;disease risk;This correlation is sustained by the concomitant downregulation of SLM2, the main splicing factor involved in skipping of the AS4 exon, in EAE mice displaying high levels of Il1β- expression.;Herein, we have investigated how inflammatory changes imposed by EAE impact on alternative splicing of the Nrxn 1-3 mouse genes in the acute phase of disease.;33058888;2021;Alternative splicing of neurexins 1-3 is modulated by neuroinflammation in the prefrontal cortex of a murine model of multiple sclerosis
Slm2;Mus musculus;855680;N/A;LIT1;N/A;SGD:S000004992;chromosome: XIV;brain;prefrontal cortex;RT-PCR;EAE;N/A;SJL/J mice;CTRL n=6, EAE n=11;down-regulation;disease risk;This correlation is sustained by the concomitant downregulation of SLM2, the main splicing factor involved in skipping of the AS4 exon, in EAE mice displaying high levels of Il1β- expression.;Herein, we have investigated how inflammatory changes imposed by EAE impact on alternative splicing of the Nrxn 1-3 mouse genes in the acute phase of disease.;33058888;2021;Alternative splicing of neurexins 1-3 is modulated by neuroinflammation in the prefrontal cortex of a murine model of multiple sclerosis
Tnf;Mus musculus;21926;tumor necrosis factor;"DIF; Tnfa; TNF-a; TNFSF2; Tnlg1f; Tnfsf1a; TNFalpha; TNF-alpha";protein coding;Ensembl:ENSMUSG00000024401 AllianceGenome:MGI:104798;"17 B1; 17 18.59 Cm";brain;prefrontal cortex;RT-PCR;EAE;N/A;SJL/J mice;CTRL n=6, EAE n=11;up-regulation;disease risk;Analysis by qPCR indicated a significant increase in the expression of Il1b (Student‘s T test, p<0.0001, Fig. 1d), Tnf (Student‘s T test, p<0.0001, Fig. 1e) and Il6 (Student‘s T test, p=0.001, Fig. 1f) in EAE mice compared to the CTRL group.;Herein, we have investigated how inflammatory changes imposed by EAE impact on alternative splicing of the Nrxn 1-3 mouse genes in the acute phase of disease.;33058888;2021;Alternative splicing of neurexins 1-3 is modulated by neuroinflammation in the prefrontal cortex of a murine model of multiple sclerosis
Il6;Mus musculus;16193;interleukin 6;Il-6;protein coding;Ensembl:ENSMUSG00000025746 AllianceGenome:MGI:96559;"5 B1; 5 15.7 cM";brain;prefrontal cortex;RT-PCR;EAE;N/A;SJL/J mice;CTRL n=6, EAE n=11;up-regulation;disease risk;Analysis by qPCR indicated a significant increase in the expression of Il1b (Student‘s T test, p<0.0001, Fig. 1d), Tnf (Student‘s T test, p<0.0001, Fig. 1e) and Il6 (Student‘s T test, p=0.001, Fig. 1f) in EAE mice compared to the CTRL group.;Herein, we have investigated how inflammatory changes imposed by EAE impact on alternative splicing of the Nrxn 1-3 mouse genes in the acute phase of disease.;33058888;2021;Alternative splicing of neurexins 1-3 is modulated by neuroinflammation in the prefrontal cortex of a murine model of multiple sclerosis
NDI1;Mus musculus;854919;N/A;N/A;protein coding;AllianceGenome:SGD:S000004589;chromosome: XIII;retina;N/A;RT-PCR;EAE;N/A;DBA/1J mice;n = 20;up-regulation;disease risk;In conclusion, targeting the dysfunctional complex I using NDI1 gene can be an approach to address axonal and neuronal loss responsible for permanent disability in MS that is unaltered by current disease modifying drugs.;The 45% optic nerve axonal and 33% retinal ganglion cell (RGC) loss contributed to the permanent loss of visual function in EAE mice were ameliorated by NDI1-mediated prevention of mitochondrial cristae dissolution and improved mitochondrial homeostasis.;31900864;2020;Gene Therapy with Single-Subunit Yeast NADH-Ubiquinone Oxidoreductase (NDI1) Improves the Visual Function in Experimental Autoimmune Encephalomyelitis (EAE) Mice Model of Multiple Sclerosis (MS)
Il17a;Mus musculus;16171;interleukin 17A;"Il17; Ctla8; IL-17; Ctla-8; IL-17A";protein coding;Ensembl:ENSMUSG00000025929 AllianceGenome:MGI:107364;"1; 1 A4";brain;N/A;RT-PCR;EAE;PPEAE;SJL/J mice;n = 9;up-regulation;disease risk;Pro-inflammatory cytokines, interferon (IFN)-γ and interleukin (IL)-17, were associated with the disease progression in SJL/J mice, while the expression of both cytokines was detected only at the EAE onset in A.SW mice.;Thus, in SJL/J mice, the pro-inflammatory effector mechanism could play a pathogenic role during the entire course (here, the disease might look a homogeneous disease, if one focuses only on these pro-inflammatory responses), while the antibody-mediated effector mechanism also seemed to be active at disease peak in both mouse strains.Prolactin is secreted not only by the anterior pituitary but also extra-pituitary tissues including immune cells, while prolactin receptor is found on lymphocytes and other immune cells.;30941144;2019;Bioinformatics Analyses Determined the Distinct CNS and Peripheral Surrogate Biomarker Candidates Between Two Mouse Models for Progressive Multiple Sclerosis
Il17a;Mus musculus;16171;interleukin 17A;"Il17; Ctla8; IL-17; Ctla-8; IL-17A";protein coding;Ensembl:ENSMUSG00000025929 AllianceGenome:MGI:107364;"1; 1 A4";brain;N/A;RT-PCR;EAE;RREAE;SJL/J mice;n = 9;up-regulation;disease risk;Pro-inflammatory cytokines, interferon (IFN)-γ and interleukin (IL)-17, were associated with the disease progression in SJL/J mice, while the expression of both cytokines was detected only at the EAE onset in A.SW mice.;Thus, in SJL/J mice, the pro-inflammatory effector mechanism could play a pathogenic role during the entire course (here, the disease might look a homogeneous disease, if one focuses only on these pro-inflammatory responses), while the antibody-mediated effector mechanism also seemed to be active at disease peak in both mouse strains.Prolactin is secreted not only by the anterior pituitary but also extra-pituitary tissues including immune cells, while prolactin receptor is found on lymphocytes and other immune cells.;30941144;2019;Bioinformatics Analyses Determined the Distinct CNS and Peripheral Surrogate Biomarker Candidates Between Two Mouse Models for Progressive Multiple Sclerosis
Il17a;Mus musculus;16171;interleukin 17A;"Il17; Ctla8; IL-17; Ctla-8; IL-17A";protein coding;Ensembl:ENSMUSG00000025929 AllianceGenome:MGI:107364;"1; 1 A4";brain;N/A;RT-PCR;EAE;PPEAE;A.SW mice;n = 13;N/A;disease risk;Pro-inflammatory cytokines, interferon (IFN)-γ and interleukin (IL)-17, were associated with the disease progression in SJL/J mice, while the expression of both cytokines was detected only at the EAE onset in A.SW mice.;Thus, in SJL/J mice, the pro-inflammatory effector mechanism could play a pathogenic role during the entire course (here, the disease might look a homogeneous disease, if one focuses only on these pro-inflammatory responses), while the antibody-mediated effector mechanism also seemed to be active at disease peak in both mouse strains.Prolactin is secreted not only by the anterior pituitary but also extra-pituitary tissues including immune cells, while prolactin receptor is found on lymphocytes and other immune cells.;30941144;2019;Bioinformatics Analyses Determined the Distinct CNS and Peripheral Surrogate Biomarker Candidates Between Two Mouse Models for Progressive Multiple Sclerosis
Cxcl13;Mus musculus;55985;chemokine (C-X-C motif) ligand 13;"BLC; Angie; BCA-1; BLR1L; ANGIE2; Scyb13; 4631412M08Rik";protein coding;Ensembl:ENSMUSG00000023078 AllianceGenome:MGI:1888499;"5; 5 E3";brain;N/A;RT-PCR;EAE;PPEAE;SJL/J mice;n = 9;up-regulation;N/A;The levels of Cxcl13, Lcn2, and Cd3g in the brains with PP-EAE were higher in SJL/J mice than in A.SW mice.;Thus, in SJL/J mice, the pro-inflammatory effector mechanism could play a pathogenic role during the entire course (here, the disease might look a homogeneous disease, if one focuses only on these pro-inflammatory responses), while the antibody-mediated effector mechanism also seemed to be active at disease peak in both mouse strains.Prolactin is secreted not only by the anterior pituitary but also extra-pituitary tissues including immune cells, while prolactin receptor is found on lymphocytes and other immune cells.;30941144;2019;Bioinformatics Analyses Determined the Distinct CNS and Peripheral Surrogate Biomarker Candidates Between Two Mouse Models for Progressive Multiple Sclerosis
Lcn2;Mus musculus;16819;lipocalin 2;"NRL; 24p3; Sip24";protein coding;Ensembl:ENSMUSG00000026822 AllianceGenome:MGI:96757;"2 B; 2 22.09 Cm";brain;N/A;RT-PCR;EAE;PPEAE;SJL/J mice;n = 9;up-regulation;N/A;Expression of Lcn2 in the spleens was significantly down-regulated in A.SW mice and up-regulated in SJL/J mice.;Thus, in SJL/J mice, the pro-inflammatory effector mechanism could play a pathogenic role during the entire course (here, the disease might look a homogeneous disease, if one focuses only on these pro-inflammatory responses), while the antibody-mediated effector mechanism also seemed to be active at disease peak in both mouse strains.Prolactin is secreted not only by the anterior pituitary but also extra-pituitary tissues including immune cells, while prolactin receptor is found on lymphocytes and other immune cells.;30941144;2019;Bioinformatics Analyses Determined the Distinct CNS and Peripheral Surrogate Biomarker Candidates Between Two Mouse Models for Progressive Multiple Sclerosis
Lcn2;Mus musculus;16819;lipocalin 2;"NRL; 24p3; Sip24";protein coding;Ensembl:ENSMUSG00000026822 AllianceGenome:MGI:96757;"2 B; 2 22.09 Cm";spleens;N/A;RT-PCR;EAE;PPEAE;SJL/J mice;n = 9;up-regulation;N/A;Expression of Lcn2 in the spleens was significantly down-regulated in A.SW mice and up-regulated in SJL/J mice.;Thus, in SJL/J mice, the pro-inflammatory effector mechanism could play a pathogenic role during the entire course (here, the disease might look a homogeneous disease, if one focuses only on these pro-inflammatory responses), while the antibody-mediated effector mechanism also seemed to be active at disease peak in both mouse strains.Prolactin is secreted not only by the anterior pituitary but also extra-pituitary tissues including immune cells, while prolactin receptor is found on lymphocytes and other immune cells.;30941144;2019;Bioinformatics Analyses Determined the Distinct CNS and Peripheral Surrogate Biomarker Candidates Between Two Mouse Models for Progressive Multiple Sclerosis
Lcn2;Mus musculus;16819;lipocalin 2;"NRL; 24p3; Sip24";protein coding;Ensembl:ENSMUSG00000026822 AllianceGenome:MGI:96757;"2 B; 2 22.09 Cm";spleens;N/A;RT-PCR;EAE;N/A;A.SW mice;n = 13;down-regulation;N/A;Expression of Lcn2 in the spleens was significantly down-regulated in A.SW mice and up-regulated in SJL/J mice.;Thus, in SJL/J mice, the pro-inflammatory effector mechanism could play a pathogenic role during the entire course (here, the disease might look a homogeneous disease, if one focuses only on these pro-inflammatory responses), while the antibody-mediated effector mechanism also seemed to be active at disease peak in both mouse strains.Prolactin is secreted not only by the anterior pituitary but also extra-pituitary tissues including immune cells, while prolactin receptor is found on lymphocytes and other immune cells.;30941144;2019;Bioinformatics Analyses Determined the Distinct CNS and Peripheral Surrogate Biomarker Candidates Between Two Mouse Models for Progressive Multiple Sclerosis
Stfa2l1;Mus musculus;268885;stefin A2 like 1;N/A;protein coding;Ensembl:ENSMUSG00000059657 AllianceGenome:MGI:3524944;"16; 16 B3";spleens;N/A;RT-PCR;EAE;N/A;SJL/J mice;n = 9;up-regulation;N/A;Similarly, in the spleen, the expression of Stfa2l1 was also up-regulated.;Thus, in SJL/J mice, the pro-inflammatory effector mechanism could play a pathogenic role during the entire course (here, the disease might look a homogeneous disease, if one focuses only on these pro-inflammatory responses), while the antibody-mediated effector mechanism also seemed to be active at disease peak in both mouse strains.Prolactin is secreted not only by the anterior pituitary but also extra-pituitary tissues including immune cells, while prolactin receptor is found on lymphocytes and other immune cells.;30941144;2019;Bioinformatics Analyses Determined the Distinct CNS and Peripheral Surrogate Biomarker Candidates Between Two Mouse Models for Progressive Multiple Sclerosis
Kel;Mus musculus;23925;Kell blood group;"Ece3; CD238";protein coding;Ensembl:ENSMUSG00000029866 AllianceGenome:MGI:1346053;"6 B2.1; 6 19.86 Cm";spleens;N/A;RT-PCR;EAE;PPEAE;SJL/J mice;n = 9;down-regulation;N/A;On the other hand, Kel was down-regulated in the spleens of both PP-EAE mice.;Thus, in SJL/J mice, the pro-inflammatory effector mechanism could play a pathogenic role during the entire course (here, the disease might look a homogeneous disease, if one focuses only on these pro-inflammatory responses), while the antibody-mediated effector mechanism also seemed to be active at disease peak in both mouse strains.Prolactin is secreted not only by the anterior pituitary but also extra-pituitary tissues including immune cells, while prolactin receptor is found on lymphocytes and other immune cells.;30941144;2019;Bioinformatics Analyses Determined the Distinct CNS and Peripheral Surrogate Biomarker Candidates Between Two Mouse Models for Progressive Multiple Sclerosis
Kel;Mus musculus;23925;Kell blood group;"Ece3; CD238";protein coding;Ensembl:ENSMUSG00000029866 AllianceGenome:MGI:1346053;"6 B2.1; 6 19.86 Cm";spleens;N/A;RT-PCR;EAE;PPEAE;A.SW mice;n = 13;down-regulation;N/A;On the other hand, Kel was down-regulated in the spleens of both PP-EAE mice.;Thus, in SJL/J mice, the pro-inflammatory effector mechanism could play a pathogenic role during the entire course (here, the disease might look a homogeneous disease, if one focuses only on these pro-inflammatory responses), while the antibody-mediated effector mechanism also seemed to be active at disease peak in both mouse strains.Prolactin is secreted not only by the anterior pituitary but also extra-pituitary tissues including immune cells, while prolactin receptor is found on lymphocytes and other immune cells.;30941144;2019;Bioinformatics Analyses Determined the Distinct CNS and Peripheral Surrogate Biomarker Candidates Between Two Mouse Models for Progressive Multiple Sclerosis
Cd3g;Mus musculus;12502;CD3 antigen, gamma polypeptide;"T3g; Ctg3; Ctg-3";protein coding;Ensembl:ENSMUSG00000002033 AllianceGenome:MGI:88333;"9 A5.2; 9 24.84 cM";brain;N/A;RT-PCR;EAE;PPEAE;SJL/J mice;n = 9;up-regulation;N/A;The levels of Cxcl13, Lcn2, and Cd3g in the brains with PP-EAE were higher in SJL/J mice than in A.SW mice.;Thus, in SJL/J mice, the pro-inflammatory effector mechanism could play a pathogenic role during the entire course (here, the disease might look a homogeneous disease, if one focuses only on these pro-inflammatory responses), while the antibody-mediated effector mechanism also seemed to be active at disease peak in both mouse strains.Prolactin is secreted not only by the anterior pituitary but also extra-pituitary tissues including immune cells, while prolactin receptor is found on lymphocytes and other immune cells.;30941144;2019;Bioinformatics Analyses Determined the Distinct CNS and Peripheral Surrogate Biomarker Candidates Between Two Mouse Models for Progressive Multiple Sclerosis
Aire;Mus musculus;11634;autoimmune regulator (autoimmune polyendocrinopathy candidiasis ectodermal dystrophy);N/A;protein coding;Ensembl:ENSMUSG00000000731 AllianceGenome:MGI:1338803;"10 C1; 10 39.72 Cm";thymus;N/A;RT-PCR;EAE;N/A;Aire<U+2212>/<U+2212> C57BL/6 mice;N/A;N/A;N/A;Taken together, the results suggested that Aire-deficiency had a minor effect on the induction of EAE in mice expressing autoimmune disease-associated HLA-DR alleles and promoted a slightly earlier onset of disease.;Abrogating Treg function by treatment with anti-CTLA-4 or anti-CD25 mAb in Aire-deficient HLA-DR tg mice did not trigger EAE or other autoimmune pathology.;29789121;2018;Aire is not essential for regulating neuroinflammatory disease in mice transgenic for human autoimmune-diseases associated MHC class II genes HLA-DR2b and HLA-DR4
Cd6;Mus musculus;12511;CD6 antigen;N/A;protein coding;Ensembl:ENSMUSG00000024670 AllianceGenome:MGI:103566;"19 A; 19 7.16 Cm";brain;N/A;Southern blot,PCR;EAE;N/A;Wild-type (WT) mice, CD6 KO mice, and CD6 humanized mice;N/A;N/A;disease risk;CD6-deficient T cells exhibited augmented activation, but also significantly reduced survival and proliferation after activation, leading to overall decreased Th1 and Th17 polarization.;In this report, we found that CD6 KO mice showed decreased pathogenic T-cell responses, reduced spinal cord T-cell infiltration, and attenuated disease severity in experimental autoimmune encephalomyelitis (EAE), an animal model of MS. CD6-deficient T cells exhibited augmented activation, but also significantly reduced survival and proliferation after activation, leading to overall decreased Th1 and Th17 polarization.;28209777;2017;CD6 as a potential target for treating multiple sclerosis
Sort1;Mus musculus;20661;sortilin 1;"Ntr3; Ntsr3; 2900053A11Rik";protein coding;Ensembl:ENSMUSG00000068747 AllianceGenome:MGI:1338015;"3; 3 F3";brain;N/A;RT-PCR;EAE;N/A;DBA/1J mice;N/A;N/A;N/A;Accordingly, sortilin was highly expressed by infiltrated perivascular myeloid cells, mainly in vessel cuffs, in the CNS of patients suffering from multiple sclerosis, the most common inflammatory autoimmune disease of the CNS. Yet, sortilin gene-targeted mice (Sort1(-/-)) and chimeras deficient in sortilin in the immune system were as susceptible as wild-type littermates to T cell-dependent experimental autoimmune encephalomyelitis.;Considering our results and recent data from other investigators, we conclude that the proneurotrophin receptor sortilin plays a role in innate, rather than in adaptive, immune processes and, thus, not in autoimmune neuroinflammation.;26566674;2015;Role of Sortilin in Models of Autoimmune Neuroinflammation
Il7;Mus musculus;16196;interleukin 7;"Il-7; hlb368; A630026I06Rik";protein coding;Ensembl:ENSMUSG00000040329 AllianceGenome:MGI:96561;"3 A1; 3 2.02 cM";brain;cerebellum;RT-PCR;EAE;RREAE;SJL/J mice and C57/BL6;N/A;up-regulation;disease risk;Expression of IL-7 in cerebellum and spinal cord of adoptively transferred EAE mice was increased compared with control mice without EAE;Furthermore, increase in IL-7 mRNA expression by over-expression of IL-12p35 subunit, but not p40 and IL-23 p19 subunit, confirm that p35, but not p40 and p19, is responsible for the induction of IL-7.;24224652;2014;Interleukin-12 (IL-12), but not IL-23, induces the expression of IL-7 in microglia and macrophages: implications for multiple sclerosis
Il7;Mus musculus;16196;interleukin 7;"Il-7; hlb368; A630026I06Rik";protein coding;Ensembl:ENSMUSG00000040329 AllianceGenome:MGI:96561;"3 A1; 3 2.02 cM";spinal cord;N/A;RT-PCR;EAE;RREAE;SJL/J mice and C57/BL6;N/A;up-regulation;disease risk;Expression of IL-7 in cerebellum and spinal cord of adoptively transferred EAE mice was increased compared with control mice without EAE;Furthermore, increase in IL-7 mRNA expression by over-expression of IL-12p35 subunit, but not p40 and IL-23 p19 subunit, confirm that p35, but not p40 and p19, is responsible for the induction of IL-7.;24224652;2014;Interleukin-12 (IL-12), but not IL-23, induces the expression of IL-7 in microglia and macrophages: implications for multiple sclerosis
GFAP;Rattus norvegicus;24387;glial fibrillary acidic protein;N/A;protein coding;Ensembl:ENSRNOG00000002919 AllianceGenome:RGD:2679;10q32.1;spinal cords;lumbosacral regions;PCR;EAE;N/A;Dark Agouti rats;"(n = 6 within each group): control group (C), intact rats; EAE group, EAE was induced as described";up-regulation;N/A;EAE was induced in genetically susceptible Dark Agouti rats with syngeneic spinal cord homogenate in complete Freund's adjuvant. Real time PCR and immunohistochemistry were used for determination of GFAP and vimentin gene and tissue expression.;The present study indicates that ribavirin may have the ability to attenuate astrocyte proliferation and glial scaring at the peak of the disease and modulate the astroglial response to EAE during the time-course of the disease.;22785017;2012;The effect of ribavirin on reactive astrogliosis in experimental autoimmune encephalomyelitis
MIR27B;Homo sapiens;407019;microRNA 27b;"MIR-27b; MIRN27B; miRNA27B";ncRNA;"Ensembl:ENSG00000207864 MIM:610636; miRBase:MI0000440; AllianceGenome:HGNC:31614";9q22.32;Blood;Peripheral blood mononuclear cells;PCR;MS;PPMS,RRMS,SPMS;N/A;healthy donors (n = 16) or treatment-na<U+00EF>ve patients with multiple sclerosis (n = 22), falling into the primary progressive (n = 5), relapsing–remitting (n = 12) or secondary progressive (n = 5) categories;up-regulation;disease risk;miR-128 and miR-27b were increased in na<U+00EF>ve and miR-340 in memory CD4(+) T cells from patients with multiple sclerosis, inhibiting Th2 cell development and favouring pro-inflammatory Th1 responses.;These effects were mediated by direct suppression of B lymphoma Mo-MLV insertion region 1 homolog (BMI1) and interleukin-4 (IL4) expression, resulting in decreased GATA3 levels, and a Th2 to Th1 cytokine shift. Gain-of-function experiments with these micro-RNAs enhanced the encephalitogenic potential of myelin-specific T cells in experimental autoimmune encephalomyelitis.;22088562;2011;Micro-RNA dysregulation in multiple sclerosis favours pro-inflammatory T-cell-mediated autoimmunity
MIR128;Homo sapiens;102464793;microRNA mir-128;sha-mir-128;ncRNA;Ensembl:ENSSHAG00000028886 miRBase:MI0019625;chromosome: 3;Blood;Peripheral blood mononuclear cells;PCR;MS;PPMS,RRMS,SPMS;N/A;healthy donors (n = 16) or treatment-na<U+00EF>ve patients with multiple sclerosis (n = 22), falling into the primary progressive (n = 5), relapsing–remitting (n = 12) or secondary progressive (n = 5) categories;up-regulation;disease risk;miR-128 and miR-27b were increased in na<U+00EF>ve and miR-340 in memory CD4(+) T cells from patients with multiple sclerosis, inhibiting Th2 cell development and favouring pro-inflammatory Th1 responses.;These effects were mediated by direct suppression of B lymphoma Mo-MLV insertion region 1 homolog (BMI1) and interleukin-4 (IL4) expression, resulting in decreased GATA3 levels, and a Th2 to Th1 cytokine shift. Gain-of-function experiments with these micro-RNAs enhanced the encephalitogenic potential of myelin-specific T cells in experimental autoimmune encephalomyelitis.;22088562;2011;Micro-RNA dysregulation in multiple sclerosis favours pro-inflammatory T-cell-mediated autoimmunity
MIR340;Homo sapiens;442908;microRNA 340;"MIRN340; mir-340; hsa-mir-340";ncRNA;"Ensembl:ENSG00000198995 miRBase:MI0000802; AllianceGenome:HGNC:31777";5q35.3;Blood;Peripheral blood mononuclear cells;PCR;MS;PPMS,RRMS,SPMS;N/A;healthy donors (n = 16) or treatment-na<U+00EF>ve patients with multiple sclerosis (n = 22), falling into the primary progressive (n = 5), relapsing–remitting (n = 12) or secondary progressive (n = 5) categories;up-regulation;disease risk;miR-128 and miR-27b were increased in na<U+00EF>ve and miR-340 in memory CD4(+) T cells from patients with multiple sclerosis, inhibiting Th2 cell development and favouring pro-inflammatory Th1 responses.;These effects were mediated by direct suppression of B lymphoma Mo-MLV insertion region 1 homolog (BMI1) and interleukin-4 (IL4) expression, resulting in decreased GATA3 levels, and a Th2 to Th1 cytokine shift. Gain-of-function experiments with these micro-RNAs enhanced the encephalitogenic potential of myelin-specific T cells in experimental autoimmune encephalomyelitis.;22088562;2011;Micro-RNA dysregulation in multiple sclerosis favours pro-inflammatory T-cell-mediated autoimmunity
Aire;Mus musculus;11634;autoimmune regulator (autoimmune polyendocrinopathy candidiasis ectodermal dystrophy);N/A;protein coding;Ensembl:ENSMUSG00000000731 AllianceGenome:MGI:1338803;"10 C1; 10 39.72 Cm";thymus and spleen;N/A;RT-PCR;MS;N/A;WT C57BL/6 mice;N/A;N/A;disease risk;To our knowledge, this is the first example showing that in vivo ectopic expression of AIRE can modulate TRA expression and alter autoimmune disease development.;Following induction of EAE with MOG(35-55), transplanted mice displayed significant delay in the onset of EAE compared with control mice.;21108470;2010;Transplantation of autoimmune regulator-encoding bone marrow cells delays the onset of experimental autoimmune encephalomyelitis
Nrf2;Mus musculus;18024;nuclear factor, erythroid derived 2, like 2;Nrf2;protein coding;Ensembl:ENSMUSG00000015839 AllianceGenome:MGI:108420;"2 C3; 2 44.75 Cm";spinal cords;N/A;qPCR;MS;N/A;Biozzi ABH mice;N/A;N/A;disease risk;Our results show that the absence of Nrf2 exacerbates the development of EAE and thus suggests that activation of Nrf2 may then attenuate pathogenesis of autoimmune diseases such as MS as well as other neurodegenerative diseases that present with neuroinflammation.;In conjunction, we observed increased inflammatory enzyme (iNOS, phox-47, gp91-phox, and phox-67), cytokine (IFN-gamma, IL1-b, TNF-alpha, and IL-12), and chemokine (BLC and MIG) gene expression levels in the Nrf2-deficient mice compared to the WT mice, supporting the notion that Nrf2 can modulate an autoimmune neuroinflammatory response.;19910389;2010;The absence of the pro-antioxidant transcription factor Nrf2 exacerbates experimental autoimmune encephalomyelitis
ABCB1;Homo sapiens;5243;ATP binding cassette subfamily B member 1;"CLCS; MDR1; P-GP; PGY1; ABC20; CD243; GP170; p-170";protein coding;"Ensembl:ENSG00000085563 MIM:171050; AllianceGenome:HGNC:40";7q21.12;Blood;peripheral blood mononuclear cells;PCR;MS;N/A;Germany;"832 multiple sclerosis patients from three sites in Germany (Go¨ttingen, n = 166; Rostock, n = 423, Berg, n = 194)";up-regulation;disease risk;In conclusion, SNPs in ABC-transporter genes may serve as pharmacogenetic markers associated with clinical response to MX therapy in multiple sclerosis.;ATP-binding cassette-transporters ABCB1 and ABCG2 represent multi-drug resistance mechanisms involved in active cellular MX efflux.;19605531;2009;ABC-transporter gene-polymorphisms are potential pharmacogenetic markers for mitoxantrone response in multiple sclerosis
ABCG2;Homo sapiens;9429;ATP binding cassette subfamily G member 2 (Junior blood group);"MRX; MXR; ABCP; BCRP; BMDP; MXR1; ABC15; BCRP1; CD338; GOUT1; MXR-1; CDw338; CDw388; UAQTL1; EST157481";protein coding;"Ensembl:ENSG00000118777 MIM:603756; AllianceGenome:HGNC:74";4q22.1;Blood;peripheral blood mononuclear cells;PCR;MS;N/A;Germany;"832 multiple sclerosis patients from three sites in Germany (Go¨ttingen, n = 166; Rostock, n = 423, Berg, n = 194)";up-regulation;disease risk;In conclusion, SNPs in ABC-transporter genes may serve as pharmacogenetic markers associated with clinical response to MX therapy in multiple sclerosis.;ATP-binding cassette-transporters ABCB1 and ABCG2 represent multi-drug resistance mechanisms involved in active cellular MX efflux.;19605531;2009;ABC-transporter gene-polymorphisms are potential pharmacogenetic markers for mitoxantrone response in multiple sclerosis
Abcb1b;Mus musculus;18669;ATP-binding cassette, sub-family B (MDR/TAP), member 1B;"mdr; Mdr1; Pgy1; Abcb1; Mdr1b; Pgy-1";protein coding;Ensembl:ENSMUSG00000028970 AllianceGenome:MGI:97568;"5 A1; 5 3.43 Cm";N/A;N/A;PCR;EAE;N/A;C57BL/6;N/A;up-regulation;disease risk;In conclusion, SNPs in ABC-transporter genes may serve as pharmacogenetic markers associated with clinical response to MX therapy in multiple sclerosis.;ATP-binding cassette-transporters ABCB1 and ABCG2 represent multi-drug resistance mechanisms involved in active cellular MX efflux.;19605531;2009;ABC-transporter gene-polymorphisms are potential pharmacogenetic markers for mitoxantrone response in multiple sclerosis
Abcg2;Mus musculus;26357;ATP binding cassette subfamily G member 2 (Junior blood group);"MXR; ABCP; BCRP; MXR1; ABC15; Bcrp1";protein coding;Ensembl:ENSMUSG00000029802 AllianceGenome:MGI:1347061;"6 B3; 6 27.82 cM";N/A;N/A;PCR;EAE;N/A;C57BL/6;N/A;up-regulation;disease risk;In conclusion, SNPs in ABC-transporter genes may serve as pharmacogenetic markers associated with clinical response to MX therapy in multiple sclerosis.;ATP-binding cassette-transporters ABCB1 and ABCG2 represent multi-drug resistance mechanisms involved in active cellular MX efflux.;19605531;2009;ABC-transporter gene-polymorphisms are potential pharmacogenetic markers for mitoxantrone response in multiple sclerosis
Par2;Mus musculus;109447;pulmonary adenoma resistance 2;N/A;N/A;MGI:MGI:1855887;18 44.19 Cm;Spinal cords;N/A;PCR;EAE;N/A;PAR2 homozygous KO mice and littermate homozygous WT controls;N/A;up-regulation;disease risk;These findings reveal previously unreported pathogenic interactions between CNS PAR2 expression and neuroinflammation with ensuing demyelination and axonal injury.;Macrophages and astrocytes from PAR2 wild-type (WT) and knockout (KO) mice exhibited differential immune gene expression with PAR2 KO macrophages showing significantly higher interleukin 10 production after lipopolysaccharide stimulation (P < 0.001).;16476770;2006;Proteinase-activated receptor 2 modulates neuroinflammation in experimental autoimmune encephalomyelitis and multiple sclerosis
Bax;Mus musculus;12028;BCL2-associated X protein;N/A;protein coding;Ensembl:ENSMUSG00000003873 AllianceGenome:MGI:99702;"7 B3; 7 29.32 Cm";Spinal cords;N/A;PCR;EAE;N/A;C57/bl mice;n=40 and 46;N/A;disease risk;In conclusion, ablation of the bax gene attenuates the severity of MOG-induced EAE and emphasizes the importance of apoptosis in the pathogenesis of EAE and MS.;In conclusion, ablation of the bax gene attenuates the severity of MOG-induced EAE and emphasizes the importance of apoptosis in the pathogenesis of EAE and MS.;15050683;2004;Bax-ablation attenuates experimental autoimmune encephalomyelitis in mice
RT1-Db1;Rattus norvegicus;294270;RT1 class II, locus Db1;N/A;protein coding;Ensembl:ENSRNOG00000033215 AllianceGenome:RGD:1593282;20p12;Brain;macrophages,microglia;macrophage morphology;EAE;N/A;LEW.1A and LEW.1W rats;N/A;N/A;N/A;Thus, our studies document a genetic influence of the MHC-region on the relative contribution of macrophages versus microglia in the pathogenesis of EAE.;Rat strains with an u-haplotype in both the Class II and the telomeric non-classical Class I region revealed inflammatory and demyelinating lesions, which were dominated by activated microglia. The a-haplotype in any of these regions was associated with macrophage dominated lesions.;12146797;2002;MHC gene related effects on microglia and macrophages in experimental autoimmune encephalomyelitis determine the extent of axonal injury
HLA-DPB1;Homo sapiens;3115;major histocompatibility complex, class II, DP beta 1;"DPB1; HLA-DP; HLA-DPB; HLA-DP1B";protein coding;"Ensembl:ENSG00000223865 MIM:142858; AllianceGenome:HGNC:4940";6p21.32;Blood;peripheral blood mononuclear cells;Westren;MS;N/A;Japanese;93;up-regulation;N/A;The marked differences in the clinical and MRI findings as well as in the immunogenetic backgrounds between the opticospinal multiple sclerosis and Western-type multiple sclerosis together suggest that HLA-DPB1*0501-associated opticospinal multiple sclerosis is a distinct subtype of multiple sclerosis.;N/A;10468508;1999;HLA-DPB1*0501-associated opticospinal multiple sclerosis: clinical, neuroimaging and immunogenetic studies
Ntf3;Mus musculus;18205;neurotrophin 3;"Nt3; HDNF; NGF-2; Ntf-3";protein coding;Ensembl:ENSMUSG00000049107 AllianceGenome:MGI:97380;"6 F3; 6 60.45 cM";brain;oligodendrocyte;RT-PCR;MS;N/A;newborn Wistar rats;n = 5–6 mice group;up-regulation;Disease risk;Transfection converts precursor cells into actively dividing cells that can incorporate 3 H-thymidine into DNA. In the absence of growth factors, a parallel increase in the survival of the transfected cultures was also demonstrated by the MTT test. The final demonstration of biological changes in transfected versus untreated cells was a 10-fold increase in myelin basic protein production observed in Western blots and the direct observation by phase-contrast and electron microscopy of myelin membranes in cocultures with hippocampal neurons. We discuss the future use of this transfected cells in regeneration and functional recovery in experimental models of multiple sclerosis;Oligodendrocyte precursor cells require exogenous neurotrophin-3 (NT-3) for differentiation into oligodendrocytes;15139015;2004;In Vitro Myelination by Oligodendrocyte Precursor Cells Transfected With the Neurotrophin-3 Gene
ERVW-1;Homo sapiens;30816;endogenous retrovirus group W member 1, envelope;"ENV; ENVW; HERVW; ERVWE1; HERV7Q; HERV-7q; HERVWENV; HERV-W-ENV";protein coding;"Ensembl:ENSG00000242950 MIM:604659; AllianceGenome:HGNC:13525";7q21.2;tumor/normal adjacent tissues and various areas of brain tissues;N/A;RT-PCR;MS;N/A;N/A;N/A;up-regulation;Disease risk;In silico expression data indicated that 14 complete HERV-W families from human chromosomes 1, 2, 4, 7, 8, 11, 13, 15, and Y are randomly expressed in various cancer tissues. HERV-Wenv transcripts did not show significant differences among the human tumor/normal adjacent tissues (colon, liver, uterus, breast, and stomach). Quantitative real-time RT-PCR analysis indicated that strong expression of the HERV-W env gene was detected in the cerebral cortex and pons of the human brain.;Full-length retroviral sequences may interact with cellular oncogenes, and retroviral long terminal repeat (LTR) elements have the capacity to exert regulatory influences as promoters and enhancers of cellular genes;18604468;2008;Quantitative expression of the HERV-W env gene in human tissues
ERVW-1;Homo sapiens;30816;endogenous retrovirus group W member 1, envelope;"ENV; ENVW; HERVW; ERVWE1; HERV7Q; HERV-7q; HERVWENV; HERV-W-ENV";protein coding;"Ensembl:ENSG00000242950 MIM:604659; AllianceGenome:HGNC:13525";7q21.2;human astrocytes and in human umbilical vein endothelial cells;N/A;QPCR;MS;N/A;N/A;N/A;up-regulation;Disease risk;Using our newly developed method we confirmed that the expression of MSRV takes place in normal human astrocytes and in human umbilical vein endothelial cells in vitro. We also found that the stimulation of human monocytes did not influence the specific expression of MSRV but it caused changes in mRNA level of distinct HERV-W templates;"Both ERVWE1 and MSRV mRNA share high level of similarity and hence a method that allows to exclusively quantify the MSRV expression in clinical samples would be desirable. We developed a quantitative polymerase chain reaction (QPCR) technique for the detection and quantification of the multiple sclerosis-associated retrovirus. The assay utilises fluorescently labelled oligonucleotide probe, which is complementary to the conservative fragment of MSRV env gene and a peptide nucleic acid (PNA) probe, fully complementary to the ERVWE1 sequence fragment that efficiently blocks the polymerase action on ERVWE1 templates. The PNA molecule, if used parallel with hydrolysis probe in QPCR analysis, greatly facilitates the detection efficiency of MSRV even if ERVWE1 is present abundantly in respect to MSRV in the analysed sample. We achieved a wide and measurable range from 1 9 10 e2 to 1 9 10 e8 copies/reaction; the linearity of the technique was maintained even at the low MSRV level of 1 % in respect to ERVWE1.";25976174;2015;A Novel, Highly Selective RT-QPCR Method for Quantification of MSRV Using PNA Clamping Syncytin-1 (ERVWE1)
Nfe2l2;Mus musculus;18024;nuclear factor, erythroid derived 2, like 2;Nrf2;protein coding;Ensembl:ENSMUSG00000015839 AllianceGenome:MGI:108420;"2 C3; 2 44.75 cM";brain;N/A;Real-Time RT-qPCR;MS;N/A;N/A;n = 5–6 mice group;up-regulation;Disease risk;utilizing the reactive oxygen species (ROS) assay, we showed that DMF reduced ROS production induced by H2O2. DMF also decreased oxidative stress-induced apoptosis. Using motor neuron survival assay, DMF significantly promoted survival of motor neurons under oxidative stress. We further analyzed the expression of oxidative stress-induced genes in the NPC cultures and showed that DMF increased the expression of transcription factor nuclear factor-erythroid 2-related factor 2 (Nrf2) at both levels of RNA and protein. Furthermore, we demonstrated the involvement of Nrf2-ERK1/2 MAPK pathway in DMF-mediated neuroprotection. Finally, we utilized SuperArray gene screen technology to identify additional anti-oxidative stress genes (Gstp1, Sod2, Nqo1, Srxn1, Fth1). Our data suggests that analysis of anti-oxidative stress mechanisms may yield further insights into new targets for treatment of multiple sclerosis (MS);Nrf2-ERK1/2 MAPK pathway;26090715;2015;Dimethyl Fumarate Protects Neural Stem/Progenitor Cells and Neurons from Oxidative Damage through Nrf2-ERK1/2 MAPK Pathway
Csf1r;Mus musculus;12978;colony stimulating factor 1 receptor;"Fms; Fim2; CD115; Csfmr; Fim-2; CSF-1R; M-CSFR; M-CSF-R";protein coding;Ensembl:ENSMUSG00000024621 AllianceGenome:MGI:1339758;"18 E1; 18 34.41 cM";Peripheral blood;N/A;PCR;MS;N/A;male C57BL/6 mice;n = 5–6 mice group;up-regulation;Disease risk;"At 14 days after transplantation, animals from each group were sacrificed and analyzed by Real time PCR. The results showed that the administration of MSC secretome can efficiently reduce expression of pro-inflammatory cytokines (IL-1, IL6 and TNF-α) in the corpus callosum; also, conditioned serum downregulated IL-1. Moreover, the oligodendrocyte-specific gene was upregulated by secretome and conditioned serum treatment. Also, the expression of microglial- specific gene was reduced after treatment";Microglial cells are divided into two subgroups: M1 and M2 phenotypes. A crucial component of the microglial function is the colony stimulating factor 1 receptor (CSF1R);36852798;2022;Anti-inflammatory Effects of Umbilical Cord Mesenchymal Stem Cell and Autologous Conditioned Serum on Oligodendrocyte, Astrocyte, and Microglial Specific Gene in CuprizoneAnimal Model
Mbp;Mus musculus;17196;myelin basic protein;"jve; mld; shi; Hmbpr; golli-mbp";protein coding;Ensembl:ENSMUSG00000041607 AllianceGenome:MGI:96925;"18 E3; 18 55.84 cM";spinal cord;lymph node cells (LNC);FACS analysis;EAE;N/A;Female SJL/J mice;n = 5–6 mice group;up-regulation;Disease risk;These studies suggest that in SJL mice the epitopes involved in the pathogenesis of disease are multiple and there is no clear correlation between encephalitogenicity and TCR VP gene usage. These observations argue against the presence of a dominant TCR V gene in the pathogenesis of EAE in SJL mice;the response to peptides p89- 10 1, p9 1- 103, and p84- IO2 was absent following immunization with MBP;1374293;1992;Analysis of TCR VB Gene Usage and Encephalitogenicity of Myelin Basic Protein Peptide p91-103 Reactive T Cell Clones in SJL Mice: Lack of Evidence for V Gene Hypothesis
SIL1;Homo sapiens;64374;SIL1 nucleotide exchange factor;"BAP; MSS; ULG5";protein coding;"Ensembl:ENSG00000120725 MIM:608005; AllianceGenome:HGNC:24624";5q31.2;Peripheral blood;N/A;PCR;MS;N/A;N/A;N/A;up-regulation;Disease risk;Results revealed that the mean titer to measles was not different between (+) and (-) controls, and that MS cases had significantly higher titers than both control groups combined;results of formal linkage analyses have been reported that strongly suggest the existence of a multiple sclerosis susceptibility (MSS) gene linked to the HLA region of the sixth chromosome;6162924;1981;Relationship Between Measles HI Titers and an MS Susceptibility Gene
Mbp;Mus musculus;17196;myelin basic protein;"jve; mld; shi; Hmbpr; golli-mbp";protein coding;Ensembl:ENSMUSG00000041607 AllianceGenome:MGI:96925;"18 E3; 18 55.84 cM";spinal cord;N/A;RT-PCR;MS;N/A;N/A;n = 5–6 mice group;up-regulation;Disease risk;The 2-50 mice represent a unique model which will be ideal for investigating the molecular basis of myelin assembly and for developing gene therapy to promote remyelination in conditions such as MS.;These mice carry a transgene comprising 1.3 Kb of the mouse myelin basic protein (BMP) promoter conjugated to a fragment containing exons 2 and 3 of the human c-myc gene;7534359;1994;Insertional Mutagenesis Inducing Hypomyelination in Transgenic Mice
Mbp;Mus musculus;17196;myelin basic protein;"jve; mld; shi; Hmbpr; golli-mbp";protein coding;Ensembl:ENSMUSG00000041607 AllianceGenome:MGI:96925;"18 E3; 18 55.84 cM";spleen;T cell;PCR;EAE;N/A;SJL/J mice;n = 10 mice group;up-regulation;Disease risk;"T cells from the exon-2-specific line did not express Vp17a + TCR; however, peptide-specific T cell lines derived from the spleens of relapsing animals did express this TCR gene segment providing direct evidence of recruitment and sensitization of recipient T cells";"T cell lines selected by culture with MBP exon-2 peptide or PLP pl39- 15 I from splenic cells from mice with relapsing EAE were weakly encephalitogenic; however, T cell lines selected from the same mice with MBP pAcl- I 1 were not encephalitogenic. T cells from the exon-2 and ~139-151 T cell lines primed recipients for rapid onset severe EAE, whereas the pAcl-11 T cell line did no";7593553;1995;The immune response to a subdominant epitope in myelin basic protein exon-2 results in immunity to intra- and intermolecular dominant epitopes
Mog;Mus musculus;17441;myelin oligodendrocyte glycoprotein;B230317G11Rik;protein coding;Ensembl:ENSMUSG00000076439 AllianceGenome:MGI:97435;"17 B1; 17 19.16 cM";Peripheral blood;N/A;PCR;MS;N/A;C3H.SW and C57L mice;n = 5–6 mice group;up-regulation;Disease risk;the T cell reactivity against the immunodominant encephalitogenic region of MOG is characterized by a diverse Vp gene usage and a requirement for the same core epitope. This pattern of reactivity may favor epitope-directed, rather than TCR-targeted, approaches to immunospecific therapy for MOG-related autoimmune disease;Encephalitogenic T cell lines from V(3” mice were also diverse in their TCR Vp gene usage (Vpl, Vp2, Vp6, Vp14 and Vp16). Such a heterogeneous TCR Vp gene expression by pMOG 35-55/I-Ab-reactive T cells from both Vpa and Vpb H-2b mice suggested multiple epitopes within pMOG 35-55. Analysis of the pattern of reactivity by pMOG 35-55-reactive T cells to a set of truncated peptides was not commensurate with independent nested epitopes, but revealed a requirement for recognition of a core sequence, YRSPFSRVV (pMOG 40-48);8898962;1996;Delineation of the minimal encephalitogenic epitope within the immunodominant region of myelin oligodendrocyte glycoprotein: diverse V beta gene usage by T cells recognizing the core epitope encephalitogenic for T cell receptor V beta b and T cell receptor V beta a H-2b mice
CD4;Homo sapiens;920;CD4 molecule;"T4; IMD79; Leu-3; OKT4D; CD4mut";protein coding;"Ensembl:ENSG00000010610 MIM:186940; AllianceGenome:HGNC:1678";12p13.31;splenocytes;N/A;PCR;EAE;N/A;C57BL/6 mice;n = 5–6 mice group;up-regulation;Disease risk;We propose that CD4-Cys and CD4-Ser are classical antagonists, but CD4-Met may possess properties of an inverse agonist. The structure– activity relationship of mimetics reveals that a minor change in the net hydropathic value is enough to alter the dynamic nature of the receptor– ligand complex;CD4-Ser and CD4-Cys mimetics reduced the severity of EAE symptoms while the CD4-Met mimetic exacerbated the conditions;12231211;2002;Study of Disabling T-Cell Activation and Inhibiting T-Cell-Mediated Immunopathology Reveals a Possible Inverse Agonist Activity of CD4 Peptidomimetics
Il23a;Mus musculus;83430;interleukin 23, alpha subunit p19;"p19; IL-23";protein coding;Ensembl:ENSMUSG00000025383 AllianceGenome:MGI:1932410;"10; 10 D3";Draining lymph node (DLN) cells;N/A;PCR;EAE;N/A;C57BL/6 mice;n = 5–6 mice group;up-regulation;Disease risk;Evidence from studies of IL-23 receptor expression9 and IL-23 overexpression in transgenic mice10 suggest, however, that IL-23 may also affect macrophage function directly. Here we show, by using gene-targeted mice lacking only IL-23 and cytokine replacement studies, that the perceived central role for IL-12 in autoimmune inflammation, specifically in the brain, has been misinterpreted and that IL-23, and not IL-12, is the critical factor in this response. In addition, we show that IL-23, unlike IL-12, acts more broadly as an end-stage effector cytokine through direct actions on macrophages;numerous studies3–7 have concluded that IL-12 is essential for T-cell-dependent immune and inflammatory responses in vivo, primarily through the use of IL-12 p40 genetargeted mice and neutralizing antibodies against p40. The cytokine IL-23, which comprises the p40 subunit of IL-12 but a different p19 subunit8 , is produced predominantly by macrophages and dendritic cells, and shows activity on memory T cells;12610626;2003;Interleukin-23 rather than interleukin-12 is the critical cytokine for autoimmune inflammation of the brain
TNF;Homo sapiens;7124;tumor necrosis factor;"DIF; TNFA; TNFSF2; TNLG1F; TNF-alpha";protein coding;"Ensembl:ENSG00000232810 MIM:191160; AllianceGenome:HGNC:11892";6p21.33;Peripheral blood;N/A;PCR;MS;N/A;Sardinia;N/A;up-regulation;Disease risk;These findings indicate that Sardinia is an ideal location to further elucidate the correlation between TNF or HLA polymorphisms and diseases, including multiple sclerosis and type-I diabetes, present with an unusually high frequency and co-morbidity in Sardinia;On the basis of this rationale, a number of single nucleotide polymorphisms (SNPs) in the promoter region of the TNF gene have been investigated for their effects on gene transcription as well as for their possible correlation with a particular disease;15149631;2004;High frequency of TNF alleles -238A and -376A in individuals from northern Sardinia
SELPLG;Homo sapiens;6404;selectin P ligand;"CLA; CD162; PSGL1; PSGL-1";protein coding;"Ensembl:ENSG00000110876 MIM:600738; AllianceGenome:HGNC:10722";12q24.11;Peripheral blood;N/A;PCR;MS;PPMS;N/A;n = 5–6 mice group;up-regulation;Disease risk;As this allele has been demonstrated to have a very low efficiency in mediating lymphocyte binding to brain endothelium during attacks, its high frequency in PP-MS could be related to the absence of exacerbations in such patients;P-selectin glycoprotein ligand-1 (PSGL-1) is an important adhesion molecule involved in lymphocyte recruitment into the brain;16039046;2005;P-selectin glycoprotein ligand-1 variable number of tandem repeats (VNTR) polymorphism in patients with multiple sclerosis
Mog;Mus musculus;17441;myelin oligodendrocyte glycoprotein;B230317G11Rik;protein coding;Ensembl:ENSMUSG00000076439 AllianceGenome:MGI:97435;"17 B1; 17 19.16 cM";Peripheral blood;N/A;PCR;MS;N/A;female A.SW mice;n = 5–6 mice group;up-regulation;Disease risk;Although A strain mice have been reported to have an insertion in BAFF-R, the receptor for BAFF (B cell activation factor from the tumor necrosis factor family), which could explain our results, A.SW mice have no mutations in BAFF-R;MOG but also other antigens, such as gangliosides, histone, blood, liver and kidney proteins;16469392;2005;Monoclonal MOG-reactive autoantibody from progressive EAE has the characteristics of a natural antibody
MTHFR;Homo sapiens;4524;methylenetetrahydrofolate reductase;"Eukaryota; Metazoa; Chordata; Craniata; Vertebrata; Euteleostomi; Mammalia; Eutheria; Euarchontoglires; Primates; Haplorrhini; Catarrhini; Hominidae; Homo";protein coding;"Ensembl:ENSG00000177000 MIM:607093; AllianceGenome:HGNC:7436";1p36.22;Peripheral blood;N/A;PCR;MS;RR-MS、SP-MS、PP-MS;Caucasian;104 MS-affected individuals and 104 controls;up-regulation;Disease risk;We tested DNA from Australian MS patients and unaffected control subjects, matched for gender, age and ethnicity. Specifically, we genotyped the MTHFR C677T and the COMT G158A mutations. Genotype distributions showed that the homozygous mutant MTHFR genotype (T/T) and the COMT (H/H) genotype were slightly over-represented in the MS group (16% versus 11% and 24% versus 19%, respectively), but both variations failed to reach statistical significance (P = 0.15 and P = 0.32, respectively). Hence, results from the present study do not support a major role for either functional gene mutation in MS susceptibility;The C677T substitution variant in the methylenetetrahydrofolate reductase (MTHFR) gene has been associated with increased levels of circulating homocysteine and is a mild risk factor for vascular disease;16564429;2006;Genetic investigation of methylenetetrahydrofolate reductase (MTHFR) and catechol-O-methyl transferase (COMT) in multiple sclerosis
DCTN1;Homo sapiens;1639;dynactin subunit 1;"P135; DP-150; DAP-150";protein coding;"Ensembl:ENSG00000204843 MIM:601143; AllianceGenome:HGNC:2711";2p13.1;Peripheral blood;N/A;PCR;MS;N/A;both parents;100 patients had a relapsing–remitting form of MS and 100 cases were primary progressive;down-regulation;Disease risk;The results indicate that the DCTN1 gene is probably not influencing susceptibility to neurodegeneration in MS;Mutations in the p150 subunit of the axonal transport protein dynactin (DCTN1) have been reported in patients with amyotrophic lateral sclerosis (ALS) and frontotemporal dementia (FTD);17824900;2007;The p150 subunit of dynactin (DCTN1) gene in multiple sclerosis
Mog;Mus musculus;17441;myelin oligodendrocyte glycoprotein;B230317G11Rik;protein coding;Ensembl:ENSMUSG00000076439 AllianceGenome:MGI:97435;"17 B1; 17 19.16 cM";Peripheral blood;N/A;Flow cytometry;EAE;N/A;Mice C57BL/6;N/A;up-regulation;Disease risk;These results provide compelling evidence for generalized effect mediated by inducible hsp70 in the recognition of myelin self and non-self antigens that influences the cytokine profile of the immune response affecting autoimmune demyelination;T cell transfer experiments as well as antigen presentation assays in vitro demonstrated that hsp70 deficiency was associated with dysfunction in the activation of autoreactive T cells. Moreover, T cell responses to ovalbumin (OVA) peptide 323–339 were altered and CD4+ T cells were more prone to TCR-induced apoptosis, suggesting broader spectrum of T cell defect in hsp70.1–/– mice;18581325;2008;A heat shock protein gene (Hsp70.1) is critically involved in the generation of the immune response to myelin antigen
CCL14;Homo sapiens;6358;C-C motif chemokine ligand 14;"CC-1; CC-3; CKB1; MCIF; NCC2; SY14; HCC-1; HCC-3; NCC-2; SCYL2; SCYA14; HCC-1(1-74); HCC-1/HCC-3";protein coding;"Ensembl:ENSG00000276409 MIM:601392; AllianceGenome:HGNC:10612";17q12;DNA, blood or frozen brain tissue specimens;N/A;PCR;MS;N/A;N/A;N/A;up-regulation;Disease risk;this study reveals strong associations with a marker and a haplotype encompassing the CCL14 gene, which suggests that a lupus relevant variant may lie within or in the proximity of this haplotype;This follow up study aims to refine the roles of previously suggested candidate genes (CC chemokine ligands or CCLs) in multiple sclerosis (MS), and to test these markers in another autoimmune disorder, systemic lupus erythematosus (SLE);18602166;2008;CCL genes in multiple sclerosis and systemic lupus erythematosus
Lrp1;Mus musculus;16971;low density lipoprotein receptor-related protein 1;"Lrp; A2mr; CD91; b2b1554Clo";protein coding;Ensembl:ENSMUSG00000040249 AllianceGenome:MGI:96828;"10; 10 D3";Peripheral blood;N/A;PCR;EAE;N/A;N/A;N/A;up-regulation;Disease risk;In experimental autoimmune encephalomyelitis in mice, LRP1 protein expression was substantially increased in the cerebellum and spinal cord. LRP1 colocalized with multiple CNS cell types;These studies establish LRP1 as a major receptor for phagocytosis of degraded myelin, which may function alone or in concert with co-receptors previously implicated in myelin phagocytosis;19299462;2008;Low-density lipoprotein receptor-related protein 1 is an essential receptor for myelin phagocytosis
Arid5a;Mus musculus;214855;AT rich interactive domain 5A (MRF1-like);"Mrf1; D430024K22Rik";protein coding;Ensembl:ENSMUSG00000037447 AllianceGenome:MGI:2443039;"1; 1 B";Peritoneal macrophages;N/A;qPCR Analysis;EAE;N/A;C57BL/6 wild-type mice;N/A;up-regulation;Disease risk;These results indicate that Arid5a plays an important role in promotion of inflammatory processes and autoimmune diseases.;Arid5a was enhanced in macrophages in response to LPS, IL-1β, and IL-6. Arid5a deficiency inhibited elevation of IL-6 serum level in LPStreated mice and suppressed IL-6 levels and the development of TH17 cells in experimental autoimmune encephalomyelitis. Importantly, Arid5a inhibited the destabilizing effect of Regnase-1 on IL-6 mRNA;23676272;2013;Arid5a controls IL-6 mRNA stability, which contributes to elevation of IL-6 level in vivo
IFNAR1;Homo sapiens;3454;interferon alpha and beta receptor subunit 1;"AVP; IFRC; IFNAR; IFNBR; IMD106; IFN-alpha-REC";protein coding;"Ensembl:ENSG00000142166 MIM:107450; AllianceGenome:HGNC:5432";21q22.11;CSF;N/A;Quantitative real-time PCR;MS;RRMS;N/A;One hundred twenty-six RRMS patients, six CIS patients, 21 control subjects with no evidence of the inflammatory disease, and 74 HCs were enrolled in the study upon signing an institutional review board–approved form;up-regulation;Disease risk;In vivo recombinant IFN-b–1a treatment induced IFNAR1 and its downstream signaling molecules’ gene expression, suggesting that treatment reconstitutes a deficient endogenous IFN-b regulation of the CD4+ T cells’ pathogenic cytokine production in patients with MS.;We identified that the endogenous IFN-b from serum of RRMS patients induced a significantly lower IFN-inducible gene expression in comparison with healthy controls. In addition, in vitro studies have revealed deficient endogenous and exogenous IFN-b signaling in the CD4+ cells derived from patients with MS. Interestingly, upon inhibition of the endogenous IFN-b signaling by silencing IFN regulatory factor (IRF) 7 gene expression, the resting CD4+ T cells secreted significantly higher level of IL-17A, IL-17F, IL-21, IL-22, and IL-9, suggesting that endogenous IFN-b suppresses the secretion of these pathogenic cytokines.;24850724;2014;The Role of Endogenous IFN-b in the Regulation of Th17 Responses in Patients with Relapsing-Remitting Multiple Sclerosis
TNFSF10;Homo sapiens;8743;TNF superfamily member 10;"TL2; APO2L; CD253; TANCR; TRAIL; Apo-2L; TNLG6A";protein coding;"Ensembl:ENSG00000121858 MIM:603598; AllianceGenome:HGNC:11925";3q26.31;venous blood;N/A;PCR;MS;RRMS;N/A;53 relapsing-remitting Egyptian MS patients and 25 matched healthy volunteers;up-regulation;Disease risk;No significant correlation was detected between the serum TRAIL level and the TRAIL mRNA expression ratio in either group. No statistically significant correlation was found between serum TRAIL levels or the TRAIL mRNA expression ratio with the number of black holes or the bicaudate ratio on MRI. Apoptosis of T lymphocytes is decreased in MS patients, which could be useful when designing treatments. There was no difference in the TRAIL mRNA gene expression ratio between MS patients and controls;The tumor necrosis factor-related apoptosis-inducing ligand (TRAIL) molecule is among the potential biomarkers in MS;24913933;2014;Role of serum TRAIL level and TRAIL apoptosis gene expression in multiple sclerosis and relation to brain atrophy
DROSHA;Homo sapiens;29102;drosha ribonuclease III;"RN3; ETOHI2; RNASEN; RANSE3L; RNASE3L; HSA242976";protein coding;"Ensembl:ENSG00000113360 MIM:608828; AllianceGenome:HGNC:17904";5p13.3;Peritoneal macrophages;N/A;RT-PCR;MS;RRMS;N/A;Twenty-one RRMS patients/ 21 healthy age and sex-matched volunteers;up-regulation;Disease risk;The expression levels of these components in relapsing remitting multiple sclerosis (RRMS) patients were significantly up-regulated in comparison to healthy controls. DGCR8 was up-regulated 4.9 times in RRMS patients versus healthy controls, and Drosha was up-regulated 3.58 times. Additionally, the expression level of Dicer was 2.11 times higher in RRMS patients than the healthy controls. In conclusion, our results suggest that overexpression of Drosha, Dicer and DGCR8 may contribute to the pathogenesis of MS. Further investigation may introduce microRNA biogenesis machinery as MS markers and therapeutic targets;miRNA synthesis begins in the nucleus, where the primary miRNA transcript is transcribed by RNA polymerase II and subsequently is processed by a microprocessor complex to produce several precursor miRNA (pre-miRNA). RNA endonuclease III, Drosha inside the nucleus, and DiGeorge syndrome critical region gene 8 (DGCR8 or Pasha) construct the microprocessor complex;25439752;2014;Overexpression of microRNA biogenesis machinery: Drosha, DGCR8 and Dicer in multiple sclerosis patients
DICER1;Homo sapiens;23405;dicer 1, ribonuclease III;"DCR1; GLOW; MNG1; aviD; Dicer; HERNA; RMSE2; Dicer1e; K12H4.8-LIKE";protein coding;"Ensembl:ENSG00000100697 MIM:606241; AllianceGenome:HGNC:17098";14q32.13;Peritoneal macrophages;N/A;RT-PCR;MS;RRMS;N/A;Twenty-one RRMS patients/ 21 healthy age and sex-matched volunteers;up-regulation;Disease risk;The expression levels of these components in relapsing remitting multiple sclerosis (RRMS) patients were significantly up-regulated in comparison to healthy controls. DGCR8 was up-regulated 4.9 times in RRMS patients versus healthy controls, and Drosha was up-regulated 3.58 times. Additionally, the expression level of Dicer was 2.11 times higher in RRMS patients than the healthy controls. In conclusion, our results suggest that overexpression of Drosha, Dicer and DGCR8 may contribute to the pathogenesis of MS. Further investigation may introduce microRNA biogenesis machinery as MS markers and therapeutic targets;miRNA synthesis begins in the nucleus, where the primary miRNA transcript is transcribed by RNA polymerase II and subsequently is processed by a microprocessor complex to produce several precursor miRNA (pre-miRNA). RNA endonuclease III, Drosha inside the nucleus, and DiGeorge syndrome critical region gene 8 (DGCR8 or Pasha) construct the microprocessor complex;25439752;2014;Overexpression of microRNA biogenesis machinery: Drosha, DGCR8 and Dicer in multiple sclerosis patients
DGCR8;Homo sapiens;54487;DGCR8 microprocessor complex subunit;"Gy1; pasha; DGCRK6; C22orf12";protein coding;"Ensembl:ENSG00000128191 MIM:609030; AllianceGenome:HGNC:2847";22q11.21;Peritoneal macrophages;N/A;RT-PCR;MS;RRMS;N/A;Twenty-one RRMS patients/ 21 healthy age and sex-matched volunteers;up-regulation;Disease risk;The expression levels of these components in relapsing remitting multiple sclerosis (RRMS) patients were significantly up-regulated in comparison to healthy controls. DGCR8 was up-regulated 4.9 times in RRMS patients versus healthy controls, and Drosha was up-regulated 3.58 times. Additionally, the expression level of Dicer was 2.11 times higher in RRMS patients than the healthy controls. In conclusion, our results suggest that overexpression of Drosha, Dicer and DGCR8 may contribute to the pathogenesis of MS. Further investigation may introduce microRNA biogenesis machinery as MS markers and therapeutic targets;miRNA synthesis begins in the nucleus, where the primary miRNA transcript is transcribed by RNA polymerase II and subsequently is processed by a microprocessor complex to produce several precursor miRNA (pre-miRNA). RNA endonuclease III, Drosha inside the nucleus, and DiGeorge syndrome critical region gene 8 (DGCR8 or Pasha) construct the microprocessor complex;25439752;2014;Overexpression of microRNA biogenesis machinery: Drosha, DGCR8 and Dicer in multiple sclerosis patients
VDR;Homo sapiens;7421;vitamin D receptor;"NR1I1; PPP1R163";protein coding;"Ensembl:ENSG00000111424 MIM:601769; AllianceGenome:HGNC:12679";12q13.11;Peritoneal macrophages;N/A;PCR;MS;RRMS;N/A;"Patients and controls Fifty unrelated patients (age: 19–71; M/F ratio: 1:2.1) with relapsing–remitting type of MS";up-regulation;Disease risk;"Healthy and non-MS groups had comparable parameters and were combined into one control group. No significant differences were found between MS and control groups for VDR genotypes. The frequency of HLADRB1*15 was significantly higher in MS patients (22%) compared to controls (8%) (p = 0.018). Odds ratio for MS in the presence of DRB1*15 allele was 3.21 (p = 0.018). Cosegregation with A (ApaI) and b (BsmI) alleles did not influence the risk for MS. 25OHD levels were significantly higher in MS patients compared to controls (p = 0.002), due to more frequent oral supplementation (p = 0.005). Vitamin A levels were comparable between the two groups. When all parameters were included in a logistic regression model adjusted for supplementation, only HLA-DRB1*15 (OR = 3.42; p = 0.027) contributed significantly to MS risk.There was no association between serum vitamin D or A or VDR genotypes and MS. HLA-DRB1*15 was the major factor imposing more than 3 folds greater risk for developing MS among Lebanese";"the presence of a VDR element (VDRE) in the proximal promoter region of the HLA-DRB1 gene. VDREs present a multitude of sequence variations and a spectrum of binding affinities for VDR; this variability enables VDREs to respond optimally to different concentrations of the VDR/1,25(OH)2D";27049563;2016;Vitamin D receptor biochemical and genetic profiling and HLA-class II genotyping among Lebanese with multiple sclerosis — A pilot study
CD40LG;Homo sapiens;959;CD40 ligand;"IGM; IMD3; TRAP; gp39; CD154; CD40L; HIGM1; T-BAM; TNFSF5; hCD40L";protein coding;"Ensembl:ENSG00000102245 MIM:300386; AllianceGenome:HGNC:11935";Xq26.3;Peritoneal macrophages;N/A;PCR;MS;N/A;N/A;MS (n = 26) /Healthy volunteers (n = 55);up-regulation;Disease risk;our results confirm that smoking induces an increase of alveolar macrophages in BAL, and further defined a significant attenuation of this response in carriers of the HLA-DRB1*15 allele, in both MS patients and healthy controls. This first systematic investigation of the immune response in the lungs of smokers and non-smokers diagnosed with MS, thus suggests an MS-associated lung T-cell phenotype, involvement of a specific T-cell response to smoke, and a genetic regulation of the macrophage response;In the BAL, non-smokers with MS showed an increased preformed CD40L expression in CD4 + T-cells while smokers displayed an increase in proliferating (Ki-67+) T-cells.;27339331;2016;T-cell activation and HLA-regulated response to smoking in the deep airways of patients with multiple sclerosis
CYP27B1;Homo sapiens;1594;cytochrome P450 family 27 subfamily B member 1;"VDR; CP2B; CYP1; PDDR; VDD1; VDDR; VDDRI; CYP27B; P450c1; CYP1alpha";protein coding;"Ensembl:ENSG00000111012 MIM:609506; AllianceGenome:HGNC:2606";12q14.1;peripheral blood;N/A;Quantitative real time-PCR;MS;RRMS;Iran;RRMS patients and 50 normal controls;up-regulation;Disease risk;A significant decrease in the expression level of CYP27A1 in female patients could indicate their greater vulnerability to MS than the male patients;Multiple sclerosis (MS) as a complex neurological disease can be due to vitamin D deficiency. CYP27B1 is referred to as a vitamin D metabolizing enzyme.;27792005;2016;Down-regulation of CYP27B1 gene expression in Iranian patients with relapsing-remitting multiple sclerosis
Plp1;Mus musculus;18823;proteolipid protein (myelin) 1;"jp; Plp; msd; rsh; DM20; jimpy";protein coding;Ensembl:ENSMUSG00000031425 AllianceGenome:MGI:97623;"X F1; X 59.1 cM";peripheral blood;N/A;PCR;MS;N/A;C57BL/6N;n = 5–6 mice group;up-regulation;Disease risk;Treatment of immune-incompetent PLP mutants did not provide evidence for a direct, neuroprotective effect of the medication. When treatment was terminated, no rebound of neuroinflammation occurred and histopathological improvement was preserved for at least 75 days without treatment. After disease onset, teriflunomide halted ongoing axonal perturbation and enabled a recovery of dendritic arborization by surviving ganglion cells. However, neither neuron loss nor clinical features were ameliorated, likely due to already advanced neurodegeneration before treatment onset.;Preventive treatment with teriflunomide attenuated the increase in number of CD8+ cytotoxic effector T cells and fostered the proliferation of CD8+ CD122+ PD-1+ regulatory T cells in the CNS;29970109;2018;Teriflunomide attenuates neuroinflammation-related neural damage in mice carrying human PLP1 mutations
TBX21;Homo sapiens;30009;T-box transcription factor 21;"TBET; IMD88; T-PET; T-bet; TBLYM";protein coding;"Ensembl:ENSG00000073861 MIM:604895; AllianceGenome:HGNC:11599";17q21.32;peripheral blood;N/A;Real-Time PCR;MS;N/A;N/A;eight newly diagnosed (one man and seven women) and eight (two men and six women) IFN-<U+00DF>1b-treated patients injection and the mean age of the patients was 33.91 + 8.4. Blood collection from IFN-<U+00DF>1b-treated patients was performed 24–48 h after IFN<U+00DF>1b injection;up-regulation;Disease risk;IFN-γ level at a concentration of 100 μM in comparison with DMSO. Our findings here clearly show that silymarin is an effective regulator for Th1 response in vitro condition. It not only suppresses Th1 proliferating activity but also inhibits T-bet gene expression and IFN-γ production by these cells;T-bet gene expression was significantly decreased in Th1 cells isolated from newly diagnosed and IFN-β-treated RRMS patients after treatment with silymarin compared to DMSO control.;30178232;2018;Immunoregulatory Effects of Silymarin on Proliferation and Activation of Th1 Cells Isolated from Newly Diagnosed and IFN-<U+00DF>1b-Treated MS Patients
ERMN;Homo sapiens;57471;ermin;N/A;protein coding;"Ensembl:ENSG00000136541 MIM:610072; AllianceGenome:HGNC:29208";2q24.1;peripheral blood;N/A;RT-PCR;MS;RRMS;N/A;50 RRMS patients and 50 age and gender matched healthy controls;up-regulation;Disease risk;"The results showed a significant decrease in ERMN expression (p = 0.022); whereas, no significant difference was detected in LTN1 expression between two groups (p = 0.935). The reduction in ERMN expression in leukocytes could be the cause of demyelinating process in RR-MS patients. Current findings might also have practical importance in prognosis and targeted therapies.";This paper aims to compare the peripheral transcript levels of Ermin (ERMN) (a gene with putative role in cytoskeletal rearrangements during myelinogenesis) and Listerin E3 Ubiquitin Protein Ligase 1 (LTN1) (a gene with functions in regulating innate immune system) between relapsing-remitting MS (RR-MS) patients and healthy controls.;31123898;2019;Down-regulation of ERMN expression in relapsing remitting multiple sclerosis
Prss57;Mus musculus;73106;protease, serine 57;"NSP4; Prssl1; UNQ782; GLGL782; 2900092M14Rik";protein coding;Ensembl:ENSMUSG00000020323 AllianceGenome:MGI:1920356;"10; 10 C1";peripheral blood;N/A;RT‐qPCR;MS;N/A;Female Wistar rats;n = 5–6 mice group;up-regulation;Disease risk;miR‐134‐3p overexpression or PRSS57 silencing enhanced mitochondrial activity of neurons, mitochondrial membrane potential content, CD34+ cell proliferation, while decreasing Cyt C content, inflammatory response, and cell apoptosis. Collectively, overexpression of miR‐134‐3p promotes CD34+ cell proliferation via inhibition of PRSS57 in MS, which may serve as a promising target for MS intervention.;analysis of the targeting relations of miR‐134‐3p and PRSS57 was conducted using online software and dual‐ luciferase reporter gene assay. Furthermore, neuronal functions, inflammatory response, proliferation, and apoptosis of CD34+ cells were assayed by flow cytometry, enzyme‐linked immunosorbent assay, and methyl thiazolyl tetrazolium. IL‐17 and PRSS57 expression increased while miR‐134‐3p expression decreased in the spinal cord from MS rats. miR‐134‐3p could target PRSS57;32619071;2019;3p on multiple sclerosis through inhibiting PRSS57 and promotion of CD34+ cell proliferation in rats
Mbp;Mus musculus;17196;myelin basic protein;"jve; mld; shi; Hmbpr; golli-mbp";protein coding;Ensembl:ENSMUSG00000041607 AllianceGenome:MGI:96925;"18 E3; 18 55.84 cM";peripheral blood;N/A;Real-time PCR;MS;N/A;female C57BL/6 mice;n =28 mice;up-regulation;Disease risk;performing aerobic exercise with CPZ consumption increased MBP gene expression and increased MAG and PLP protein expression, as well as increased myelination of nerve cells in the hippocampus compared to the CPZ group (p < 0.05). It seems that regular aerobic exercise in the MS model controls the destruction of myelin in the nerve cells of hippocampus by upregulating MBP, MAG and PLP, which can have positive effects on cognitive and motor performance;Activation of T lymphocytes elicits an immune response against myelinforming cells, the oligodendrocytes. Oligodendrocytes, myelin sheath and white matter are the main targets of T lymphocytes that penetrate through the central nervous system. It has been stated that in CNS and PNS, MS causes the destruction of the myelin sheath around the axon in the brain and spinal cord, and impairs the ability of nerve cells in the brain and spinal cord to communicate with each other;36341924;2023;Treadmill aerobic training improve beam-walking test, up-regulate expression of main proteins of myelin and myelination in the hippocampus of cuprizone-fed mice
Mog;Mus musculus;17441;myelin oligodendrocyte glycoprotein;B230317G11Rik;protein coding;Ensembl:ENSMUSG00000076439 AllianceGenome:MGI:97435;"17 B1; 17 19.16 cM";peripheral blood;N/A;Real-time PCR;MS;N/A;female C57BL/6 mice;n =28 mice;up-regulation;Disease risk;performing aerobic exercise with CPZ consumption increased MBP gene expression and increased MAG and PLP protein expression, as well as increased myelination of nerve cells in the hippocampus compared to the CPZ group (p < 0.05). It seems that regular aerobic exercise in the MS model controls the destruction of myelin in the nerve cells of hippocampus by upregulating MBP, MAG and PLP, which can have positive effects on cognitive and motor performance;Activation of T lymphocytes elicits an immune response against myelinforming cells, the oligodendrocytes. Oligodendrocytes, myelin sheath and white matter are the main targets of T lymphocytes that penetrate through the central nervous system. It has been stated that in CNS and PNS, MS causes the destruction of the myelin sheath around the axon in the brain and spinal cord, and impairs the ability of nerve cells in the brain and spinal cord to communicate with each other;36341924;2023;Treadmill aerobic training improve beam-walking test, up-regulate expression of main proteins of myelin and myelination in the hippocampus of cuprizone-fed mice
Mag;Mus musculus;17136;myelin-associated glycoprotein;"Gma; siglec-4a";protein coding;Ensembl:ENSMUSG00000036634 AllianceGenome:MGI:96912;"7 B1; 7 19.26 cM";peripheral blood;N/A;Real-time PCR;MS;N/A;female C57BL/6 mice;n =28 mice;up-regulation;Disease risk;performing aerobic exercise with CPZ consumption increased MBP gene expression and increased MAG and PLP protein expression, as well as increased myelination of nerve cells in the hippocampus compared to the CPZ group (p < 0.05). It seems that regular aerobic exercise in the MS model controls the destruction of myelin in the nerve cells of hippocampus by upregulating MBP, MAG and PLP, which can have positive effects on cognitive and motor performance;Activation of T lymphocytes elicits an immune response against myelinforming cells, the oligodendrocytes. Oligodendrocytes, myelin sheath and white matter are the main targets of T lymphocytes that penetrate through the central nervous system. It has been stated that in CNS and PNS, MS causes the destruction of the myelin sheath around the axon in the brain and spinal cord, and impairs the ability of nerve cells in the brain and spinal cord to communicate with each other;36341924;2023;Treadmill aerobic training improve beam-walking test, up-regulate expression of main proteins of myelin and myelination in the hippocampus of cuprizone-fed mice
Mbp;Mus musculus;17196;myelin basic protein;"jve; mld; shi; Hmbpr; golli-mbp";protein coding;Ensembl:ENSMUSG00000041607 AllianceGenome:MGI:96925;"18 E3; 18 55.84 cM";peripheral blood;N/A;PCR;EAE;N/A;Lewis rat;N/A;up-regulation;Disease risk;the Lewis rat Va/V<U+00DF> combination that dominates the encephalitogenic response to the 68-88 peptide of MBP is precisely the same Va/V<U+00DF> combination used by the B10YL mouse response to the encephalitogenic response to the 1-9 peptide of MBP;We have cloned the rat TCR a and 0 chain cDNAs from the Lewis rat x mouse T cell hybridoma 510, which retains the rat specificity for the encephalitogenic determinant of myelin basic protein (MBP);2462609;1989;BOTH RAT AND MOUSE T CELL RECEPTORS SPECIFIC FOR THE ENCEPHALITOGENIC DETERMINANT OF MYELIN BASIC PROTEIN USE SIMILAR V a AND V <U+00DF> CHAIN GENES EVEN THOUGH THE MAJOR HISTOCOMPATIBILITY COMPLEX AND ENCEPHALITOGENIC DETERMINANTS BEING RECOGNIZED ARE DIFFERENT
MBP;Homo sapiens;4155;myelin basic protein;Note: MBP (Gene ID: 4155) and MBL2 (Gene ID: 4153) share the MBP symbol/alias in common. MBP is a widely used alternative name for mannose binding lectin 2 (MBL2), which can be confused with the official symbol for MBP (myelin basic protein, GeneID 4155). [01 Jun 2018];protein coding;"Ensembl:ENSG00000197971MIM:159430;AllianceGenome:HGNC:6925";18q23;peripheral blood;N/A;PCR;MS;N/A;N/A;N/A;up-regulation;Disease risk;the results presented here demonstrate the expression and purification of immunologically active recombinant MBP21.5. Like naturally-derived MBP, recombinant MBP21.5 can be processed by APCs with various antigenic epitopes displayed to human T cells;The recombinant molecules were purified in two steps, first by reversedphase chromatographic separation and then by metal affinity chromatography. Dimeric forms of recombinant MBP21.5 were detected under physiological conditions, however, substitution of a serine for the single cysteine at amino acid residue 8f resulted in only monomer fo~ation. All forms of recombinant MBPs induced proliferative responses of human T lymphocytes specific for epitopes in MBP18.5 kDa. In contrast, human T cell lines that recognize an exon 2-encoded epitope of MBP responded to the 21.5 kDa isoform of MBP, but not the 18.5 kDa isoform;8544862;1995;PURIFICATION OF IMMUNOLOGICALLY ACTIVE RECOMBINANT 21.5 kDa ISOFORM OF HUMAN MYELIN BASIC PROTEIN
Ltbr;Mus musculus;17000;lymphotoxin B receptor;"Ltar; TNFCR; Tnfbr; TNFRrp; LTbetaR; TNFR-RP; Tnfrsf3; TNFR2-RP; TNF-R-III";protein coding;Ensembl:ENSMUSG00000030339 AllianceGenome:MGI:104875;"6 F3; 6 59.32 cM";Brain;glial cell;PCR;MS;N/A;C57BIf6 mice;n = 5–6 mice group;up-regulation;Disease risk;In the CNS, TNFa is produced by astrocytes and microglia (4). Microglia may be the main producer of TNFIx, because they respond to produce TNFcr much faster than astrocytes and respond to much lower concentration of lipopolysacclharide (LPS) than do astrocytes (4). In this study, we examined the effects ofvesnarinone on TNFa production by microglia. The effects on the other functions of microglia such as proliferation, expression of major histocompatibility complex antigen, enzyme activity and superoxide anion formation were also examined.;Tumor necrosis factor 01 (TNFcr) is considered to play a critical role in the development of various pathological processes in the central nervous system (CNS), such as neuronal degeneration, demyelination and gliosis. In order to search for agents which suppress TNFcx production in the CNS for future treatment of these pathological conditions, the effects of a synthetic oral inotropic agent, vesnarinone, on murine microglia were examined. Vesnarinone significantly suppressed TNFa production by microglia in a dose-dependent manner, without affecting their viability, enzyme activity or expression of the major histocompatibility complex.;10210262;1999;EFFECTS OF VESNARINONE ON CYTOKINE PRODUCTION AND ACTIVATION OF MURINE MICROGLIA
CD40;Homo sapiens;958;CD40 molecule;"p50; Bp50; CDW40; TNFRSF5";protein coding;"Ensembl:ENSG00000101017 MIM:109535; AllianceGenome:HGNC:11919";20q13.12;peripheral blood;N/A;PCR;MS;N/A;N/A;N/A;up-regulation;Disease risk;IFN-r treatment leads to the activation of NF-B in a time-dependent manner, which is inhibited in the presence of anti-TNF-β-neutralizing antibody. These results indicate that IFN-+-induced TNF-β production and subsequent NF-B activation are integral parts of the mechanism of IFN-+-induced CD40 expression;we have discovered that a major component of IFN-r-induced CD40 expression involves the endogenous production of the cytokine TNF-r. The inclusion of anti-TNF-r-neutralizing antibody significantly inhibits IFN-r-induced CD40 mRNA and CD40 promoter activity. IFN-r-induced CD40 protein expression is attenuated in TNF-r-deficient microglia and can be restored with exogenous TNF-r. Sitedirected mutagenesis studies demonstrate that three of the four NF-B elements in the CD40 promoter are required for IFN-r-induced CD40 promoter activity;11830590;2002;Critical Role of Tumor Necrosis Factor-a and NF-B in Interferon-+-induced CD40 Expression in Microglia/Macrophages
MBP;Homo sapiens;4155;myelin basic protein;N/A;protein coding;"Ensembl:ENSG00000197971 MIM:159430; AllianceGenome:HGNC:6925";18q23;peripheral blood;N/A;PCR;MS;N/A;N/A;N/A;up-regulation;Disease risk;Our data indicate that this inducible gene expression system is useful for the study of gene function in vivo and for the development of transgenic animal models relevant to human diseases such as multiple sclerosis;Upon the addition of doxycycline (DOX, a tetracycline derivative), tet transactivators became activated and bound to one or more TRE, leading to the activation of the CMV promoter and the expression of GFP in oligodendrocytes. We have successfully expressed GFP and luciferase at high levels in oligodendrocytes in a timeand dose-dependent fashion. In the absence of DOX, there was almost no GFP expression in oligodendroglial cultures. Graded levels of GFP expression were observed after induction with DOX (0.5 to 12.5 jig/ml).;10203578;1999;Expression of Green Fluorescent Protein in Oligodendrocytes in a Time- and LevelControllable Fashion with a TetracyclineRegulated System
paddle;Mus musculus;18462;pad;N/A;protein coding;AllianceGenome:MGI:97469;N/A;brain;N/A;PCR;MS;N/A;N/A;n = 5–6 mice group;up-regulation;Disease risk;From our data we concluded that up-regulation of myelin-associated PAD was responsible for the increase in citrullinated MBP in our transgenic mice prior to onset of clinical or pathological signs of demyelination. We postulate that a similar mechanism may be responsible for the increase in citrullinated MBP in multiple sclerosis;Citrulline in proteins arises as a post-translational modification of arginine. In our original studies we isolated myelin basic protein (MBP) which contained six citrullinyl residues, two near the N terminal portion and four near the C-terminal portion of the molecule (Wood and Moscarello 1989) from normal human brain. This citrullinated MBP accounted for about 20% of the total MBP in normal, adult human brain;12064481;2002;Peptidylarginine deiminase: a candidate factor in demyelinating disease
CCR2;Homo sapiens;729230;C-C motif chemokine receptor 2;"CKR2; CCR-2; CCR2A; CCR2B; CD192; CKR2A; CKR2B; CMKBR2; MCP-1-R; CC-CKR-2";protein coding;"Ensembl:ENSG00000121807 MIM:601267; AllianceGenome:HGNC:1603";3p21.31;peripheral blood;pre-B cell;PCR;MS;N/A;N/A;n = 5–6 mice group;up-regulation;Disease risk;It is suggested that vCCL4 during reactivation of the virus in for example monocyte-derived microglia could perhaps be involved in the pathogenesis of the CCR2-dependent disease, multiple sclerosis;vCCL4 was found to cause calcium mobilization as efficiently as the endogenous chemokine ligand CCL2 through the CCR2 receptor, whereas the virally encoded chemokine did not affect any of the other 17 human chemokine receptors tested. Mutual cross-desensitization between CCL2 and vCCL4 was demonstrated in the CCR2-transfected cells;12554737;2003;A Highly Selective CCR2 Chemokine Agonist Encoded by Human Herpesvirus 6
FGF2;Homo sapiens;2247;fibroblast growth factor 2;"BFGF; FGFB; FGF-2; HBGF-2";protein coding;"Ensembl:ENSG00000138685 MIM:134920; AllianceGenome:HGNC:3676";4q28.1;Brain;oligodendrocyte precursor cell;PCR;MS;N/A;N/A;N/A;up-regulation;Disease risk;The data presented here demonstrate that upon induction with Dox, CG4-FGF2 cells retain their capacity to differentiate in vitro. Additionally, we provide evidence that FGF2 release by engineered cells enhance proliferation and migration of cells of the oligodendrocyte lineage without preventing them to differentiate and myelinate axons in vitro;we have developed a genetically modified CG4 cell line (CG4-FGF2), which are able to release significant amounts of fibroblast growth factor 2 (FGF2) in a controlable fashion in vitro.;14769383;2003;Inducible expression of FGF2 by a rat oligodendrocyte precursor cell line promotes CNS myelination in vitro
NOS2;Homo sapiens;4843;nitric oxide synthase 2;"NOS; INOS; NOS2A; HEP-NOS";protein coding;"Ensembl:ENSG00000007171 MIM:163730; AllianceGenome:HGNC:7873";17q11.2;Brain;Astrocytes;PCR;MS;N/A;N/A;N/A;up-regulation;Disease risk;This study delineates a novel role of dsRNA in inducing the expression of iNOS through dsRNAactivated protein kinase (PKR)-mediated activation of NF-UB and p38-mediated activation of C/EBPL in human astroglia that may participate in virus-induced neurological abnormalities;This study underlines the importance of double-stranded RNA (dsRNA), the active component of a viral infection, in inducing the expression of inducible nitric oxide synthase (iNOS) in human astroglia. DsRNA in the form of synthetic polyinosinic-polycytidylic acid (poly IC) induced expression of iNOS and iNOS promoter-driven luciferase activity through activation of nuclear factor (NF)-UB and CCAAT/enhancer-binding proteinL (C/EBPL);15063753;2004;Role of protein kinase R in double-stranded RNA-induced expression of nitric oxide synthase in human astroglia
RGCC;Homo sapiens;28984;regulator of cell cycle;"RGC32; RGC-32; C13orf15; bA157L14.2";protein coding;"Ensembl:ENSG00000102760 MIM:610077; AllianceGenome:HGNC:20369";13q14.11;Brain;T cells and macrophages;Real-time PCR;MS;N/A;N/A;Brain tissue Frozen brain tissue specimens acquired at autopsy from eight patients with a definite diagnosis of MS;up-regulation;Disease risk;Our data suggest that RGC-32 plays a dual role in MS, both as a regulator of T-cells mediated apoptosis and as a promoter of TGF-β-mediated profibrotic effects in astrocytes;FasL mRNA expression was significantly reduced after RGC-32 silencing, indicating a role for RGC-32 in the regulation of FasL expression. In addition, the expression of Akt1, cyclin D1, and IL-21 mRNA was significantly increased during MS relapses when compared to levels in healthy controls. Furthermore, we investigated the role of RGC-32 in TGF-β-induced extracellular matrix expression in astrocytes. Blockage of RGC-32 using small interfering RNA significantly inhibits TGF-β induction of procollagen I, fibronectin and of the reactive astrocyte marker α-smooth muscle actin (α-SMA).;23000427;2012;Dual role of Response gene to complement-32 in multiple sclerosis
APOD;Homo sapiens;347;apolipoprotein D;N/A;protein coding;"Ensembl:ENSG00000189058 MIM:107740; AllianceGenome:HGNC:612";3q29;Brain;Reagents Human glioblastoma cells;PCR;MS;N/A;N/A;N/A;up-regulation;Disease risk;we observed an inverse correlation between ApoD and ApoE mRNA expression during development and in several regions of the mouse brain, notably in the cortex, hippocampus, plexus choroid, and cerebellum. This negative correlation was also observed for cortex layers IV–VI based on a new Transcriptomic Atlas of the Mouse Neocortical Layers. These findings reveal a new function for ApoE by regulating ApoD gene expression;overexpression of ApoE3 and ApoE4 isoforms but not ApoE2 significantly inhibited the ApoD promoter activity in U87 cells (E3/E3 genotype) cultured under normal or different stress conditions while ApoE knock-down by siRNA had a converse effect;23715769;2013;Binding and Repressive Activities of Apolipoprotein E3 and E4 Isoforms on the Human ApoD Promoter
Procr;Homo sapiens;19124;protein C receptor, endothelial;"Ccca; Epcr; Ccd41";protein coding;Ensembl:ENSMUSG00000027611 AllianceGenome:MGI:104596;"2; 2 H1";spleen;CD4+CD62L+ T cells;RT-PCR;EAE;N/A;C57BL/6 mice;n = 5–6 mice group;up-regulation;Disease risk;T cell–specific deficiency of PROCR resulted in the exacerbation of experimental autoimmune encephalomyelitis (EAE) and higher frequencies of Th17 cell in vivo, indicating that PROCR also inhibits pathogenicity of Th17 cells in vivo. PROCR thus does not globally inhibit Th17 responses but could be targeted to selectively inhibit proinflammatory Th17 cells;CD4+ T cells from PROCR low expressor mutant mice readily differentiated into Th17 cells, whereas addition of the PROCR ligand, activated protein C, inhibited Th17 differentiation in vitro. In addition, PROCR acted as a negative regulator of Th17 pathogenicity in that it down-regulated expression of several pathogenic signature genes, including IL-1 and IL-23 receptors.;27670590;2016;Protein C receptor (PROCR) is a negative regulator of Th17 pathogenicity
Ndufa13;Mus musculus;67184;NADH:ubiquinone oxidoreductase subunit A13;"CDA016; CGI-39; Grim19; GRIM-19; CI-B16.6; 2700054G14Rik";protein coding;Ensembl:ENSMUSG00000036199 AllianceGenome:MGI:1914434;"8; 8 B3.3";spleens;N/A;qPCR;MS;N/A;C57BL/6 mice;n = 5–6 mice group;up-regulation;Disease risk;"The levels of Th1 and Th17 cells were measured via flow cytometry, immunofluorescence, and immunohistochemical analysis. IL-17A and IFNγ expression levels were assessed via ELISA and quantitative PCR. IL-17A expression decreased and IFNγ expression increased in EAE mice that received injections of the GRIM19 OVN. GRIM19 transgenic mice expressed more IFNγ than did wild-type mice; this inhibited EAE development. However, the effect of GRIM-19 overexpression on the EAE of IFNγ-KO mice did not differ from that of the empty vector. GRIM-19 expression was therapeutic for EAE mice, elevating the IFNγ level. GRIM-19 regulated the Th17/Treg cell balance";The protein encoded by the Gene Associated with Retinoid-Interferon-Induced Mortality-19 (GRIM-19) is located in the mitochondrial inner membrane and is homologous to the NADH dehydrogenase 1-alpha subcomplex subunit 13 of the electron transport chain;33163248;2020;GRIM-19 Ameliorates Multiple Sclerosis in a Mouse Model of Experimental Autoimmune Encephalomyelitis with Reciprocal Regulation of IFNγ/Th1 and IL-17A/Th17 Cells
Mbp;Mus musculus;17196;myelin basic protein;"jve; mld; shi; Hmbpr; golli-mbp";protein coding;Ensembl:ENSMUSG00000041607 AllianceGenome:MGI:96925;"18 E3; 18 55.84 cM";spinal cord;N/A;PCR;EAE;N/A;immature Wistar rats;30 female immature Wistar rats;up-regulation;Disease risk;The obtained results indicated it could be concluded that curcumin was able to improve EAE by increasing the amount of MBP gene expression and reducing the intensity of NOGO-A expression;Experimental autoimmune encephalomyelitis (EAE) is an animal model of multiple sclerosis (MS). Previous studies have shown that myelin degradation during MS and EAE resulted in reduced expression of some of the proteins, e.g., the MBP (myelin basic protein), and increased expression of genes such as iNOS (Inducible nitric oxide synthase) and NOGO-A in the affected patients. In the present study, EAE was induced by immunizing Wistar rats (n=12) with homogenized spinal cord of guinea pig and Freund's complete adjuvant.;33953873;2019;Molecular effects of curcumin on the experimental autoimmune encephalomyelitis
Nos2;Mus musculus;18126;nitric oxide synthase 2, inducible;"iNOS; Nos-2; Nos2a; i-NOS; NOS-II; MAC-NOS";protein coding;Ensembl:ENSMUSG00000020826 AllianceGenome:MGI:97361;"11 B5; 11 46.74 cM";spinal cord;N/A;PCR;EAE;N/A;immature Wistar rats;30 female immature Wistar rats;up-regulation;Disease risk;The obtained results indicated it could be concluded that curcumin was able to improve EAE by increasing the amount of MBP gene expression and reducing the intensity of NOGO-A expression;Experimental autoimmune encephalomyelitis (EAE) is an animal model of multiple sclerosis (MS). Previous studies have shown that myelin degradation during MS and EAE resulted in reduced expression of some of the proteins, e.g., the MBP (myelin basic protein), and increased expression of genes such as iNOS (Inducible nitric oxide synthase) and NOGO-A in the affected patients. In the present study, EAE was induced by immunizing Wistar rats (n=12) with homogenized spinal cord of guinea pig and Freund's complete adjuvant.;33953873;2019;Molecular effects of curcumin on the experimental autoimmune encephalomyelitis
Rtn4;Mus musculus;68585;reticulon 4;"ASY; NgA; NOGO; NSP-CL; Nogo-A; Nogo-B; Nogo-C; mKIAA0886; mKIAA4153; 1110020G17Rik; C130026I10Rik";protein coding;Ensembl:ENSMUSG00000020458 AllianceGenome:MGI:1915835;"11; 11 A3.3";spinal cord;N/A;PCR;EAE;N/A;immature Wistar rats;30 female immature Wistar rats;up-regulation;Disease risk;The obtained results indicated it could be concluded that curcumin was able to improve EAE by increasing the amount of MBP gene expression and reducing the intensity of NOGO-A expression;Experimental autoimmune encephalomyelitis (EAE) is an animal model of multiple sclerosis (MS). Previous studies have shown that myelin degradation during MS and EAE resulted in reduced expression of some of the proteins, e.g., the MBP (myelin basic protein), and increased expression of genes such as iNOS (Inducible nitric oxide synthase) and NOGO-A in the affected patients. In the present study, EAE was induced by immunizing Wistar rats (n=12) with homogenized spinal cord of guinea pig and Freund's complete adjuvant.;33953873;2019;Molecular effects of curcumin on the experimental autoimmune encephalomyelitis
Mog;Mus musculus;17441;myelin oligodendrocyte glycoprotein;B230317G11Rik;protein coding;Ensembl:ENSMUSG00000076439 AllianceGenome:MGI:97435;"17 B1; 17 19.16 cM";peripheral blood;N/A;PCR;EAE;N/A;C57BL/6;N/A;up-regulation;Disease risk;Development of MOG-induced experimental autoimmune encephalomyelitis is not dependent on Arg, but Arg plays a role for the number of B cells in immunized mice. This might suggest a novel role for the Arg kinase in B-cell trafficking or regulation. Furthermore, the results suggest that Arg is important for normal embryonic development;Inhibition of Abl kinases has an ameliorating effect on the rodent model for multiple sclerosis, experimental autoimmune encephalomyelitis, and arrests lymphocyte activation. The family of Abl kinases consists of the Abl1/Abl and Abl2/Arg tyrosine kinases;34527426;2021;Arg Deficiency Does not Influence the Course of Myelin Oligodendrocyte Glycoprotein (MOG35-55)-induced Experimental Autoimmune Encephalomyelitis
Nr4a1;Mus musculus;15370;nuclear receptor subfamily 4, group A, member 1;"Hmr; N10; TR3; Gfrp; Hbr1; NP10; TIS1; GFRP1; Hbr-1; NGFIB; nur77; NGFI-B; NUR77-1; NUR77-2";protein coding;Ensembl:ENSMUSG00000023034 AllianceGenome:MGI:1352454;"15; 15 F1";spleens;N/A;Flow cytometry;EAE;N/A;C57BL/6;N/A;up-regulation;Disease risk;These findings suggest that the NR4A1 agonist Csn-B can alleviate nerve injury after EAE induction, and, therefore, may be useful as a potential treatment for multiple sclerosis;Nuclear receptor subfamily 4 group A1 (NR4A1) is an orphan nuclear receptor, which is expressed in the majority of cells. NR4A1 expression in peripheral blood mononuclear cells is low during the preclinical stage of multiple sclerosis. Knockout of the Nr4a1 gene in mice can aggravate the symptoms of experimental autoimmune encephalomyelitis (EAE), which is an animal model of multiple sclerosis. In this study, we intragastrically administered the NR4A1 agonist cytosporone B (Csn-B) to mice after inducing EAE. After treatment with Csn-B, the clinical symptoms in the EAE mice were substantially attenuated compared with that in PBS-treated control mice. The percentages of CD4+ T cells and F4/80+ cells in the central nervous system were decreased. In addition, interferon-γ and interleukin-17 production by proinflammatory Th1/Th17 cells in the central nervous system and interferon-γ levels in splenocytes were decreased after Csn-B treatment.;35662227;2022;NR4A1 agonist cytosporone B attenuates neuroinflammation in a mouse model of multiple sclerosis
Arhgef9;Mus musculus;236915;CDC42 guanine nucleotide exchange factor (GEF) 9;9630036L12Rik;protein coding;Ensembl:ENSMUSG00000025656 AllianceGenome:MGI:2442233;"X; X C3";hippocampal;N/A;Real time PCR;MS;N/A;SJL/J mice;N/A;up-regulation;Disease risk;we found a region-specific downregulation of Sam68, a splicingfactor that represses this splicing event.since neuronal circuit rearrangement and dynamic remodeling of structural components of the synapse are key processes that contribute to neuroplasticity, our study suggests potential new molecular players involved in EAE-induced hippocampal dysfunction;investigated several parameters of neuroplasticity in the hippocampus of the experimental autoimmune encephalomyelitis (EAE) SJL/J mouse model, characterized by rostral inflammatory and demyelinating lesions similar to Relapsing–Remitting MS. By combining morphological and molecular analyses, we found that the hippocampus undergoes extensive inflammation in EAE-mice, more pronounced in the CA3 and dentate gyrus (DG) subfields than in the CA1, associated with changes in GABAergic circuitry, as indicated by the increased expression of the interneuron marker Parvalbumin selectively in CA3. By laser-microdissection, we investigated the impact of EAE on the alternative splicing of Arhgef9, a gene encoding a postsynaptic protein playing an essential role in GABAergic synapses and whose mutations have been related to CI and epilepsy. Our results indicate that EAE induces a specific increase in inclusion of the alternative exon 11a only in the CA3 and DG subfields, in line with the higher local levels of inflammation;36710925;2023;Regionally restricted modulation of Sam68 expression and Arhgef9 alternative splicing in the hippocampus of a murine model of multiple sclerosis
PTPRC;Homo sapiens;5788;protein tyrosine phosphatase receptor type C;"LCA; LY5; B220; CD45; L-CA; T200; CD45R; GP180; IMD105";protein coding;"Ensembl:ENSG00000081237 MIM:151460; AllianceGenome:HGNC:9666";1q31.3-q32.1;Peripheral blood;N/A;PCR;MS;N/A;German;347 controls /454 MS patients;up-regulation;Disease risk;The 77C→G transition in exon 4 of the PTPRC gene may contribute to MS susceptibility only in very few families, if at all, but it is not relevant for the majority of MS cases, including virtually all German patients;alternative splicing of exons 4 (CD45RA), 5 (CD45RB) and 6 (CD45RC) (CD45RO, exons 4–6 spliced out). The 77C→G transition does not change the amino acid sequence, but it is probably part of a motif necessary for splicing leading to the isoform CD45RA;12028593;2002;PTPRC (CD45) is not associated with multiple sclerosis in a large cohort of German patients
Plp1;Mus musculus;18823;proteolipid protein (myelin) 1;"jp; Plp; msd; rsh; DM20; jimpy";protein coding;Ensembl:ENSMUSG00000031425 AllianceGenome:MGI:97623;"X F1; X 59.1 cM";spleens;N/A;PCR;MS;N/A;Female BALB/c mice;n = 5–6 mice group;up-regulation;Disease risk;Widespread anti-PLP mAb recognition of neurons suggests a novel potential pathophysiologic mechanism in MS patients, i.e., that anti-PLP antibodies associated with demyelination might simultaneously recognize pgf epitopes in neurons, thereby affecting their functions;In the present study, PLP knockout and wild-type mice were immunized with PLP and PLP peptides, and a large panel of monoclonal antibodies (mAbs) with reactivities to different PLP regions was generated. Selected mAbs were characterized for their reactivities to 1) whole PLP and PLP peptides by ELISA, 2) PLP and DM-20 on Western blots, and 3) live and fixed oligodendrocytes and normal human CNS tissue by immunohistochemistry. The results demonstrated the epitope specificity of the mAbs and their applicability to immunohistochemical studies of paraffin-embedded tissue samples;16416423;2006;Monoclonal Antibodies to Distinct Regions of Human Myelin Proteolipid Protein Simultaneously Recognize Central Nervous System Myelin and Neurons of Many Vertebrate Species
SPG11;Homo sapiens;80208;SPG11 vesicle trafficking associated, spatacsin;"ALS5; CMT2X; KIAA1840";protein coding;"Ensembl:ENSG00000104133 MIM:610844; AllianceGenome:HGNC:11226";15q21.1;Peripheral blood;N/A;PCR;MS、hereditary spastic paraplegia;N/A;N/A;34 healthy controls/ 34 patients with multiple sclerosis;up-regulation;Disease risk;The ears of the lynx sign on FLAIR MR imaging is highly specific for the most common genetic subtypes of hereditary spastic paraplegia with a thin corpus callosum. When this sign is present, there is a high likelihood of a genetic mutation, particularly associated with SPG11 or SPG15, even in the absence of a family history.;The “ears of the lynx” MR imaging sign has been described in case reports of hereditary spastic paraplegia with a thin corpus callosum, mostly associated with mutations in the spatacsin vesicle trafficking associated gene, causing Spastic Paraplegia type 11 (SPG11). This sign corresponds to long T1 and T2 values in the forceps minor of the corpus callosum, which appears hyperintense on FLAIR and hypointense on T1-weighted images;30606727;2019;“Ears of the Lynx” MRI Sign Is Associated with SPG11 and SPG15 Hereditary Spastic Paraplegia
Nfe2l2;Mus musculus;18024;nuclear factor, erythroid derived 2, like 2;Nrf2;protein coding;Ensembl:ENSMUSG00000015839 AllianceGenome:MGI:108420;"2 C3; 2 44.75 cM";Bone marrow mesenchymal stem cells;N/A;qRT-PCR;MS;N/A;C57BL/6J mice;n = 5–6 mice group;up-regulation;Disease risk;We demonstrated that MMF activated Nrf2 and induced anti-oxidant Nrf2 target gene expression in bone marrow-derived mesenchymal stem cells.;"The multiple sclerosis drug Tecfidera contains dimethylfumarate, which is rapidly metabolized to monomethylfumarate (MMF); MMF is thought to function through nuclear factor erythroid-derived-2-like-2 (Nrf2), a transcription factor activated by oxidative stress which induces the expression of endogenous antioxidant systems. We hypothesized that MMF-elicited increases in anti-oxidants would inhibit osteopenia induced by ovariectomy, as a model of aging-related osteoporosis and high oxidative stress";31362266;2021;Monomethylfumarate Protects against Ovariectomy-related Changes in Body Composition
P2rx4;Mus musculus;18438;purinergic receptor P2X, ligand-gated ion channel 4;"P2X4; D5Ertd444e";protein coding;Ensembl:ENSMUSG00000029470 AllianceGenome:MGI:1338859;"5 F; 5 62.53 cM";CSF;N/A;q-PCR;NMOSD;N/A;Female Lewis rats;n = 5–6 mice group;up-regulation;Disease risk;Conclusion We showed that AQP4-Ab promotes extracellular ATP release from astrocytes, and ATP-mediated neuropathic pain was suggested in NMOSD rat model. Our results indicate the critical role of ATP in the pathogenesis of AQP4-Ab–mediated pain development;Development of mechanical allodynia was confirmed in rAQP4 IgG–treated rats. AQP4-Ab–mediated extracellular ATP release from astrocytes was observed in vitro, and pharmacological inhibition of ATP receptor reversed mechanical allodynia in the rAQP4 IgG–treated rats;34419102;2021;Anti-AQP4 autoantibodies promote ATP release from astrocytes and induce mechanical pain in rats
CDR3;Homo sapiens;8163;Cerebellar degeneration-related autoantigen-3;N/A;other;MIM:602197;17q25;Frozen spinal cord tissues;N/A;PCR;MS、EAE;N/A;N/A;N/A;up-regulation;Disease risk;The present results suggest that T cells containing restricted V3 CDK3 motifs, which are also found in MS and EAE, become activated upon HTLV-I infection and infiltrate into the spinal cord lesions of HAM/TSP patients.;This indicates that the demyelination of the spinal cord by HTLV-I as a result of viral infection of oligodendrocytes or neuronal cells is unlikely. The T cell receptor V/3 gene sequence from lymphocytes in the spinal cord lesions taken from the same HAM/TSP autopsy cases revealed unique and restricted CDR3 motifs, CASSLXG(G) (one-letter amino acid. X is any amino acid), CASSPT(G), and CASSGRL which are similar to those described in T cells from brain lesions of multiple sclerosis (MS) and in a rat T cell clone derived from experimental allergic encephalomyelitis (EAE) lesions;8064235;1994;Detection of Human T Lymphotrophic Virus Type I (HTLV-I) Proviral DNA and Analysis of T Cell Receptor VB CDR3 Sequences in Spinal Cord Lesions of HTLV-I-associated Myelopathy/Tropical Spastic Paraparesis
Cd80;Mus musculus;12519;CD80 antigen;"B71; Ly53; TSA1; Cd28l; Ly-53; MIC17";protein coding;Ensembl:ENSMUSG00000075122 AllianceGenome:MGI:101775;"16 B4; 16 26.86 cM";brain;astrocyte;RT–PCR;MS;N/A;N/A;N/A;up-regulation;Disease risk;The above results indicate that local paracrine and autocrine mechanisms may be involved in a downregulatory loop that would inhibit B7 expression within the CNS and therefore reduce the potential for local antigen presentation.;IFNg was a weak inducer of B7-2 mRNA and immunoreactivity in microglia primary cultures obtained from the neonatal mouse brain, whereas lipopolysaccharide, tumour necrosis factor-a, colony-stimulating factors and interleukin-1b did not affect microglial B7-2 expression;9003248;1997;Analysis of B7-1 and B7-2 costimulatory ligands in cultured mouse microglia: upregulation by interferon-g and lipopolysaccharide and downregulation by interleukin-10, prostaglandin E and cyclic 2 AMP-elevating agents
Cd86;Mus musculus;12524;CD86 antigen;"B7; B70; MB7; B7-2; B7.2; CLS1; Ly58; ETC-1; Ly-58; MB7-2; Cd28l2; TS/A-2";protein coding;Ensembl:ENSMUSG00000022901 AllianceGenome:MGI:101773;"16 B3; 16 25.72 cM";brain;astrocyte;RT–PCR;MS;N/A;N/A;N/A;up-regulation;Disease risk;The above results indicate that local paracrine and autocrine mechanisms may be involved in a downregulatory loop that would inhibit B7 expression within the CNS and therefore reduce the potential for local antigen presentation.;IFNg was a weak inducer of B7-2 mRNA and immunoreactivity in microglia primary cultures obtained from the neonatal mouse brain, whereas lipopolysaccharide, tumour necrosis factor-a, colony-stimulating factors and interleukin-1b did not affect microglial B7-2 expression;9003248;1997;Analysis of B7-1 and B7-2 costimulatory ligands in cultured mouse microglia: upregulation by interferon-g and lipopolysaccharide and downregulation by interleukin-10, prostaglandin E and cyclic 2 AMP-elevating agents
cysC;Escherichia coli str. K-12 substr. MG1655 (strain: K-12, substrain: MG1655);947221;adenylyl-sulfate kinase;ECK2745;protein coding;ECOCYC:EG10185;NC_000913.3 (2873387..2873992, complement);serum and CSF;N/A;PCR;MS;N/A;N/A;20cases/21controls;up-regulation;Disease risk;In CSF, the signal produced by the dimerized CysC was multifold compared to serum samples. Similar levels of total CysC and dimer were detected in both patient groups comprising of MS patients and patients with symptoms of the CNS, but confirmed not to have MS. The dimeric CysC assay could provide a valuable tool to explore CysC dimerization and oligomerization originating from body fluids or as conducted as a part of folding studies.;The amyloid formation by a L68Q variant CysC accounts for the hereditary CysC amyloid angiopathy (HCCAA);20202469;2010;Development of an immunoassay for the detection of cystatin C dimers
Mbp;Mus musculus;17196;myelin basic protein;"jve; mld; shi; Hmbpr; golli-mbp";protein coding;Ensembl:ENSMUSG00000041607 AllianceGenome:MGI:96925;"18 E3; 18 55.84 cM";chiasm and nerves;N/A;PCR;MS;N/A;adult female Sprague– Dawley rats;n = 4 mice group;up-regulation;Disease risk;LPC injection in the chiasm share functional and molecular alterations which are found in demyelinating disorders in both the optic nerves and chiasm and also these alterations were coming back to level of control animal on 28 days post lesion, which is typically seen in myelin repair process;The present study describes functional consequence of lysolecithin (LPC)-induced lesion in the adult rat optic nerves and chiasm by recording the visual evoked potentials (VEPs) from the visual cortex and its correlation with myelin basic protein (MBP) expression in lesion site;20637745;2010;Visual evoked potentials and MBP gene expression imply endogenous myelin repair in adult rat optic nerve and chiasm following local lysolecithin induced demyelination
NFATC2;Homo sapiens;4773;nuclear factor of activated T cells 2;"JCOSL; NFAT1; NFATP";protein coding;"Ensembl:ENSG00000101096 MIM:600490; AllianceGenome:HGNC:7776";20q13.2;brain;neuroblastoma cells SK-N-MC;PCR;MS;N/A;N/A;N/A;up-regulation;Disease risk;These data demonstrate that TNF-a promotes FasL expression through NFAT activation in neuroblastoma cells and this event leads to increased apoptosis through independent caspase-3 activation.;Gal4hNFATc2(1–415) construct contains the first 415 amino acids of the human NFATc2 fused to the DNA binding domain (DBD) of the yeast Gal4 transcription factor (amino acids 1–147) in the parental Gal4-DBD plasmid;21298033;2011;TNF-a Contributes to Caspase-3 Independent Apoptosis in Neuroblastoma Cells: Role of NFAT
Hdac1;Mus musculus;433759;histone deacetylase 1;"HD1; RPD3; MommeD5; Hdac1-ps";protein coding;Ensembl:ENSMUSG00000028800 AllianceGenome:MGI:108086;"4 D2.2; 4 63.26 cM";Peripheral blood;N/A;PCR;MS;N/A;LM/Bc mice;n = 5–6 mice group;up-regulation;Disease risk;Elevated nuclear FTY720-P is associated with decreased HDAC activity and increased histone acetylation at H3K18 and H3K23 in LM/Bc MEFs. Treatment of LM/Bc MEFs with FTY720 and a selective Sphk2 inhibitor, ABC294640, significantly reduces the amount of FTY720-P that accumulates in the nucleus. The data provide insight into the relative amounts of FTY720-P generated in the nuclear versus cytoplasmic subcellular compartments after FTY720 treatment and the specific Sphk isoforms involved;The results of this study suggest that FTY720-induced NTDs may involve multiple mechanisms, including: (1) sustained and/or altered S1P receptor activation and signaling by FTY720-P produced in the cytoplasm and (2) HDAC inhibition and histone hyperacetylation by FTY720-P generated in the nucleus that could lead to epigenetic changes in gene regulation;26719367;2016;Elevated Nuclear and Cytoplasmic FTY720-Phosphate in Mouse Embryonic Fibroblasts Suggests the Potential for Multiple Mechanisms in FTY720-Induced Neural Tube Defects
BDNF;Homo sapiens;627;brain derived neurotrophic factor;"ANON2; BULN2";protein coding;"Ensembl:ENSG00000176697 MIM:113505; AllianceGenome:HGNC:1033";11p14.1;Human U251 glioma cells;N/A;PCR;MS;N/A;N/A;N/A;up-regulation;Disease risk;These results indicated that phosphorylation of GSK3β at Ser9 might be involved in HERV-W env-induced BDNF expression, and will hopefully improve our understanding of the role of HERV-W env in neurological and psychiatric diseases;GSK3β signaling pathway in U251 cells;27235578;2016;Title: Elevation of Ser9 phosphorylation of GSK3 is required for HERV-W env-mediated BDNF signaling in human U251 cells
Nfe2l2;Mus musculus;18024;nuclear factor, erythroid derived 2, like 2;Nrf2;protein coding;Ensembl:ENSMUSG00000015839 AllianceGenome:MGI:108420;"2 C3; 2 44.75 cM";brain;N/A;qPCR;MS;N/A;C57Bl/6N mice;62 animals;up-regulation;Disease risk;Our findings suggest that DMF treatment confers neuroprotection after TBI via preservation of brain GSH levels rather than by modulating neuroinflammation.;DMF-treated mice displayed less neurological deficits than vehicle-treated mice and reduced histopathological brain damage.At the same time, the TBI-evoked depletion of brain GSH was prevented by DMF treatment.However, Nrf2 target gene mRNA expression involved in antioxidant and detoxifying pathways was increased in both treatment groups at 4 dal.;28921587;2017;Dimethyl fumarate treatment after traumatic brain injury prevents depletion of antioxidative brain glutathione and confers neuroprotection
Nos2;Mus musculus;18126;nitric oxide synthase 2, inducible;"iNOS; Nos-2; Nos2a; i-NOS; NOS-II; MAC-NOS";protein coding;Ensembl:ENSMUSG00000020826 AllianceGenome:MGI:97361;"11 B5; 11 46.74 cM";brain;microglial cells;Real-Time PCR;MS;N/A;C57/BL6J;n = 5–6 mice group;up-regulation;Disease risk;We therefore conclude that LX007 exhibits anti-inflammatory effects in LPS-stimulated microglial cells by inhibiting pro-inflammatory mediators corresponding to the downregulating of MAPKs and NF-κB activation. Taken together, the present study indicated that LX007 may have potential to be developed into an anti-inflammatory agent in the future.;LX007 inhibited lipopolysaccharide (LPS)-stimulated nitric oxide (NO) and prostaglandin E2 (PGE2) expression, as well as their regulatory geneinducible NO syntheses (iNOS) and cyclooxygenase-2 (COX-2) in LPS-treated primary microglia. LPS-induced production from microglia of interleukin (IL)-1β, IL-6, and tumor necrosis factor (TNF-α) was also significantly attenuated by LX007. Mechanistically, LX007 potently suppressed phosphorylation of mitogen-activated protein kinases (MAPKs) and nuclear factor-kappa B (NF-κB) p65 nuclear translocation in LPS-induced microglia.;29198015;2017;The Anti-inflammatory Effects of 4-((5-Bromo-3-chloro2-hydroxybenzyl) amino)-2-hydroxybenzoic Acid in Lipopolysaccharide-Activated Primary Microglial Cells
App;Mus musculus;11820;amyloid beta (A4) precursor protein;"Ag; Abpp; Adap; Cvap; Abeta; betaApp; E030013M08Rik";protein coding;Ensembl:ENSMUSG00000022892 AllianceGenome:MGI:88059;"16 C3.3; 16 46.92 cM";brain;hippocampus;qPCR;AD;N/A;Adult male Wistar rats;n = 5–6 mice group;up-regulation;Disease risk;Our results showed that over-expression of mutant human APP gene in the hippocampus led to learning and memory deficits concomitant with gliosis and pro-inflammatory responses.Interestingly, treatment of AD-modeled rats with IFNβ ameliorated memory impairments possibly through suppressing gliosis and shifting from pro-inflammatory toward anti-inflammatory status, suggesting that IFNβ may be a promising therapeutic agent to improve cognitive functions and modulate inflammatory responses in an AD-like neurodegenerative context.;Despite the fact that GFP expression level was lower than APP expression level, the lentiviral system used in this study resulted in an effective and widespread transduction of hippocampal neurons. Difference observed in expression of GFP and APP genes may be due to the particular position of these genes in FsynIGW lentiviral vector. As shown in Fig. 2A, APP gene sequence is upstream of IRES2-GFP sequence. IRES2 sequence allows bicistronic expression of APP and GFP under a neuron-specific promoter, synapsin. It has been indicated that transduced cells with a variety of bicistronic LV strongly express upstream gene of IRES sequence, whereas GFP expression (downstream gene of IRES sequence) is very low or undetectable in these cells;31233762;2019;Intranasal interferon beta improves memory and modulates inflammatory responses in a mutant APP-overexpressing rat model of Alzheimer’s disease
Ptpn22;Mus musculus;19260;protein tyrosine phosphatase, non-receptor type 22 (lymphoid);"PEP; Ptpn8; 70zpep";protein coding;Ensembl:ENSMUSG00000027843 AllianceGenome:MGI:107170;"3; 3 F2.2";Peripheral blood;N/A;PCR;MS;N/A;Rag1KO female mice;n = 5–6 mice group;up-regulation;Disease risk;Foxp3+ Tregs were also considerably expanded in PTPN22-deficient and PTPN22 R619W mice, as was the frequency of both CD25+ and CD25<U+2212> CD4 T cells that produce IL-10. Using bone marrow chimeric mice, we showed that PTPN22 influenced.Overall the expansion of Tregs is likely to keep the expanded T effector populations in check and sparing Treg during therapeutic mAb depletion may be a useful strategy to prevent occurrence of secondary autoimmunity;We induced lymphopenia by treating wild-type or PTPN22 knock-out mice with T cell depleting antibodies and monitored reconstitution of the T cell pool. We found that PTPN22 deficient T cells acquired a more activated effector phenotype, with significantly more IFNγ producing cells. This resulted from expansion driven by self-peptide MHC, as it was evident when the contribution of IL-7 to lymphopenic expansion was blocked with IL-7R Ab;32047502;2020;PTPN22 Acts in a Cell Intrinsic Manner to Restrict the Proliferation and Differentiation of T Cells Following Antibody Lymphodepletion
TREM1;Homo sapiens;54210;triggering receptor expressed on myeloid cells 1;"CD354; TREM-1";protein coding;"Ensembl:ENSG00000124731 MIM:605085; AllianceGenome:HGNC:17760";6p21.1;brain、CSF and plasma tests;N/A;qPCR;MS;N/A;N/A;N/A;down-regulation;Disease risk;sTREM2 in the CSF of cases with Alzheimer’s disease, and multiple sclerosis was not signifcantly altered in our series;compared to controls, TREM2 is increased in sCJD patient brains at the mRNA and protein levels in a regional and subtype dependent fashion, and expressed in a subpopulation of microglia;33881612;2021;TREM2 expression in the brain and biological fuids in prion diseases
Cxcl10;Mus musculus;15945;chemokine (C-X-C motif) ligand 10;"C7; IP10; CRG-2; INP10; IP-10; Ifi10; mob-1; Scyb10; gIP-10";protein coding;Ensembl:ENSMUSG00000034855 AllianceGenome:MGI:1352450;"5 E2; 5 46.57 cM";brain 、spinal cords;predominant cell;PCR;acute encephalomyelitis and chronic demyelinating disease;N/A;C57BL/6 mice;n = 5–6 mice group;down-regulation;Disease risk;notably CRG-2, in the initiation and maintenance of an inflammatory response following infection with MHV, which is important in contributing to demyelination.;regulation of chemokine expression contributes to the initiation and maintenance of the chronic inflammatory response that is observed in MHV-infected mice. Production of chemokines, notably CRG-2, by resident astrocytes may aid in attracting T cells and microglia/macrophage to areas in which MHV is present, and these cells participate in the demyelination process through, as of yet, undiscovered mechanisms;9551936;1998;Dynamic regulation of alpha- and beta-chemokine expression in the central nervous system during mouse hepatitis virus-induced demyelinating disease
Ccl5;Mus musculus;20304;chemokine (C-C motif) ligand 5;"SISd; Scya5; RANTES; TCP228; MuRantes";protein coding;Ensembl:ENSMUSG00000035042 AllianceGenome:MGI:98262;"11 C; 11 50.66 cM";brain 、spinal cords;predominant cell;PCR;acute encephalomyelitis and chronic demyelinating disease;N/A;C57BL/6 mice;n = 5–6 mice group;down-regulation;Disease risk;notably CRG-2, in the initiation and maintenance of an inflammatory response following infection with MHV, which is important in contributing to demyelination.;regulation of chemokine expression contributes to the initiation and maintenance of the chronic inflammatory response that is observed in MHV-infected mice. Production of chemokines, notably CRG-2, by resident astrocytes may aid in attracting T cells and microglia/macrophage to areas in which MHV is present, and these cells participate in the demyelination process through, as of yet, undiscovered mechanisms;9551936;1998;Dynamic regulation of alpha- and beta-chemokine expression in the central nervous system during mouse hepatitis virus-induced demyelinating disease
RORC;Homo sapiens;6097;RAR related orphan receptor C;"TOR; RORG; RZRG; IMD42; NR1F3; RZR-GAMMA";protein coding;"Ensembl:ENSG00000143365 MIM:602943; AllianceGenome:HGNC:10260";1q21.3;Peripheral blood;N/A;PCR;MS;RRMS;N/A;23 patients with relapsing-remitting MS (RRMS);up-regulation;Disease risk;Findings indicate that IFN-b-1a suppresses Th22 and Th17 cell responses, which were associated with decreased MRI-detectable demyelination;IFN-b-1a induced reductions in transcription factor AHR, T-bet, and retinoic acid–related orphan nuclear hormone receptor C (RORc) gene expression, while it increased GATA3’s expression in CD41 cells;26601116;2015;Immunologic and MRI markers of the therapeutic effect of IFN-b-1a in relapsing-remitting MS
IFNAR2;Homo sapiens;3455;interferon alpha and beta receptor subunit 2;"IFN-R; IMD45; IFNABR; IFNARB; IFN-R-2; IFN-alpha-REC";protein coding;"Ensembl:ENSG00000159110 MIM:602376; AllianceGenome:HGNC:5433";21q22.11;Peripheral blood;N/A;PCR;MS;N/A;N/A;30 healthy women 18 to 70 years old;up-regulation;Disease risk;Inhibiting Gβγ to produce these shifts in cytokine mRNA production might be beneficial for patients with autoimmune diseases such as rheumatoid arthritis (RA), Crohn’s disease (CD), psoriasis, multiple sclerosis (MS), and Hashimoto’s thyroiditis (HT), in which both IFN-γ and IL-17A are elevated.;Gallein and Gβ1 siRNA decreased interferon-γ (IFN-γ) and IL-17A mRNA levels in TCR-stimulated CD4+ T cells grown under TH1-promoting conditions. Inhibiting Gβγ also decreased mRNA levels of STAT4, which plays a positive role in TH1 differentiation and IL-17A production. Moreover, mRNA levels of the STAT4-regulated TH1-associated proteins, IL-18 receptor β chain (IL-18Rβ), mitogen-activated protein kinase kinase kinase 8 (MAP3K8), lymphocyte activation gene 3 (LAG-3), natural killer cell group 7 sequence (NKG7), and oncostatin M (OSM) were also decreased upon Gβγ inhibition. Gallein also increased IL-4, IL-5, IL-9, and IL-13 mRNA levels in TCR-stimulated memory CD4+ T cells grown in TH2-promoting conditions;27095999;2015;Inhibition of G-Protein βγ Signaling Decreases Levels of Messenger RNAs Encoding Proinflammatory Cytokines in T Cell Receptor-Stimulated CD4+ T Helper Cells
S1pr3;Mus musculus;13610;sphingosine-1-phosphate receptor 3;"Edg3; Lpb3; S1p3";protein coding;Ensembl:ENSMUSG00000067586 AllianceGenome:MGI:1339365;"13; 13 A5";brain;astrocyte;q-PCR;MS;N/A;C57BL/6 wild-type and homozygous S1P3 KO mice;n = 5–6 mice group;up-regulation;Disease risk;S1P3, through its ability to activate RhoA and its upregulation in astrocytes, plays a unique role in inducing inflammatory responses and should be considered as a potentially important therapeutic target for CNS disease progression;S1P induces expression of all of these genes through coupling to the Gα12/13 proteins which activate RhoA;28577576;2017;Sphingosine 1-phosphate receptor 3 and RhoA signaling mediate inflammatory gene expression in astrocytes
P2RY12;Homo sapiens;64805;purinergic receptor P2Y12;"HORK3; P2Y12; ADPG-R; BDPLT8; SP1999; P2T(AC); P2Y(AC); P2Y(12)R; P2Y(ADP); P2Y(cyc)";protein coding;"Ensembl:ENSG00000169313 MIM:600515; AllianceGenome:HGNC:18124";3q25.1;Human Embryonic Stem Cell, Oligodendrocyte Progenitor Cell;N/A;RT-qPCR;MS;N/A;N/A;N/A;up-regulation;Disease risk;Elucidation of the expression pattern of purinergic receptors and the effects of different subtypes of these receptors in hESC-OPCs may have a promising role in future cell-based therapy or drug design for demyelinating disease.;A1 AR activation in hESC-derived OPC (hESC-OPCs) developmental processes such as proliferation and differentiation in vitro;28836401;2017;Purinergic Receptor Expression and Potential Association with Human Embryonic Stem Cell-Derived Oligodendrocyte Progenitor Cell Development
AKT1;Homo sapiens;207;AKT serine/threonine kinase 1;"AKT; PKB; RAC; PRKBA; PKB-ALPHA; RAC-ALPHA";protein coding;"Ensembl:ENSG00000142208 MIM:164730; AllianceGenome:HGNC:391";14q32.33;BV2 microglial cell;N/A;RT-qPCR;chronic neurodegenerative diseases (e.g., Alzheimer′s disease, Parkinson′s disease, multiple sclerosis, amyotrophic lateral sclerosis);N/A;N/A;N/A;up-regulation;Disease risk;The anti-inflammatory effects of LXW7 may be associated with the inhibition of microglial activation via Akt/NF-κB and JNK/MAPK signaling pathways by blocking integrin αvβ3 receptor. The present study′s findings suggest that LXW7 has a substantial therapeutic potential for treating inflammatory and neurodegenerative diseases.;Akt/NF-κB and JNK/MAPK signaling pathways by blocking integrin αvβ3 receptor;31732449;2019;LXW7 attenuates inflammation via suppressing Akt/nuclear factor kappa B and mitogen-activated protein kinases signaling pathways in lipopolysaccharide-stimulated BV2 microglial cells
Gpr173;Mus musculus;70771;G-protein coupled receptor 173;"Sreb3; 3230401K02Rik";protein coding;Ensembl:ENSMUSG00000056679 AllianceGenome:MGI:1918021;"X; X F3";brain;astrocytes;real-time PCR;stroke, Alzheimer’s, Parkinson’s, multiple sclerosis;N/A;C57BL/6 mice;n = 5–6 mice group;up-regulation;Disease risk;Our fndings show that PNX-14 could suppress the production of ROS as well as the decrease in SOD induced by LPS. PNX-14 also inhibited HMGB1-mediated NLRP3 infammasome activation and production of IL-1β and IL-18. Through a GPR173 siRNA knockdown experiment, we further demonstrate that GPR173 knockdown abolished the efects of PNX-14 on LPS-induced NLRP3 expression and IL-18 production.;Phoenixin-14 (PNX-14) is a ligand for the G protein-coupled receptor GPR173, which we demonstrate to be expressed in astrocytes and suppressed by exposure to lipopolysaccharide (LPS). Endoplasmic reticulum (ER) stress resulting from injury or disease leads to the unfolded protein response, which is mediated by the activation of transcription factors including eIF-2α, ATF4, and CHOP, and regulated by GADD34. ER stress also leads to a robust neuroinfammatory response, which is mediated by HMGB1-induced activation of the NLRP3 infammasome and subsequent production of IL-1β and IL-18. In the present study, we demonstrate that PNX-14 could attenuate LPS-induced ER stress response and NLRP3 infammasome activation in mouse cerebral astrocytes;32435966;2020;The protective efects of phoenixin<U+2011>14 against lipopolysaccharide<U+2011>induced infammation and infammasome activation in astrocytes
Ddit3;Mus musculus;13198;DNA-damage inducible transcript 3;"chop; CHOP10; CHOP-10; gadd153; AltDDIT3";protein coding;Ensembl:ENSMUSG00000025408 AllianceGenome:MGI:109247;Ensembl:ENSMUSG00000025408 AllianceGenome:MGI:109247;brain;astrocytes;real-time PCR;stroke, Alzheimer’s, Parkinson’s, multiple sclerosis;N/A;C57BL/6 mice;n = 5–6 mice group;up-regulation;Disease risk;Our fndings show that PNX-14 could suppress the production of ROS as well as the decrease in SOD induced by LPS. PNX-14 also inhibited HMGB1-mediated NLRP3 infammasome activation and production of IL-1β and IL-18. Through a GPR173 siRNA knockdown experiment, we further demonstrate that GPR173 knockdown abolished the efects of PNX-14 on LPS-induced NLRP3 expression and IL-18 production.;Phoenixin-14 (PNX-14) is a ligand for the G protein-coupled receptor GPR173, which we demonstrate to be expressed in astrocytes and suppressed by exposure to lipopolysaccharide (LPS). Endoplasmic reticulum (ER) stress resulting from injury or disease leads to the unfolded protein response, which is mediated by the activation of transcription factors including eIF-2α, ATF4, and CHOP, and regulated by GADD34. ER stress also leads to a robust neuroinfammatory response, which is mediated by HMGB1-induced activation of the NLRP3 infammasome and subsequent production of IL-1β and IL-18. In the present study, we demonstrate that PNX-14 could attenuate LPS-induced ER stress response and NLRP3 infammasome activation in mouse cerebral astrocytes;32435966;2020;The protective efects of phoenixin<U+2011>14 against lipopolysaccharide<U+2011>induced infammation and infammasome activation in astrocytes
Ppp1r15a;Mus musculus;17872;protein phosphatase 1, regulatory subunit 15A;"Gadd34; Myd116; 9630030H21";protein coding;Ensembl:ENSMUSG00000040435 AllianceGenome:MGI:1927072;"7; 7 B3";brain;astrocytes;real-time PCR;stroke, Alzheimer’s, Parkinson’s, multiple sclerosis;N/A;C57BL/6 mice;n = 5–6 mice group;up-regulation;Disease risk;Our fndings show that PNX-14 could suppress the production of ROS as well as the decrease in SOD induced by LPS. PNX-14 also inhibited HMGB1-mediated NLRP3 infammasome activation and production of IL-1β and IL-18. Through a GPR173 siRNA knockdown experiment, we further demonstrate that GPR173 knockdown abolished the efects of PNX-14 on LPS-induced NLRP3 expression and IL-18 production.;Phoenixin-14 (PNX-14) is a ligand for the G protein-coupled receptor GPR173, which we demonstrate to be expressed in astrocytes and suppressed by exposure to lipopolysaccharide (LPS). Endoplasmic reticulum (ER) stress resulting from injury or disease leads to the unfolded protein response, which is mediated by the activation of transcription factors including eIF-2α, ATF4, and CHOP, and regulated by GADD34. ER stress also leads to a robust neuroinfammatory response, which is mediated by HMGB1-induced activation of the NLRP3 infammasome and subsequent production of IL-1β and IL-18. In the present study, we demonstrate that PNX-14 could attenuate LPS-induced ER stress response and NLRP3 infammasome activation in mouse cerebral astrocytes;32435966;2020;The protective efects of phoenixin<U+2011>14 against lipopolysaccharide<U+2011>induced infammation and infammasome activation in astrocytes
AR;Homo sapiens;367;androgen receptor;"KD; AIS; AR8; TFM; DHTR; SBMA; HYSP1; NR3C4; SMAX1; HUMARA";protein coding;"Ensembl:ENSG00000169083 MIM:313700; AllianceGenome:HGNC:644";Xq12;Peripheral blood;N/A;PCR;MS;N/A;N/A;26 female MZ twin pairs with autoimmune disease (rheumatoid arthritis or multiple sclerosis) were studied. In addition/15 newborn female MZ twin pairs who were characterized at birth with respect to the anatomy of chorionic membranes;up-regulation;Disease risk;We found a strong correlation between dichorionic fetal anatomy and differences in X chromosome inactivation patterns between members of an MZ twin pair. In contrast, all monochorionic twin pairs had closely correlated patterns of X chromosome inactivation. X chromosome inactivation patterns did not distinguish between MZ twin pairs who were concordant or discordant for autoimmune disease;monochorionic twins share their fetal blood supply during gestation and thus share a common immune system. In particular, monochorionic twins would have in common the prenatal stochastic events associated with immunoglobulin and T cell receptor gene rearrangement , whereas dichorionic twin pairs would undergo these gene rearrangements independently of one another during fetal life;8790602;1994;X Chromosome Inactivation Patterns Correlate with Fetal-Placental Anatomy in Monozygotic Twin Pairs: Implications for Immune Relatedness and Concordance for Autoimmunity
ced-3;Caenorhabditis elegans (strain: Bristol N2);178272;Cell death protein 3 subunit p17;N/A;protein coding;AllianceGenome:WB:WBGene00000417;chromosome: IV;HeLa cells;N/A;RT-PCR;MS;N/A;N/A;n = 5–6 mice group;up-regulation;Disease risk;the inhibition of ICE/CED-3 proteases may be a novel approachto treat neurodegenerative diseases such as MS;acetyl-YVAD-CHO (a specific inhibitor of ICE-like proteases) as well as acetyl-DEVD-CHO (a specific inhibitor of CPP32-like proteases) enhanced the survival of OLGs treated with TNF-a, indicating that ICE- and the CPP32-mediated cell death pathways are activated in TNF-induced OLG cell death.;9202289;1997;ICE/CED-3 Family Executes Oligodendrocyte Apoptosis by Tumor Necrosis Factor
CCL5;Homo sapiens;6352;C-C motif chemokine ligand 5;"SISd; eoCP; SCYA5; RANTES; TCP228; D17S136E; SIS-delta";protein coding;"Ensembl:ENSG00000271503 MIM:187011; AllianceGenome:HGNC:10632";17q12;brain;N/A;PCR;MS;N/A;N/A;N/A;up-regulation;Disease risk;glatiramer acetate may exert its therapeutic effect in MS partially through inhibiting NF-kB activation and chemokine production;our electrophoretic mobility shift assays of nuclear extracts from TNF-a-treated cells reveal an increase in DNA-binding activity speci<U+00AE>c for the nuclear factor-kappa B (NF-kB) binding site, in the 50 -ˉanking promoter region of the human RANTES gene, and that this increase in NF-kB binding activity is prevented by pretreatment with glatiramer acetate or the NF-kB inhibitors.;11389171;2001;Glatiramer acetate inhibition of tumor necrosis factor-a-induced RANTES expression and release from U-251 MG human astrocytic cells
CCL5;Homo sapiens;6352;C-C motif chemokine ligand 5;"SISd; eoCP; SCYA5; RANTES; TCP228; D17S136E; SIS-delta";protein coding;"Ensembl:ENSG00000271503 MIM:187011; AllianceGenome:HGNC:10632";17q12;brain;astroglioma cell;PCR;MS;N/A;N/A;N/A;up-regulation;Disease risk;U-105MG cells treated with TNF-a and IL-l<U+00DF> alone or in combination markedly induced increases in the rate of transcription of the RANTES chemokine gene;IFN-y alone had little effect on RANTES production in both U-373MG and U-105MG cells, while TNF-a or IL-I<U+00DF> alone had differential effects in the two cell lines. Low levels of RANTES chemokine were detected in culture supernatants from U-373MG cells. By contrast, TNF-a or IL-l<U+00DF> dramatically increased RANTES secretion in U-105MG cells. Interestingly, different combination treatments of cells with the three cytokines synergistically induced RANTES release from both U373MG and U-105MG cells.;11408956;2001;Comparison of RANTES chemokine induction by Thl cytokines in human astroglial cell lines
Nos2;Mus musculus;18126;nitric oxide synthase 2, inducible;"iNOS; Nos-2; Nos2a; i-NOS; NOS-II; MAC-NOS";protein coding;Ensembl:ENSMUSG00000020826 AllianceGenome:MGI:97361;"11 B5; 11 46.74 cM";brain;microglial cells;PCR;MS;N/A;Purified murine;n = 5–6 mice group;up-regulation;Disease risk;In summary, we show that TNL inhibits LPS-induced activation of iNOS by inhibiting the activation of PKCd and ERK-2, thus possibly affecting post-translational modification of iNOS mRNA. Our result may have further implications for the use of TNL as a novel therapeutic agent in neurological disorders associated with activation of microglia and increased NO release, including multiple sclerosis;PKCd and ERK-2;14505805;2003;Involvement of protein kinase Cd and extracellular signal-regulated kinase-2 in the suppression of microglial inducible nitric oxide synthase expression by N-[3,4-dimethoxycinnamoyl]-anthranilic acid (tranilast)
Rag1;Mus musculus;19373;recombination activating 1;Rag-1;protein coding;Ensembl:ENSMUSG00000061311 AllianceGenome:MGI:97848;"2 E2; 2 53.88 cM";Peripheral blood;CD4+、CD8+;PCR;MS;N/A;C57BL/6;n = 5–6 mice group;up-regulation;Disease risk;These findings provide strong evidence that a primary glial damage can cause secondary immune reactions of pathological significance as it has been suggested for some forms of multiple sclerosis and other leukodystrophies.;Overexpression of the major myelin protein of the CNS, proteolipid protein (PLP), leads to late-onset degeneration of myelin and pathological changes in axons;16885234;2006;Immune Cells Contribute to Myelin Degeneration and Axonopathic Changes in Mice Overexpressing Proteolipid Protein in Oligodendrocytes
da;Mus musculus;13130;dark;N/A;unknown;AllianceGenome:MGI:94856;chromosome: 7;Peripheral blood;N/A;PCR;MS;N/A;C57BL6/J females;n = 5–6 mice group;up-regulation;Disease risk;demonstrate that DA RNA or a DA protein(s) is toxic to myelin-synthesizing cells. This Cre/loxP transgenic system allows for spatially and temporally controlled expression of the viral transgene and is valuable for clarifying nonimmune (and immune) mechanisms of demyelination induced by TMEV as well as other viruses;Cre/loxP transgenic system;18400855;2008;A Subgenomic Segment of Theiler’s Murine Encephalomyelitis Virus RNA Causes Demyelination
IL2;Homo sapiens;3558;interleukin 2;"IL-2; TCGF; lymphokine";protein coding;"Ensembl:ENSG00000109471 MIM:147680; AllianceGenome:HGNC:6001";4q27;Peripheral blood;Jurkat E6.1 (ATCC TIB152) T cells;PCR;multiple sclerosis, psoriasis and type 1 diabetes;N/A;N/A;N/A;up-regulation;Disease risk;clofazimine is a promising immunomodulatory drug candidate for treating a variety of autoimmune disorders.;Clofazimine was initially identified as an inhibitor of intracellular T cell receptor-mediated signaling leading to the transcriptional activation of human interleukin-2 gene in T cells from a screen of the Johns Hopkins Drug Library. A systematic mechanistic deconvolution revealed that clofazimine selectively blocked the Kv1.3 channel activity, perturbing the oscillation frequency of the calcium-release activated calcium channel, which in turn led to the inhibition of the calcineurin-NFAT signaling pathway.;19104661;2008;Clofazimine Inhibits Human Kv1.3 Potassium Channel by Perturbing Calcium Oscillation in T Lymphocytes
Csf1;Mus musculus;12977;colony stimulating factor 1 (macrophage);"op; Csfm; MCSF; BAP025; Mhdabap25";protein coding;Ensembl:ENSMUSG00000014599 AllianceGenome:MGI:1339753;"3 F2.3; 3";brain;Microglia;PCR;myelin disorders.;N/A;B6C3Fe-Csf1 op/J mice;n = 5–6 mice group;down-regulation;Disease risk;A similar decrease was seen at 7 months of age. Morphometric studies of spinal cord myelination showed that development of myelin was not affected in op/op mice. In response to a stab wound, the increase in the number of microglia/macrophages in op/op mice was significantly less pronounced than that in wild-type control. These findings demonstrate that this mutant is a valuable model in which to study roles of microglia/macrophages in the pathophysiology of myelin disorders;The osteopetrotic (op/op) mouse has reduced numbers of cells of monocyte lineage as a result of an inactivating mutation in the colony stimulating factor-1 gene;19396881;2016;Selective Reduction in Microglia Density and Function in the White Matter of Colony-stimulating factor-1–Deficient Mice
OLIG2;Homo sapiens;10215;oligodendrocyte transcription factor 2;"BHLHB1; OLIGO2; RACK17; PRKCBP2; bHLHe19";protein coding;"Ensembl:ENSG00000205927 MIM:606386; AllianceGenome:HGNC:9398";21q22.11;brain;oligodendrocyte precursor cells (OPCs);PCR;multiple sclerosis or traumas such as spinal cord injury;N/A;N/A;N/A;up-regulation;Disease risk;OPCs were differentiated as spheres in defined serum-free medium supplemented with recombinant human growth factors. A broad gene expression analysis revealed that this OPC population expressed Olig1/2, Sox10, PDGFR, Nkx2.2, Nkx6.2, oligodendrocyte-myelin glycoprotein, myelin basic protein (MBP), and proteolipid protein (PLP). According to quantitative RTPCR analyses addition of ciliary neurotrophic factor (CNTF) upregulated the Olig2 mRNA levels in the OPC population. According to the flow cytometry analyses the OPC population was N90% NG2-positive, N80% PDGFR-positive, and N60% CD44-positive, and further matured into O4- (45%) and GalC- (80%) positive oligodendrocyte populations when cultured on top of human extracellular matrix proteins, which were used instead of Matrigel. In addition, OPCs matured into myelin-forming cells when cocultured with neuronal cells.;OPC population expressed Olig1/2, Sox10, PDGFR, Nkx2.2, Nkx6.2;20538536;2010;Production and isolation of NG2+ oligodendrocyte precursors from human embryonic stem cells in defined serum-free medium
Rag1;Mus musculus;19373;recombination activating 1;Rag-1;protein coding;Ensembl:ENSMUSG00000061311 AllianceGenome:MGI:97848;"2 E2; 2 53.88 cM";brain;oligodendrocytes;PCR;MS;N/A;C57BL/6j mice;N/A;up-regulation;Disease risk;Our results indicate that if the blood–brain barrier is not disrupted, myelin debris is not removed efficiently, remyelination is impaired, and axonal integrity is compromised, likely as the result of myelin detachment. This model will allow the evaluation of strategies aimed at improving remyelination to foster axon protection;Altered interactions between myelinating glia and the underlying axon, originating in the glial cell, are often at the heart of diseaseassociated axonal degeneration in the peripheral nervous system and CNS. This observation is prevalent in hereditary motor and sensory neuropathies , in Pelizaeus– Merzbacher disease/spastic paraplegia type-2 due to proteolipid protein 1 (PLP1) mutations, and mouse models thereof;21248132;2011;Genetically Induced Adult Oligodendrocyte Cell Death Is Associated with Poor Myelin Clearance, Reduced Remyelination, and Axonal Damage
Il2;Mus musculus;16183;interleukin 2;Il-2;protein coding;Ensembl:ENSMUSG00000027720 AllianceGenome:MGI:96548;"3 B; 3 18.3 cM";brain;hippocamp;PCR;neurodegenerative diseases (e.g., Alzheimer’s disease), neurodevelopmental disorder (e.g., autism, schizophrenia), and autoimmune diseases including multiple sclerosis;N/A;C57BL/6;n = 5–6 mice group;up-regulation;Disease risk;Models such as the congenic IL-2 knockout mice bred on immunode fi cient backgrounds coupled with immune reconstitution strategies can be valuable to test novel hypotheses such as our postulation that changes in the brain’s endogenous neuroimmunological milieu that occur with the loss of brain IL-2 gene expression may be involved in initiating CNS autoimmunity. Thus, further research using this approach may help to delineate further the complexity of IL-2 biology in the brain and immune system;It is noteworthy that IL-2 has been shown to be one of the most potent modulators of acetylcholine (ACh) release from rat hippocampal slices;22933152;2012;Interleukin-2 and the Brain: Dissecting Central Versus Peripheral Contributions Using Unique Mouse Models
TLR4;Homo sapiens;7099;toll like receptor 4;"TOLL; CD284; TLR-4; ARMD10";protein coding;"Ensembl:ENSG00000136869 MIM:603030; AllianceGenome:HGNC:11850";9q33.1;brain;oligodendroglial cells;PCR;MS;N/A;U343 glioblastoma cells;N/A;up-regulation;Disease risk;We demonstrated that the ENV protein is present in close proximity to TLR4-expressing oligodendroglial precursor cells adjacent to multiple sclerosis lesions. Human and rat oligodendroglial precursor cells expressed TLR4, and the ENV-mediated activation of TLR4 led to the induction of proinflammatory cytokines and inducible nitric oxide synthase as well as the formation of nitrotyrosine groups and a subsequent reduction in myelin protein expression.Interpretation: Our findings suggest that ENV-mediated induction of nitrosative stress via activation of TLR4 results in an overall reduction of the oligodendroglial differentiation capacity, thereby contributing to remyelination failure.Therefore, pharmacological or antibody-mediated inhibition of ENV may prevent the blockade of myelin repair in the diseased or injured central nervous system.;Human and rat oligodendroglial precursor cells expressed TLR4, and the ENV-mediated activation of TLR4 led to the induction of proinflammatory cytokines and inducible nitric oxide synthase as well as the formation of nitrotyrosine groups and a subsequent reduction in myelin protein expression;23836485;2013;Human Endogenous Retrovirus Type W Envelope Protein Inhibits Oligodendroglial Precursor Cell Differentiation
Tlr4;Mus musculus;21898;toll-like receptor 4;"Lps; Ly87; Ran/M1; Rasl2-8";protein coding;Ensembl:ENSMUSG00000039005 AllianceGenome:MGI:96824;"4 C1; 4 34.66 cM";brain;oligodendroglial cells;PCR;MS;N/A;Astrocytic and microglial contamination of OPC cultures;N/A;up-regulation;Disease risk;We demonstrated that the ENV protein is present in close proximity to TLR4-expressing oligodendroglial precursor cells adjacent to multiple sclerosis lesions. Human and rat oligodendroglial precursor cells expressed TLR4, and the ENV-mediated activation of TLR4 led to the induction of proinflammatory cytokines and inducible nitric oxide synthase as well as the formation of nitrotyrosine groups and a subsequent reduction in myelin protein expression.Interpretation: Our findings suggest that ENV-mediated induction of nitrosative stress via activation of TLR4 results in an overall reduction of the oligodendroglial differentiation capacity, thereby contributing to remyelination failure.Therefore, pharmacological or antibody-mediated inhibition of ENV may prevent the blockade of myelin repair in the diseased or injured central nervous system.;Human and rat oligodendroglial precursor cells expressed TLR4, and the ENV-mediated activation of TLR4 led to the induction of proinflammatory cytokines and inducible nitric oxide synthase as well as the formation of nitrotyrosine groups and a subsequent reduction in myelin protein expression;23836485;2013;Human Endogenous Retrovirus Type W Envelope Protein Inhibits Oligodendroglial Precursor Cell Differentiation
Nos2;Mus musculus;18126;nitric oxide synthase 2, inducible;"iNOS; Nos-2; Nos2a; i-NOS; NOS-II; MAC-NOS";protein coding;Ensembl:ENSMUSG00000020826 AllianceGenome:MGI:97361;"11 B5; 11 46.74 cM";brain;microglia;RT-PCR;inflammatory effects;cerebral ischemia, multiple sclerosis, and Alzheimer’s disease;immortalized murine BV2 microglial cell;N/A;up-regulation;Disease risk;we showed that kalopanaxsaponin A, a triterpenoid saponin isolated from Kalopanax pictus, inhibited inducible nitric oxide synthase (iNOS), cyclooxygenase-2 (COX-2), and tumor necrosis factor (TNF)-α expression in lipopolysaccharide (LPS)-stimulated microglia, while kalopanaxsaponin A increased anti-infl ammatory cytokine interleukin (IL)-10 expression. Subsequent mechanistic studies revealed that kalopanaxsaponin A inhibited LPS-induced DNA binding activities of NF-κB and AP-1, and the phosphorylation of JNK without affecting other MAP kinases. Furthermore, kalopanaxsaponin A inhibited the intracellular ROS production with upregulation of anti-infl ammatory hemeoxygenase-1 (HO-1) expression. Based on the previous reports that JNK pathway is largely involved in iNOS and proinfl ammatory cytokine gene expression via modulating NF-κB/AP-1 and ROS, our data collectively suggest that inhibition of JNK pathway plays a key role in anti-infl ammatory effects of kalopanaxsaponin A in LPS-stimulated microglia;JNK pathway is largely involved in iNOS and proinfl ammatory cytokine gene expression via modulating NF-κB/AP-1 and ROS;24244819;2013;Kalopanaxsaponin A Exerts Anti-Inflammatory Effects in Lipopolysaccharide-Stimulated Microglia via Inhibition of JNK and NF-κB/AP-1 Pathways
Tnf;Mus musculus;21926;tumor necrosis factor;"DIF; Tnfa; TNF-a; TNFSF2; Tnlg1f; Tnfsf1a; TNFalpha; TNF-alpha";protein coding;Ensembl:ENSMUSG00000024401 AllianceGenome:MGI:104798;"17 B1; 17 18.59 cM";brain;microglia;RT-PCR;inflammatory effects;cerebral ischemia, multiple sclerosis, and Alzheimer’s disease;immortalized murine BV2 microglial cell;N/A;up-regulation;Disease risk;we showed that kalopanaxsaponin A, a triterpenoid saponin isolated from Kalopanax pictus, inhibited inducible nitric oxide synthase (iNOS), cyclooxygenase-2 (COX-2), and tumor necrosis factor (TNF)-α expression in lipopolysaccharide (LPS)-stimulated microglia, while kalopanaxsaponin A increased anti-infl ammatory cytokine interleukin (IL)-10 expression. Subsequent mechanistic studies revealed that kalopanaxsaponin A inhibited LPS-induced DNA binding activities of NF-κB and AP-1, and the phosphorylation of JNK without affecting other MAP kinases. Furthermore, kalopanaxsaponin A inhibited the intracellular ROS production with upregulation of anti-infl ammatory hemeoxygenase-1 (HO-1) expression. Based on the previous reports that JNK pathway is largely involved in iNOS and proinfl ammatory cytokine gene expression via modulating NF-κB/AP-1 and ROS, our data collectively suggest that inhibition of JNK pathway plays a key role in anti-infl ammatory effects of kalopanaxsaponin A in LPS-stimulated microglia;JNK pathway is largely involved in iNOS and proinfl ammatory cytokine gene expression via modulating NF-κB/AP-1 and ROS;24244819;2013;Kalopanaxsaponin A Exerts Anti-Inflammatory Effects in Lipopolysaccharide-Stimulated Microglia via Inhibition of JNK and NF-κB/AP-1 Pathways
Ptgs2;Mus musculus;19225;prostaglandin-endoperoxide synthase 2;"COX2; Cox-2; PES-2; PHS-2; Pghs2; TIS10; PGHS-2; PHS II; gripghs";protein coding;Ensembl:ENSMUSG00000032487 AllianceGenome:MGI:97798;"1 G1; 1 63.84 cM";brain;microglia;RT-PCR;inflammatory effects;cerebral ischemia, multiple sclerosis, and Alzheimer’s disease;immortalized murine BV2 microglial cell;N/A;up-regulation;Disease risk;we showed that kalopanaxsaponin A, a triterpenoid saponin isolated from Kalopanax pictus, inhibited inducible nitric oxide synthase (iNOS), cyclooxygenase-2 (COX-2), and tumor necrosis factor (TNF)-α expression in lipopolysaccharide (LPS)-stimulated microglia, while kalopanaxsaponin A increased anti-infl ammatory cytokine interleukin (IL)-10 expression. Subsequent mechanistic studies revealed that kalopanaxsaponin A inhibited LPS-induced DNA binding activities of NF-κB and AP-1, and the phosphorylation of JNK without affecting other MAP kinases. Furthermore, kalopanaxsaponin A inhibited the intracellular ROS production with upregulation of anti-infl ammatory hemeoxygenase-1 (HO-1) expression. Based on the previous reports that JNK pathway is largely involved in iNOS and proinfl ammatory cytokine gene expression via modulating NF-κB/AP-1 and ROS, our data collectively suggest that inhibition of JNK pathway plays a key role in anti-infl ammatory effects of kalopanaxsaponin A in LPS-stimulated microglia;JNK pathway is largely involved in iNOS and proinfl ammatory cytokine gene expression via modulating NF-κB/AP-1 and ROS;24244819;2013;Kalopanaxsaponin A Exerts Anti-Inflammatory Effects in Lipopolysaccharide-Stimulated Microglia via Inhibition of JNK and NF-κB/AP-1 Pathways
IL-10;Homo sapiens;3586;interleukin 10;"CSIF; TGIF; GVHDS; IL-10; IL10A";protein coding;"Ensembl:ENSG00000136634 MIM:124092; AllianceGenome:HGNC:5962";1q32.1;brain;astrocytoma cell;PCR;MS;N/A;A172 and 1321N1;N/A;up-regulation;Disease risk;We found a significant dose-dependent increase in IL-10 gene expression in A172 and 1321N1 cells treated with IFN-b or LPS/IFN-g/IFN-b. Moreover, a significant decrease was observed in iNOS expression suggesting a similar mechanism of action for both cells. Eventually there were no significant changes concerning the modulation of the MMP-9 and TIMP-1 in response to IFN-b treatment. In part, the immunomodulatory effect of IFN-b may be due to increase of IL-10 and suppression of iNOS expression in astrocytes of brain tissue.;IFN-b could significantly promote IL-10 expression in astrocytoma cell lines stimulated with LPS and IFN-g in a dose-dependent manner and had potential effect on increasing IL-10 expression alone or with LPS/IFN-g.;25689952;2015;Direct immunomodulatory influence of IFN-b on human astrocytoma cells
NOS2;Homo sapiens;4843;nitric oxide synthase 2;"NOS; INOS; NOS2A; HEP-NOS";protein coding;"Ensembl:ENSG00000007171 MIM:163730; AllianceGenome:HGNC:7873";17q11.2;brain;astrocytoma cell;PCR;MS;N/A;A172 and 1321N1;N/A;up-regulation;Disease risk;We found a significant dose-dependent increase in IL-10 gene expression in A172 and 1321N1 cells treated with IFN-b or LPS/IFN-g/IFN-b. Moreover, a significant decrease was observed in iNOS expression suggesting a similar mechanism of action for both cells. Eventually there were no significant changes concerning the modulation of the MMP-9 and TIMP-1 in response to IFN-b treatment. In part, the immunomodulatory effect of IFN-b may be due to increase of IL-10 and suppression of iNOS expression in astrocytes of brain tissue.;These results indicated that 50 ng/ml was the minimal dose of IFN-b in combination with LPS/IFN-g resulted in the lowest expression of iNOS;25689952;2015;Direct immunomodulatory influence of IFN-b on human astrocytoma cells
MMP9;Homo sapiens;4318;matrix metallopeptidase 9;"GELB; CLG4B; MMP-9; MANDP2";protein coding;"Ensembl:ENSG00000100985 MIM:120361; AllianceGenome:HGNC:7176";20q13.12;brain;astrocytoma cell;PCR;MS;N/A;A172 and 1321N1;N/A;up-regulation;Disease risk;We found a significant dose-dependent increase in IL-10 gene expression in A172 and 1321N1 cells treated with IFN-b or LPS/IFN-g/IFN-b. Moreover, a significant decrease was observed in iNOS expression suggesting a similar mechanism of action for both cells. Eventually there were no significant changes concerning the modulation of the MMP-9 and TIMP-1 in response to IFN-b treatment. In part, the immunomodulatory effect of IFN-b may be due to increase of IL-10 and suppression of iNOS expression in astrocytes of brain tissue.;These results showed that recombinant IFN-b used in this study had no significant direct effect on MMP-9 and TIMP-1 expression;25689952;2015;Direct immunomodulatory influence of IFN-b on human astrocytoma cells
TIMP1;Homo sapiens;7076;TIMP metallopeptidase inhibitor 1;"EPA; EPO; HCI; CLGI; TIMP; TIMP-1";protein coding;"Ensembl:ENSG00000102265 MIM:305370; AllianceGenome:HGNC:11820";Xp11.3;brain;astrocytoma cell;PCR;MS;N/A;A172 and 1321N1;N/A;up-regulation;Disease risk;We found a significant dose-dependent increase in IL-10 gene expression in A172 and 1321N1 cells treated with IFN-b or LPS/IFN-g/IFN-b. Moreover, a significant decrease was observed in iNOS expression suggesting a similar mechanism of action for both cells. Eventually there were no significant changes concerning the modulation of the MMP-9 and TIMP-1 in response to IFN-b treatment. In part, the immunomodulatory effect of IFN-b may be due to increase of IL-10 and suppression of iNOS expression in astrocytes of brain tissue.;These results showed that recombinant IFN-b used in this study had no significant direct effect on MMP-9 and TIMP-1 expression;25689952;2015;Direct immunomodulatory influence of IFN-b on human astrocytoma cells
ERVW-1;Homo sapiens;30816;endogenous retrovirus group W member 1, envelope;"ENV; ENVW; HERVW; ERVWE1; HERV7Q; HERV-7q; HERVWENV; HERV-W-ENV";protein coding;"Ensembl:ENSG00000242950 MIM:604659; AllianceGenome:HGNC:13525";7q21.2;Peripheral blood;human T-lymphplastic leukaemia (MOLT-4) cell;PCR;neurodegenerative disease;leukaemia and multiple sclerosis;"ATCC CRL1582; Manassas, VA, USA) and the Fanconi anaemia (FA) acute myeloid leukaemia (FA-AML1) cell";N/A;up-regulation;Disease risk;AgNPs induce syncytin-1 expression in leukaemic cell lines;FA-AML1 cells were more sensitive overall than MOLT-4 to treatment with the smaller 7nm sized AgNp’s being the most toxic in these cells;27576335;2016;Silver nanoparticles exhibit size-dependent differential toxicity and induce expression of syncytin-1 in FA-AML1 and MOLT-4 leukaemia cell lines
Xaf1;Mus musculus;327959;XIAP associated factor 1;Fbox39;protein coding;Ensembl:ENSMUSG00000040483 AllianceGenome:MGI:3772572;"11; 11 B4";brain;oligodendrocytes;PCR;Demyelinating diseases;multiple sclerosis;C57BL/6 mice;n = 5–6 mice group;up-regulation;Disease risk;We showed that Gpr17 inhibition elevated Epac1 expression and promoted oligodendrocyte differentiation. The loss of Gpr17, either globally or specifically in oligodendrocytes, led to an earlier onset of remyelination after myelin injury in mice.Similarly, pharmacological inhibition of Gpr17 with pranlukast promoted remyelination. Our findings indicate that Gpr17, an Olig2 transcriptional target, is activated after injury to oligodendrocytes and that targeted inhibition of Gpr17 promotes oligodendrocyte remyelination.;Olig2 and its downstream target Gpr17 are critical factors in regulating oligodendrocyte survival. After injury to oligodendrocytes, Olig2 was significantly upregulated and transcriptionally targeted the Gpr17 locus. Gpr17 activation inhibited oligodendrocyte survival by reducing the intracellular cAMP level and inducing expression of the pro-apoptotic gene Xaf1. The protein kinase A signaling pathway and the transcription factor c-Fos mediated the regulatory effects of Gpr17 in oligodendrocytes;27733608;2016;Olig2-Targeted G-Protein-Coupled Receptor Gpr17 Regulates Oligodendrocyte Survival in Response to Lysolecithin-Induced Demyelination
CYP4F2;Homo sapiens;8529;cytochrome P450 family 4 subfamily F member 2;CPF2;protein coding;"Ensembl:ENSG00000186115 MIM:604426; AllianceGenome:HGNC:2645";19p13.12;Peripheral blood;N/A;PCR;optic neuritis (ON);N/A;N/A;40patients with ON/164 control;up-regulation;Disease risk;The higher IL-17A levels were found to be associated with ON, while allele A at rs1558139 was associated only with ON with MS in male patients;In the central nervous system, IL-17A is associated with a wide range of neuropathological disorders (MS, epilepsy episodes of ischemic brain disorders). IL-17A, acting on spinal nerve roots and the spinal cord, contributes to neuropathic and inflammatory pain promotion through pain receptors.Also, IL-17A is very important to damaged sympathetic axons which innervate the cornea regeneration and growth.;29736281;2018;Association of Optic Neuritis with CYP4F2 Gene Single Nucleotide Polymorphism and IL-17A Concentration
IL17A;Homo sapiens;3605;interleukin 17A;"IL17; CTLA8; IL-17; ILA17; CTLA-8; IL-17A";protein coding;"Ensembl:ENSG00000112115 MIM:603149; AllianceGenome:HGNC:5981";6p12.2;Peripheral blood;N/A;PCR;optic neuritis (ON);N/A;N/A;40patients with ON/164 control;up-regulation;Disease risk;The higher IL-17A levels were found to be associated with ON, while allele A at rs1558139 was associated only with ON with MS in male patients;In the central nervous system, IL-17A is associated with a wide range of neuropathological disorders (MS, epilepsy episodes of ischemic brain disorders). IL-17A, acting on spinal nerve roots and the spinal cord, contributes to neuropathic and inflammatory pain promotion through pain receptors.Also, IL-17A is very important to damaged sympathetic axons which innervate the cornea regeneration and growth.;29736281;2018;Association of Optic Neuritis with CYP4F2 Gene Single Nucleotide Polymorphism and IL-17A Concentration
TNFSF13B;Homo sapiens;10673;TNF superfamily member 13b;"DTL; BAFF; BLYS; CD257; TALL1; THANK; ZTNF4; TALL-1; TNLG7A; TNFSF20";protein coding;"Ensembl:ENSG00000102524 MIM:603969; AllianceGenome:HGNC:11929";13q33.3;Peripheral blood;white blood cells;TaqMan assay;giant cell arteritis (GCA) and systemic sclerosis (SSc);N/A;European;1,728 biopsy-proven GCA patients from 4 European cohorts, 4,584 SSc patients from 3 European cohorts and 5,160 ethnically-matched healthy controls;up-regulation;Disease risk;Our data suggest that the TNFSF13B functional variant does not contribute to the genetic network underlying GCA and SSc;The TNFSF13B (TNF superfamily member 13b) gene encodes BAFF, a cytokine with a crucial role in the differentiation and activation of B cells;30586461;2018;A TNFSF13B functional variant is not involved in systemic sclerosis and giant cell arteritis susceptibility
NT5E;Homo sapiens;4907;5'-nucleotidase ecto;"NT; eN; NT5; NTE; eNT; CD73; E5NT; CALJA";protein coding;"Ensembl:ENSG00000135318 MIM:129190; AllianceGenome:HGNC:8021";6q14.3;Peripheral blood;CD8+ T cells;RT-PCR;HIVinfected、MS;N/A;N/A;"124 human subjects were recruited for our studies (S1 Table) including: 1) 26 HIV-infected but antiretroviral therapy (ART)-naive individuals; 2) 63 HIV-infected individuals on ART (ART); and 3) 13 Long-term non-progressors (LTNPs)";down-regulation;Disease risk;ATP-mediated downregulation of CD73 mainly occurs via its receptor, P2X1/P2RX1. Our results may in part explain why HIV-infected individuals have reduced risk of developing MS considering the role of CD73 for efficient T cell entry into the central nervous system;elevated levels of ATP in the plasma of HIV-infected individuals upregulates the expression of miRNA30b-e in T cells in vitro. In turn, inhibition of miRNAs (30b, 30c and 30e) resulted in significant upregulation of CD73 mRNA in CD8+ T cells. Therefore, we provide a novel mechanism for the downregulation of CD73 via ATP-induced upregulation of miRNA30b, 30c and 30e in HIV infection;35325005;2022;Elevated ATP via enhanced miRNA-30b, 30c, and 30e downregulates the expression of CD73 in CD8+ T cells of HIV-infected individuals
Ifng;Mus musculus;15978;interferon gamma;"Ifg; If2f; IFN-g";protein coding;Ensembl:ENSMUSG00000055170 AllianceGenome:MGI:107656;"10 D2; 10 66.75 cM";brain;N/A;RT-PCR;MS;N/A;C57BL/6、C3H mice;n = 5–6 mice group;up-regulation;Disease risk;BM transplantation into IFNg-deficient recipients also had a high failure rate. Transplants of BM from mice lacking expression of IFNg-receptor failed, whereas IFNg-deficient grafts survived, suggesting that IFNg response status of the graft can also positively influence survival. IFNg therefore has a dual role in BM transplantation and the outcome will depend on relative levels of cytokine expression;IFNg may play a protective role against GVHD;10900335;2000;Elevated interferon-gamma in CNS inflammatory disease: a potential complication for bone marrow reconstitution in MS
PTPRC;Homo sapiens;5788;protein tyrosine phosphatase receptor type C;"LCA; LY5; B220; CD45; L-CA; T200; CD45R; GP180; IMD105";protein coding;"Ensembl:ENSG00000081237 MIM:151460; AllianceGenome:HGNC:9666";1q31.3-q32.1;CSF;T cells;PCR;MS;N/A;N/A;50 patients in acute relapse of clinically definite multiple sclerosis (MS), 8 patients with primary progressive MS, 26 patients with inflammatory neurological disease (IND), 33 patients with non-inflammatory neurological disease (NIND) and 31 healthy subjects;up-regulation;Disease risk;These results suggest that V61 + and V62 + y6 T cells with altered CD45 expression are reduced in CSF of patients with established MS. This finding may be related to sequestration or apoptosis of y8 T cells within active MS lesions.;Patterns of lymphocyte recirculation in man appear to be closely related to cell surface expression of the CD45RA and CD45RO isoforms of the common leucocyte antigen CD45;7853024;1994;T cell distribution in cerebrospinal fluid and peripheral blood of patients with multiple sclerosis
IL1B;Homo sapiens;3553;interleukin 1 beta;"IL-1; IL1F2; IL1beta; IL1-BETA";protein coding;"Ensembl:ENSG00000125538 MIM:147720; AllianceGenome:HGNC:5992";2q14.1;Peripheral blood;THP-1 cells;Flow cytometric analysis;MS;N/A;N/A;N/A;up-regulation;Disease risk;These results suggest that glatiramer acetate might alter macrophage effector function and suggest that further studies in human monocytes and macrophages are warranted;glatiramer acetate on the human monocytic cell line, THP-1, activated by lipopolysaccharide and interferon-g as a model for macrophages;9548401;1997;Glatiramer acetate blocks the activation of THP-1 cells by interferon-g
Tnf;Mus musculus;21926;tumor necrosis factor;"DIF; Tnfa; TNF-a; TNFSF2; Tnlg1f; Tnfsf1a; TNFalpha; TNF-alpha";protein coding;Ensembl:ENSMUSG00000024401 AllianceGenome:MGI:104798;"17 B1; 17 18.59 cM";Peripheral blood;T cell;Flow cytometry;EAE;N/A;SJL/J (H-2s) mice;n = 5–6 mice group;up-regulation;Disease risk;TNF-deficient mice eventually developed severe EAE with perivascular inflammation and primary demyelination similar to wild-type controls, indicating that TNF is not essential during these processes. Taken together, these results indicate that although TNF is not required for the progression of MBP-induced EAE, it contributes positively by advancing the onset of disease;TNF contributes positively to the development of MBPinduced EAE by accelerating the onset of disease;10092079;1999;TNF accelerates the onset but does not alter the incidence and severity of myelin basic proteininduced experimental autoimmune encephalomyelitis
Mbp;Mus musculus;17196;myelin basic protein;"jve; mld; shi; Hmbpr; golli-mbp";protein coding;Ensembl:ENSMUSG00000041607 AllianceGenome:MGI:96925;"18 E3; 18 55.84 cM";Peripheral blood;T cell;Flow cytometry;EAE;N/A;SJL/J (H-2s) mice;n = 5–6 mice group;up-regulation;Disease risk;TNF-deficient mice eventually developed severe EAE with perivascular inflammation and primary demyelination similar to wild-type controls, indicating that TNF is not essential during these processes. Taken together, these results indicate that although TNF is not required for the progression of MBP-induced EAE, it contributes positively by advancing the onset of disease;TNF contributes positively to the development of MBPinduced EAE by accelerating the onset of disease;10092079;1999;TNF accelerates the onset but does not alter the incidence and severity of myelin basic proteininduced experimental autoimmune encephalomyelitis
Tgfb1;Mus musculus;21803;transforming growth factor, beta 1;"Tgfb; Tgfb-1; TGFbeta1; TGF-beta1";protein coding;Ensembl:ENSMUSG00000002603 AllianceGenome:MGI:98725;"7 A3; 7 13.98 cM";Peripheral blood;N/A;PCR;EAE;N/A;Female SJL/J mice;n = 5–6 mice group;up-regulation;Disease risk;TGF-b1 gene delivery had pronounced downregulatory effects on T cell proliferation and production of interferon c (IFN-c ) and tumor necrosis factor a (TNF-a), on in vitro restimulation with MBP. IL-4-IgG1 vector administration also suppressed these responses, although much less than TGF-b1, and enhanced secretion of endogenous IL-4. Therapy resulted in a significant decrease in the severity of histopathologic inflammatory lesions. In the CNS, treatment with either vector suppressed IL-12 and IFN-c mRNA expression, while IL-4 and TGF-b1 mRNA levels were increased compared with control mice. Thus, cytokine plasmid treatment appeared to inhibit MBP-specific pathogenic Th1 responses, while enhancing endogenous secretion of protective cytokines. We demonstrate that gene therapy with these vectors is an effective therapeutic strategy for EAE;We studied the immunoregulatory properties of TGF-b1 and IL-4 in an animal model of EAE, by direct intramusculas injection of plasmid DNA expression vectors encoding either TGF-b1 (pVR-TGF-b1) or an IL-4–IgG1 chimeric protein (pVR-IL-4-IgG1). Treatment with either vector resulted in cytokine production capable of suppressing CNS inflammation in mice with MBP-induced EAE. Both cytokines had downregulatory effects on T cell proliferation, and production of proinflammatory cytokines, although TGF-b1 was more suppressive. As well, cytokine gene therapy enhanced the production of endogenous regulatory cytokines in lymph node cells and CNS tissue. Somatic cytokine gene therapy proved to be effective in this autoim- mune disease.;10466625;1999;Prevention of Experimental Allergic Encephalomyelitis by Intramuscular Gene Transfer with Cytokine-Encoding Plasmid Vectors
Mbp;Mus musculus;17196;myelin basic protein;"jve; mld; shi; Hmbpr; golli-mbp";protein coding;Ensembl:ENSMUSG00000041607 AllianceGenome:MGI:96925;"18 E3; 18 55.84 cM";Peripheral blood;N/A;PCR;EAE;N/A;Female SJL/J mice;n = 5–6 mice group;up-regulation;Disease risk;TGF-b1 gene delivery had pronounced downregulatory effects on T cell proliferation and production of interferon c (IFN-c ) and tumor necrosis factor a (TNF-a), on in vitro restimulation with MBP. IL-4-IgG1 vector administration also suppressed these responses, although much less than TGF-b1, and enhanced secretion of endogenous IL-4. Therapy resulted in a significant decrease in the severity of histopathologic inflammatory lesions. In the CNS, treatment with either vector suppressed IL-12 and IFN-c mRNA expression, while IL-4 and TGF-b1 mRNA levels were increased compared with control mice. Thus, cytokine plasmid treatment appeared to inhibit MBP-specific pathogenic Th1 responses, while enhancing endogenous secretion of protective cytokines. We demonstrate that gene therapy with these vectors is an effective therapeutic strategy for EAE;We studied the immunoregulatory properties of TGF-b1 and IL-4 in an animal model of EAE, by direct intramusculas injection of plasmid DNA expression vectors encoding either TGF-b1 (pVR-TGF-b1) or an IL-4–IgG1 chimeric protein (pVR-IL-4-IgG1). Treatment with either vector resulted in cytokine production capable of suppressing CNS inflammation in mice with MBP-induced EAE. Both cytokines had downregulatory effects on T cell proliferation, and production of proinflammatory cytokines, although TGF-b1 was more suppressive. As well, cytokine gene therapy enhanced the production of endogenous regulatory cytokines in lymph node cells and CNS tissue. Somatic cytokine gene therapy proved to be effective in this autoim- mune disease.;10466625;1999;Prevention of Experimental Allergic Encephalomyelitis by Intramuscular Gene Transfer with Cytokine-Encoding Plasmid Vectors
Trav6-3;Mus musculus;328483;T cell receptor alpha variable 6-3;"Gm4; TCR; Gm193; Gm13948";protein coding;"Ensembl:ENSMUSG00000094220 IMGT/GENE-DB:TRAV6-3; AllianceGenome:MGI:3649610";"14; 14 C2";splenocytes;CD41 KJ1261 cells;FACS analysis;EAE;N/A;N/A;N/A;up-regulation;Disease risk;we conclude that CD41 T regulatory cells do not express canonical TCRs and that the altered signaling properties brought about by coexpression of two TCRs are not sufficient for the generation of regulatory T cells. Instead, our results indicate that regulatory T cells belong to a population displaying wide TCR diversity, but in which TCR specificity is central to their protective function;as myelin basic protein-specific/OVA-specific recombinase activating gene-12/2 double TCR transgenic mice still developed experimental autoimmune encephalomyelitis spontaneously even after immunization with OVA;10799918;2000;Repertoire Requirements of CD41 T Cells That Prevent Spontaneous Autoimmune Encephalomyelitis
Nos2;Mus musculus;18126;nitric oxide synthase 2, inducible;"iNOS; Nos-2; Nos2a; i-NOS; NOS-II; MAC-NOS";protein coding;Ensembl:ENSMUSG00000020826 AllianceGenome:MGI:97361;"11 B5; 11 46.74 cM";splenocytes;CD41 KJ1261 cells;FACS analysis;EAE;N/A;N/A;N/A;up-regulation;Disease risk;we conclude that CD41 T regulatory cells do not express canonical TCRs and that the altered signaling properties brought about by coexpression of two TCRs are not sufficient for the generation of regulatory T cells. Instead, our results indicate that regulatory T cells belong to a population displaying wide TCR diversity, but in which TCR specificity is central to their protective function;as myelin basic protein-specific/OVA-specific recombinase activating gene-12/2 double TCR transgenic mice still developed experimental autoimmune encephalomyelitis spontaneously even after immunization with OVA;10799918;2000;Repertoire Requirements of CD41 T Cells That Prevent Spontaneous Autoimmune Encephalomyelitis
Cd4;Mus musculus;12504;CD4 antigen;"L3T4; Ly-4";protein coding;Ensembl:ENSMUSG00000023274 AllianceGenome:MGI:88335;"6 F2; 6 59.17 cM";Spinal cords;macrophages;Real-time RT-PCR;MS;N/A;N/A;N/A;up-regulation;Disease risk;Our observations indicated that chemokine expression in the CNS in this chronic viral disorder was intrinsic to the CNS innate immune response to infection and was not governed by elements of the adaptive immune system.;resistant B6 animals were rendered TMEV-susceptible by deletion of either CD4or CD8T cells;11836399;2002;Chemokine Expression in the Central Nervous System of Mice with a Viral Disease Resembling Multiple Sclerosis: Roles of CD4β and CD8β T Cells and Viral Persistence
Cxcl10;Rattus norvegicus;245920;C-X-C motif chemokine ligand 10;"IP-10; Scyb10";protein coding;Ensembl:ENSRNOG00000022256AllianceGenome:RGD:620209;14p22;Peripheral blood;N/A;RT-PCR analysis;EAE;N/A;SJL mice, and C57BL/6 mice;n = 5–6 mice group;up-regulation;Disease risk;This demonstrates not only the pivotal role of a chemokine in T cell polarization and function but also its potential implications for plasmid DNA gene therapy;IFN-r inducible protein 10 (IP-10) is a CXC chemokine that stimulates the directional migration of activated T cells, particularly Th1 cells;12023393;2002;Plasmid DNA Encoding IFN-r Inducible Protein 10 Redirects Antigen-Specific T Cell Polarization and Suppresses Experimental Autoimmune Encephalomyelitis
Mog;Mus musculus;17441;myelin oligodendrocyte glycoprotein;B230317G11Rik;protein coding;Ensembl:ENSMUSG00000076439 AllianceGenome:MGI:97435;"17 B1; 17 19.16 cM";Peripheral blood;N/A;PCR;EAE;N/A;C57BL/6;N/A;up-regulation;Disease risk;This total lack of immune tolerance to MOG in WT C57BL/6 mice may be responsible for the high pathogenicity of the anti-MOG immune response as well as the high susceptibility of most animal strains to MOG-induced EAE;EAE is transferred to MOG+/+ recipients by either resting or primed T cells from MOG–/– and MOG+/+ mice;12925695;2003;Myelin/oligodendrocyte glycoprotein–deficient (MOG-deficient) mice reveal lack of immune tolerance to MOG in wild-type mice
Gapdh;Mus musculus;14433;glyceraldehyde-3-phosphate dehydrogenase;Gapd;protein coding;Ensembl:ENSMUSG00000057666 AllianceGenome:MGI:95640;"6 F2; 6 59.32 cM";spinal cord;N/A;Real-Time RT-PCR;MS;N/A;SJL/J, FVB/NJ, SWR/J, and B10.D1-H2q /SgJ (B10.Q) mice;n = 5–6 mice group;up-regulation;Disease risk;These results highlight the significant extent to which hereditary factors can control disease course and demonstrate that the switch from a pathogenic to a reparative phenotype can occur even after prolonged inflammatory demyelination.;Differences in B or T lymphocyte activation early in disease;15715084;2005;Genetically Dominant Spinal Cord Repair in a Murine Model of Chronic Progressive Multiple Sclerosis
SPP1;Homo sapiens;6696;secreted phosphoprotein 1;"OPN; BNSP; BSPI; ETA-1";protein coding;"Ensembl:ENSG00000118785 MIM:166490; AllianceGenome:HGNC:11255";4q22.1;Peripheral blood;N/A;PCR;MS;N/A;N/A;425 patients (158 male, 267 female);up-regulation;Disease risk;These data suggest that OPN genotypes may influence MS development and progression due to their influence on OPN levels;OPN is a 60-kDa secreted phosphoprotein functioning as a free cytokine in body fluids or as an immobilized extracellular matrix molecule in mineralized tissues;15885319;2005;Osteopontin gene haplotypes correlate with multiple sclerosis development and progression
PTPRC;Homo sapiens;5788;protein tyrosine phosphatase receptor type C;"LCA; LY5; B220; CD45; L-CA; T200; CD45R; GP180; IMD105";protein coding;"Ensembl:ENSG00000081237 MIM:151460; AllianceGenome:HGNC:9666";1q31.3-q32.1;venous blood;T cell;RT-PCR;MS;N/A;N/A;3 patients/5 control;up-regulation;Disease risk;These data suggest that 77C3G may act as a risk factor for certain diseases by increasing the intensity of TCR signaling;Mutant T cell lines contained a more active pool of p56lck tyrosine kinase and responded with increased phosphorylation of Zap70 and TCR- and an enhanced Ca2+ flux to TCR/CD3 stimulation;16393978;2006;The 77C3G Mutation in the Human CD45 (PTPRC) Gene Leads to Increased Intensity of TCR Signaling in T Cell Lines from Healthy Individuals and Patients with Multiple Sclerosis
CD200;Homo sapiens;4345;CD200 molecule;"MRC; MOX1; MOX2; OX-2";protein coding;"Ensembl:ENSG00000091972 MIM:155970; AllianceGenome:HGNC:7203";3q13.2;brain;macrophages (microglia);Real-Time Quantitative Polymerase Chain Reaction;MS;N/A;N/A;19 MS cases containing white matter lesions and white matter tissue of 10 control;down-regulation;Disease risk;These data suggest that diminished immune inhibition via decreased CD200 and CD47 expression contributes to a disturbed equilibrium in macrophage and microglia activation in MS lesions. Furthermore, this may result in a proinflammatory predisposition in the area surrounding chronic active lesions, thereby contributing to axonal injury, demyelination, and possible lesion expansion;The membrane glycoproteins CD200 and CD47, highly expressed on neurons, are mediators of macrophage inhibition via their receptors CD200R and signal-regulatory protein, respectively, on myeloid cells. We determined the expression pattern of immune inhibitory molecules in relation to genes involved in macrophage activation and MS lesion pathology;17879969;2007;Downregulation of Macrophage Inhibitory Molecules in Multiple Sclerosis Lesions
CD47;Homo sapiens;961;CD47 molecule;"IAP; OA3; MER6";protein coding;"Ensembl:ENSG00000196776 MIM:601028; AllianceGenome:HGNC:1682";3q13.12;brain;macrophages (microglia);Real-Time Quantitative Polymerase Chain Reaction;MS;N/A;N/A;19 MS cases containing white matter lesions and white matter tissue of 10 control;down-regulation;Disease risk;These data suggest that diminished immune inhibition via decreased CD200 and CD47 expression contributes to a disturbed equilibrium in macrophage and microglia activation in MS lesions. Furthermore, this may result in a proinflammatory predisposition in the area surrounding chronic active lesions, thereby contributing to axonal injury, demyelination, and possible lesion expansion;The membrane glycoproteins CD200 and CD47, highly expressed on neurons, are mediators of macrophage inhibition via their receptors CD200R and signal-regulatory protein, respectively, on myeloid cells. We determined the expression pattern of immune inhibitory molecules in relation to genes involved in macrophage activation and MS lesion pathology;17879969;2007;Downregulation of Macrophage Inhibitory Molecules in Multiple Sclerosis Lesions
CCR5;Homo sapiens;1234;C-C motif chemokine receptor 5;"CKR5; CCR-5; CD195; CKR-5; CCCKR5; CMKBR5; IDDM22; CC-CKR-5";protein coding;"Ensembl:ENSG00000160791 MIM:601373; AllianceGenome:HGNC:1606";3p21.31;blood and CSF;mononuclear cells (PBMCs) and CSF surface cell molecules;flow cytometry;MS;N/A;N/A;Twenty-one patients with MS;up-regulation;Disease risk;Natalizumab treatment alters the percentage of CCR5+ and CD4+ cells in CSF. In view of the excellent temporary clinical results of the therapy, which are yet to be assessed in the course of a longer time period, our results show a possible explanation for the therapeutic success of this drug as well as for the development of progressive multifocal leukoencephalopathy;CD4+ autoreactive T cells and their differentiation into Th1 phenotype are crucial events in the initial phases;17911462;2007;Natalizumab in the Treatment of Patients with Multiple Sclerosis First Experience
Foxp3;Mus musculus;20371;forkhead box P3;"sf; JM2; scurfin";protein coding;Ensembl:ENSMUSG00000039521 AllianceGenome:MGI:1891436;"X A1.1; X 3.41 cM";lymph nodes;T cells;Real-time PCR;EAE;N/A;C57BL/6 (B6) mice;n = 5–6 mice group;down-regulation;Disease risk;Our work helps elucidate the ambiguity concerning the role of TGFβ in CD4+CD25+ Treg-mediated suppression and indicates that LAP is an authentic marker able to identify a TGFβ-expressing CD4+CD25+ Treg subset;CD4+CD25+LAP+ cells suppress myelin oligodendrocyte glycoprotein-specific immune responses by inducing Foxp3 and by inhibiting IL-17 production.;18490732;2008;Latency-Associated Peptide Identifies a Novel CD4+CD25+Regulatory T Cell Subset with TGFβ-Mediated Function and Enhanced Suppression of Experimental Autoimmune Encephalomyelitis
Mbp;Mus musculus;17196;myelin basic protein;"jve; mld; shi; Hmbpr; golli-mbp";protein coding;Ensembl:ENSMUSG00000041607 AllianceGenome:MGI:96925;"18 E3; 18 55.84 cM";Peripheral blood;N/A;PCR;MS;N/A;N/A;N/A;up-regulation;Disease risk;In sum, our biochemical observations led us to hypothesize that MT6-MMP, which is activated by furin and associated with the lipid rafts, plays an important role in MS pathology and that MT6-MMP is a novel and promising drug target in MS especially when compared with other individual MMPs;we demonstrated that MT6-MMP proteolysis of the MBP isoforms readily generated, with a near quantitative yield, the immunogenic N-terminal 1–15 MBP peptide. This peptide selectively stimulated the proliferation of the PGPR7.5 T cell clone isolated from mice with EAE and specific for the 1–15 MBP fragment presented in the MHC H-2U context;19300513;2009;Matrix Metalloproteinase Proteolysis of the Myelin Basic Protein Isoforms Is a Source of Immunogenic Peptides in Autoimmune Multiple Sclerosis
HLA-DRB1;Homo sapiens;3123;major histocompatibility complex, class II, DR beta 1;"SS1; DRB1; HLA-DRB; HLA-DR1B";protein coding;"Ensembl:ENSG00000196126 MIM:142857; AllianceGenome:HGNC:4948";6p21.32;Peripheral blood;N/A;PCR;MS;N/A;N/A;1816 individuals with clinically definite MS;up-regulation;Disease risk;HLA-DRB1*1501 exerts a modest, but significant effect on the AO of all forms of MS. Parent-of-origin effects at the MHC are further implicated in MS disease pathogenesis;Allelic variation in the MHC class II region exerts the single strongest effect on MS genetic risk;19629136;2009;Parent-of-origin of HLA-DRB1*1501 and age of onset of multiple sclerosis
MBP;Homo sapiens;4155;myelin basic protein;Note: MBP (Gene ID: 4155) and MBL2 (Gene ID: 4153) share the MBP symbol/alias in common. MBP is a widely used alternative name for mannose binding lectin 2 (MBL2), which can be confused with the official symbol for MBP (myelin basic protein, GeneID 4155). [01 Jun 2018];protein coding;"Ensembl:ENSG00000197971MIM:159430;AllianceGenome:HGNC:6925";18q23;Brain and Spinal;N/A;RT-PCR;MS;N/A;N/A;N/A;up-regulation;Disease risk;These data suggest that MMP-25 plays an important role in MS pathology and that MMP-25, especially because of its restricted cell/tissue expression pattern and cell surface/lipid raft localization, is a promising drug target in MS;We have discovered biochemical evidence suggesting the presence of the inflammatory proteolytic pathway leading to MS. The pathway involves the self-activated furin and PC2 proprotein convertases and membrane type-6 MMP (MT6-MMP/MMP25) that is activated by furin/PC2. These events are followed by MMP-25 proteolysis of the Golli-MBP isoforms in the immune system cells and stimulation of the specific autoimmune T cell clones;19726693;2009;Inflammatory Proprotein Convertase-Matrix Metalloproteinase Proteolytic Pathway in Antigen-presenting Cells as a Step to Autoimmune Multiple Sclerosis
SLC11A1;Homo sapiens;6556;solute carrier family 11 member 1;"LSH; NRAMP; NRAMP1";protein coding;"Ensembl:ENSG00000018280 MIM:600266; AllianceGenome:HGNC:10907";2q35;Peripheral blood;N/A;PCR;MS;N/A;N/A;100 patients with MS;up-regulation;Disease risk;Our findings suggest that NRAMP1 polymorphisms do not play a role in MS susceptibility and clinical finding of MS in Turkish patients;Macrophage Protein 1 (NRAMP1) gene polymorphisms have been implicated in the immune mediated diseases susceptibility.;20405176;2010;NRAMP1 (SLC11A1) Variants: Genetic Susceptibility to Multiple Sclerosis
MEFV;Homo sapiens;4210;MEFV innate immunity regulator, pyrin;"FMF; MEF; PAAND; TRIM20";protein coding;"Ensembl:ENSG00000103313 MIM:608107; AllianceGenome:HGNC:6998";16p13.3;Peripheral blood;N/A;PCR;MS;N/A;N/A;Fifty-three MS patients and 66 healthy;up-regulation;Disease risk;The results of this study supported the hypothesis that MS patients with MEFV mutation seem to have the susceptibility to develop a more progressive disease. Moreover, these data suggest that MEFV mutations may increase the risk of MS development.;Pyrin is predominantly expressed in polymorphonuclear leukocytes (PMNs) and cytokine-activated monocytes，Pyrin consists of four functional domains, a B-box zinc-finger domain, a coiled coil domain, a C-terminal B30.2 domain, and a 92-amino-acid N-terminal pyrin domain that is shared by a number of other proteins involved in apoptosis and inflammation;20483145;2010;Evaluation of common mutations in the Mediterranean fever gene in Multiple Sclerosis patients: Is it a susceptibility gene?
Bcr;Mus musculus;110279;BCR activator of RhoGEF and GTPase;"mKIAA3017; 5133400C09Rik";protein coding;Ensembl:ENSMUSG00000009681 AllianceGenome:MGI:88141;"10 C1; 10 38.49 cM";Peripheral blood;N/A;PCR;EAE;N/A;C57BL/6 (B6);n = 5–6 mice group;up-regulation;Disease risk;these data suggest that antigen-specific tolerance induction can be achieved in the presence of a limited number of antigen-specific B cells, but higher numbers of pathogenic B cells;polyclonal wt C57Bl/6 B cells with different numbers of anti-MOG BCR transgenic B cells;20579844;2010;B cell delivered gene therapy for tolerance induction: role of autoantigen-specific B cells
CD1E;Homo sapiens;913;CD1e molecule;"R2; CD1A";protein coding;"Ensembl:ENSG00000158488 MIM:188411; AllianceGenome:HGNC:1638";1q23.1;Peripheral blood;N/A;PCR;MS;RR-MS、SP-MS;N/A;270patients /342 control;up-regulation;Disease risk;CD1E and CD1A genes may be involved in networks which determine susceptibility to RR-MS and PP-MS, respectively;functional polymorphisms in two CD1 genes (+622 T/C and +737 G/C in CD1A along with +6129 A/G in CD1E) might be associated with susceptibility to MS;20954848;2010;Association of CD1A +622 T/C, +737 G/C and CD1E +6129 A/G Genes Polymorphisms with Multiple Sclerosis
CD1A;Homo sapiens;909;CD1a molecule;"R4; T6; CD1; FCB6; HTA1";protein coding;"Ensembl:ENSG00000158477 MIM:188370; AllianceGenome:HGNC:1634";1q23.1;Peripheral blood;N/A;PCR;MS;RR-MS、SP-MS;N/A;270patients /342 control;up-regulation;Disease risk;CD1E and CD1A genes may be involved in networks which determine susceptibility to RR-MS and PP-MS, respectively;functional polymorphisms in two CD1 genes (+622 T/C and +737 G/C in CD1A along with +6129 A/G in CD1E) might be associated with susceptibility to MS;20954848;2010;Association of CD1A +622 T/C, +737 G/C and CD1E +6129 A/G Genes Polymorphisms with Multiple Sclerosis
FOXP3;Homo sapiens;50943;forkhead box P3;"JM2; AIID; IPEX; PIDX; XPID; DIETER";protein coding;"Ensembl:ENSG00000049768 MIM:300292; AllianceGenome:HGNC:6106";Xp11.23;bone marrow aspirates;Mononucleated cells;PCR;MS;N/A;N/A;N/A;up-regulation;Disease risk;the reduced expression of mesodermal markers and reduced capacity for adipogenic or osteogenic differentiation in MSC-NPs compared with MSCs suggested that MSC-NPs have reduced potential of unwanted mesodermal differentiation upon CNS transplantation. The immunoregulatory function of MSC-NPs was similar to that of MSCs in their ability to suppress T-cell proliferation and to promote expansion of FoxP3-positive T regulatory cells in vitro. In addition, MSC-NPs promoted oligodendroglial differentiation from brain-derived neural stem cells that correlated with the secretion of bioactive factors. Our results provide a set of identity characteristics for autologous MSC-NPs and suggest that the in vitro immunoregulatory and trophic properties of these cells may have therapeutic value in the treatment of MS;The immunoregulatory function of MSC-NPs was similar to that of MSCs in their ability to suppress T-cell proliferation and to promote expansion of FoxP3-positive T regulatory cells in vitro;23197858;2012;Characterization of Autologous Mesenchymal Stem Cell-Derived Neural Progenitors as a Feasible Source of Stem Cells for Central Nervous System Applications in Multiple Sclerosis
Gnmt;Mus musculus;14711;glycine N-methyltransferase;N/A;protein coding;Ensembl:ENSMUSG00000002769AllianceGenome:MGI:1202304;"17 22.9 cM; 17 C";spinal cords;N/A;PCR;EAE;N/A;C57BL/6 mice;n = 5–6 mice group;up-regulation;Disease risk;In summary, our findings suggest that GNMT is involved in the pathogenesis of EAE and plays a crucial role in the regulation of CD4+ T-cell functions;When the T-cell receptor was stimulated, the proliferative capacity and the activation status of mTOR-associated downstream signaling were decreased significantly in Gnmt–/– CD4+ T cells via an IL-2- and CD25-independent manner;25535034;2014;Role of Glycine N-Methyltransferase in the Regulation of T-Cell Responses in Experimental Autoimmune Encephalomyelitis
RGCC;Homo sapiens;28984;regulator of cell cycle;"RGC32; RGC-32; C13orf15; bA157L14.2";protein coding;"Ensembl:ENSG00000102760 MIM:610077; AllianceGenome:HGNC:20369";13q14.11;Peripheral blood;N/A;Real-time quantitative PCR;MS;RRMS;N/A;15 patients with RRMS;up-regulation;Disease risk;Target gene mRNA expression was measured in patients’ isolated PBMCs by real-time qRT-PCR. Compared to stable MS patients, those with acute relapses exhibited decreased expression of RGC-32 (p<0.0001) and FasL (p<0.0001), increased expression of IL-21 (p=0.04), but no change in CDC2 or AKT. Compared to non-responders, responders to GA treatment showed increased expression of RGC-32 (p<0.0001) and FasL (p<0.0001), and decreased expression of IL-21 (p=0.02). Receiver operating characteristic (ROC) analysis was used to assess the predictive accuracy of each putative biomarker. The probability of accurately detecting relapse was 90% for RGC-32, 88% for FasL, and 75% for IL-21. The probability of accurately detecting response to GA was 85% for RGC-32, 90% for FasL, and 85% for IL-21. Our data suggest that RGC-32, FasL, and IL-21 could serve as potential biomarkers for the detection of MS relapse and response to GA therapy.;We have identified RGC-32, a novel gene product induced by complement activation, and have demonstrated its activity primarily as a cell cycle regulator;26407760;2019;RGC-32 as a potential biomarker of relapse and response to treatment with glatiramer acetate in multiple sclerosis
Fasl;Homo sapiens;14103;Fas ligand (TNF superfamily, member 6);"gld; CD178; CD95L; Fas-L; Faslg; CD95-L; Tnfsf6; Tnlg1a; APT1LG1";protein coding;Ensembl:ENSMUSG00000000817 AllianceGenome:MGI:99255;"1 H2.1; 1 69.95 cM";Peripheral blood;N/A;Real-time quantitative PCR;MS;RRMS;N/A;15 patients with RRMS;up-regulation;Disease risk;Target gene mRNA expression was measured in patients’ isolated PBMCs by real-time qRT-PCR. Compared to stable MS patients, those with acute relapses exhibited decreased expression of RGC-32 (p<0.0001) and FasL (p<0.0001), increased expression of IL-21 (p=0.04), but no change in CDC2 or AKT. Compared to non-responders, responders to GA treatment showed increased expression of RGC-32 (p<0.0001) and FasL (p<0.0001), and decreased expression of IL-21 (p=0.02). Receiver operating characteristic (ROC) analysis was used to assess the predictive accuracy of each putative biomarker. The probability of accurately detecting relapse was 90% for RGC-32, 88% for FasL, and 75% for IL-21. The probability of accurately detecting response to GA was 85% for RGC-32, 90% for FasL, and 85% for IL-21. Our data suggest that RGC-32, FasL, and IL-21 could serve as potential biomarkers for the detection of MS relapse and response to GA therapy.;In addition RGC-32 binds to and modulates the activity of AKT , and regulates the expression of FasL and interleukin-21 (IL-21);26407760;2019;RGC-32 as a potential biomarker of relapse and response to treatment with glatiramer acetate in multiple sclerosis
IL21;Homo sapiens;59067;interleukin 21;"Za11; IL-21; CVID11";protein coding;"Ensembl:ENSG00000138684 MIM:605384; AllianceGenome:HGNC:6005";4q27;Peripheral blood;N/A;Real-time quantitative PCR;MS;RRMS;N/A;15 patients with RRMS;up-regulation;Disease risk;Target gene mRNA expression was measured in patients’ isolated PBMCs by real-time qRT-PCR. Compared to stable MS patients, those with acute relapses exhibited decreased expression of RGC-32 (p<0.0001) and FasL (p<0.0001), increased expression of IL-21 (p=0.04), but no change in CDC2 or AKT. Compared to non-responders, responders to GA treatment showed increased expression of RGC-32 (p<0.0001) and FasL (p<0.0001), and decreased expression of IL-21 (p=0.02). Receiver operating characteristic (ROC) analysis was used to assess the predictive accuracy of each putative biomarker. The probability of accurately detecting relapse was 90% for RGC-32, 88% for FasL, and 75% for IL-21. The probability of accurately detecting response to GA was 85% for RGC-32, 90% for FasL, and 85% for IL-21. Our data suggest that RGC-32, FasL, and IL-21 could serve as potential biomarkers for the detection of MS relapse and response to GA therapy.;In addition RGC-32 binds to and modulates the activity of AKT , and regulates the expression of FasL and interleukin-21 (IL-21);26407760;2019;RGC-32 as a potential biomarker of relapse and response to treatment with glatiramer acetate in multiple sclerosis
BACH2;Homo sapiens;60468;BTB domain and CNC homolog 2;"IMD60; BTBD25";protein coding;"Ensembl:ENSG00000112182 MIM:605394; AllianceGenome:HGNC:14078";6q15;Peripheral blood;N/A;PCR;MS;RRMS;N/A;59 RRMSpatients;up-regulation;Disease risk;Our findings support the plausibility of the existence of common deregulated mechanisms shared by MS and HT, such as BACH2/PDCD5-FOXP3 pathways and Tregs;BACH2/PDCD5-FOXP3 pathways;29527211;2018;The Footprints of Poly-autoimmunity: evidence for common Biological Factors involved in Multiple sclerosis and hashimoto’s Thyroiditis
PDCD5;Homo sapiens;9141;programmed cell death 5;TFAR19;protein coding;"Ensembl:ENSG00000105185 MIM:604583; AllianceGenome:HGNC:8764";19q13.11;Peripheral blood;N/A;PCR;MS;RRMS;N/A;59 RRMSpatients;up-regulation;Disease risk;Our findings support the plausibility of the existence of common deregulated mechanisms shared by MS and HT, such as BACH2/PDCD5-FOXP3 pathways and Tregs;BACH2/PDCD5-FOXP3 pathways;29527211;2018;The Footprints of Poly-autoimmunity: evidence for common Biological Factors involved in Multiple sclerosis and hashimoto’s Thyroiditis
FOXP3;Homo sapiens;50943;forkhead box P3;"JM2; AIID; IPEX; PIDX; XPID; DIETER";protein coding;"Ensembl:ENSG00000049768 MIM:300292; AllianceGenome:HGNC:6106";Xp11.23;Peripheral blood;N/A;PCR;MS;RRMS;N/A;59 RRMSpatients;up-regulation;Disease risk;Our findings support the plausibility of the existence of common deregulated mechanisms shared by MS and HT, such as BACH2/PDCD5-FOXP3 pathways and Tregs;BACH2/PDCD5-FOXP3 pathways;29527211;2018;The Footprints of Poly-autoimmunity: evidence for common Biological Factors involved in Multiple sclerosis and hashimoto’s Thyroiditis
IFIH1;Homo sapiens;64135;interferon induced with helicase C domain 1;"AGS7; Hlcd; MDA5; IMD95; MDA-5; RLR-2; IDDM19; SGMRT1";protein coding;"Ensembl:ENSG00000115267 MIM:606951; AllianceGenome:HGNC:18873";2q24.2;Peripheral blood;N/A;Real-time PCR;MS;N/A;N/A;30 new cases of MS (22 females and 8 males) and 35 healthy controls (25 females and 10 males);up-regulation;Disease risk;Thus, it seems that IFN-β 1a not only decreased pathogenic inflammatory responses but also modulated the expression of RIG-1 to protect the patients from infectious diseases and upregulation of IFN-I in a positive feedback;"Melanoma differentiation-associated protein 5 (MDA5) and retinoic acid-inducible gene 1 (RIG-1) are two critical pathogen recognition receptors (PRRs), which detect intracytoplasmic intracellular dsRNA [10–13]. MDA5 and RIG-1 use the same pathway; they both use interferon promoter stimulator 1 (IPS1) to activate two important transcription factors including interferon regulatory transcription factor 3 (IRF3) and nuclear factor-kappa B (NF-κB)";32311159;2020;The effect of IFN-β 1a on expression of MDA5 and RIG-1 in multiple sclerosis patients
RIGI;Homo sapiens;23586;RNA sensor RIG-I;"RIG1; DDX58; RIG-I; RLR-1; SGMRT2";protein coding;"Ensembl:ENSG00000107201 MIM:609631; AllianceGenome:HGNC:19102";9p21.1;Peripheral blood;N/A;Real-time PCR;MS;N/A;N/A;30 new cases of MS (22 females and 8 males) and 35 healthy controls (25 females and 10 males);up-regulation;Disease risk;Thus, it seems that IFN-β 1a not only decreased pathogenic inflammatory responses but also modulated the expression of RIG-1 to protect the patients from infectious diseases and upregulation of IFN-I in a positive feedback;"Melanoma differentiation-associated protein 5 (MDA5) and retinoic acid-inducible gene 1 (RIG-1) are two critical pathogen recognition receptors (PRRs), which detect intracytoplasmic intracellular dsRNA [10–13]. MDA5 and RIG-1 use the same pathway; they both use interferon promoter stimulator 1 (IPS1) to activate two important transcription factors including interferon regulatory transcription factor 3 (IRF3) and nuclear factor-kappa B (NF-κB)";32311159;2020;The effect of IFN-β 1a on expression of MDA5 and RIG-1 in multiple sclerosis patients
Mcu;Mus musculus;215999;mitochondrial calcium uniporter;"Gm64; C10orf42; Ccdc109a; 2010012O16Rik; D130073L02Rik";protein coding;Ensembl:ENSMUSG00000009647 AllianceGenome:MGI:3026965;"10; 10 B4";spinal cord;N/A;qRTPCR;EAE;N/A;C57BL/6;n = 5–6 mice group;up-regulation;Disease risk;These findings suggest that MCU inhibition contributes to axonal damage that drives MS progression;cytoskeletal damage, fragmented mitochondria and large autophagosomes were seen in EAE/Thy1-MCU Def axons;32745471;2020;Neuronal mitochondrial calcium uniporter deficiency exacerbates axonal injury and suppresses remyelination in mice subjected to experimental autoimmune encephalomyelitis
ETS1;Homo sapiens;2113;ETS proto-oncogene 1, transcription factor;"p54; ETS-1; EWSR2; c-ets-1";protein coding;"Ensembl:ENSG00000134954 MIM:164720; AllianceGenome:HGNC:3488";11q24.3;Peripheral blood、CFS;T Cell;qRTPCR;MS;N/A;N/A;33 healthy controlled samples, 36 MS patients during remitting stage and 42 during relapsing stage;up-regulation;Disease risk;The study demonstrated the positive role of miR-1-3p in Th17 differentiation associated with MS via targeting ETS1.;MiR-1-3p overexpression in na<U+00EF>ve CD4+ T cells promoted the differentiation of Th17 cells by upregulating the level of inflammation-associated markers;32633381;2020;MiR-1-3p facilitates Th17 differentiation associating with multiple sclerosis via targeting ETS1
HAR1A;Homo sapiens;768096;highly accelerated region 1A;"HAR1F; LINC00064; NCRNA00064";protein coding;"MIM:610556; AllianceGenome:HGNC:33117";20q13.33;Peripheral blood;N/A;real-time PCR;MS;RRMS、PPMS;N/A;100 MS patients, including 82 relapsing-remitting (RR), 8 primary progressive (PP), and 10 secondary progressive (SP) MS cases, and 100 healthy controls;up-regulation;Disease risk;"The low serum level of HAR1A may be a potential molecular biomarker for MS diagnosis; however, no discernible diference was detected in the expression level of HAR1B in the blood samples of MS patients";HAR1A (highly accelerated region 1A) and HAR1B (highly accelerated region 1B) are lncRNA entities found on the 118-bp HAR1 region lie in human chromosome 20q13.33;36583781;2022;The expression profle of HAR1A and HAR1B in the peripheral blood cells of multiple sclerosis patients
HAR1B;Homo sapiens;768097;highly accelerated region 1B;"HAR1R; LINC00065; NCRNA00065";protein coding;"Ensembl:ENSG00000231133 MIM:610557; AllianceGenome:HGNC:33118";20q13.33;Peripheral blood;N/A;real-time PCR;MS;RRMS、PPMS;N/A;100 MS patients, including 82 relapsing-remitting (RR), 8 primary progressive (PP), and 10 secondary progressive (SP) MS cases, and 100 healthy controls;up-regulation;Disease risk;"The low serum level of HAR1A may be a potential molecular biomarker for MS diagnosis; however, no discernible diference was detected in the expression level of HAR1B in the blood samples of MS patients";HAR1A (highly accelerated region 1A) and HAR1B (highly accelerated region 1B) are lncRNA entities found on the 118-bp HAR1 region lie in human chromosome 20q13.33;36583781;2022;The expression profle of HAR1A and HAR1B in the peripheral blood cells of multiple sclerosis patients
Ifnb1;Mus musculus;15977;interferon beta 1, fibroblast;"Ifb; IFNB; If1da1; IFN-beta";protein coding;Ensembl:ENSMUSG00000048806 AllianceGenome:MGI:107657;"4 C4; 4 41.91 cM";spleens;N/A;PCR;EAE;N/A;Swiss Webster mice;40 cases/6 controls;up-regulation;Treatment risk;Our results indicate the viability of a convenient and effective gene-based alternative for long-term IFN-B protein therapy in MS.;sustained elevation in 2V, 5V-OAS mRNA;16782409;2006;Gene-Based Intramuscular Interferon-B Therapy for Experimental Autoimmune Encephalomyelitis
Nos2;Mus musculus;18126;nitric oxide synthase 2, inducible;"iNOS; Nos-2; Nos2a; i-NOS; NOS-II; MAC-NOS";protein coding;Ensembl:ENSMUSG00000020826AllianceGenome:MGI:97361;"11 B5; 11 46.74 cM";medulla spinalis;N/A;luxol fast blue and H&E staining;EAE;relapsing–remitting MS;Adult female Lewis rats;18cases;up-regulation;Disease risk;Increase in inflammation, the extent of myelin lesions and oxidative stress were also observed in EAE animals treated with PT.;Injection of myelin antigens stimulates the animal's immune system for proliferating and expansion of immune cells activated against the antigens. These reactive cells pass the blood–brain barrier and face the CNS parenchyma where they make inflammatory products and cytokines and destroy the myelin. They also activate microglia presented in CNS and produce factors which recruit more inflammatory components and perpetuate inflammatory cascade. B cells and their antibodies enter CNS as well and plasma cells produce some antibodies in CNS. Antibody-mediated destruction takes part in inflammatory demyelination and axonal damage;26616879;2015;Pertussis toxin promotes relapsing–remitting experimental autoimmune encephalomyelitis in Lewis rats
IL1B;Homo sapiens;3553;interleukin 1 beta;"IL-1; IL1F2; IL1beta; IL1-BETA";protein coding;"Ensembl:ENSG00000125538 MIM:147720; AllianceGenome:HGNC:5992";2q14.1;brain、peripheral blood;N/A;PCR;MS、EAE;PPMS;C57BL6/J mice;58cases/12controls;up-regulation;Disease risk;Altogether, these results point to a role of IL1B and the NLRP3 inflammasome as prognostic biomarker and potential therapeutic target, respectively, in patients with primary progressive multiple sclerosis.;NF-jB pathway;32282893;2020;NLRP3 inflammasome as prognostic factor and therapeutic target in primary progressive multiple sclerosis patients
HHEX;Homo sapiens;3087;hematopoietically expressed homeobox;"HEX; PRH; HMPH; PRHX; HOX11L-PEN";protein coding;"Ensembl:ENSG00000152804 MIM:604420; AllianceGenome:HGNC:4901";10q23.33;peripheral blood;N/A;PCR;MS;N/A;N/A;154cases/117controls;down-regulation;Disease risk;The present study evidenced statistically significant lower HHEX mRNA levels in lymphocytes of MS patients compared to those of controls, showing a similar trend in MS patients to the already described eQTL effect in blood from healthy individuals. Even though no differences were found in protein expression according to HHEX genotypes, statistically significant divergent subcellular distributions of HHEX appeared in patients and controls. The epistatic interaction detected between BCL6 and HHEX MS-risk variants in healthy individuals was absent in patients, indicative of a perturbed reciprocal regulation in the latter. Lymphocytes from MS carriers of the homozygous mutant genotype exhibited a distinctive, more energetic profile, both in resting and activated conditions, and significantly increased glycolytic rates in resting conditions when compared to controls sharing the HHEX genotype. In contrast, significantly higher mitochondrial mass was evidenced in homozygous mutant controls.;eIF4E-mediated mRNA transport;35887298;2022;Unraveling the Influence of HHEX Risk Polymorphism rs7923837 on Multiple Sclerosis Pathogenesis
HDAC1;Homo sapiens;3065;histone deacetylase 1;"HD1; RPD3; KDAC1; GON-10; RPD3L1";protein coding;"Ensembl:ENSG00000116478 MIM:601241; AllianceGenome:HGNC:4852";1p35.2-p35.1;Pooled cell suspensions of lymph nodes and spleens;CD4t T cells;PCR;EAE;N/A;Cd4-Cre mice;n = 5–6 mice group;down-regulation;Treatment risk;EAE susceptibility was restored in WT:HDAC1-cKO mixed BM chimeric mice, indicating a cell-autonomous defect. Our data demonstrate a novel pathophysiological role for HDAC1 in EAE and provide evidence that selective inhibition of HDAC1 might be a promising strategy for the treatment of MS;HDAC1-cKO CD4t T cells;28964722;2017;A T cell-specific deletion of HDAC1 protects against experimental autoimmune encephalomyelitis
LRPPRC;Homo sapiens;10128;leucine rich pentatricopeptide repeat containing;"LSFC; GP130; LRP130; MC4DN5; CLONE-23970";protein coding;"Ensembl:ENSG00000138095 MIM:607544; AllianceGenome:HGNC:15714";2p21;brain;N/A;PCR;EAE;N/A;C57BL6/J mice;29cases/30controls;down-regulation;Disease risk;Our findings demonstrate that POL1 pathway inhibition delayed and suppressed the development of EAE and ameliorated the disease in mice with persistent clinical signs.;POL1 pathway;23998422;2013;Polymerase I pathway inhibitor ameliorates experimental autoimmune encephalomyelitis
POLR1D;Homo sapiens;51082;RNA polymerase I and III subunit D;"AC19; RPA9; TCS2; RPA16; RPAC2; RPC16; POLR1C; RPO1-3";protein coding;"Ensembl:ENSG00000186184 MIM:613715; AllianceGenome:HGNC:20422";13q12.2;brain;N/A;PCR;EAE;N/A;C57BL6/J mice;29cases/30controls;down-regulation;Disease risk;Our findings demonstrate that POL1 pathway inhibition delayed and suppressed the development of EAE and ameliorated the disease in mice with persistent clinical signs.;POL1 pathway;23998422;2013;Polymerase I pathway inhibitor ameliorates experimental autoimmune encephalomyelitis
RHOA;Homo sapiens;387;ras homolog family member A;"ARHA; ARH12; RHO12; EDFAOB; RHOH12";protein coding;"Ensembl:ENSG00000067560 MIM:165390; AllianceGenome:HGNC:667";3p21.31;thymus and spleen;N/A;PCR;EAE;N/A;N/A;RhoAfl/flLckCre<U+2212>n = 39, RhoAfl/+LckCre+ n = 14, RhoAfl/flLckCre+ n = 12;up-regulation;Treatment risk;RhoA is a central regulator of several archetypical T -cell responses, and furthermore points toward RhoA as a new potential therapeutic target in diseases such as MS, where T -cell activity plays a central role.;RhoA is central for T cell;29904389;2018;RhoA Drives T-Cell Activation and Encephalitogenic Potential in an Animal Model of Multiple Sclerosis
MYD88;Homo sapiens;4615;MYD88 innate immune signal transduction adaptor;"WM1; IMD68; MYD88D";protein coding;"Ensembl:ENSG00000172936 MIM:602170; AllianceGenome:HGNC:7562";3p22.2;brain;N/A;PCR;EAE;N/A;C57BL/6;n = 5–6 mice group;up-regulation;Disease risk;The role of individual TLR, in particular TLR3, TLR4, and TLR9, signaling in modulation of EAE inflammation varies with the experimental model employed and the immune cells that drive pathology. The TLR-dependent production of proinflammatory cytokines is regulated by mechanisms that dampen the pathway and prevent excess damage. Development of TLR antagonists to treat autoimmune diseases must acknowledge the possibility of interference with regulatory mechanisms;TLR3;19758186;2009;T oll-like Receptors in Multiple Sclerosis Mouse Experimental Models
Mbp;Mus musculus;17196;myelin basic protein;"jve; mld; shi; Hmbpr; golli-mbp";protein coding;Ensembl:ENSMUSG00000041607 AllianceGenome:MGI:96925;"18 E3; 18 55.84 cM";peripheral blood;N/A;PCR;MS;N/A;N/A;74cases/85controls;up-regulation;Disease risk;These findings suggest a role for the Golli-MBP locus in MS <U+017D> .susceptibility, at least in a subset of patients, and serve as a basis for highly focused attempts to identify predisposing mutation;STR;9521617;1998;Golli-MBP gene in multiple sclerosis susceptibility
TAC1;Homo sapiens;6863;tachykinin precursor 1;"NK2; NPK; NKNA; TAC2; Hs.2563";protein coding;"Ensembl:ENSG00000006128 MIM:162320; AllianceGenome:HGNC:11517";7q21.3;polygenic model;N/A;PCR;MS;PP,PP;N/A;305RR，102PP;up-regulation;Disease risk;Two-marker haplotypes composed of allelic combinations of TAC1 promoter–intron 1 SNPs were highly significantly associated with MS and more so with the relapsing-remitting form of this disease. While independent reproduction of these data in other data sets is indicated, our work is suggestive for a role of the TAC1 gene in MS;AC1 promoter–intron 1 SNPs;15729363;2005;Haplotype analysis of the preprotachykinin-1 (TAC1) gene in multiple sclerosis
EBI3;Homo sapiens;10148;Epstein-Barr virus induced 3;"IL27B; IL35B; IL-27B";protein coding;"Ensembl:ENSG00000105246 MIM:605816; AllianceGenome:HGNC:3129";19p13.3;peripheral blood;N/A;PCR;EAE;N/A;C57BL/6;n = 5–6 mice group;up-regulation;Disease risk;We found that mice with established EAE had significant expansion of CD11b+Gr-1+ cells, and AAV-IL-27 treatment further expanded these cells and induced their expression of Th17-promoting cytokines such as IL-6. Adoptive transfer of AAV-IL-27-expanded CD11b+Gr-1+ cells enhanced EAE development. Thus, expansion of CD11b+Gr-1+ cells provides an explanation for the resistance to IL-27 therapy in mice with established disease;IL-27 (AAV-IL-27);29740452;2018;interleukin-27 gene Therapy Prevents the Development of autoimmune encephalomyelitis but Fails to attenuate established inflammation due to the expansion of cD11b+gr-1+ Myeloid cells
PRKCA;Homo sapiens;5578;protein kinase C alpha;"AAG6; PKCA; PRKACA; PKCI+/-; PKCalpha; PKC-alpha";protein coding;"Ensembl:ENSG00000154229 MIM:176960; AllianceGenome:HGNC:9393";17q24.2;brain;N/A;PCR;MS;N/A;N/A;211 Finnish and 554 Canadian MS families;up-regulation;Disease risk;The transcript levels of PRKCA showed correlation with the copy number of the Finnish and Canadian ‘‘risk’’ haplotypes in CD4-negative mononuclear cells of five Finnish multiplex families and in lymphoblast cell lines of 11 Centre d’Etude du Polymorphisme Humain (CEPH) individuals of European origin;PKC;16596167;2006;PRKCA and Multiple Sclerosis: Association in Two Independent Populations
OLIG1;Homo sapiens;116448;oligodendrocyte transcription factor 1;"BHLHB6; BHLHE21";protein coding;"Ensembl:ENSG00000184221 MIM:606385; AllianceGenome:HGNC:16983";21q22.11;brain;N/A;PCR;MS;N/A;C57BL/6 mice;n =4 mice group;up-regulation;Disease risk;These data demonstrated that Catalpol had a strong neuroprotective effect on EAE mice. Catalpol also plays a role in remyelination by promoting the expressions of Olig1 and Olig2 transcription factors.;increased the protein expressions of NG2 and MBP in mice brains;28464811;2017;Effect of catalpol on remyelination through experimental autoimmune encephalomyelitis acting to promote Olig1 and Olig2 expressions in mice
OLIG2;Homo sapiens;10215;oligodendrocyte transcription factor 2;"BHLHB1; OLIGO2; RACK17; PRKCBP2; bHLHe19";protein coding;"Ensembl:ENSG00000205927 MIM:606386; AllianceGenome:HGNC:9398";21q22.11;brain;N/A;PCR;MS;N/A;C57BL/6 mice;n =4 mice group;up-regulation;Disease risk;These data demonstrated that Catalpol had a strong neuroprotective effect on EAE mice. Catalpol also plays a role in remyelination by promoting the expressions of Olig1 and Olig2 transcription factors.;increased the protein expressions of NG2 and MBP in mice brains;28464811;2017;Effect of catalpol on remyelination through experimental autoimmune encephalomyelitis acting to promote Olig1 and Olig2 expressions in mice
IGF1;Homo sapiens;3479;insulin like growth factor 1;"IGF; MGF; IGFI; IGF-I";protein coding;"Ensembl:ENSG00000017427 MIM:147440; AllianceGenome:HGNC:5464";12q23.2;brain;N/A;PCR;MS;N/A;N/A;339cases/431controls;up-regulation;Disease risk;According to IGF-1 roles in CNS and our results, this study suggests that low IGF-1 level may be associated with susceptibility to MS;identified a T to C single nucleotide substitution at position <U+2212>1089 and a C to T at position <U+2212>383 from transcription start site in the IGF-1 gene promoter.;28427698;2017;Novel functional polymorphism in IGF-1 gene associated with multiple sclerosis: A new insight to MS
CD226;Homo sapiens;10666;CD226 molecule;"PTA1; DNAM1; DNAM-1; TLiSA1";protein coding;"Ensembl:ENSG00000150637 MIM:605397; AllianceGenome:HGNC:16961";18q22.2;Peripheral blood;N/A;PCR;MS;N/A;C57BL/6;n = 5–6 mice group;up-regulation;Disease risk;Therefore, by combining human and mouse analyses we show that CD226 exhibits an important role in the activation of regulatory T cells, with its genetically imposed dysregulation impairing regulatory T cell function.;affects CD4 + FOXP3 + Treg cells in their suppressive capacity;26359290;2015;Multiple sclerosis associated genetic variants of CD226 impair regulatory T cell function
TUG1;Homo sapiens;55000;taurine up-regulated 1;"TI-227H; LINC00080; NCRNA00080";protein coding;"Ensembl:ENSG00000253352 MIM:614971; AllianceGenome:HGNC:26066";22q12.2;brain;N/A;PCR;EAE;N/A;C57BL/6;n =48 mice group;up-regulation;Disease risk;own-regulation of TUG1 attenuates MS through inhibition of inflammation by sponging miR-9-5p via targeting NF-κB1/p50, suggesting that TUG1 is a potential therapeutic target for MS treatmen;sponging miR-9-5p via targeting NF-κB1/p50;31394128;2019;Down-regulation of taurine-up-regulated gene 1 attenuates inflammation by sponging miR-9-5p via targeting NF-κB1/p50 in multiple sclerosis
FOXP3;Homo sapiens;50943;forkhead box P3;"JM2; AIID; IPEX; PIDX; XPID; DIETER";protein coding;"Ensembl:ENSG00000049768 MIM:300292; AllianceGenome:HGNC:6106";Xp11.23;brain;N/A;PCR;EAE;N/A;C57BL/6;n = 7mice group;up-regulation;Disease risk;This study suggests that the epigenetic modification of FOXP3 gene is involved in the pathogenesis of EAE and this could be important in therapy in an appropriate and logical statement.;FOXP3 promoter;28320131;2017;Epigenetic and gene expression alterations of FOXP3 in the T cells of EAE mouse model of multiple sclerosi
ARG1;Homo sapiens;383;arginase 1;N/A;protein coding;"Ensembl:ENSG00000118520 MIM:608313; AllianceGenome:HGNC:663";6q23.2;Peripheral blood;N/A;PCR;MS;N/A;C57BL/6;n = 5–6 mice group;up-regulation;Disease risk;They also displayed an increased expression of critical mediators of MDSC suppressive function, Arginase-1(Arg1), and the signal transducer and activator of transcription 3 (Stat3), which herein, we demonstrate being an miR-223 target gene. Consistently, MDSCs from MS patients displayed decreased STA T3 and ARG1 expression compared with healthy controls,suggesting that circulating MDSCs in MS are not only reduced in numbers but also less suppressive. These results support a critical role for miR-223 in modulating MDSC biology in EAE and in MS and suggest potential novel therapeutic applications;MiR-223<U+2212>/<U+2212> MO-MDSCs;27704281;2017;Mir-223 regulates the number and function of myeloid-derived suppressor cells in multiple sclerosis and experimental autoimmune encephalomyelitis
IL18;Homo sapiens;3606;interleukin 18;"IGIF; IL-18; IL-1g; IL1F4";protein coding;"Ensembl:ENSG00000150782 MIM:600953; AllianceGenome:HGNC:5986";11q23.1;Peripheral blood;N/A;PCR;MS;N/A;N/A;101cases/164controls;up-regulation;Disease risk;However, the genotype distribution of the IL18 -607 C/A polymorphism in the MS patient group was not significantly different from that of the control group. These data suggest that IL18 gene polymorphisms at position -137 might be a genetic risk factor for MS in the Turkish population.;IL18 -607 C/A polymorphism;24402877;2014;Interleukin 18 gene polymorphism is a risk factor for multiple sclerosis
MBP;Homo sapiens;4155;myelin basic protein;N/A;protein coding;"Ensembl:ENSG00000197971MIM:159430;AllianceGenome:HGNC:6925";18q23;Peripheral blood;N/A;PCR;MS;N/A;Danes;34 patients suffering from multiple sclerosis and in 78 suffering from monosymptorno idiopothic optic neuritis;up-regulation;Disease risk;We found no significant differences between the MBP fragment frequencies in either of the potient groups and in the control group;MBP gene and multiple sclerosis as found by Tienari;9345452;1995;"PCR typing oftwo Short Tandem Repeat (STR) structures upstreams ofthe human Myelin Basic Protein (MBP) gene; the genetic susceptibility in multiple sclerosis and monosymptomatic idiopathic optic neuritis in Danes"
RAG1;Homo sapiens;5896;recombination activating 1;"RAG-1; RNF74";protein coding;"Ensembl:ENSG00000166349 MIM:179615; AllianceGenome:HGNC:9831";11p12;Peripheral blood;N/A;PCR;EAE;N/A;C57BL/6 and C57BL/6-CD45;n = 5–6 mice group;up-regulation;Disease risk;In mice, CD11c+ DCs alone are sufficient to present antigen in vivo to primed myelin-reactive T cells in order to mediate CNS inflammation and clinical disease development.;We confirmed the presence of DCs at the blood-brain barrier and meninges in mice, and analogous CD209+ cells were found in noninflamed human brain tissue, suggesting that initial antigen presentation could potentially occur at the blood-brain barrier, thus promoting entry of T cells into the CNS;15735653;2005;Dendritic cells permit immune invasion of the CNS in an animal model of multiple sclerosis
PRKCA;Homo sapiens;5578;protein kinase C alpha;"AAG6; PKCA; PRKACA; PKCI+/-; PKCalpha; PKC-alpha";protein coding;"Ensembl:ENSG00000154229 MIM:176960; AllianceGenome:HGNC:9393";17q24.2;Peripheral blood;N/A;PCR;MS;N/A;UK;947 trio families;down-regulation;Disease risk;As many groups investigating complex diseases are now embarking upon large case-control studies with the intent of employing haplotype analysis to increase power, the potential to observe false positive association as a result of the difficulty in reliably estimating the frequency of rare alleles is of concern and needs to be remembered;using the TRANSMIT program;15742114;2005;No evidence for association of the protein kinase C alpha gene with multiple sclerosis
Drb1;Mus musculus;116749;dopamine receptor binding 1;N/A;unknown;MGI:MGI:2150993;chromosome: 5;Peripheral blood;N/A;microsatellite markers;MS;N/A;N/A;552 sibling pairs;up-regulation;Disease risk;These results again raise the possibility that the paradigm of multiple genes of small individual effect used to justify genome searches in MS is incorrect.;high-resolution HLA-DRB1 typing was carried out. High-resolution genotyping requires 72 PCR reactions to be carried out per sample to amplify allelotypes corresponding to DRB1*01, 04, 07–18 as well as amplicons for the DRB3, DRB4 and DRB5 genes;16738670;2006;Follow-up investigation of 12 proposed linkage regions in multiple sclerosis
IFN-B;Homo sapiens;3456;interferon beta 1;"IFB; IFF; IFNB; IFN-beta";protein coding;"Ensembl:ENSG00000171855 MIM:147640; AllianceGenome:HGNC:5434";9p21.3;Peripheral blood;N/A;PCR;EAE;N/A;N/A;n = 5–6 mice group;up-regulation;Disease risk;A single injection of the MuIFN-B plasmid was as effective in reducing the severity of the disease as an every other day injection of MuIFN-B protein;An expression plasmid was constructed using the natural MuIFN-B gene driven by the constitutively active CMV promoter;16800783;2006;Gene-Based Delivery of IFN-B Is Efficacious in a Murine Model of Experimental Allergic Encephalomyelitis
IL10;Homo sapiens;3586;interleukin 10;"CSIF; TGIF; GVHDS; IL-10; IL10A";protein coding;"Ensembl:ENSG00000136634 MIM:124092; AllianceGenome:HGNC:5962";1q32.1;splenocyte suspensions;N/A;PCR;EAE;N/A;N/A;n = 5–6 mice group;up-regulation;Disease risk;this study demonstrates that IL-10 reduced encephalitogenic markers such as IFN-γ and Tbet on Th1 effector cells expressing the IL-10R, but also prevented recruitment of both transferred and host-derived inflammatory T cells. These data establish a regulatory mechanism by which highly activated Th1 effector cells modulate their pathogenicity through induction of IL-10;TGF-β signaling caused binding of smad4 to the IL-10 promoter;21728174;2011;TGF-β signaling via smad4 drives IL-10 production in effector Th1 cells and reduces T cell trafficking in EAE
HLA-DPB1;Homo sapiens;3115;major histocompatibility complex, class II, DP beta 1;"DPB1; HLA-DP; HLA-DPB; HLA-DP1B";protein coding;"Ensembl:ENSG00000223865 MIM:142858; AllianceGenome:HGNC:4940";6p21.32;Peripheral blood;N/A;PCR;MS;N/A;N/A;51cases/150controls;down-regulation;Disease risk;Although present in the controls, linkage disequilibrium between HLA-DPBl*OlOl and HLA-DR17 was not found in multiple sclerosis patients.;genetically determined susceptibility;1420118;1992;FREQUENCY OF HLA-DPB1 ALLELES IN MULTIPLE SCLEROSIS PATIENTS FROM NORTHERN IRELAND
HLA-B;Homo sapiens;3106;major histocompatibility complex, class I, B;"AS; HLAB; B-4901";protein coding;"Ensembl:ENSG00000234745 MIM:142830; AllianceGenome:HGNC:4932";6p21.33;Peripheral blood;N/A;PCR;MS;N/A;N/A;109cases;up-regulation;Disease risk;109 patients have the supratype HLA B7, C4A3, C4B1, BB, DR2 (7,3,1,S,2);Analysis of the HLA data revealed increases in alleles previously reported in Caucasians;3207262;1988;Complement Allotyping Explains MHC Associations in Multiple Sclerosis
C4A;Homo sapiens;720;complement C4A (Rodgers blood group);"C4; RG; C4S; CO4; C4A2; C4A3; C4A4; C4A6; C4AD; CPAMD2";protein coding;"Ensembl:ENSG00000244731 MIM:120810; AllianceGenome:HGNC:1323";6p21.33;Peripheral blood;N/A;PCR;MS;N/A;N/A;109cases;up-regulation;Disease risk;109 patients have the supratype HLA B7, C4A3, C4B1, BB, DR2 (7,3,1,S,2);Analysis of the HLA data revealed increases in alleles previously reported in Caucasians;3207262;1988;Complement Allotyping Explains MHC Associations in Multiple Sclerosis
C4B;Homo sapiens;721;complement C4B (Chido blood group);"CH; C4F; CO4; C4B1; C4B2; C4B3; C4B5; C4BD; C4B12; C4B_2; CPAMD3";protein coding;"Ensembl:ENSG00000224389 MIM:120820; AllianceGenome:HGNC:1324";6p21.33;Peripheral blood;N/A;PCR;MS;N/A;N/A;109cases;up-regulation;Disease risk;109 patients have the supratype HLA B7, C4A3, C4B1, BB, DR2 (7,3,1,S,2);Analysis of the HLA data revealed increases in alleles previously reported in Caucasians;3207262;1988;Complement Allotyping Explains MHC Associations in Multiple Sclerosis
BB;Homo sapiens;825528;N/A;"BB2; BIG BROTHER; ENHANCER1 OF DA1; EOD1";protein coding;AT3G63530;chromosome: 3;Peripheral blood;N/A;PCR;MS;N/A;N/A;109cases;up-regulation;Disease risk;109 patients have the supratype HLA B7, C4A3, C4B1, BB, DR2 (7,3,1,S,2);Analysis of the HLA data revealed increases in alleles previously reported in Caucasians;3207262;1988;Complement Allotyping Explains MHC Associations in Multiple Sclerosis
Insr;Homo sapiens;16337;insulin receptor;"IR; IR-A; IR-B; CD220; 4932439J01Rik; D630014A15Rik";protein coding;Ensembl:ENSMUSG00000005534 AllianceGenome:MGI:96575;"8 A1.1; 8 1.82 cM";spinal cord homogenate;N/A;PCR;EAE;N/A;N/A;n = 5–6 mice group;down-regulation;Disease risk;The mechanisms of action of antibody to IR gene products in autoimmune disease are discussed .;suppression works by blocking macrophage presentation ofthe encephalitogenic determinant to Tcells;6194246;1983;ANTI I-A ANTIBODY SUPPRESSES ACTIVE ENCEPHALOMYELITIS : Treatment Model for Diseases Linked to IR Genes
RT1-A3;Rattus norvegicus;309627;RT1 class I, locus A3;"RT1; RT1-A; RT1.A3; RT1-A3n";protein coding;RGD:1359610;20p12;brain;N/A;PCR;EAE;N/A;N/A;n = 5–6 mice group;down-regulation;Disease risk;"Among the groups bearing Rt-l"""", there was no consistent relationship between aggregate clinical score and percent Lewis non-MHC genes, all groups having approximately the same score.";"Severity of EAE in LBNF2 and backcrosses. In our previous studies, 100% of F2 or backcross animals bearing Rt-l'/' or Rt- l'l"" developed clinical and/or pathologic EAE when sensitized with 10 pg GPBP in CFA.";6767774;1980;LINKAGE OF SEVERITY OF EXPERIMENTAL ALLERGIC ENCEPHALOMYELITIS TO THE RAT MAJOR HISTOCOMPATIBILITY LOCUS1
Tcrb;Mus musculus;21577;T cell receptor beta chain;"Tib; TCRbeta";protein coding;MGI:MGI:98578;"6 B1; 6";Peripheral blood;N/A;PCR;MS;N/A;N/A;48cases/60controls;up-regulation;Disease risk;In conclusion, despite prior studies localizing an MS susceptibility gene to the human TCRB locus, nucleotide sequence analysis of each of the genes in this region failed to identify any novel mutations in MS patients. Polymorphic differences within BV genes that were detected in the course of sequence analysis did not differ significantly in their allele, genotype, or phenotype frequencies in a larger panel of MS patients and controls. These results are inconsistent with a major genetic contribution to MS susceptibility by genes within the human TCRB locus.;Polymorphism was observed within the coding regions of 8 of the 13 BV gene segments analyzed;7645847;1995;DNA sequence and polymorphism analysis of a region of the T-cell receptor beta locus thought to contain a susceptibility gene for multiple sclerosis
IL1RN;Homo sapiens;3557;interleukin 1 receptor antagonist;"DIRA; IRAP; IL1F3; IL1RA; MVCD4; IL-1RN; IL-1ra; IL-1ra3; ICIL-1RA";protein coding;"Ensembl:ENSG00000136689 MIM:147679; AllianceGenome:HGNC:6000";2q14.1;Peripheral blood;N/A;PCR;MS;N/A;N/A;132cases/95controls;up-regulation;Disease risk;These findings speak against a gener- alized importance of the IL-lra gene in MS;IL-lrd is structurally simi- lar to IL-l and their genes are closely located on the long arm of chromosome 2 (2ql4-q21);8765338;1996;An interleukin 1 -receptor-antagonist gene polymorphism is not associated with multiple sclerosis
DR3;hypothetical protein [Human betaherpesvirus 6B];1497095;hypothetical protein;"Viruses; dsDNA viruses, no RNA stage; Herpesvirales; Herpesviridae; Betaherpesvirinae; Roseolovirus";protein coding;Human betaherpesvirus 6B (strain: Z29, type: B, acronym: HHV-6B, nat-host: Homo sapiens);NC_000898.1;Peripheral blood;N/A;PCR;MS;N/A;N/A;80cases/81controls;up-regulation;Disease risk;This study identifies the IFN-y gene located on chromo- some 12q24 or a nearby locus as a susceptibility factor for Sardinian MS patients not carrying the predisposing HLA-DR alleles;The Table shows that in the unstratified group, 8 1 sibs from 135 heterozygous parents transmitted the I2 allele to the affected offspring, although 54 did not;9818947;1998;Interferon-r Gene Polymorphism-Associated Risk for Multiple Sclerosis in Sardinia
DR4;drought-repressed 4 [ Arabidopsis thaliana (thale cress) ];843668;drought-repressed 4;"ATDR4; drought-repressed 4; T9L24.45; T9L24_45";protein coding;Araport:AT1G73330;chromosome: 1;Peripheral blood;N/A;PCR;MS;N/A;N/A;80cases/81controls;up-regulation;Disease risk;This study identifies the IFN-y gene located on chromo- some 12q24 or a nearby locus as a susceptibility factor for Sardinian MS patients not carrying the predisposing HLA-DR alleles;The Table shows that in the unstratified group, 8 1 sibs from 135 heterozygous parents transmitted the I2 allele to the affected offspring, although 54 did not;9818947;1998;Interferon-r Gene Polymorphism-Associated Risk for Multiple Sclerosis in Sardinia
HLA-DRB4;Homo sapiens;3126;major histocompatibility complex, class II, DR beta 4;"DR4; DRB4; HLA-DRB; HLA-DR4B; HLA-DRB4*";protein coding;HGNC:HGNC:4952;6p21.3;Peripheral blood;N/A;PCR;MS;N/A;N/A;13cases/13controls;up-regulation;Disease risk;"We found normal levels of TNFα production by in vitro activated HLA-DR3+ and HLA-DR2+ lymphoid cells; in contrast, HLA-DR4+ MS patients produced significantly higher amounts of TNFα than healthy controls, and DR3+ and DR2+ patients. IFNγ, IL-10, and IL-4 levels did not differ significantly between the three groups of patients.";TNF alleles reside within the class III region of the MHC and may be considered as candidate genes when studying HLA-linked MS susceptibility. The substitution of guanine (TNF1 allele) with adenosine (TNF2 allele) at position –308 of the polymorphic TNFα promoter region has been found to induce in vitro hyperproduction of TNFα from activated lymphoid cells [2, 14]. Although in contradiction to this, some authors suggest that HLA alleles associated with MS [3, 15], insulin-dependent diabetes mellitus [12], and systemic lupus erythematosus [6] may play a role of marker of linkage with polymorphic alleles predisposing to TNFα hyperproduction, raising the strong possibility that mononuclear cell cytokine production is controlled by the MHC genotype.;10653315;1999;Cytokine production in patients carrying multiple sclerosis-linked HLA-DR alleles
HLA-DRB3;Homo sapiens;3125;major histocompatibility complex, class II, DR beta 3;"DRB3; HLA-DPB1; HLA-DR1B; HLA-DR3B; HLA-DRB3*";protein coding;MIM:612735;6p21.3;Peripheral blood;N/A;PCR;MS;N/A;N/A;13cases/13controls;up-regulation;Disease risk;"We found normal levels of TNFα production by in vitro activated HLA-DR3+ and HLA-DR2+ lymphoid cells; in contrast, HLA-DR4+ MS patients produced significantly higher amounts of TNFα than healthy controls, and DR3+ and DR2+ patients. IFNγ, IL-10, and IL-4 levels did not differ significantly between the three groups of patients.";TNF alleles reside within the class III region of the MHC and may be considered as candidate genes when studying HLA-linked MS susceptibility. The substitution of guanine (TNF1 allele) with adenosine (TNF2 allele) at position –308 of the polymorphic TNFα promoter region has been found to induce in vitro hyperproduction of TNFα from activated lymphoid cells [2, 14]. Although in contradiction to this, some authors suggest that HLA alleles associated with MS [3, 15], insulin-dependent diabetes mellitus [12], and systemic lupus erythematosus [6] may play a role of marker of linkage with polymorphic alleles predisposing to TNFα;10653315;1999;Cytokine production in patients carrying multiple sclerosis-linked HLA-DR alleles
HLA-DRB2;Homo sapiens;3124;major histocompatibility complex, class II, DR beta 2 (pseudogene);HLA-DR2B;protein coding;HGNC:HGNC:4950;6p21.3;Peripheral blood;N/A;PCR;MS;N/A;N/A;13cases/13controls;N/A;Disease risk;"We found normal levels of TNFα production by in vitro activated HLA-DR3+ and HLA-DR2+ lymphoid cells; in contrast, HLA-DR4+ MS patients produced significantly higher amounts of TNFα than healthy controls, and DR3+ and DR2+ patients. IFNγ, IL-10, and IL-4 levels did not differ significantly between the three groups of patients.";TNF alleles reside within the class III region of the MHC and may be considered as candidate genes when studying HLA-linked MS susceptibility. The substitution of guanine (TNF1 allele) with adenosine (TNF2 allele) at position –308 of the polymorphic TNFα promoter region has been found to induce in vitro hyperproduction of TNFα from activated lymphoid cells [2, 14]. Although in contradiction to this, some authors suggest that HLA alleles associated with MS [3, 15], insulin-dependent diabetes mellitus [12], and systemic lupus erythematosus [6] may play a role of marker of linkage with polymorphic alleles predisposing to TNFα;10653315;1999;Cytokine production in patients carrying multiple sclerosis-linked HLA-DR alleles