,microarray,"('BCELLS', 'CSF', 'NOCLUSTER')","('BCELLS', 'CSF', 'CLUSTER')","('BCELLS', 'CSF', '80%_CLUSTER')","('BCELLS', 'PBMC', 'NOCLUSTER')","('BCELLS', 'PBMC', 'CLUSTER')","('BCELLS', 'PBMC', '80%_CLUSTER')","('CD4', 'CSF', '80%_NOCLUSTER')","('CD4', 'CSF', '80%_CLUSTER')","('BCELLS', 'PBMC', '80%')"
UBE2D2,0,0,1,1,0,0,0,0,0,0
FNDC3B,0,0,0,0,0,1,1,0,0,0
DYNC1I2,1,0,0,0,0,0,0,0,0,0
SNX1,0,0,1,1,0,0,0,0,0,0
LINC00269,0,0,0,0,0,0,0,1,1,0
RHOT2,0,0,1,1,0,0,0,1,1,0
AC008914.1,0,1,1,0,0,0,0,0,0,0
ZNF383,0,0,0,0,0,0,0,1,1,0
HBD,1,0,0,0,0,0,0,0,0,0
LPAR6,1,1,1,0,0,0,0,0,0,0
MACC1-AS1,0,1,1,0,0,0,0,0,0,0
SLC2A1,0,1,1,0,0,0,0,0,0,0
SYT1,0,0,1,1,0,1,1,0,0,0
DHX9,0,0,1,1,0,0,0,1,1,0
LANCL3,0,0,0,0,0,0,0,1,1,0
SPAG16,0,1,1,0,0,0,0,0,0,0
TMEM233,0,0,0,0,0,0,0,1,1,0
SIK1,1,0,0,0,0,0,0,0,0,0
CKMT2-AS1,0,0,0,0,0,0,0,1,1,0
TTC16,0,0,0,0,0,0,0,1,1,0
ENAM,0,1,1,0,0,1,1,0,0,0
C6orf99,0,0,0,0,0,0,0,1,1,0
IQCA1L,0,1,1,0,0,0,0,0,0,0
UST,0,0,1,1,0,0,0,0,0,0
PTTG1,0,0,0,0,0,1,1,0,0,0
AC098617.1,0,0,0,0,0,0,0,1,1,0
TMEM254-AS1,0,0,0,0,0,0,0,1,1,0
NEDD4L,1,0,1,0,0,0,0,1,1,0
AC073987.1,0,0,0,0,0,0,0,1,1,0
EPHB6,0,1,1,1,0,0,0,0,0,0
HCST,0,1,1,0,0,0,0,0,0,0
MTRNR2L1,0,0,0,0,0,0,0,1,1,0
CTNND2,0,1,1,0,0,0,0,0,0,0
TCEAL2,1,0,0,0,0,0,0,1,1,0
CAMK2A,0,1,1,0,0,0,0,0,0,0
CCPG1,0,0,1,1,0,1,1,1,1,0
HNRNPM,0,0,1,1,0,0,0,1,1,0
HADHB,0,0,1,1,0,1,1,0,0,0
ZNF385B,0,0,0,0,0,0,0,1,1,0
SLC4A8,1,0,1,1,0,0,0,0,0,0
IGHV3OR16-15,0,0,0,0,0,1,1,0,0,0
DESI1,0,0,0,0,0,1,1,0,0,0
GPER1,0,0,0,0,0,0,0,0,1,0
PLD3,0,0,1,1,0,1,1,1,1,0
OTUB2,0,0,0,0,0,0,0,1,1,0
TRIB2,1,0,0,0,0,0,0,0,0,0
OTUB1,0,0,1,1,0,1,1,0,0,0
FCRL4,0,1,1,1,0,0,0,1,1,0
CD276,0,0,1,1,0,0,0,0,0,0
CMC2,0,0,1,1,0,1,1,0,0,0
CDC42SE2,0,0,0,0,0,0,0,1,1,0
NOXA1,0,0,0,0,0,0,0,1,1,0
DNAJB5,0,0,0,0,0,0,0,1,1,0
FMO2,0,0,0,0,0,0,0,0,1,0
ARHGEF35,0,1,1,1,0,0,0,0,0,0
NOVA2,0,0,0,0,0,0,0,1,1,0
TRIM45,0,1,1,1,0,0,0,1,1,0
ACTA2-AS1,0,1,1,0,0,0,0,0,0,0
IGKV6-21,0,1,1,0,0,1,1,0,0,0
TRBV10-2,0,1,1,0,0,0,0,1,1,0
CSK,0,0,0,0,0,1,1,0,0,0
CHFR,0,0,1,1,0,0,0,0,0,0
PDE8A,0,0,1,1,0,0,0,0,0,0
TEX36-AS1,0,1,1,0,0,0,0,0,0,0
ZNF527,0,1,1,0,0,0,0,1,1,0
STARD7,0,0,1,1,0,1,1,0,0,0
MYBBP1A,0,0,0,0,0,0,0,1,1,0
STEAP1B,0,0,0,0,0,1,1,1,1,0
NR3C1,0,0,1,1,0,0,0,0,0,0
DCAF4L2,0,0,0,0,0,0,0,1,1,0
ACADSB,0,0,0,0,0,0,0,1,1,0
MLXIP,0,0,1,1,0,0,0,1,1,0
HNRNPR,0,0,1,1,0,0,0,0,0,0
CA11,0,0,0,0,0,0,0,1,0,0
ABI1,1,0,1,1,0,0,0,0,0,0
EFCAB7,0,0,0,0,0,0,0,1,1,0
KLC1,0,0,1,1,0,0,0,0,0,0
XRN2,0,0,1,1,0,0,0,1,1,0
TMEM204,0,0,1,1,0,0,0,1,1,0
TXNDC12-AS1,0,1,1,1,0,0,0,0,0,0
CXorf58,0,0,0,0,0,0,0,1,1,0
GMIP,0,0,1,1,0,0,0,0,0,0
NPL,0,0,1,1,0,0,0,0,0,0
MLIP,0,0,0,0,0,0,0,1,1,0
TMEM186,0,0,0,0,0,0,0,1,1,0
CHRNE,0,0,1,1,0,0,0,1,1,0
SAYSD1,0,0,1,1,0,0,0,0,0,0
NOTUM,0,1,1,0,0,0,0,0,0,0
SFT2D3,0,1,1,0,0,0,0,1,1,0
HYAL2,0,0,1,1,0,0,0,0,0,0
ACIN1,0,1,1,0,0,0,0,0,1,0
RBBP6,0,0,1,1,0,0,0,0,0,0
UBE2QL1,0,0,0,0,0,1,1,0,0,0
MDH2,0,0,1,1,0,1,1,0,0,0
MSX2,0,0,0,0,0,0,0,1,1,0
TAB3-AS1,0,1,1,0,0,0,0,0,0,0
POLD3,1,0,0,0,0,0,0,1,1,0
HBP1,1,0,0,0,0,0,0,0,0,0
BEX5,0,0,0,0,0,1,1,1,1,0
COMT,0,0,1,1,0,0,0,0,0,0
PGS1,0,0,0,0,0,0,0,1,1,0
PCDHA9,0,0,0,0,0,0,0,1,1,0
KAAG1,0,1,1,0,0,0,0,1,1,0
SMIM17,0,1,1,0,0,0,0,1,1,0
IGKV2D-18,0,1,1,1,0,0,0,0,0,0
B3GNT6,0,0,0,0,0,0,0,1,1,0
LINC01301,0,1,1,0,0,0,0,0,0,0
RAB8B,0,0,0,0,0,0,0,1,1,0
SUGP2,0,1,1,0,0,0,0,0,0,0
FITM2,0,0,0,0,0,0,0,1,1,0
CYP2J2,0,1,1,0,0,0,0,0,0,0
LINC01184,0,0,1,1,0,0,0,0,0,0
ZNF93,0,0,0,0,0,0,0,1,0,0
SLC7A1,0,0,1,1,0,0,0,1,1,0
COPS4,0,0,1,1,0,0,0,0,0,0
RASL11B,0,0,0,0,0,0,0,1,1,0
DNAJC14,0,1,1,0,0,0,0,0,0,0
IARS2,0,0,1,1,0,0,0,0,0,0
TRBV21-1,0,0,0,0,0,0,0,1,1,0
FUBP1,0,0,0,0,0,0,0,1,1,0
SNX25,0,0,0,0,0,0,0,1,1,0
IGHEP1,0,1,1,0,0,0,0,1,1,0
PHC2,0,0,0,0,0,0,0,1,1,0
HADHA,1,0,1,1,0,0,0,0,0,0
FOXO3,0,0,1,1,0,0,0,0,0,0
PCSK6-AS1,0,0,0,0,0,0,0,1,1,0
TNIP2,0,0,0,0,0,1,1,0,0,0
PIH1D2,0,0,0,0,0,0,0,1,1,0
GABRA1,0,1,1,1,0,0,0,0,0,0
IKBIP,0,1,1,0,0,1,1,0,0,0
ATP2A2,0,0,1,1,0,1,1,0,0,0
DPYSL2,0,0,1,1,0,0,0,0,0,0
TCERG1,0,0,1,1,0,0,0,0,0,0
LIPE,0,0,0,0,0,0,0,1,1,0
SPP1,0,1,1,1,0,0,0,0,0,0
KIAA1614,0,0,0,0,0,0,0,1,1,0
LYVE1,0,1,1,1,0,0,0,1,1,0
EIF4E1B,0,1,1,0,0,0,0,0,0,0
SLC7A6,0,0,0,0,0,0,0,1,1,0
PIP4K2B,0,0,1,1,0,0,0,0,0,0
ADD3,0,0,1,1,0,0,0,0,0,0
NDUFA3,0,0,1,1,0,1,1,0,1,0
BBC3,0,0,1,1,0,1,1,0,0,0
FCMR,0,0,0,0,0,0,0,1,1,0
IPO7,0,0,1,1,0,0,0,0,0,0
RASSF1,0,0,1,1,0,0,0,1,1,0
COG7,0,0,1,0,0,0,0,0,0,0
ARL16,0,0,1,1,0,0,0,0,0,0
TRUB1,0,1,1,0,0,0,0,0,0,0
PPP1R32,0,0,0,0,0,0,0,1,1,0
AC003005.2,0,0,0,0,0,0,0,1,1,0
SOS1,0,0,1,0,0,0,0,0,0,0
PEAR1,0,1,1,0,0,1,0,1,1,0
PRADC1,0,0,1,1,0,1,1,0,0,0
VNN1,0,0,0,0,0,0,0,1,1,0
IGKC,0,1,1,1,0,0,0,1,1,0
NGB,0,1,1,0,0,0,0,0,0,0
COQ10B,0,0,1,1,0,0,0,0,0,0
RGL3,0,0,1,1,0,0,0,0,0,0
LOR,0,1,1,1,0,0,0,1,1,0
RHOXF2B,0,0,0,0,0,0,0,1,1,0
ABHD2,0,0,1,1,0,0,0,0,0,0
ATPAF2,0,0,1,1,0,0,0,1,1,0
EPHA5,0,1,1,0,0,0,0,0,0,0
GSPT1,0,0,0,0,0,1,1,1,1,0
LINC01088,0,1,1,0,0,0,0,1,1,0
SLC39A4,0,0,0,0,0,0,0,1,1,0
GADD45A,0,0,0,0,1,1,1,0,0,1
SYT16,0,1,1,0,0,0,0,0,0,0
DEPDC1B,0,0,0,0,0,1,1,0,0,0
CDYL2,0,0,0,0,0,0,0,1,1,0
LINC00488,0,0,0,0,0,0,0,1,1,0
CD36,0,0,0,0,0,0,0,1,1,0
CNN3,0,1,1,0,0,0,0,0,1,0
PIF1,0,0,0,0,0,1,1,0,0,0
UBE2E2,0,0,1,1,0,0,0,1,1,0
RCBTB1,0,0,1,1,0,0,0,0,0,0
MSTN,0,0,0,0,0,1,1,1,1,0
ZNF460,0,0,0,0,0,0,0,1,1,0
KMT2E,0,0,1,1,0,0,0,0,0,0
CAPS,0,0,0,0,0,0,0,1,1,0
KCNG1,0,0,0,0,0,1,1,0,0,0
SIAH2,0,1,1,0,0,0,0,0,0,0
ABITRAM,1,0,0,0,0,0,0,0,0,0
OGFRL1,0,0,0,0,0,0,0,1,1,0
TMPRSS12,0,1,1,0,0,0,0,1,1,0
WT1-AS,0,1,1,0,0,1,1,0,0,0
WDFY2,0,0,1,1,0,0,0,0,0,0
RPL12,0,0,1,1,0,0,0,0,1,0
TRA2B,0,0,1,1,0,0,0,0,0,0
LINC01518,0,1,1,0,0,0,0,0,0,0
RGL1,0,0,1,1,0,0,0,1,1,0
SPATA2,1,0,0,0,0,0,0,0,0,0
NSA2,0,0,1,1,0,0,0,0,0,0
ORC4,0,0,1,1,0,0,0,0,0,0
ZNRF1,0,0,0,0,0,0,0,1,1,0
TMEM183A,1,0,1,1,0,1,1,0,0,0
MCL1,0,0,1,1,0,0,0,0,0,0
TCOF1,0,0,0,0,0,0,0,1,1,0
TTC30B,0,0,0,0,0,0,0,1,1,0
DOK5,0,0,0,0,0,0,0,1,1,0
PNPLA3,0,0,0,0,0,0,0,1,1,0
GPAT4,0,0,1,1,0,0,0,0,0,0
NUP50,0,0,0,0,0,0,0,1,1,0
TIE1,0,0,0,0,0,0,0,1,1,0
TRHR,0,1,1,0,0,0,0,0,0,0
LENEP,0,0,0,0,0,0,0,1,1,0
COL6A3,0,1,1,0,0,0,0,1,1,0
ADRA2B,0,1,1,1,0,0,0,0,0,0
ZNF479,0,0,0,0,0,0,0,1,1,0
MNX1-AS2,0,0,0,0,0,0,0,1,1,0
LTN1,0,0,1,1,0,0,0,0,0,0
DOK4,0,0,0,0,0,0,0,1,1,0
C5orf56,0,1,1,0,0,0,0,0,0,0
DDA1,1,0,0,0,0,0,0,0,0,0
LEPROT,0,0,1,1,0,0,0,0,0,0
CD180,0,0,0,0,0,0,0,1,1,0
MANEAL,0,1,1,1,0,0,0,1,1,0
DNAH12,0,0,0,0,0,0,0,1,1,0
CELF1,0,0,1,1,0,0,0,1,1,0
SEC61G,0,0,1,1,0,1,1,0,1,0
ADARB1,0,0,0,0,0,1,1,0,0,0
MT1M,0,0,0,0,0,0,0,1,1,0
TCP1,0,0,1,1,0,0,0,0,0,0
IGHV3-20,0,1,1,0,0,0,0,0,0,0
SPDYE6,0,0,0,0,0,0,0,1,1,0
PTPRH,0,0,0,0,0,0,0,1,1,0
DRC7,0,0,0,0,0,0,0,1,1,0
STBD1,0,1,1,0,0,1,1,0,0,0
MFF,0,0,1,1,0,1,1,0,0,0
DENND2C,0,0,0,0,0,1,1,1,1,0
NPR2,0,1,1,0,0,0,0,1,1,0
TTC36,0,1,1,0,0,0,0,0,0,0
TOP3B,0,1,1,0,0,0,0,0,0,0
ADD1,0,0,1,1,0,0,0,1,1,0
PCMT1,0,0,1,1,0,1,1,0,1,0
IGKV2-29,0,1,1,0,0,0,0,0,0,0
TLR5,0,1,1,1,0,0,0,0,0,0
DENND4B,0,0,1,1,0,0,0,1,1,0
ESCO1,0,0,0,0,0,0,0,0,1,0
GPR157,0,0,1,1,0,0,0,0,0,0
MPG,0,0,1,1,0,1,1,0,0,0
PDLIM7,0,0,1,1,0,0,0,1,1,0
NMB,0,1,1,0,0,0,0,0,0,0
CLCN7,0,0,1,1,0,0,0,0,0,0
QKI,0,0,1,1,0,0,0,0,0,0
ULK4,0,0,0,0,0,0,0,1,1,0
C19orf81,0,0,1,1,0,0,0,0,0,0
CT45A10,0,0,0,0,0,0,0,1,1,0
SH3PXD2A-AS1,0,0,0,0,0,0,0,1,0,0
PALLD,0,0,1,1,0,0,0,0,0,0
PRKX-AS1,0,1,1,0,0,0,0,0,0,0
JMJD8,0,0,0,0,0,1,1,1,1,0
LHCGR,0,1,1,1,0,0,0,0,0,0
ZNF449,0,0,0,0,0,0,0,1,1,0
CD59,0,0,1,1,0,1,1,0,0,0
TRIP4,0,0,0,0,0,1,1,0,0,0
RASL10A,0,0,0,0,0,0,0,1,1,0
MOB3B,0,0,1,0,0,0,0,1,1,0
IGHV4-4,0,1,1,0,0,1,1,1,1,0
WDR45B,0,0,1,1,0,0,0,0,0,0
INTS10,0,0,1,1,0,0,0,0,0,0
NRXN2,0,0,0,0,0,0,0,1,1,0
SNAPC1,0,1,1,0,0,0,0,1,1,0
SFXN1,0,0,1,1,0,0,0,0,0,0
AAGAB,0,0,0,0,0,0,0,1,1,0
TRAT1,1,0,1,1,0,0,0,0,0,0
PEX5L,0,0,0,0,0,0,0,1,1,0
COL5A1,1,0,1,1,0,0,0,1,1,0
NAA60,0,0,0,0,0,0,0,1,1,0
LINC00837,0,1,1,1,0,0,0,0,0,0
SPNS2,0,0,1,1,0,0,0,0,0,0
SLC25A13,0,0,1,1,0,0,0,0,0,0
ESF1,0,0,1,1,0,0,0,0,0,0
LGI2,0,0,1,1,0,0,0,0,0,0
SNAP47,0,0,1,0,0,0,0,0,0,0
COMMD4,0,0,0,0,0,1,1,0,0,0
DNAJB11,0,0,0,0,0,1,1,0,0,0
SECTM1,0,0,0,0,0,0,0,1,1,0
TIMMDC1,0,0,0,0,0,1,1,1,1,0
SNRPB,0,0,1,1,0,0,0,0,1,0
ASH2L,0,0,1,1,0,0,0,1,1,0
TRAV8-4,0,0,0,0,0,0,0,1,1,0
SH3GL3,0,1,1,0,0,0,0,1,0,0
KCTD17,0,0,1,1,0,0,0,0,0,0
LINC00205,0,1,1,0,0,0,0,0,0,0
CCDC186,0,0,1,1,0,0,0,0,0,0
IGHV4-34,0,0,0,0,0,0,0,1,1,0
IGHV5-51,0,0,0,0,0,1,1,0,0,0
FUBP3,0,0,1,1,0,0,0,0,0,0
FAM186A,0,0,0,0,1,1,0,1,1,0
ANGPT1,0,0,0,0,0,0,0,1,1,0
CNTN2,0,1,1,0,0,0,0,0,0,0
OSBPL10,0,0,1,1,0,0,0,1,1,0
KEAP1,0,0,0,0,0,1,1,1,1,0
FAM230A,0,1,1,1,0,0,0,0,0,0
TRABD2A,0,1,1,0,0,0,0,0,0,0
ACER1,0,1,1,0,0,0,0,0,0,0
COMMD10,0,0,1,1,0,0,0,0,0,0
FABP5,0,0,1,0,0,1,1,1,0,0
PSD2,0,0,0,0,0,0,0,1,1,0
DNAJB4,0,0,0,0,0,0,0,1,1,0
FAM229B,0,0,0,0,0,0,0,0,1,0
CORIN,0,0,0,0,0,1,1,0,0,0
ZNRF3,0,1,1,0,0,0,0,1,1,0
LUCAT1,0,1,1,0,0,0,0,1,1,0
CYP4B1,0,1,1,0,0,0,0,1,1,0
MMS22L,0,1,1,1,0,0,0,0,0,0
HM13,0,0,1,1,0,1,1,0,0,0
RAET1E,0,0,0,0,0,0,0,1,1,0
WTIP,0,0,0,0,0,0,0,1,1,0
ARMCX1,0,0,1,1,0,0,0,0,0,0
OSR2,0,0,0,0,0,0,0,1,1,0
SETX,0,0,1,1,0,0,0,0,1,0
DHPS,0,0,0,0,0,1,1,0,0,0
TMEM191C,0,0,0,0,0,0,0,1,1,0
TRIM4,0,0,1,0,0,0,0,1,1,0
CPOX,0,0,0,0,0,1,1,0,0,0
ZNF235,0,0,0,0,0,0,0,1,1,0
OTX1,0,1,1,1,0,0,0,0,0,0
UBE2E3,0,0,1,1,0,0,0,1,1,0
RAB32,0,0,1,1,0,0,0,1,1,0
CWC25,0,0,1,1,0,0,0,0,0,0
RBP7,0,1,1,0,0,0,0,0,0,0
LPCAT3,1,0,1,0,0,0,0,0,0,0
BOP1,0,0,0,0,0,1,1,1,1,0
PTTG2,0,1,1,0,0,0,0,0,0,0
STARD3NL,0,0,1,1,0,0,0,0,0,0
AC007620.3,0,1,1,0,0,0,0,0,0,0
SAT2,0,0,1,1,0,0,0,1,1,0
ELMO2,1,0,0,0,0,0,0,0,0,0
POLD2,0,0,0,0,0,0,0,1,1,0
SPEF2,0,1,1,0,0,0,0,0,0,0
LMBR1L,0,0,1,1,0,0,0,0,0,0
DRG2,0,0,1,1,0,0,0,0,0,0
AVIL,0,1,1,0,0,0,0,1,1,0
WDR61,0,0,1,1,0,1,1,0,0,0
MAP3K2,0,0,1,1,0,0,0,0,0,0
IMPDH1,0,0,1,0,0,1,1,0,0,0
SIX5,0,0,0,0,0,1,1,0,0,0
IL4R,0,0,0,0,0,1,1,1,1,0
KRTAP5-10,0,0,0,0,0,0,0,1,1,0
IRF3,0,0,1,1,0,0,0,0,0,0
LONRF1,0,0,0,0,0,0,0,1,1,0
UBE2C,0,0,1,1,0,1,1,0,0,0
OVOL1,0,1,1,1,0,0,0,1,1,0
MT1F,1,1,1,0,0,0,0,1,1,0
CCDC157,0,1,1,0,0,0,0,0,0,0
SH3BP5-AS1,0,0,0,0,0,0,0,1,1,0
PLPP3,0,0,0,0,0,1,1,0,0,0
LIN7A,0,0,0,0,0,0,0,1,1,0
FEM1C,0,0,1,1,0,0,0,0,0,0
SEC24B-AS1,0,0,0,0,0,0,0,1,1,0
BCL2A1,0,1,1,1,0,0,0,0,0,0
OVCH1,0,1,1,0,0,0,0,0,0,0
DUSP2,1,0,0,0,0,0,0,1,1,0
EYA4,0,0,1,1,0,0,0,0,0,0
CDH11,0,0,0,0,0,0,0,1,1,0
PCTP,0,1,1,0,0,0,0,0,0,0
SEC16B,0,1,1,0,0,0,0,0,0,0
FAM20A,0,0,1,1,0,0,0,0,0,0
VWF,0,0,0,0,0,1,0,0,0,0
NOP56,0,0,1,1,0,0,0,0,0,0
TMPRSS13,0,0,0,0,0,0,0,1,1,0
LINC00665,0,0,0,0,0,0,0,1,1,0
BCAP31,0,0,1,1,0,1,1,0,1,0
ITPRIPL2,0,0,1,1,0,0,0,0,0,0
SSBP1,0,0,1,1,0,1,1,0,1,0
DHX57,0,0,0,0,0,0,0,1,1,0
LRRC37B,0,0,1,1,0,0,0,0,0,0
PLAGL1,0,0,1,1,0,0,0,1,1,0
PDE7B,0,0,0,0,0,1,1,0,0,0
FOXD4L1,0,0,1,1,0,0,0,0,0,0
RCN2,0,0,1,0,0,0,0,0,0,0
FOXD1,0,0,0,0,0,1,1,0,0,0
BGN,0,0,0,0,0,0,0,1,1,0
SNAI3,0,0,0,0,0,0,0,1,1,0
CGRRF1,0,0,1,1,0,0,0,0,0,0
NPAT,0,0,1,1,0,0,0,1,1,0
TCEAL3,0,0,1,1,0,0,0,0,0,0
CNGB1,0,0,0,0,0,0,0,1,1,0
AMZ2,0,0,1,1,0,0,0,0,0,0
SLCO5A1,0,0,0,0,0,1,1,1,1,0
BLOC1S6,0,0,1,1,0,0,0,0,0,0
NCR3,0,1,1,0,0,0,0,0,0,0
OR10G2,0,1,1,0,0,0,0,1,1,0
HIST1H2BK,0,1,1,0,0,0,0,1,1,0
IPO8,0,0,1,1,0,0,0,0,0,0
SCN9A,0,0,0,0,0,0,0,1,1,0
MMP7,0,0,0,0,0,0,0,1,1,0
MTG1,1,0,1,1,0,1,1,0,0,0
OXCT1,1,0,0,0,0,1,1,0,0,0
ANKUB1,0,0,0,0,0,0,0,1,1,0
FKBP8,0,0,1,1,0,1,1,0,0,0
LINC01143,0,0,0,0,0,0,0,1,1,0
FAM41C,0,0,1,1,0,0,0,0,0,0
EMG1,0,0,1,1,0,0,0,1,1,0
LEXM,0,1,1,0,0,0,0,0,0,0
COQ5,0,0,0,0,0,1,1,0,0,0
SPIN3,0,0,0,0,0,0,0,1,1,0
PRDX3,0,0,1,1,0,1,1,0,0,0
PDRG1,0,1,1,0,0,0,0,1,1,0
MAMDC2,0,1,1,1,0,0,0,1,1,0
SNRNP70,0,0,1,1,0,0,0,0,0,0
FNBP4,0,0,1,1,0,0,0,0,1,0
ZNF582,0,0,1,1,0,0,0,0,0,0
PRDM14,0,0,0,0,0,0,0,1,1,0
LINC01226,0,1,1,0,0,0,0,0,0,0
KSR1,0,1,1,0,0,0,0,0,0,0
PPWD1,0,0,1,1,0,0,0,0,0,0
MRPS14,0,0,0,0,0,1,1,0,0,0
ZNF497,0,0,0,0,0,0,0,1,1,0
KCNK12,0,0,0,0,0,1,1,0,0,0
GPR135,0,0,0,0,0,0,0,1,1,0
NOP14,0,0,0,0,0,0,0,1,1,0
RLN2,0,0,0,0,0,0,0,1,0,0
MEGF11,0,1,1,1,0,0,0,0,0,0
ARPC4,0,0,1,1,0,0,0,0,0,0
PMVK,0,0,1,1,0,1,1,0,0,0
CDCA3,0,1,1,1,0,1,1,1,1,0
PAF1,0,0,1,1,0,0,0,0,0,0
TSR2,0,0,1,1,0,0,0,0,0,0
PLEKHA1,0,0,1,0,0,0,0,0,0,0
TRAM1,0,0,1,1,0,1,1,0,0,0
TRMT2A,0,0,0,0,0,1,1,0,0,0
SPIN2A,0,0,0,0,0,0,0,1,1,0
PTPRC,0,0,1,1,0,0,0,0,0,0
NMRK2,0,1,1,0,0,0,0,0,0,0
ZNF295-AS1,0,0,0,0,0,0,0,1,1,0
NARF,0,0,1,1,0,1,1,0,0,0
GPR141,0,0,0,0,0,0,0,1,1,0
TNN,0,0,0,0,0,0,0,1,1,0
HCCS,0,0,0,0,0,1,1,1,1,0
EPHB4,0,1,1,1,0,0,0,0,0,0
ACSF2,0,0,0,0,0,1,1,0,0,0
PGAM5,0,0,0,0,0,0,0,1,1,0
COA3,0,0,1,1,0,0,0,0,0,0
CDC20,0,0,1,1,0,1,1,0,0,0
UAP1,0,0,0,0,0,1,1,0,0,0
CAB39L,1,0,0,0,0,0,0,1,1,0
TVP23C,0,0,0,0,0,0,0,1,1,0
IGHV4-28,0,1,1,1,0,0,0,1,1,0
MEIKIN,0,0,0,0,0,0,0,1,1,0
HLCS,1,1,1,0,0,0,0,0,0,0
ZRANB2,0,0,1,1,0,0,0,0,0,0
FAM207A,0,0,1,1,0,1,1,1,1,0
AC097713.3,0,1,1,1,0,0,0,0,0,0
VPS53,0,0,1,1,0,0,0,0,0,0
PHF21A,0,0,1,1,0,0,0,0,0,0
GPR160,0,0,0,0,0,0,0,1,1,0
FAM118A,0,0,1,1,0,0,0,1,1,0
POLG,0,0,1,1,0,0,0,1,1,0
EFCAB2,0,0,1,1,0,0,0,1,1,0
SEMA3E,0,1,1,0,0,0,0,1,1,0
CLVS1,0,1,1,0,0,0,0,1,1,0
TIAL1,0,0,1,1,0,0,0,0,0,0
SLC4A9,0,1,1,1,0,0,0,0,0,0
APTX,0,0,0,0,0,0,0,1,1,0
WNK4,0,1,1,1,0,0,0,0,0,0
MAP6,0,1,1,0,0,0,0,0,0,0
USP42,0,0,1,0,0,0,0,0,0,0
ARVCF,0,1,1,0,0,0,0,0,0,0
RHPN1,0,1,1,0,0,0,0,0,0,0
NME5,0,0,1,1,0,0,0,0,1,0
NRP1,0,0,1,1,0,0,0,1,1,0
ZNF33B,0,0,1,1,0,0,0,0,0,0
SMARCE1,1,0,1,1,0,0,0,0,0,0
PRORY,0,0,0,0,0,0,0,1,1,0
HERC4,0,0,1,1,0,0,0,0,0,0
CD300C,0,0,1,1,0,0,0,1,1,0
NBEAL1,0,0,0,0,0,0,0,1,1,0
ERP29,0,0,1,0,0,0,0,0,0,0
BET1,0,0,0,0,0,0,0,1,1,0
BRD2,0,0,1,1,0,0,0,0,0,0
AC020743.2,0,0,0,0,0,0,0,1,1,0
TIMM8A,0,0,0,0,0,0,0,1,1,0
ZDHHC13,0,0,1,0,0,0,0,0,0,0
MRPL48,0,0,0,0,0,1,1,0,0,0
ENO3,0,0,0,0,0,0,0,1,1,0
ZFP69,0,0,0,0,0,0,0,1,1,0
TALDO1,0,0,1,1,0,1,1,0,1,0
HAUS4,1,0,0,0,0,0,0,1,1,0
ZNF667,0,0,0,0,0,0,0,1,1,0
NLRP8,0,1,1,0,0,0,0,1,1,0
ACSM3,0,1,1,0,0,0,0,0,0,0
OSBPL11,0,0,1,1,0,0,0,0,0,0
ALPK1,0,0,0,0,0,0,0,1,1,0
UPF3B,1,0,1,1,0,0,0,0,0,0
RAB40C,0,1,1,0,0,0,0,0,0,0
TULP1,0,0,0,0,0,0,0,1,1,0
HOXB4,0,1,1,0,0,0,0,1,1,0
CCL17,0,1,1,0,0,0,0,1,1,0
CCDC168,0,0,0,0,0,1,1,0,0,0
FAM91A1,0,0,1,1,0,0,0,0,0,0
CCL16,0,0,0,0,0,0,0,1,1,0
RBM46,0,0,0,0,0,0,0,1,1,0
TREM2,0,0,0,0,0,0,0,1,1,0
MAMDC4,0,0,0,0,0,0,0,1,1,0
ACVRL1,0,0,0,0,0,0,0,1,1,0
RAMP1,0,0,1,1,0,0,0,1,1,0
SCARA5,0,0,1,1,0,0,0,0,1,0
COL24A1,0,1,1,0,0,0,0,0,0,0
NRSN2,0,1,1,0,0,0,0,0,0,0
NRDE2,1,0,1,1,0,0,0,0,0,0
BEST2,0,1,1,0,0,0,0,0,0,0
LASP1,0,0,1,1,0,0,0,0,0,0
CYFIP2,0,0,1,1,0,0,0,0,0,0
KCNIP1,0,0,1,1,0,0,0,0,0,0
MED13L,0,0,1,1,0,0,0,0,0,0
IFT57,0,0,1,1,0,0,0,0,0,0
FAM120AOS,0,0,1,1,0,0,0,0,0,0
CPTP,0,0,0,0,0,1,1,0,0,0
LINGO2,0,1,1,1,0,0,0,0,0,0
FILIP1L,0,0,0,0,0,0,0,1,1,0
C16orf71,0,0,0,0,0,0,0,1,1,0
UNC13C,0,0,0,0,0,0,0,1,0,0
ZNF471,0,0,0,0,0,0,0,1,1,0
ZP3,0,0,0,0,0,1,1,1,1,0
SMC3,0,0,1,1,0,0,0,1,1,0
WNK3,0,0,1,1,0,0,0,0,0,0
SNX13,1,0,1,1,0,0,0,0,0,0
NLRP3,0,0,1,1,0,0,0,0,0,0
DLX6,0,1,1,0,0,0,0,0,0,0
FGB,0,0,0,0,0,0,0,1,1,0
NPIPA5,0,1,1,1,0,1,1,1,1,0
MKRN3,0,0,0,0,0,0,0,1,1,0
KRT10,0,0,0,0,1,1,0,0,0,0
TRBV4-2,0,1,1,0,0,0,0,0,0,0
TCF4-AS2,0,1,1,0,0,0,0,0,0,0
LAT,0,0,1,1,0,0,0,0,0,0
VDAC1,0,0,1,1,0,1,1,0,0,0
CRADD,0,0,0,0,0,0,0,1,1,0
DGKQ,0,1,1,0,0,0,0,0,0,0
SCCPDH,0,0,1,1,0,0,0,1,1,0
ASXL2,0,0,1,1,0,0,0,0,0,0
PP2D1,0,1,1,0,0,0,0,0,0,0
FAM98A,0,1,1,0,0,1,1,1,1,0
ASCC2,0,0,1,1,0,0,0,1,1,0
HAVCR2,0,0,1,0,0,0,0,0,0,0
GOLGA8R,0,0,0,0,0,0,0,1,1,0
FEZ1,1,0,0,0,0,0,0,1,1,0
CCNH,0,1,1,0,0,0,0,0,0,0
PSKH1,0,1,1,0,0,0,0,1,1,0
PSMD5,0,0,0,0,0,0,0,1,1,0
EIF4E3,0,1,1,0,0,0,0,0,0,0
SLC39A7,0,0,0,0,0,1,1,1,1,0
B4GALT6,0,1,1,0,0,0,0,0,0,0
C5,0,0,1,0,0,0,0,1,1,0
PLSCR1,0,0,1,1,0,0,0,1,1,0
NTN5,0,0,0,0,0,0,0,1,1,0
ZNF366,0,1,1,0,0,0,0,0,0,0
TMC3,0,0,0,0,0,0,0,1,1,0
FOXC2,0,1,1,1,0,0,0,0,1,0
G3BP1,0,0,1,1,0,0,0,0,0,0
RPE65,0,1,1,1,0,0,0,0,0,0
TSKS,0,1,1,0,0,0,0,0,0,0
GPR35,0,0,0,0,0,0,0,1,1,0
DAPK1,0,0,1,1,0,0,0,0,0,0
FBXW7,0,0,1,1,0,1,1,1,1,0
GNGT2,0,0,1,0,0,0,0,0,0,0
CLN8,1,0,0,0,0,0,0,1,1,0
GHRL,0,0,0,0,0,0,0,1,1,0
PUS7,1,1,1,0,0,0,0,0,0,0
LY86-AS1,0,0,0,0,0,0,0,1,1,0
MTCH2,0,0,1,1,0,1,1,0,0,0
NUP58,0,1,1,0,0,0,0,0,0,0
RPS27,0,1,1,1,0,0,0,1,1,0
SMAD9,0,0,0,0,0,0,0,1,1,0
MYEOV,0,0,0,0,0,1,1,1,1,0
FAM160B2,0,1,1,0,0,0,0,0,0,0
ARHGEF6,1,0,1,1,0,0,0,0,0,0
CLOCK,0,0,1,1,0,0,0,0,0,0
CYP51A1,0,0,0,0,0,0,0,0,1,0
TCEAL6,0,0,0,0,0,0,0,1,1,0
RRBP1,0,0,1,1,0,1,1,0,0,0
STMN3,0,0,1,1,0,0,0,1,1,0
HPGDS,0,0,0,0,0,0,0,1,1,0
LINC00551,0,1,1,0,0,0,0,0,0,0
FAM160A1,0,0,0,0,0,0,0,1,1,0
FBXO45,0,0,1,1,0,0,0,0,0,0
TMEM164,0,0,1,1,0,0,0,1,0,0
SFTPC,0,1,1,0,0,0,0,0,0,0
PDCD6,0,0,1,1,0,0,0,0,1,0
AP5B1,0,1,1,0,0,0,0,0,0,0
ATP6V1H,0,0,1,1,0,0,0,1,1,0
PCDH12,0,0,1,1,0,0,0,1,1,0
TBX6,0,0,0,0,0,0,0,1,1,0
UBE2G1,0,0,1,1,0,1,1,0,0,0
CX3CR1,0,0,1,0,0,0,0,0,0,0
SOBP,0,1,1,0,0,0,0,0,0,0
LY6E,1,0,0,0,0,0,0,0,0,0
C1orf127,0,1,1,0,0,0,0,0,0,0
DLGAP4-AS1,0,0,0,0,0,0,0,1,1,0
WDR11,0,0,1,1,0,0,0,0,0,0
SMO,0,0,1,1,0,0,0,0,0,0
PXN,0,0,0,0,0,0,0,1,1,0
NDUFA13,0,0,0,0,0,1,1,0,1,0
TMC7,0,0,0,0,0,0,0,1,1,0
DNAJC9-AS1,0,1,1,0,0,0,0,0,0,0
P3H1,0,0,0,0,0,0,0,1,1,0
DYSF,0,0,0,0,0,0,0,1,1,0
LINC01471,0,1,1,0,0,0,0,0,0,0
ORMDL3,0,0,1,1,0,0,0,0,0,0
MRPL37,0,0,1,1,0,1,1,1,1,0
SLC25A25,0,0,1,1,0,0,0,0,0,0
AEBP2,0,0,1,1,0,0,0,0,0,0
MYL12B,0,0,1,1,0,0,0,0,1,0
MS4A3,0,0,0,0,0,0,0,0,1,0
SECISBP2L,0,0,1,1,0,0,0,0,0,0
MIXL1,0,1,1,1,0,1,1,1,1,0
ATG101,0,0,1,1,0,0,0,0,0,0
KLHL32,0,0,0,0,0,0,0,1,1,0
OR2A5,0,1,1,0,0,0,0,0,0,0
GRAPL,0,0,0,0,0,0,0,1,1,0
ENOX1-AS1,0,0,0,0,0,0,0,1,1,0
TRPV5,0,0,0,0,0,0,0,1,1,0
ALDH7A1,0,0,0,0,0,0,0,1,1,0
C14orf132,1,1,1,0,0,0,0,0,0,0
TCHH,0,0,1,1,0,0,0,1,1,0
GTF3C3,0,1,1,0,0,0,0,0,0,0
SOX13,0,0,0,0,0,0,0,1,1,0
MESP1,0,0,0,0,0,1,1,1,1,0
HNRNPUL1,0,0,1,1,0,0,0,0,0,0
TRIL,0,0,0,0,0,0,0,1,1,0
NEBL,0,0,1,1,0,0,0,0,1,0
NR1I3,0,1,1,0,0,0,0,0,0,0
ZNF277,0,0,1,0,0,0,0,0,0,0
SLC8B1,0,0,1,0,0,0,0,0,0,0
TNFRSF17,0,1,1,0,0,1,1,1,1,0
TNFAIP2,0,0,1,1,0,0,0,1,1,0
SNRPB2,0,0,1,1,0,0,0,0,1,0
KRT25,0,1,1,0,0,0,0,1,1,0
DCDC2,0,1,1,0,0,0,0,0,0,0
CBWD1,0,0,1,1,0,0,0,0,0,0
CHCHD5,0,0,0,0,0,1,1,1,1,0
LRRC39,0,0,1,1,0,0,0,0,0,0
PANX3,0,0,0,0,0,0,0,1,1,0
B3GALT2,1,0,0,0,0,0,0,1,1,0
ATAD2,0,0,1,1,0,0,0,0,0,0
PTGDR,0,0,1,1,0,0,0,0,0,0
C19orf48,0,0,0,0,0,0,0,1,1,0
OXT,0,1,1,0,0,0,0,0,0,0
MAVS,0,0,1,1,0,0,0,0,0,0
RUSC1-AS1,0,0,1,0,0,0,0,0,0,0
DNAJC2,0,0,1,1,0,0,0,0,0,0
RNF122,0,0,0,0,0,0,0,1,1,0
PDE5A,0,1,1,0,0,0,0,0,0,0
WDHD1,0,0,0,0,0,1,1,1,1,0
RMDN1,0,0,0,0,0,1,1,0,0,0
ZBED9,0,1,1,1,0,0,0,0,0,0
ZDHHC2,0,0,0,0,0,0,0,1,1,0
PPIG,0,0,1,1,0,0,0,0,0,0
GUCA2A,0,1,1,0,0,0,0,0,0,0
PI4K2A,0,0,1,1,0,0,0,0,0,0
MRPS26,0,0,1,1,0,1,1,0,0,0
MIR2052HG,0,1,1,0,0,0,0,0,0,0
ZDBF2,0,0,1,1,0,0,0,0,0,0
COX7C,0,0,1,1,0,0,0,0,1,0
TM4SF20,0,0,0,0,0,0,0,1,1,0
FCER1G,0,0,1,1,0,0,0,0,0,0
MOGS,0,0,1,1,0,1,1,1,1,0
ALOX15,0,0,0,0,0,0,0,1,1,0
VPS52,0,1,1,1,0,0,0,0,0,0
GLIPR2,0,1,1,0,0,0,0,0,0,0
PLCXD2,0,1,1,0,0,0,0,1,1,0
RNGTT,0,0,0,0,0,0,0,1,1,0
TMUB1,0,0,0,0,0,1,1,1,1,0
BANF1,0,0,1,1,0,1,1,0,0,0
MTO1,0,0,1,0,0,0,0,0,0,0
ST7-AS2,0,0,0,0,0,0,0,1,1,0
ZNF385C,0,1,1,0,0,0,0,1,1,0
AXIN1,0,0,0,0,0,0,0,1,1,0
ESRP1,0,0,0,0,0,0,0,1,1,0
SF3B5,0,0,1,1,0,1,1,0,1,0
MAZ,0,0,0,0,0,1,1,0,0,0
UNC50,1,0,1,1,0,1,1,0,0,0
TMEM161B,0,0,1,1,0,0,0,1,1,0
ILDR2,0,1,1,0,0,0,0,1,1,0
FRMPD1,0,1,1,0,0,0,0,0,0,0
BMP7,0,0,0,0,0,0,0,1,1,0
NAGS,0,0,0,0,0,1,1,0,0,0
MRPL51,0,0,1,1,0,1,1,0,1,0
DPYD-AS2,0,1,1,1,0,0,0,1,1,0
SOGA1,0,0,1,1,0,0,0,1,1,0
GPR75,0,0,0,0,0,0,0,1,0,0
SMIM10L1,0,0,1,1,0,0,0,0,0,0
MAPKBP1,0,0,0,0,0,0,0,1,1,0
NME3,1,0,1,1,0,0,0,1,1,0
BTBD7,0,0,1,1,0,0,0,1,1,0
PSMB2,0,0,1,1,0,1,1,0,1,0
MORF4L2,0,0,1,1,0,0,0,0,0,0
MTUS2-AS1,0,0,0,0,0,0,0,1,1,0
TKTL2,0,1,1,0,0,0,0,0,0,0
EMD,1,0,1,1,0,0,0,0,0,0
COL4A3,0,0,1,1,0,0,0,1,1,0
MRPL22,0,0,1,1,0,1,1,1,1,0
SSX2IP,1,0,0,0,0,0,0,0,0,0
KDM1B,0,0,1,1,0,0,0,0,0,0
CD151,1,0,1,1,0,0,0,0,0,0
ASIP,0,0,0,0,0,0,0,1,1,0
CPXM2,0,0,0,0,0,0,0,1,1,0
TSHR,0,1,1,0,0,1,1,0,0,0
ARHGEF9,0,0,1,1,0,0,0,0,0,0
RNF145,0,0,1,1,0,0,0,0,0,0
RGPD6,0,1,1,0,0,0,0,1,1,0
ACAD11,0,1,1,0,0,0,0,0,0,0
MSL1,0,0,1,1,0,0,0,0,0,0
IMP3,0,0,1,1,0,0,0,0,0,0
PRY,0,1,1,0,0,0,0,0,0,0
GPBP1L1,0,0,1,1,0,0,0,1,1,0
MALL,0,0,0,0,0,0,0,1,1,0
TWIST2,0,1,1,0,0,0,0,1,1,0
UCKL1,0,0,0,0,0,1,1,0,0,0
INPP5D,0,1,1,0,0,0,0,0,0,0
EAF1-AS1,0,1,1,0,0,0,0,0,0,0
SLC25A41,0,0,0,0,0,0,0,1,1,0
GDF6,0,0,0,0,0,0,0,1,1,0
GPLD1,0,0,0,0,0,1,1,0,0,0
NUP188,0,0,0,0,0,0,0,1,1,0
FGF13-AS1,0,1,1,0,0,0,0,0,0,0
DSP,0,0,0,0,0,1,1,1,1,0
UNC45A,0,0,1,1,0,0,0,0,0,0
PDCD7,0,0,1,1,0,0,0,1,1,0
HSPA4L,0,0,1,1,0,0,0,0,0,0
SNX27,0,0,1,1,0,0,0,1,1,0
TAS1R3,0,1,1,1,0,0,0,1,1,0
HMGCS1,0,0,1,1,0,0,0,0,0,0
SPDYE5,0,1,1,0,0,0,0,0,0,0
LINC00885,0,0,0,0,0,0,0,1,1,0
CSRNP1,0,0,1,0,0,0,0,1,1,0
LYPD2,0,0,1,1,0,0,0,1,1,0
HACD1,0,0,0,0,0,0,0,0,1,0
C4orf36,0,0,0,0,0,0,0,1,1,0
TAS2R43,0,1,1,0,0,0,0,0,0,0
CMTM8,0,1,1,0,0,0,0,0,0,0
COBLL1,1,0,1,1,0,0,0,0,0,0
GNB4,0,0,1,1,0,1,1,0,0,0
RBM3,0,0,1,1,0,0,0,0,0,0
RIOK1,0,0,1,1,0,0,0,0,0,0
FAM162A,0,0,1,1,0,0,0,0,0,0
GUSB,0,0,1,1,0,1,1,0,0,0
RBMX,0,0,1,1,0,0,0,0,0,0
PDGFB,0,1,1,0,0,0,0,0,0,0
CHGB,0,0,0,0,0,0,0,1,1,0
RASA1,0,0,1,1,0,0,0,0,0,0
YTHDF2,0,0,1,1,0,0,0,0,0,0
PDE10A,0,1,1,0,0,0,0,0,0,0
CBX8,0,0,0,0,0,0,0,1,1,0
TRIM33,0,0,1,1,0,0,0,1,1,0
SPACA7,0,1,1,0,0,0,0,0,0,0
FANCC,0,0,0,0,0,0,0,1,1,0
MSLN,0,0,1,1,0,0,0,1,1,0
DNAAF11,1,0,0,0,0,0,0,0,0,0
KRT31,0,1,1,0,0,0,0,0,0,0
ZC3HAV1,1,0,0,0,1,1,0,0,0,0
FAIM,0,0,0,0,0,1,1,0,0,0
HAVCR1,0,0,0,0,0,0,0,1,1,0
NCMAP,0,0,0,0,0,0,0,1,1,0
LMNB1,0,1,1,0,0,0,0,0,0,0
PRMT1,1,0,1,1,0,1,1,0,0,0
PIGW,0,1,1,1,0,0,0,0,0,0
CARD8,0,0,1,1,0,0,0,0,0,0
TSG101,0,0,1,1,0,0,0,0,0,0
PLBD1,0,0,0,0,1,1,0,1,1,0
C1GALT1C1L,0,0,0,0,0,0,0,1,0,0
TRBJ1-2,0,1,1,0,0,0,0,0,0,0
SPATA41,0,0,0,0,0,0,0,1,1,0
ST18,0,1,1,1,0,0,0,1,1,0
ELAPOR1,1,0,0,0,0,0,0,0,0,0
SYT5,0,0,0,0,0,0,0,1,1,0
TRAPPC8,0,1,1,0,0,0,0,0,0,0
COPZ1,0,0,1,1,0,1,1,0,1,0
JUP,0,0,1,1,0,0,0,1,1,0
STEAP2,0,0,0,0,0,0,0,1,1,0
DNTT,0,0,0,0,0,0,0,1,1,0
DNAJB13,0,1,1,0,0,0,0,0,0,0
FLRT2,0,1,1,0,0,0,0,1,1,0
CACUL1,0,0,1,1,0,0,0,0,0,0
CLN5,0,0,0,0,0,0,0,1,1,0
MTIF2,0,0,1,1,0,0,0,0,0,0
ZCCHC2,0,0,1,1,0,0,0,0,0,0
MEF2D,0,0,1,0,0,0,0,0,0,0
ZNF431,0,0,1,1,0,0,0,0,0,0
SLC35D1,0,0,0,0,0,0,0,1,1,0
TOX2,0,0,0,0,0,1,1,0,0,0
ZBTB20-AS3,0,0,0,0,1,1,0,0,0,0
WAPL,0,0,1,1,0,0,0,0,0,0
CIC,0,0,1,0,0,0,0,1,1,0
PPFIA3,0,1,1,1,0,0,0,0,0,0
MUC21,0,1,1,0,0,0,0,0,0,0
EPHA1,1,0,0,0,0,0,0,0,0,0
MS4A10,0,1,1,0,0,0,0,1,1,0
JARID2,0,0,1,0,0,0,0,0,0,0
ZNF280D,0,0,1,1,0,0,0,0,0,0
LDHD,0,0,0,0,0,0,0,1,1,0
TBC1D12,0,0,1,1,0,1,1,1,1,0
SLC9B1,0,0,0,0,0,0,0,1,1,0
RBMX2,0,0,1,0,0,0,0,0,0,0
ROBO1,0,0,0,0,0,0,0,1,1,0
CTNNBL1,0,0,1,1,0,0,0,0,0,0
SLC25A18,0,1,1,0,0,0,0,1,1,0
HLA-DRA,0,0,1,0,0,0,0,1,1,0
STXBP4,0,1,1,0,0,0,0,0,0,0
BARX2,0,1,1,0,0,0,0,0,0,0
PARD6B,0,0,0,0,0,0,0,1,1,0
SLC22A4,0,1,1,0,0,0,0,1,1,0
TCAF1,0,0,1,1,0,0,0,0,0,0
UBE2V2,0,0,1,1,0,0,0,0,0,0
DCDC1,0,0,0,0,0,0,0,1,1,0
TAX1BP1,1,0,1,1,0,0,0,0,0,0
SWT1,0,1,1,1,0,0,0,0,0,0
AC104024.1,0,0,0,0,0,0,0,1,1,0
SLC23A2,0,0,0,0,0,0,0,1,1,0
CDK19,0,0,1,1,0,0,0,0,0,0
OLIG2,0,1,1,0,0,0,0,0,0,0
TMPRSS5,0,0,0,0,0,0,0,1,1,0
UFM1,0,0,1,1,0,1,1,0,0,0
IQGAP2,0,0,1,1,0,0,0,0,0,0
CHRD,0,1,1,0,0,0,0,0,0,0
ZNF749,0,0,0,0,0,0,0,1,1,0
RBL1,0,1,1,1,0,0,0,0,0,0
LACC1,0,1,1,0,0,0,0,0,0,0
MRPS22,0,1,1,0,0,1,1,0,0,0
MRPS9,0,0,0,0,0,1,1,0,0,0
IL17RD,0,0,0,0,0,0,0,1,1,0
IGKV3D-20,0,0,0,0,0,1,1,1,1,0
CCNE1,1,0,0,0,0,1,1,1,1,0
PCAT19,0,0,0,0,0,0,0,1,1,0
SAP30,0,0,0,0,0,0,0,1,1,0
ANXA4,0,0,0,0,0,1,1,0,0,0
CHST15,0,1,1,1,0,1,1,1,1,0
IGHV3OR16-9,0,0,0,0,0,1,1,0,0,0
SDCCAG8,0,0,1,1,0,0,0,0,0,0
NPM2,0,0,0,0,0,0,0,1,0,0
MOBP,0,1,1,0,0,0,0,0,0,0
PPME1,0,0,1,1,0,0,0,1,1,0
TEX41,0,0,0,0,0,0,0,1,1,0
KREMEN2,0,0,0,0,0,1,1,0,0,0
ETV1,0,0,1,1,0,0,0,1,1,0
EIF2AK1,0,0,1,1,0,0,0,1,1,0
GNPTG,0,0,1,1,0,0,0,0,0,0
BSCL2,0,0,0,0,0,1,1,1,1,0
TBCK,0,0,0,0,0,0,0,1,0,0
ADCY3,0,0,1,1,0,0,0,0,0,0
FGF2,0,1,1,0,0,0,0,0,0,0
ZNF706,0,1,1,1,0,1,1,0,0,0
KDM5D,0,0,0,0,0,0,0,1,1,0
PRIMPOL,0,0,1,1,0,0,0,0,0,0
STIMATE,1,0,0,0,0,0,0,0,0,0
PRUNE2,0,0,0,0,0,0,0,1,1,0
ZFPM2,0,0,0,0,0,0,0,1,1,0
MLIP-AS1,0,1,1,0,0,0,0,0,0,0
DHRS4L2,0,0,1,1,0,0,0,0,0,0
ARF4,0,0,1,1,0,1,1,0,0,0
SH2B3,0,1,1,1,0,0,0,0,0,0
RPL24,0,0,1,1,0,0,0,0,1,0
ROCK2,0,0,1,1,0,0,0,0,0,0
SCLT1,0,0,0,0,0,0,0,1,1,0
ACVR2A,0,0,1,1,0,0,0,0,0,0
MAPK11,0,0,0,0,0,0,0,1,1,0
IL2,0,0,0,0,0,0,0,1,1,0
LINC00678,0,1,1,0,0,0,0,1,1,0
TRDJ3,0,1,1,0,0,0,0,0,0,0
CPSF3,0,1,1,0,0,0,0,0,0,0
GOLGA8Q,0,1,1,0,0,0,0,1,1,0
OR1L3,0,1,1,1,0,0,0,0,0,0
INSL3,0,1,1,0,0,0,0,0,0,0
ELMOD3,0,0,1,1,0,0,0,0,0,0
KIF5A,0,1,1,0,0,0,0,0,0,0
VEZF1,0,0,1,1,0,0,0,0,0,0
APLP2,0,1,1,1,1,1,1,1,1,1
SDC3,0,0,1,1,0,0,0,1,1,0
TRBVB,0,0,1,0,0,0,0,1,1,0
TBCB,0,0,1,1,0,1,1,0,1,0
CDC16,0,0,1,1,0,1,1,1,1,0
C1orf61,0,1,1,0,0,0,0,0,0,0
LEPROTL1,0,0,1,0,0,0,0,0,0,0
PCDHB1,0,0,0,0,0,0,0,1,1,0
WDR33,0,0,1,1,0,0,0,0,0,0
IGHV3-62,0,0,0,0,0,1,1,0,0,0
SPTA1,0,0,0,0,0,0,0,1,1,0
CUL4B,1,0,0,0,0,0,0,0,0,0
SSNA1,0,0,1,1,0,1,1,0,0,0
CARS-AS1,0,1,1,1,0,0,0,0,0,0
SFT2D2,0,0,1,1,0,0,0,0,0,0
LINC00536,0,1,1,0,0,0,0,1,1,0
KIF22,0,0,0,0,0,1,1,0,0,0
ARL10,0,0,0,0,0,0,0,1,1,0
CFAP70,0,0,0,0,0,0,0,1,0,0
HAUS3,0,0,1,1,0,0,0,0,0,0
YKT6,0,0,1,0,0,0,0,0,0,0
KDM8,0,1,1,0,0,0,0,1,1,0
C2CD4B,0,1,1,0,0,0,0,0,0,0
RPSA,1,0,1,1,0,0,0,0,1,0
NKAPL,0,0,1,1,0,0,0,1,1,0
SMAP1,0,0,1,1,0,0,0,0,0,0
MFSD5,1,0,0,0,0,1,1,0,0,0
LIMCH1,0,0,0,0,0,0,0,1,1,0
HHLA1,0,1,1,0,0,0,0,1,1,0
NLRP2,0,1,1,0,0,0,0,0,0,0
KMT5B,0,0,1,1,0,0,0,1,1,0
EME2,0,0,0,0,0,0,0,1,1,0
RHOBTB3,0,0,0,0,0,0,0,1,1,0
BCAR3,0,0,0,0,0,1,1,0,0,0
SLC32A1,0,1,1,0,0,0,0,1,1,0
FKBP11,0,0,0,0,0,1,1,0,0,0
MTHFD1L,0,0,1,1,0,1,1,0,0,0
FMNL2,0,0,1,0,0,0,0,0,0,0
SYT14,0,0,0,0,0,0,0,1,1,0
AURKA,0,0,0,0,0,1,1,1,1,0
ENC1,0,0,0,0,0,0,0,1,1,0
DOCK1,0,1,1,0,0,0,0,1,1,0
PPFIA1,0,0,1,0,0,0,0,0,0,0
CDKN1A,0,0,1,1,0,0,0,0,0,0
PLCB2,0,0,1,1,0,0,0,0,0,0
RDH13,0,0,1,1,0,0,0,0,0,0
CENPN,0,0,0,0,0,1,1,0,0,0
SUPT6H,0,0,1,1,0,0,0,0,0,0
NCR3LG1,0,0,0,0,0,0,0,1,1,0
PTEN,0,0,1,1,0,0,0,0,0,0
TMEM249,0,1,1,0,0,0,0,0,0,0
ECHS1,0,0,1,1,0,1,1,0,0,0
SART1,0,1,1,0,0,0,0,0,0,0
SMAD7,0,0,0,0,0,0,0,1,1,0
CD1A,0,0,0,0,0,0,0,1,1,0
RAD54L,0,1,1,0,0,0,0,1,1,0
IGLV4-60,0,1,1,0,0,0,0,1,1,0
CCDC25,0,0,1,1,0,0,0,0,0,0
SPNS1,0,0,1,1,0,0,0,1,1,0
ARHGEF26,0,0,0,0,0,0,0,1,1,0
ERICH4,0,0,0,0,0,0,0,1,1,0
KCNJ2-AS1,0,0,0,0,0,0,0,1,1,0
FOXH1,0,0,0,0,0,0,0,1,1,0
PHIP,0,0,1,1,0,0,0,0,0,0
E2F8,0,0,0,0,0,1,1,1,1,0
KIF1C,0,0,1,1,0,1,1,1,0,0
SHCBP1,0,0,0,0,0,1,1,0,0,0
KLHDC8B,0,0,1,0,0,0,0,0,0,0
TOX,0,1,1,1,0,0,0,1,1,0
CD80,0,0,1,1,0,1,1,1,1,0
ABCG5,0,1,1,0,0,0,0,1,1,0
ZNF805,0,1,1,0,0,0,0,1,1,0
UBASH3A,0,0,1,1,0,0,0,0,0,0
PPFIBP2,1,0,0,0,0,0,0,0,0,0
RNASEL,0,0,0,0,0,0,0,1,1,0
TRPC3,0,0,1,1,0,0,0,1,1,0
PCNP,0,0,0,0,0,0,0,1,1,0
ACACA,0,0,1,1,0,0,0,0,0,0
AF186192.1,0,1,1,0,0,0,0,0,0,0
VTN,0,0,0,0,0,0,0,1,1,0
PDE6B,0,0,0,0,0,0,0,1,1,0
TIMM22,0,0,1,1,0,0,0,0,0,0
MCTP1,0,0,1,1,0,0,0,0,0,0
TRPM6,0,1,1,0,0,0,0,1,1,0
LINC01227,0,0,0,0,0,0,0,1,1,0
EIF4G1,1,0,1,1,0,1,1,1,1,0
WDR90,0,1,1,0,0,0,0,1,1,0
SLC35B2,0,0,1,1,0,1,1,0,0,0
TAS2R9,0,1,1,0,0,0,0,0,0,0
RRAS2,0,1,1,1,0,0,0,0,0,0
ZNF281,0,0,1,1,0,0,0,0,0,0
ATP10A,0,1,1,0,0,0,0,0,0,0
SLC7A5,0,0,1,1,0,0,0,1,1,0
CTSZ,0,0,0,0,0,1,0,0,0,0
KIF16B,0,0,1,1,0,0,0,1,1,0
SDK1,0,0,1,1,0,0,0,1,0,0
DEPDC4,0,1,1,0,0,0,0,0,0,0
HYI,0,0,0,0,0,1,1,0,0,0
STEAP1,0,0,0,0,0,1,1,0,0,0
RPL35A,0,0,1,1,0,0,0,0,1,0
C11orf98,0,0,0,0,0,0,0,1,1,0
GALR2,0,0,1,1,0,0,0,0,0,0
HECTD4,0,0,1,1,0,0,0,0,0,0
PLPPR3,0,0,0,0,0,0,0,1,1,0
ERC2,0,0,1,1,0,0,0,0,0,0
NUP107,0,0,1,1,0,0,0,0,0,0
SON,0,0,1,1,0,0,0,0,0,0
HSPBAP1,1,0,1,0,0,0,0,0,0,0
SET,0,0,0,0,0,0,0,1,1,0
NABP1,0,0,1,1,0,0,0,0,0,0
PIAS3,0,0,1,1,0,0,0,0,0,0
EDA,0,0,1,1,0,0,0,0,0,0
SMIM2-AS1,0,1,1,0,0,0,0,1,1,0
GDF7,0,1,1,0,0,0,0,0,0,0
ELK3,0,0,0,0,0,0,0,1,1,0
CLSTN2,0,1,1,0,0,0,0,1,1,0
SNX15,0,1,1,0,0,0,0,0,0,0
LDLR,0,1,1,0,0,1,1,0,0,0
HEMGN,0,1,1,0,0,0,0,1,1,0
PRIM2,0,0,0,0,0,0,0,1,1,0
CHAF1A,1,0,0,0,0,0,0,1,1,0
GGT1,0,1,1,1,0,0,0,0,0,0
KHSRP,0,0,1,1,0,0,0,0,0,0
TMBIM6,0,0,0,0,0,1,1,0,1,0
PLAC9,0,0,0,0,0,0,0,1,0,0
ENTPD1,0,0,0,0,0,0,0,1,1,0
SCG2,0,0,1,1,0,0,0,1,1,0
GXYLT2,0,0,1,1,0,0,0,0,1,0
ATF3,0,0,0,0,0,0,0,1,1,0
LRP11,0,0,0,0,0,0,0,1,1,0
CDC73,0,0,1,1,0,0,0,0,0,0
ZNF681,0,0,0,0,0,0,0,1,1,0
AQP3,1,0,0,0,0,1,1,0,0,0
SGTB,0,0,1,1,0,0,0,0,0,0
FAM214B,0,0,1,1,0,0,0,0,0,0
SV2B,0,1,1,0,0,0,0,1,1,0
VWC2L,0,0,0,0,0,0,0,1,1,0
RASA2,1,0,1,1,0,0,0,0,0,0
EGR3,0,0,1,0,0,0,0,1,1,0
AKNA,0,0,1,1,0,0,0,0,0,0
AKNAD1,0,0,0,0,0,1,1,1,1,0
SLC39A11,0,0,0,0,0,1,1,0,0,0
PLBD1-AS1,0,0,0,0,0,0,0,1,1,0
GATAD2B,0,0,1,1,0,0,0,0,0,0
RAD54L2,0,0,0,0,0,0,0,1,1,0
ADIPOQ-AS1,0,1,1,0,0,0,0,1,1,0
AC093382.1,0,0,0,0,0,0,0,1,1,0
ZWILCH,0,0,0,0,0,0,0,1,1,0
H2AFV,0,0,1,1,0,1,1,0,0,0
ADORA2A,0,1,1,1,0,0,0,0,0,0
TSEN34,0,0,1,1,0,0,0,1,1,0
ARX,0,0,0,0,0,0,0,1,1,0
AARS2,0,0,0,0,0,0,0,1,1,0
AMD1,0,0,1,1,0,0,0,0,0,0
ZMAT3,0,0,1,1,0,0,0,0,0,0
ZNF593,0,0,1,1,0,1,1,1,1,0
RAB3IL1,0,0,1,1,0,0,0,0,0,0
MAFB,0,0,1,0,0,0,0,0,0,0
WDR89,0,0,1,1,0,0,0,0,0,0
WNT6,0,0,0,0,0,0,0,1,1,0
PDGFA,0,0,0,0,0,1,0,0,0,0
PIEZO2,0,0,0,0,0,0,0,1,1,0
NFKBIB,0,0,1,1,0,0,0,0,0,0
TRAJ28,0,1,1,1,0,0,0,1,1,0
RITA1,0,1,1,0,0,1,1,1,1,0
CAPN9,0,1,1,0,0,0,0,1,1,0
TCF19,0,0,0,0,0,1,1,0,0,0
ACSS1,0,0,0,0,0,1,1,0,0,0
CASC4,0,0,1,1,0,0,0,0,0,0
LINC01136,0,0,0,0,0,0,0,1,1,0
EFCAB8,0,1,1,1,0,0,0,0,0,0
TMEM106C,0,0,0,0,0,1,1,1,1,0
TRBJ1-6,0,1,1,0,0,0,0,0,0,0
GLRX2,0,0,1,1,0,0,0,0,0,0
MFAP2,0,0,0,0,0,0,0,1,1,0
USP25,1,1,1,0,0,0,0,0,0,0
TRAK1,0,1,1,1,0,0,0,1,1,0
TBC1D26,0,1,1,0,0,0,0,1,1,0
TIFA,0,0,0,0,0,1,1,1,1,0
SLC35D2,0,0,0,0,0,0,0,1,1,0
ARMCX2,0,0,1,1,0,0,0,0,0,0
CATSPER4,0,0,0,0,0,0,0,1,1,0
PAFAH1B3,0,0,1,1,0,1,1,0,0,0
ANP32CP,1,0,0,0,0,0,0,0,0,0
PKN2,0,0,1,1,0,0,0,0,1,0
DHX29,0,0,1,1,0,0,0,0,0,0
PIK3CD,0,0,1,1,0,0,0,0,0,0
LINC00563,0,0,0,0,0,0,0,1,1,0
C9orf135,0,1,1,0,0,0,0,0,0,0
LINC01127,0,0,0,0,0,0,0,1,1,0
ACBD6,0,0,0,0,0,0,0,1,1,0
RAB5IF,1,0,0,0,0,0,0,0,0,0
LHFPL1,0,0,0,0,0,0,0,1,1,0
SENP5,0,0,0,0,0,0,0,1,1,0
RMDN2-AS1,0,1,1,0,0,0,0,1,1,0
TMEM132C,0,1,1,0,0,0,0,0,0,0
TXNDC11,0,0,0,0,0,1,1,0,0,0
SORBS2,0,0,0,0,0,1,1,0,0,0
LHB,0,1,1,0,0,0,0,0,0,0
MIR497HG,0,0,0,0,0,0,0,1,1,0
ARID4A,0,0,1,1,0,0,0,0,0,0
RIN2,0,0,1,1,0,0,0,1,1,0
GPSM3,0,0,1,1,0,0,0,1,1,0
RPL9,0,0,1,1,0,0,0,0,1,0
IDI1,0,0,0,0,0,0,0,0,1,0
PROS1,0,0,1,1,0,1,0,1,1,0
ICE2,0,0,1,1,0,0,0,0,0,0
COX17,0,1,1,0,0,0,0,1,1,0
SNAP29,0,0,1,1,0,0,0,1,1,0
PRR14,0,0,1,1,0,0,0,0,0,0
DRD3,0,1,1,0,0,0,0,1,1,0
RIPPLY3,0,0,0,0,0,0,0,1,1,0
IGHG4,0,1,1,0,0,1,1,1,1,0
GTF3C2,0,0,1,1,0,0,0,0,0,0
PC,0,0,1,1,0,0,0,0,0,0
LPIN3,0,0,0,0,0,0,0,1,1,0
CDCA2,0,0,0,0,0,1,1,1,1,0
EIF3A,1,0,1,1,0,0,0,0,0,0
PSMC6,0,0,1,1,0,0,0,0,0,0
RAB15,0,1,1,0,0,0,0,0,0,0
TRIM56,0,0,1,1,0,0,0,0,0,0
FTL,0,1,1,0,0,0,0,0,0,0
GABRR3,0,1,1,0,0,0,0,1,1,0
DYNC1LI1,0,0,1,1,0,0,0,0,0,0
DDX50,0,0,1,1,0,0,0,0,0,0
NPTXR,0,0,0,0,0,0,0,1,1,0
TRAJ37,0,0,0,0,0,0,0,1,1,0
DPH2,0,0,0,0,0,0,0,1,1,0
AL591806.1,0,1,1,0,0,0,0,1,1,0
KLRF2,0,0,0,0,0,0,0,1,1,0
ACER3,0,0,0,0,0,0,0,1,1,0
MZF1,0,0,0,0,0,0,0,1,1,0
NT5DC3,0,1,1,0,0,0,0,1,1,0
PIBF1,0,0,0,0,0,0,0,1,1,0
HVCN1,0,0,0,0,0,0,0,1,1,0
MRPL42,0,0,1,1,0,0,0,0,0,0
MRAS,0,0,0,0,0,0,0,0,1,0
RIPK1,0,0,1,1,0,0,0,1,1,0
GRK5,0,1,1,0,0,0,0,0,0,0
AIFM3,0,0,0,0,0,0,0,0,1,0
COL16A1,0,1,1,0,0,0,0,0,0,0
CD248,1,1,1,1,0,0,0,1,1,0
RGN,0,0,1,1,0,0,0,0,1,0
ILDR1,0,0,0,0,0,0,0,1,1,0
RAB3GAP2,0,0,1,1,0,0,0,0,0,0
KCNE2,0,1,1,0,0,0,0,0,0,0
AIMP1,0,0,1,1,0,0,0,0,0,0
RFTN2,0,0,0,0,0,0,0,1,1,0
FAM66E,0,1,1,0,0,0,0,0,0,0
VNN3,0,1,1,0,0,0,0,0,0,0
CD8A,0,1,1,1,0,0,0,0,1,0
FBXO17,0,1,1,0,0,0,0,1,1,0
FLT1,0,0,1,1,0,0,0,0,0,0
DHX40,1,0,0,0,0,0,0,0,0,0
LRRC74B,0,1,1,0,0,0,0,1,1,0
MAFTRR,0,1,1,0,0,0,0,0,0,0
LINC00240,0,1,1,0,0,0,0,1,1,0
RPS15,0,0,1,1,0,0,0,0,1,0
GABRE,0,0,0,0,0,0,0,1,0,0
RBAKDN,0,0,0,0,0,0,0,1,1,0
ATXN8OS,0,1,1,0,0,0,0,1,1,0
IL12B,0,0,1,0,0,0,0,1,1,0
NAA50,0,0,0,0,0,1,1,0,0,0
SCARNA9,0,0,0,0,0,0,0,1,1,0
EPB42,0,0,0,0,0,0,0,1,1,0
ATG4A,0,0,0,0,0,1,1,0,0,0
RHEB,0,0,1,1,0,0,0,0,0,0
VARS,0,0,0,0,0,1,1,1,1,0
HPS4,0,0,0,0,0,0,0,1,1,0
KLF15,0,0,0,0,0,0,0,1,1,0
CD81-AS1,0,0,0,0,0,0,0,1,1,0
SFPQ,0,0,1,1,0,0,0,1,1,0
CFAP99,0,1,1,0,0,0,0,0,0,0
RGS12,0,0,1,1,0,0,0,0,0,0
CUL4A,0,0,1,1,0,0,0,0,0,0
AC010745.2,0,1,1,0,0,0,0,0,0,0
RPA2,0,0,0,0,0,0,0,1,1,0
ABHD12B,0,0,0,0,0,0,0,1,1,0
FCHO2,0,0,1,1,0,0,0,0,0,0
FGL2,0,0,1,1,0,0,0,1,1,0
DUSP26,0,1,1,1,0,1,1,0,1,0
MTUS2,0,0,0,0,0,0,0,1,1,0
CPSF6,0,0,1,1,0,0,0,0,0,0
GFM1,0,0,1,1,0,0,0,0,0,0
ASB14,0,1,1,0,0,0,0,1,1,0
SLAMF8,0,0,0,0,0,0,0,1,1,0
LINC01426,0,0,0,0,0,0,0,1,1,0
C1QTNF9,0,0,0,0,0,0,0,1,1,0
JMJD7,0,0,0,0,0,0,0,1,1,0
PTPN18,0,0,1,0,0,0,0,0,0,0
MLST8,0,0,0,0,0,0,0,1,1,0
NKTR,1,0,1,1,0,0,0,0,1,0
CCDC90B,0,0,1,1,0,1,1,0,0,0
EPS8,0,0,1,1,0,0,0,0,0,0
OSBPL5,0,0,0,0,0,0,0,1,0,0
POLR2J3,0,0,1,1,0,0,0,0,0,0
DYNAP,0,0,1,1,0,0,0,0,0,0
TMEM59,0,0,1,1,0,1,1,1,1,0
RAB27A,1,0,0,0,0,0,0,0,0,0
TGM5,0,1,1,1,0,0,0,0,0,0
FLI1,0,0,1,1,0,0,0,0,0,0
IGHV1OR21-1,0,0,0,0,0,0,0,1,1,0
HIST2H2AC,0,0,1,1,0,0,0,0,0,0
C1orf143,0,1,1,0,0,0,0,0,0,0
COX7A1,0,0,1,1,0,0,0,0,1,0
C2CD3,0,0,0,0,0,0,0,1,1,0
H2BFS,0,1,1,0,0,0,0,0,0,0
ECM1,0,0,0,0,0,0,0,1,1,0
LCA5L,0,0,0,0,0,0,0,1,0,0
HOXB2,0,0,0,0,1,1,0,1,1,0
UBE2J1,0,0,0,0,0,1,1,0,0,0
LINC00964,0,0,0,0,0,0,0,1,1,0
BTNL9,0,1,1,0,0,0,0,0,0,0
DDX21,0,0,1,1,0,0,0,0,0,0
TLR1,0,0,1,1,0,0,0,0,0,0
SPON1,1,1,1,1,0,0,0,0,0,0
SOAT1,0,0,1,1,0,0,0,0,0,0
SEMA5B,0,1,1,1,0,0,0,0,0,0
PBDC1,0,0,1,1,0,1,1,0,0,0
ARFGAP1,0,0,1,1,0,0,0,1,1,0
NCKAP5,0,0,0,0,0,0,0,1,1,0
GPR84,0,0,0,0,0,0,0,1,0,0
ZMAT1,0,0,1,1,0,0,0,0,0,0
DGKG,0,0,0,0,0,1,1,1,1,0
ZNF620,0,0,0,0,0,0,0,1,1,0
TAF1D,0,0,1,1,0,0,0,0,0,0
HNRNPA1,0,0,0,0,0,0,0,0,1,0
BANF2,0,0,0,0,0,0,0,1,1,0
ZNF408,0,0,1,1,0,1,1,0,0,0
ZDHHC16,0,0,0,0,0,1,1,1,1,0
LINC00884,0,0,0,0,0,0,0,1,1,0
CLEC4E,0,0,0,0,0,0,0,1,1,0
GSDMA,0,0,0,0,0,0,0,1,1,0
MTRNR2L6,0,0,0,0,0,0,0,1,1,0
RLN1,0,1,1,0,0,0,0,0,0,0
DUSP4,0,1,1,1,0,0,0,1,1,0
SIRPB1,0,0,0,0,0,0,0,1,1,0
INTS3,0,0,0,0,1,1,0,0,0,0
PCCB,0,0,0,0,0,1,1,1,1,0
DIXDC1,0,0,0,0,0,0,0,1,1,0
SLC25A32,0,0,1,1,0,0,0,0,0,0
SLC9A3R2,0,1,1,1,0,0,0,1,1,0
SLC35B1,1,0,1,1,0,1,1,0,0,0
RAVER1,0,1,1,0,0,0,0,0,0,0
ZNF2,0,1,1,0,0,0,0,1,1,0
ICOSLG,0,0,1,1,0,0,0,0,0,0
FTMT,0,1,1,0,0,0,0,0,0,0
WDFY3-AS1,0,0,0,0,0,0,0,1,1,0
ADIPOR2,0,0,1,1,0,0,0,0,0,0
GINS2,0,0,1,1,0,1,1,0,0,0
THAP5,0,0,0,0,0,0,0,1,1,0
LAMTOR2,0,0,1,1,0,1,1,0,0,0
LINC01091,0,0,1,1,0,0,0,1,1,0
MGARP,0,0,0,0,0,0,0,1,1,0
LINC01180,0,0,0,0,0,0,0,1,1,0
NPHP4,0,0,1,0,0,0,0,0,0,0
ISOC1,0,0,0,0,0,1,1,0,0,0
CD3G,0,0,1,1,0,0,0,0,0,0
LINC01446,0,1,1,0,0,0,0,1,1,0
DEDD,1,0,0,0,0,0,0,0,0,0
AC234582.1,0,1,1,0,0,0,0,0,0,0
MOGAT3,0,1,1,0,0,0,0,1,1,0
VAV2,0,1,1,0,0,0,0,0,0,0
HDDC3,0,0,0,0,0,1,1,0,0,0
LIMD1-AS1,0,0,0,0,0,0,0,1,1,0
USP34,0,0,1,1,0,0,0,0,1,0
USP2,0,0,1,1,0,0,0,0,0,0
GAL3ST1,0,1,1,0,0,0,0,1,1,0
PLXDC2,0,0,1,1,0,0,0,0,1,0
SFT2D1,0,0,1,1,0,0,0,0,0,0
NOD2,1,0,1,1,0,0,0,0,0,0
GRID1,0,0,0,0,0,0,0,1,1,0
PGRMC2,0,0,0,0,0,1,1,1,0,0
TMEM241,0,0,0,0,0,0,0,1,1,0
AL358852.1,0,1,1,0,0,0,0,1,1,0
SEC63,0,0,1,1,0,1,1,1,1,0
FGF22,0,0,0,0,0,1,1,1,1,0
SLFNL1-AS1,0,0,0,0,0,0,0,1,1,0
PCDHB3,0,0,0,0,0,0,0,1,1,0
PCDHB15,0,1,1,0,0,0,0,1,1,0
ARHGEF1,0,0,1,1,0,0,0,0,0,0
ZNF135,1,0,0,0,0,0,0,0,0,0
MCM9,0,0,0,0,0,0,0,1,1,0
TRAJ57,0,0,0,0,0,0,0,1,1,0
CACNA1G-AS1,0,0,0,0,0,0,0,1,1,0
PLK5,0,0,0,0,0,0,0,1,1,0
UHRF1BP1,0,0,0,0,0,0,0,1,1,0
SRSF4,0,0,1,1,0,0,0,0,0,0
SLC2A3,0,0,1,1,0,0,0,1,1,0
RAP1GAP,0,0,0,0,0,0,0,1,1,0
HELZ,0,0,1,1,0,0,0,0,0,0
ST3GAL1,0,0,1,1,0,0,0,1,1,0
ANKRD1,0,1,1,0,0,0,0,0,0,0
ITLN1,0,0,0,0,0,0,0,1,1,0
SEC22C,0,0,1,1,0,0,0,0,0,0
LINC01415,0,0,0,0,0,1,1,0,0,0
TTYH1,0,0,0,0,0,0,0,1,1,0
MED24,1,0,0,0,0,0,0,0,0,0
ARL15,0,0,0,0,0,0,0,1,1,0
PPIAL4A,0,1,1,0,0,1,1,0,0,0
IGLV6-57,0,1,1,0,0,1,1,1,1,0
MAF,0,0,1,1,0,0,0,0,0,0
PRPF40A,0,0,1,1,0,0,0,0,0,0
RPF1,0,0,1,1,0,0,0,0,0,0
ACOT1,0,0,0,0,0,1,1,0,0,0
PABPC1L,0,1,1,0,0,0,0,1,1,0
ZNRD1,0,0,0,0,0,0,0,0,1,0
MARCH5,0,0,1,1,0,1,1,0,0,0
SYN3,0,1,1,0,0,1,1,1,1,0
TMEM252,0,1,1,0,0,0,0,0,0,0
CHCHD3,0,0,1,1,0,1,1,0,0,0
GOLGA8M,0,1,1,0,0,0,0,1,1,0
VWA8-AS1,0,1,1,0,0,0,0,0,0,0
PGAM1,0,0,1,1,0,1,1,0,1,0
CKAP2,0,0,1,1,0,0,0,0,0,0
SLC18B1,0,1,1,1,0,0,0,0,0,0
FCER2,0,0,1,1,1,1,1,1,1,1
LTBR,0,0,1,1,0,0,0,1,1,0
TCN2,0,1,1,0,0,0,0,1,1,0
FARP2,0,0,0,0,0,0,0,1,1,0
KLHL14,0,0,1,1,0,0,0,0,0,0
CDC45,0,0,0,0,0,1,1,0,0,0
TCP10,0,0,0,0,0,0,0,1,1,0
RBFA,0,0,1,1,0,1,1,0,0,0
FARS2,0,0,0,0,0,1,1,0,0,0
RSRC1,0,0,1,1,0,0,0,0,0,0
FRMD5,0,0,0,0,0,0,0,1,1,0
LGALS8,0,0,1,1,0,0,0,0,0,0
CXCL12,0,0,1,0,0,0,0,1,1,0
TPBGL,0,0,0,0,0,0,0,1,1,0
OC90,0,1,1,0,0,0,0,0,0,0
RAB33B,0,0,0,0,0,0,0,1,1,0
SEMA3G,0,1,1,0,0,0,0,0,0,0
IL32,1,0,1,1,0,0,0,0,0,0
HERC2,0,0,1,1,0,0,0,0,0,0
FAM117A,0,0,0,0,0,0,0,1,1,0
SETDB2,0,0,0,0,0,0,0,1,1,0
SUFU,0,0,0,0,0,0,0,1,1,0
CEP85L,0,0,1,1,0,0,0,0,0,0
SAPCD2,0,0,0,0,0,1,1,0,0,0
GCC2,0,0,1,1,0,0,0,0,0,0
SEMA5A,0,0,1,1,0,0,0,0,0,0
PCDH7,0,1,1,0,0,0,0,1,1,0
CCDC122,0,0,0,0,0,0,0,1,1,0
WEE2-AS1,0,0,0,0,0,0,0,1,1,0
MDM4,0,0,0,0,0,0,0,1,1,0
UBLCP1,0,0,1,0,0,0,0,0,0,0
TRPV4,0,0,0,0,0,0,0,1,1,0
AC090617.1,0,1,1,0,0,0,0,0,0,0
TOX4,0,0,1,1,0,0,0,0,0,0
RAB7A,0,0,1,1,0,0,0,1,1,0
SPTBN2,0,0,0,0,0,0,0,1,1,0
ZBTB26,0,0,0,0,0,0,0,1,1,0
MORN1,0,0,0,0,0,0,0,1,1,0
CHRNA4,0,1,1,0,0,0,0,0,0,0
KIAA1522,0,0,0,0,0,0,0,1,1,0
ANKDD1A,0,0,0,0,0,0,0,1,1,0
RSPH10B2,0,1,1,0,0,0,0,1,1,0
IFNAR2,0,0,1,1,0,1,1,0,0,0
SMC5-AS1,0,1,1,0,0,0,0,0,0,0
KCNK2,0,0,1,1,0,0,0,1,1,0
PLD4,0,0,0,0,0,0,0,1,1,0
SLC22A9,0,1,1,0,0,0,0,1,1,0
MISP,0,0,0,0,0,0,0,1,1,0
NIPAL4,0,1,1,0,0,0,0,1,1,0
PER3,0,0,1,1,0,0,0,0,0,0
PSMA6,0,0,0,0,0,1,1,0,1,0
ZNF473,1,0,0,0,0,0,0,0,0,0
NUDT5,0,0,1,1,0,1,1,0,1,0
BEAN1,0,0,0,0,0,0,0,1,1,0
NCBP2-AS1,0,0,0,0,0,0,0,1,1,0
TPM2,1,0,0,0,0,0,0,0,0,0
ZBED5,1,0,0,0,0,0,0,1,1,0
WDSUB1,0,1,1,0,0,0,0,0,0,0
HAAO,0,0,0,0,0,0,0,1,1,0
EIF4H,0,0,1,1,0,1,1,0,0,0
IGHJ1,0,1,1,0,0,0,0,0,0,0
CATSPERB,0,1,1,0,0,0,0,0,0,0
HMOX2,0,0,0,0,0,1,1,0,1,0
AJAP1,0,1,1,0,0,0,0,0,0,0
DEFA4,0,0,0,0,0,0,0,1,1,0
PSMD13,0,0,1,1,0,1,1,0,1,0
TSR3,0,0,0,0,0,1,1,0,0,0
ALDH4A1,0,0,0,0,0,0,0,1,1,0
HPS1,0,0,1,1,0,0,0,0,0,0
CWC15,0,0,1,1,0,0,0,0,0,0
P2RX7,0,0,1,1,0,0,0,1,1,0
GIPC1,0,0,0,0,0,0,0,1,1,0
R3HCC1,0,0,1,1,0,1,1,1,1,0
MEX3A,0,0,1,1,0,0,0,1,1,0
TAMM41,0,1,1,0,0,0,0,0,0,0
S100A10,1,0,0,0,0,0,0,0,0,0
FGF9,0,1,1,0,0,0,0,0,0,0
SRM,0,1,1,0,0,1,1,0,0,0
GABPA,0,0,1,1,0,0,0,1,1,0
HGSNAT,0,0,1,0,0,0,0,1,1,0
MCFD2,0,0,1,1,0,0,0,0,0,0
TMEM255A,0,0,0,0,0,0,0,1,1,0
GALNT16,0,0,0,0,0,0,0,1,1,0
PRKD1,0,0,0,0,0,0,0,1,1,0
ANXA1,0,0,0,0,0,0,0,1,1,0
AP2A2,0,1,1,1,0,0,0,0,0,0
FHAD1,0,0,0,0,0,0,0,1,1,0
ARIH1,0,0,1,1,0,0,0,0,0,0
NDUFB6,0,0,1,1,0,1,1,0,1,0
DNAH8,0,0,0,0,0,1,1,0,0,0
ZNF676,0,1,1,0,0,0,0,0,0,0
PSMA5,0,0,1,1,0,1,1,0,1,0
FAM87B,0,1,1,0,0,0,0,1,1,0
SURF4,0,0,1,0,0,1,1,0,0,0
TPK1,0,0,1,1,0,0,0,0,0,0
VAPA,1,0,1,1,0,0,0,0,0,0
NDUFAF2,0,0,0,0,0,0,0,1,1,0
FAM83E,0,1,1,1,0,0,0,0,0,0
SEC23B,0,0,0,0,0,1,1,0,0,0
SIX3,0,0,0,0,0,0,0,1,1,0
ASXL1,0,0,0,0,0,0,0,1,1,0
ICAM1,0,0,0,0,0,0,0,1,1,0
FOXO4,0,1,1,0,0,0,0,1,1,0
ATP8B4,0,1,1,1,0,0,0,1,1,0
TMED9,0,0,1,1,0,1,1,0,0,0
CGREF1,0,1,1,0,0,0,0,0,0,0
YPEL5,0,0,1,1,0,0,0,0,0,0
GLIS1,0,0,0,0,0,0,0,1,1,0
ACTL7B,0,1,1,0,0,0,0,0,0,0
LINC01443,0,1,1,0,0,0,0,1,1,0
GGTLC1,0,1,1,0,0,0,0,1,1,0
ANKRD33B,0,1,1,1,0,0,0,1,1,0
CLYBL-AS2,0,1,1,0,0,0,0,0,0,0
CPO,0,1,1,0,0,1,1,0,0,0
CLIC2,0,0,1,0,0,0,0,0,0,0
ADH5,0,0,0,0,0,1,1,0,1,0
GCSAML-AS1,0,1,1,1,0,0,0,0,0,0
ERAS,0,1,1,0,0,0,0,1,1,0
SENP1,0,0,0,0,0,0,0,1,1,0
AGO3,0,0,1,1,0,0,0,0,0,0
LPCAT4,0,0,0,0,0,1,1,0,0,0
FNTA,0,0,1,1,0,0,0,0,0,0
DHRS4-AS1,0,0,0,0,0,0,0,1,1,0
SERBP1,0,0,1,1,0,0,0,0,0,0
STRN,1,0,0,0,0,0,0,0,0,0
CCDC27,0,1,1,1,0,0,0,0,0,0
OPA1-AS1,0,1,1,0,0,0,0,1,1,0
TBK1,1,0,1,1,0,0,0,0,0,0
DIO2-AS1,0,0,0,0,0,0,0,1,1,0
GABBR1,0,0,1,1,0,0,0,0,0,0
LINC01281,0,1,1,0,0,0,0,0,0,0
MT-CYB,0,0,1,1,0,0,0,0,1,0
CAMK2N2,0,1,1,0,0,0,0,0,0,0
HMBS,0,0,0,0,0,1,1,1,1,0
PTENP1-AS,0,0,0,0,0,0,0,1,1,0
SLC25A46,0,1,1,1,0,0,0,0,0,0
MRPL3,0,0,1,1,0,0,0,0,0,0
KPNA3,0,0,1,1,0,1,1,0,0,0
GANC,0,0,0,0,0,0,0,1,1,0
FNDC5,0,1,1,0,0,1,1,1,1,0
TRBV7-5,0,1,1,0,0,0,0,0,0,0
NEIL3,0,0,0,0,0,0,0,1,1,0
ZNF429,0,0,1,1,0,0,0,0,0,0
TSPAN6,0,0,0,0,0,0,0,1,1,0
G6PD,0,0,1,1,0,0,0,0,0,0
SCARB2,0,0,1,1,0,1,1,1,1,0
FDPS,0,0,1,1,0,1,1,0,1,0
RPS10,0,1,1,1,0,0,0,0,1,0
TPD52,0,0,1,0,0,0,0,0,0,0
COL4A5,0,1,1,0,0,0,0,0,0,0
QPCT,0,0,0,0,0,0,0,1,1,0
MLXIPL,0,0,1,1,0,0,0,0,0,0
WDR74,0,0,1,1,0,0,0,0,0,0
GALNT8,0,1,1,0,0,0,0,0,0,0
PRKD2,0,1,1,0,0,1,1,0,0,0
ZFC3H1,0,0,1,1,0,0,0,0,1,0
TMEM98,0,0,0,0,0,0,0,1,1,0
NPIPA2,0,0,0,0,0,1,1,0,0,0
MYOC,0,0,0,0,0,0,0,0,1,0
SPATC1,0,0,0,0,0,0,0,1,1,0
ZNF781,0,1,1,0,0,0,0,0,0,0
DTNBP1,0,0,1,1,0,0,0,1,1,0
WTAP,1,0,0,0,0,0,0,0,0,0
NPIPA8,0,1,1,0,0,1,1,1,1,0
HNRNPH3,0,0,1,1,0,0,0,0,0,0
AJ239322.1,0,1,1,0,0,0,0,1,1,0
CCDC81,0,1,1,1,0,0,0,1,1,0
ACSM2B,0,1,1,0,0,0,0,1,1,0
IL3RA,0,1,1,1,0,0,0,1,1,0
POFUT1,0,1,1,0,0,0,0,1,1,0
NRSN1,0,0,0,0,0,0,0,1,1,0
ZNF546,0,1,1,0,0,0,0,1,1,0
KRTAP5-7,0,1,1,0,0,0,0,0,0,0
IGLV3-27,0,1,1,0,0,0,0,1,1,0
LINC00575,0,1,1,0,0,0,0,0,0,0
RAB39A,0,0,0,0,0,0,0,1,1,0
SOX5,0,0,1,1,0,1,1,1,1,0
RBM20,0,1,1,0,0,0,0,0,0,0
HID1,0,1,1,0,0,1,1,0,0,0
PELI2,0,0,1,1,0,0,0,0,0,0
ZNF524,0,0,1,0,0,0,0,1,1,0
SEC22A,0,0,0,0,0,0,0,1,0,0
RBMS3-AS2,0,0,0,0,0,0,0,1,1,0
CDCA7L,0,0,1,1,0,1,1,0,0,0
SHPRH,0,0,1,1,0,0,0,0,1,0
HAUS7,0,0,0,0,0,0,0,1,1,0
CNBD2,0,0,0,0,0,0,0,1,1,0
SNRPG,0,1,1,1,0,0,0,0,1,0
POLDIP2,0,0,1,1,0,1,1,0,0,0
C7,0,0,0,0,0,0,0,1,1,0
SH3BGRL2,0,1,1,0,0,1,0,0,0,0
TOP2A,0,0,1,1,0,1,1,1,1,0
TIGD4,0,0,0,0,0,0,0,1,1,0
CAPRIN1,1,0,1,1,0,0,0,0,0,0
GATA3-AS1,0,1,1,1,0,0,0,0,0,0
HES1,0,0,1,1,0,0,0,0,0,0
REEP5,1,0,1,1,0,1,1,1,1,0
ZIC2,0,1,1,1,0,0,0,0,1,0
PPP2CB,1,0,0,0,0,0,0,1,1,0
DISP2,0,1,1,0,0,0,0,1,1,0
MTX2,1,0,0,0,0,1,1,0,0,0
COL25A1,0,0,0,0,0,0,0,1,1,0
OR52K1,0,0,0,0,0,0,0,1,1,0
HEPACAM,0,0,0,0,0,0,0,1,1,0
MRPL47,0,0,1,1,0,1,1,0,1,0
RANBP2,0,0,1,1,0,0,0,0,0,0
DNAAF2,0,0,0,0,0,0,0,1,1,0
NCK1,0,0,1,1,0,0,0,1,1,0
CXXC4,1,1,1,0,0,0,0,0,0,0
GCH1,0,0,1,0,0,0,0,0,0,0
ZDHHC11,0,0,1,0,0,0,0,0,0,0
SLC52A1,0,0,0,0,0,0,0,1,1,0
ARMS2,0,0,0,0,0,0,0,1,1,0
RAB9A,0,0,1,1,0,0,0,0,0,0
SETD1A,0,1,1,0,0,0,0,0,0,0
DSCAML1,0,0,0,0,0,0,0,1,1,0
C2orf76,0,0,0,0,0,0,0,1,1,0
RSPH9,0,0,0,0,0,0,0,1,1,0
IRGQ,0,0,0,0,0,0,0,1,1,0
AP001412.1,0,1,1,1,0,0,0,1,1,0
RHOBTB2,0,0,0,0,0,1,1,1,1,0
NFE2,1,0,0,0,0,1,0,1,1,0
HTR2B,0,0,1,1,0,0,0,1,1,0
RHOJ,0,0,0,0,0,0,0,1,0,0
RGS7,0,1,1,1,0,0,0,1,1,0
KIAA1841,0,0,1,1,0,0,0,0,0,0
COL28A1,0,1,1,0,0,0,0,0,0,0
SRRM1,0,0,1,1,0,0,0,0,0,0
EFHD1,0,0,1,1,0,0,0,0,1,0
SERPINA11,0,0,0,0,0,0,0,1,1,0
ANKRD39,0,0,0,0,0,1,1,0,0,0
REG4,0,1,1,1,0,0,0,0,0,0
PLPP7,0,0,0,0,0,0,0,1,1,0
AC010907.2,0,1,1,0,0,0,0,0,0,0
PSENEN,0,0,1,1,0,1,1,0,0,0
AMIGO2,0,0,0,0,0,0,0,1,1,0
CCDC188,0,1,1,0,0,0,0,0,0,0
ZNF565,0,1,1,0,0,0,0,1,1,0
RALBP1,0,0,0,0,0,0,0,1,1,0
HBEGF,0,0,0,0,0,0,0,1,1,0
LRRC75B,0,1,1,0,0,0,0,0,0,0
CCT6B,1,0,0,0,0,0,0,1,1,0
RSU1,0,0,1,1,0,0,0,1,1,0
CACNG1,0,1,1,0,0,0,0,0,0,0
MBD2,0,0,1,1,0,0,0,1,1,0
ACRBP,0,0,0,0,0,1,0,0,0,0
TM7SF2,0,0,1,1,0,0,0,0,0,0
DACT3,0,0,0,0,0,0,0,1,1,0
ZRSR2,0,0,1,1,0,0,0,0,0,0
AGPAT5,0,0,0,0,1,1,1,0,0,1
AGAP6,0,0,0,0,0,0,0,1,1,0
PVR,0,0,1,1,0,0,0,0,0,0
SKA2,0,0,0,0,0,1,1,0,0,0
FCRL1,0,0,1,1,0,1,1,0,0,0
CYP2S1,0,0,0,0,0,0,0,1,1,0
SLC7A3,0,1,1,0,0,0,0,1,1,0
DST,0,0,1,1,0,0,0,1,1,0
ZNF610,0,1,1,1,0,0,0,0,0,0
FARP1-AS1,0,0,0,0,0,0,0,1,1,0
TERF2,0,0,0,0,0,1,1,1,1,0
MRPL12,0,0,1,1,0,1,1,0,0,0
ARID4B,0,0,1,1,0,0,0,0,0,0
CHST12,0,0,1,1,0,0,0,0,0,0
KLF8,0,0,0,0,0,0,0,1,0,0
BPHL,0,0,0,0,0,0,0,1,0,0
TM4SF1,0,0,1,1,0,0,0,1,1,0
MRPL9,0,0,1,1,0,1,1,0,0,0
BOD1L1,0,0,1,1,0,0,0,0,1,0
ZNF304,0,1,1,0,0,0,0,1,1,0
MAGEF1,0,0,1,1,0,0,0,0,0,0
STAT4,0,0,0,0,0,0,0,1,0,0
NDUFB5,0,0,1,1,0,1,1,0,0,0
SNTN,0,0,0,0,0,0,0,1,1,0
CAP1,0,0,1,1,0,0,0,0,0,0
CCHCR1,0,1,1,1,0,0,0,1,1,0
EML5,0,1,1,0,0,0,0,1,1,0
COX11,0,0,1,1,0,0,0,0,0,0
KIAA1257,0,1,1,0,0,0,0,0,0,0
PRSS33,0,0,0,0,0,0,0,1,1,0
PRCD,0,0,1,1,0,0,0,0,0,0
MRC1,0,0,1,1,0,0,0,0,0,0
COTL1,1,0,0,0,0,1,1,1,1,0
MAML3,0,0,0,0,0,0,0,1,1,0
C20orf96,0,0,0,0,0,1,1,0,0,0
STAMBPL1,0,0,0,0,1,1,1,0,0,1
HCG24,0,0,0,0,0,0,0,1,1,0
RPS5,0,0,1,1,0,0,0,0,1,0
SLC12A7,0,1,1,1,0,0,0,1,1,0
HIST1H3B,0,1,1,0,0,1,1,0,0,0
HOTTIP,0,1,1,0,0,0,0,1,0,0
CLDN5,0,0,0,0,0,1,0,0,0,0
ZBTB7C,0,1,1,0,0,0,0,1,1,0
MYL4,0,0,0,0,0,0,0,1,1,0
CSNK1G2-AS1,0,0,0,0,0,0,0,1,1,0
NT5M,0,1,1,0,0,0,0,0,0,0
TRMT12,0,0,0,0,0,0,0,1,1,0
OR52A1,0,1,1,1,0,0,0,0,0,0
ESAM,0,0,0,0,0,1,0,0,0,0
UGT2B15,0,1,1,0,0,0,0,0,0,0
ZNF583,0,1,1,0,0,0,0,0,0,0
OPTN,0,1,1,1,0,0,0,0,0,0
RAB18,0,0,1,1,0,0,0,0,0,0
TNFRSF12A,0,0,1,0,0,0,0,1,1,0
FLOT2,0,0,1,1,0,0,0,0,0,0
MRPL49,0,0,1,0,0,0,0,0,0,0
NET1,0,1,1,0,0,0,0,1,1,0
SAP30BP,0,0,1,0,0,0,0,0,0,0
ARHGDIG,0,0,0,0,0,0,0,1,1,0
CDK5RAP3,1,0,0,0,0,0,0,1,1,0
GABARAPL2,0,0,1,1,0,0,0,1,1,0
ITM2C,1,0,0,0,0,1,1,0,0,0
TMEM38A,0,0,0,0,0,0,0,1,1,0
RNF10,0,0,1,1,0,1,1,0,0,0
IRX5,0,0,1,1,0,0,0,0,0,0
LINC01503,0,0,0,0,0,0,0,0,1,0
TRAJ45,0,1,1,0,0,0,0,0,0,0
FXYD6,0,0,0,0,0,0,0,1,1,0
NCOA2,0,0,1,1,0,0,0,0,0,0
GLRA3,0,1,1,0,0,0,0,0,0,0
SLC24A5,0,0,0,0,0,0,0,1,1,0
PPP1R27,0,1,1,0,0,0,0,1,1,0
TMCO2,0,1,1,0,0,0,0,0,0,0
EXOC3L1,0,1,1,0,0,0,0,0,0,0
C2orf42,0,0,0,0,0,0,0,1,1,0
PDGFC,0,0,1,1,0,0,0,0,0,0
LPP,0,0,1,1,0,0,0,1,1,0
METRNL,0,1,1,0,0,0,0,1,1,0
TM2D2,0,0,1,0,0,0,0,0,0,0
PNCK,0,1,1,1,0,0,0,1,1,0
LINC00690,0,1,1,1,0,0,0,0,0,0
CLEC1A,0,1,1,0,0,0,0,0,0,0
PTGFRN,0,1,1,1,0,0,0,0,0,0
ADAM28,0,1,1,0,0,0,0,0,0,0
PHOSPHO2,0,0,0,0,0,0,0,1,1,0
VWA5A,1,0,0,0,0,0,0,0,0,0
TCN1,0,1,1,0,0,0,0,0,0,0
AASS,0,0,0,0,0,0,0,1,1,0
ASNS,0,0,0,0,0,1,1,1,1,0
LINC00592,0,0,0,0,0,0,0,1,1,0
SLC25A39,0,0,1,1,0,0,0,0,0,0
TRAJ5,0,1,1,1,0,0,0,1,1,0
ERP44,0,0,1,1,0,1,1,0,0,0
KIAA0319,0,0,0,0,0,0,0,1,1,0
EFHD2,0,0,1,1,0,0,0,0,0,0
MAN2C1,0,0,1,1,0,0,0,0,0,0
ZNF131,0,0,1,1,0,0,0,0,0,0
LPL,0,0,1,1,0,0,0,0,0,0
CFB,0,0,0,0,0,0,0,1,1,0
ARL6IP4,0,0,1,0,0,0,0,1,1,0
FGD6,0,0,1,0,0,0,0,0,0,0
CD302,0,0,1,1,0,0,0,1,1,0
CCDC28B,0,0,0,0,0,0,0,1,1,0
KLHDC9,0,0,0,0,0,0,0,1,1,0
DTD1,0,0,1,1,0,0,0,1,1,0
RASSF2,0,0,1,1,0,0,0,1,1,0
RPL26L1,0,0,0,0,0,1,1,1,1,0
CHAC1,0,1,1,0,0,1,1,0,0,0
RALGAPB,0,0,1,1,0,0,0,0,0,0
C8B,0,0,0,0,0,0,0,1,1,0
LSM7,0,0,0,0,0,0,0,0,1,0
KYNU,0,0,0,0,0,1,1,1,1,0
RHAG,0,1,1,0,0,0,0,0,0,0
OR2L2,0,1,1,0,0,0,0,0,0,0
CSRP3,0,0,0,0,0,0,0,1,1,0
SYNPO,0,0,0,0,0,1,1,0,0,0
GID4,0,0,0,0,0,0,0,1,1,0
WWC3-AS1,0,1,1,0,0,0,0,1,1,0
FBXO38,0,0,1,1,0,0,0,0,0,0
GJB2,0,1,1,1,0,0,0,0,1,0
KCNQ2,0,0,0,0,0,0,0,1,1,0
C15orf48,0,1,1,0,0,0,0,1,1,0
SPAG1,0,0,0,0,0,1,1,1,1,0
SFXN4,0,0,0,0,0,1,1,0,0,0
ZBTB43,0,0,1,1,0,0,0,0,0,0
KIF7,0,0,0,0,0,0,0,1,1,0
ADGRG6,0,0,1,1,0,0,0,1,1,0
TFCP2,1,0,1,1,0,0,0,0,0,0
HIST1H4B,0,1,1,1,0,0,0,1,1,0
TAF1,1,0,1,1,0,0,0,0,0,0
ZNF587,0,1,1,0,0,0,0,1,1,0
VSX2,0,1,1,0,0,0,0,0,0,0
UPK3A,1,0,0,0,0,0,0,0,0,0
TGM2,0,0,0,0,0,1,1,1,1,0
FAM174A,0,0,0,0,0,0,0,1,1,0
AP4E1,0,0,1,1,0,0,0,1,1,0
KLHDC2,0,0,1,0,0,0,0,0,0,0
PPIH,0,0,1,1,0,0,0,0,0,0
GRINA,0,1,1,1,0,0,0,0,0,0
TCERG1L,0,0,0,0,0,0,0,1,1,0
ERICH6B,0,1,1,1,0,0,0,0,0,0
TRBV21OR9-2,0,1,1,0,0,0,0,0,0,0
STX4,0,0,1,1,0,0,0,0,0,0
FAM53A,0,0,0,0,0,0,0,1,1,0
TNS1,0,0,1,1,0,0,0,0,0,0
C17orf77,0,0,0,0,0,0,0,1,1,0
GNG2,0,0,1,1,0,0,0,0,0,0
RYBP,0,0,1,1,0,0,0,0,0,0
LARS,0,0,1,1,0,0,0,0,0,0
RRNAD1,0,1,1,0,0,0,0,0,0,0
NDUFS7,0,0,1,1,0,1,1,0,1,0
ZNHIT1,0,0,1,1,0,1,1,0,0,0
TWF1,0,0,1,1,0,0,0,0,0,0
SBF1,0,0,1,1,0,0,0,0,0,0
HMG20B,0,0,1,1,0,0,0,0,0,0
TFAP2A-AS1,0,0,0,0,0,0,0,1,1,0
PGGT1B,0,0,1,1,0,0,0,0,0,0
LINC00895,0,1,1,0,0,0,0,1,0,0
KIF1B,0,0,1,1,0,0,0,0,0,0
IMPG1,0,1,1,0,0,0,0,1,1,0
COL1A1,0,0,0,0,0,0,0,1,1,0
TLL2,0,1,1,0,0,0,0,0,0,0
BCL2L13,0,0,1,1,0,0,0,0,0,0
SLC25A23,0,0,0,0,0,1,1,1,1,0
MAP2K7,0,0,1,0,0,0,0,1,1,0
ARRDC4,0,0,0,0,0,1,1,1,1,0
FRMD1,0,1,1,1,0,0,0,0,0,0
MAP2K5,0,0,1,0,0,0,0,1,1,0
ADAT2,0,0,0,0,0,0,0,1,1,0
SCARA3,0,0,0,0,0,0,0,1,1,0
PELI1,0,0,1,1,0,0,0,0,0,0
CASP2,0,0,1,1,0,0,0,0,0,0
XIAP,0,0,1,1,0,0,0,0,0,0
SERPINB2,0,1,1,0,0,0,0,0,0,0
PCDHGA5,0,0,0,0,0,0,0,1,1,0
GRTP1,0,0,0,0,0,0,0,1,1,0
TMIGD1,0,0,0,0,0,0,0,1,1,0
XACT,0,1,1,0,0,0,0,0,0,0
CMBL,0,0,0,0,0,0,0,1,1,0
ACBD5,0,0,0,0,0,0,0,1,1,0
DIP2B,0,0,1,1,0,0,0,0,0,0
AGT,0,1,1,0,0,0,0,0,0,0
ZNF32,0,0,1,1,0,0,0,0,0,0
CTDSP2,0,0,1,1,0,1,1,1,1,0
MFNG,0,0,1,0,0,0,0,0,0,0
CCDC107,0,0,1,1,0,0,0,0,0,0
ATP2C2,0,0,0,0,0,0,0,1,1,0
ZNF320,0,0,0,0,0,0,0,1,1,0
FAT3,0,1,1,0,0,0,0,0,0,0
ENPP7,0,1,1,0,0,1,1,1,1,0
XPR1,0,0,1,1,0,0,0,1,1,0
NIFK-AS1,0,1,1,0,0,0,0,0,0,0
ACP5,0,0,0,0,0,1,1,0,0,0
NDUFA2,0,0,1,1,0,1,1,0,1,0
LINC00992,0,1,1,0,0,0,0,1,1,0
EPHX3,0,0,1,1,1,1,1,1,1,1
RPN2,0,0,1,1,0,1,1,0,1,0
MCCC1-AS1,0,1,1,1,0,0,0,1,1,0
RNF8,0,0,1,0,0,0,0,1,1,0
CDK15,0,0,0,0,0,0,0,1,1,0
BCL2L12,0,1,1,0,0,1,1,1,1,0
EIF3H,1,0,1,0,0,0,0,0,1,0
TCIRG1,0,0,1,1,0,0,0,0,0,0
MS4A4A,0,0,1,0,0,0,0,1,1,0
GLYCTK,0,0,0,0,0,1,1,0,0,0
CCSER1,0,1,1,0,0,0,0,0,0,0
LINC01537,0,0,0,0,0,0,0,1,1,0
GPATCH2,0,0,1,1,0,0,0,0,0,0
SPIRE1,0,0,1,1,0,0,0,0,0,0
TAS2R30,0,0,0,0,0,0,0,1,1,0
DCTD,0,0,1,1,0,1,1,0,0,0
C17orf82,0,1,1,0,0,0,0,0,0,0
SDC1,0,1,1,1,0,1,1,1,1,0
FBLN7,0,0,0,0,0,0,0,1,1,0
SMAGP,1,0,0,0,0,1,1,1,1,0
PIK3CD-AS2,0,0,0,0,0,1,1,0,0,0
NIPA1,0,1,1,0,0,0,0,0,0,0
HLA-DPA1,0,0,1,0,0,0,0,0,1,0
CTRC,0,0,0,0,0,0,0,1,1,0
NAPA-AS1,0,0,0,0,0,1,1,0,0,0
MIEN1,0,0,1,1,0,0,0,0,0,0
GPR68,1,1,1,0,0,0,0,0,0,0
ZNF430,0,0,1,1,0,0,0,0,0,0
ERI2,0,0,1,1,0,0,0,1,1,0
ZNF425,0,0,0,0,0,0,0,1,1,0
FSCN3,0,0,0,0,0,0,0,1,1,0
ESRP2,0,0,0,0,0,0,0,1,1,0
SLC5A5,0,0,0,0,0,0,0,1,1,0
PLEKHD1,0,1,1,0,0,0,0,1,1,0
ACE2,0,1,1,0,0,0,0,1,1,0
CDC23,1,0,0,0,0,0,0,0,0,0
EXOC7,0,0,1,1,0,0,0,0,0,0
NOP53,1,0,0,0,0,0,0,0,0,0
LCOR,1,0,0,0,0,0,0,0,0,0
VDAC3,0,0,1,1,0,1,1,0,0,0
AP2M1,0,0,1,1,0,1,1,0,0,0
IGKV1D-12,0,1,1,0,0,1,1,1,1,0
ZNF518A,0,0,1,1,0,0,0,0,0,0
KIAA0319L,0,0,0,0,0,0,0,1,1,0
USHBP1,0,0,0,0,0,0,0,1,1,0
USP13,1,1,1,0,0,0,0,1,1,0
MFHAS1,0,0,0,0,0,0,0,1,1,0
YIPF6,0,0,1,1,0,0,0,0,0,0
MST1R,0,1,1,0,0,0,0,0,0,0
TCTE3,0,0,0,0,0,0,0,1,1,0
NUDT16L1,0,0,0,0,0,0,0,1,1,0
ANKRD10,0,0,1,1,0,0,0,0,0,0
STX1B,0,1,1,0,0,0,0,0,0,0
C8orf76,0,0,0,0,0,1,1,0,0,0
COL19A1,0,0,1,1,0,1,1,1,1,0
ZNF503,0,1,1,1,0,0,0,1,1,0
ITGA1,0,0,0,0,0,0,0,1,1,0
DNAAF1,0,0,1,1,0,0,0,1,1,0
ZNF682,0,1,1,1,0,0,0,0,0,0
GPBP1,0,0,1,1,0,0,0,0,0,0
HTATIP2,0,0,1,1,0,0,0,0,0,0
SGMS1,0,0,1,1,0,0,0,1,1,0
PSTPIP1,0,0,0,0,0,0,0,1,1,0
RANBP3,0,0,0,0,0,1,1,0,0,0
AVL9,0,0,1,1,0,0,0,0,0,0
MCAT,0,0,0,0,0,1,1,0,0,0
IL22RA1,0,1,1,0,0,0,0,1,1,0
DCAF7,0,0,1,1,0,0,0,0,0,0
QDPR,0,0,0,0,0,1,1,0,0,0
PDLIM5,0,0,1,1,0,0,0,0,0,0
MRAP2,0,0,1,1,0,0,0,0,1,0
CECR3,0,1,1,0,0,0,0,1,1,0
PPIL6,0,1,1,0,0,0,0,1,1,0
LINC01402,0,1,1,0,0,0,0,1,0,0
IGLC1,0,0,0,0,0,1,1,0,0,0
ELAVL4,0,1,1,0,0,0,0,1,1,0
KMT2C,0,0,1,1,0,0,0,0,0,0
CYB5R4,0,0,1,1,0,0,0,1,0,0
SETMAR,1,0,0,0,0,0,0,1,1,0
TRIM34,0,1,1,0,0,0,0,0,0,0
TAPBPL,0,0,0,0,0,1,1,0,0,0
OXLD1,0,0,1,0,0,0,0,0,0,0
LINC00944,0,0,0,0,0,0,0,1,1,0
FOXP3,0,1,1,1,0,0,0,1,1,0
IGHJ4,0,1,1,0,0,1,1,0,0,0
DMRTA2,0,1,1,0,0,0,0,0,0,0
LINC01067,0,0,0,0,0,0,0,1,1,0
JPH3,0,0,0,0,0,0,0,1,1,0
SULT1C2,0,0,0,0,0,0,0,1,1,0
CD33,0,0,1,1,0,0,0,1,1,0
PHKB,0,0,1,1,0,0,0,0,0,0
PCDHB2,0,0,0,0,0,0,0,1,1,0
ATP10B,0,1,1,0,0,0,0,0,0,0
AC096570.1,0,1,1,0,0,0,0,0,0,0
NOTCH2,0,0,1,1,0,0,0,0,0,0
EBI3,0,0,0,0,0,1,1,1,1,0
ZNF570,0,0,0,0,0,0,0,1,1,0
MAP1A,0,1,1,0,0,0,0,0,0,0
GABRB1,0,1,1,0,0,0,0,1,1,0
CDK12,0,0,1,1,0,0,0,0,1,0
IST1,0,0,1,1,0,0,0,0,0,0
EGFL7,0,0,1,1,0,0,0,1,1,0
EPB41L3,0,0,1,1,0,0,0,0,0,0
CNIH1,0,0,1,1,0,1,1,0,0,0
NUP210,0,0,1,1,0,0,0,0,0,0
MYB,0,1,1,1,0,0,0,0,0,0
HLA-DMB,0,0,0,0,0,0,0,1,1,0
TP53INP2,0,0,1,1,0,0,0,1,1,0
RAB40AL,0,1,1,0,0,0,0,1,1,0
PNPLA8,0,0,1,1,0,0,0,0,0,0
ARIH2,0,0,1,1,0,0,0,0,0,0
MGMT,0,0,0,0,0,1,1,0,0,0
ZHX3,0,0,0,0,0,1,1,1,1,0
FRG1,1,0,1,1,0,1,1,0,0,0
AC010969.1,0,1,1,0,0,0,0,0,0,0
TRIM66,0,0,0,0,0,0,0,1,1,0
PQBP1,0,0,0,0,0,1,1,1,0,0
LGALS4,0,0,0,0,1,1,0,0,0,0
ARRB2,0,0,0,0,0,0,0,1,1,0
IFI35,0,0,0,0,0,1,1,0,0,0
SF3A3,0,0,1,1,0,0,0,0,0,0
SYNGR3,0,0,0,0,0,0,0,1,1,0
ZNF454,0,1,1,0,0,0,0,0,0,0
RARA-AS1,0,1,1,0,0,0,0,0,0,0
CTLA4,0,0,1,1,0,0,0,1,1,0
B4GAT1,0,0,0,0,0,1,1,0,0,0
FGD2,0,0,0,0,0,0,0,1,1,0
GRIN2A,0,1,1,0,0,0,0,0,0,0
PYURF,0,0,1,1,0,0,0,0,0,0
SDS,0,0,0,0,0,0,0,1,1,0
MCHR1,0,0,0,0,0,0,0,1,1,0
ZFAND3,0,0,1,1,0,0,0,0,0,0
NFATC4,0,0,0,0,0,0,0,1,1,0
LY75,0,0,1,0,0,0,0,0,0,0
TMEM87A,0,0,1,1,0,0,0,0,0,0
AC008937.2,0,0,0,0,0,0,0,1,1,0
KIF12,0,1,1,0,0,0,0,0,0,0
PTGES3,0,0,1,1,0,0,0,1,1,0
COL18A1,0,1,1,0,0,1,1,0,0,0
VCP,0,0,0,0,0,1,1,0,0,0
RALGPS2,0,0,1,1,0,0,0,0,0,0
ENOSF1,0,1,1,0,0,0,0,0,0,0
GLB1L3,0,0,0,0,0,0,0,1,1,0
ITGA10,0,0,0,0,0,0,0,1,1,0
SLC19A2,0,0,0,0,0,0,0,1,1,0
LRIG2,0,0,1,1,0,0,0,0,0,0
IDH2,0,0,1,1,0,1,1,1,1,0
DIAPH1,0,0,1,1,0,0,0,0,0,0
TP53I3,0,0,1,1,0,1,1,1,1,0
ROM1,0,0,0,0,0,0,0,1,1,0
RTTN,0,0,1,1,0,0,0,0,0,0
KLF11,0,1,1,0,0,0,0,0,0,0
PSMB6,0,0,1,1,0,1,1,0,1,0
MRPL50,0,0,1,1,0,0,0,0,0,0
CHRM3-AS2,0,1,1,0,0,0,0,0,0,0
TMEM53,0,0,0,0,0,0,0,1,1,0
CPLX4,0,0,0,0,0,0,0,1,1,0
TMCO3,0,0,1,1,0,0,0,0,0,0
CHRFAM7A,0,0,0,0,0,0,0,1,1,0
RAB40B,0,0,1,0,0,1,1,0,0,0
MED21,0,0,1,1,0,0,0,0,0,0
DECR2,0,0,0,0,0,0,0,1,1,0
IAPP,0,1,1,0,0,0,0,1,1,0
ELFN1-AS1,0,0,0,0,0,1,1,1,1,0
UGT2B4,0,1,1,0,0,0,0,0,0,0
TJP1,0,0,1,1,0,0,0,1,1,0
CSRNP3,0,1,1,1,0,0,0,0,0,0
TMEM205,0,0,1,1,0,1,1,0,0,0
ZBP1,0,0,0,0,0,1,1,1,0,0
C22orf15,0,0,0,0,0,0,0,1,1,0
MRM1,0,1,1,0,0,0,0,1,1,0
DAAM1,0,0,0,0,0,1,1,0,0,0
ABCC3,0,0,0,0,0,1,0,1,1,0
ANLN,0,0,0,0,0,1,1,1,1,0
RNF149,0,0,1,1,0,0,0,1,1,0
FOXN1,0,1,1,1,0,0,0,0,0,0
CEP78,0,0,1,1,0,0,0,1,0,0
SNAI1,0,1,1,0,0,0,0,0,0,0
PILRA,1,0,1,0,0,0,0,0,1,0
PHF11,0,0,1,1,0,0,0,0,0,0
CD38,0,0,0,0,0,1,1,0,0,0
EPAS1,0,0,1,1,0,0,0,0,0,0
MKLN1,0,0,1,1,0,0,0,0,0,0
MYPOP,0,0,0,0,0,0,0,1,1,0
ACMSD,0,1,1,0,0,0,0,1,1,0
LINC01410,0,0,1,1,0,0,0,0,0,0
AC012322.1,0,0,1,1,0,0,0,1,1,0
GRSF1,0,0,0,0,0,1,1,0,0,0
PTGER2,0,1,1,1,0,0,0,1,1,0
ARHGEF25,0,0,1,1,0,0,0,0,1,0
CCDC66,0,0,1,1,0,0,0,0,0,0
HSF5,0,0,0,0,0,0,0,1,1,0
ADCY9,0,0,0,0,0,0,0,1,1,0
SSH1,0,0,0,0,0,0,0,1,1,0
UQCR11,0,0,1,1,0,1,1,0,1,0
ATP8B2,0,1,1,0,0,0,0,0,0,0
PEPD,0,0,1,1,0,0,0,0,0,0
ZNF655,0,0,1,1,0,0,0,0,0,0
HIPK1,0,0,1,1,0,0,0,0,0,0
ALKBH7,0,0,1,1,0,0,0,1,1,0
PAPOLG,0,0,1,0,0,0,0,0,0,0
PRTN3,0,1,1,0,0,0,0,1,1,0
ZNF467,0,0,1,0,0,0,0,0,0,0
HTR7,0,0,0,0,0,0,0,1,1,0
KRTDAP,0,0,0,0,0,0,0,1,1,0
TCL1A,0,0,1,1,0,1,1,1,1,0
MIR202HG,0,0,0,0,0,0,0,1,1,0
ELP2,0,0,1,0,0,0,0,0,0,0
NREP,1,0,0,0,0,0,0,0,0,0
ADAP2,0,0,1,1,0,0,0,0,0,0
LINC01293,0,1,1,1,0,0,0,0,0,0
CAP2,0,1,1,0,0,0,0,0,0,0
CYC1,0,0,1,1,0,1,1,0,0,0
BTNL8,0,0,0,0,0,0,0,1,1,0
LINC01090,0,0,0,0,0,0,0,1,1,0
SNRK,0,0,0,0,0,0,0,1,1,0
ZNF675,0,0,0,0,0,0,0,1,1,0
NFATC1,0,0,0,0,0,0,0,1,1,0
GNPDA2,0,1,1,0,0,0,0,1,1,0
SMARCAD1,0,0,1,1,0,0,0,0,0,0
CDH3,0,0,0,0,0,0,0,1,1,0
ANKRD44,0,0,1,1,0,0,0,0,0,0
RPL7A,0,0,1,1,0,0,0,0,1,0
RPL13,0,0,1,1,0,0,0,0,1,0
BMPR1A,0,0,0,0,0,0,0,1,1,0
ANKIB1,0,0,1,0,0,1,1,0,0,0
BCL11B,0,1,1,1,0,0,0,0,0,0
AC093159.1,0,1,1,0,0,0,0,1,1,0
GHITM,0,0,1,1,0,1,1,0,1,0
FLNA,0,0,1,0,0,0,0,0,0,0
ZNF446,0,0,0,0,0,0,0,1,1,0
SPTLC1,0,1,1,0,0,0,0,0,0,0
RPL23,0,0,1,1,0,0,0,1,1,0
LMF1-AS1,0,1,1,0,0,0,0,0,0,0
RAPGEF2,0,0,1,1,0,0,0,1,1,0
RHOA,1,0,1,1,0,0,0,0,0,0
MIA2,0,1,1,0,0,0,0,0,0,0
SRSF9,0,0,1,0,0,1,1,0,1,0
KRT81,0,0,0,0,0,0,0,1,1,0
GIGYF1,0,0,0,0,0,0,0,1,1,0
FTSJ3,0,0,1,0,0,0,0,0,0,0
RPS12,0,0,1,1,0,0,0,0,1,0
LINC00582,0,1,1,1,0,1,1,1,1,0
POLR3G,0,0,0,0,0,1,1,1,1,0
PLBD2,0,0,0,0,0,0,0,1,1,0
AARS,0,0,0,0,0,1,1,0,0,0
CTBS,0,0,1,0,0,0,0,0,0,0
RDH10,0,0,0,0,0,1,1,0,0,0
IGHV3-49,0,0,0,0,0,1,1,1,1,0
TMEM52,0,0,0,0,0,1,1,1,1,0
SCRT2,0,1,1,1,0,0,0,0,0,0
H1FNT,0,1,1,0,0,0,0,0,0,0
AVP,0,0,0,0,0,0,0,1,1,0
TMEM139,0,0,0,0,0,0,0,1,1,0
ADM,0,0,1,1,0,0,0,1,1,0
RPL7,0,0,1,1,0,0,0,0,1,0
HIST1H2BJ,0,0,1,1,0,1,0,1,1,0
DNMT1,0,0,1,1,0,0,0,0,0,0
FAM228A,0,0,0,0,1,1,1,1,1,1
ATG12,0,0,1,1,0,0,0,0,0,0
AC012368.1,0,1,1,0,0,0,0,0,0,0
RHOC,0,0,1,1,0,0,0,1,1,0
CHI3L2,0,1,1,0,0,0,0,0,0,0
NFYC-AS1,0,1,1,0,0,0,0,1,1,0
GMDS,1,1,1,0,0,1,1,0,0,0
CLPP,0,0,1,1,0,1,1,0,0,0
TPP2,0,0,1,1,0,0,0,0,0,0
IGHMBP2,0,0,0,0,0,0,0,1,1,0
UNC5B-AS1,0,0,0,0,0,0,0,1,1,0
GNRH1,0,0,0,0,0,0,0,1,1,0
TMPRSS4,0,1,1,0,0,0,0,0,0,0
TFRC,0,0,1,1,0,0,0,0,0,0
MRPL16,0,0,1,1,0,1,1,1,1,0
C1D,0,1,1,1,0,0,0,0,0,0
DHFR,0,0,0,0,0,1,1,0,0,0
PTPRA,0,1,1,0,0,0,0,1,1,0
CHL1,0,1,1,1,0,1,1,0,0,0
FSBP,0,1,1,0,0,0,0,0,0,0
C17orf64,0,1,1,0,0,0,0,0,0,0
CNKSR1,0,1,1,1,0,1,1,0,0,0
TMEM223,0,0,0,0,0,1,1,0,0,0
PCM1,0,0,1,1,0,0,0,0,1,0
HTR2C,0,1,1,0,0,0,0,0,0,0
GABRA3,0,0,0,0,0,0,0,1,1,0
OXR1,0,0,1,1,0,0,0,0,0,0
SLC7A6OS,0,0,0,0,0,0,0,1,1,0
EIF2B3,0,0,0,0,0,0,0,1,1,0
IL24,0,1,1,0,0,0,0,0,0,0
C1orf162,0,0,0,0,0,0,0,1,1,0
ZNF556,0,0,0,0,0,0,0,1,1,0
NSUN4,0,0,1,1,0,0,0,0,0,0
NUMA1,0,0,1,1,0,0,0,1,1,0
COX15,0,0,0,0,0,0,0,1,1,0
GALNT6,1,0,0,0,0,0,0,0,0,0
LINC00632,0,1,1,0,0,0,0,0,0,0
IGHV3-11,0,1,1,0,0,1,1,0,0,0
EIF5A2,0,0,0,0,0,0,0,1,1,0
TEKT4,0,0,0,0,0,0,0,1,1,0
PAPPA2,0,1,1,0,0,0,0,0,0,0
PLA2G4E,0,1,1,0,0,0,0,1,1,0
DENND4C,1,0,0,0,0,0,0,1,1,0
GP1BA,0,1,1,0,0,0,0,1,1,0
FRMD4A,0,0,1,1,0,0,0,1,1,0
EML1,0,0,0,0,0,0,0,1,1,0
OR7G2,0,1,1,0,0,0,0,0,0,0
PROSER2-AS1,0,0,1,1,0,0,0,0,0,0
IGHV3-41,0,0,0,0,0,1,1,0,0,0
MAL2,0,0,0,0,0,0,0,1,1,0
LINC01033,0,0,1,1,0,0,0,0,0,0
OR52N4,0,0,0,0,0,0,0,1,1,0
RAMP3,0,0,0,0,0,0,0,1,1,0
SRP9,0,0,1,1,0,0,0,0,1,0
CNIH4,0,0,1,1,0,0,0,0,0,0
ZNF324B,0,0,0,0,0,0,0,1,1,0
ZBTB25,0,0,0,0,0,0,0,1,1,0
FEM1B,0,0,1,1,0,0,0,0,0,0
MYD88,0,0,1,1,0,0,0,0,0,0
ZNF668,0,1,1,0,0,0,0,0,0,0
ZNF496,0,0,1,1,0,0,0,0,0,0
SCTR,0,1,1,0,0,0,0,0,0,0
VSIG4,0,0,1,0,0,0,0,1,1,0
CAPN14,0,0,0,0,0,0,0,1,1,0
CBX6,0,1,1,0,0,0,0,0,0,0
MED18,0,1,1,0,0,0,0,0,0,0
LILRA4,0,0,0,0,0,0,0,1,1,0
OIP5,0,0,0,0,0,1,1,1,1,0
CTTN,0,0,1,1,0,1,0,0,1,0
LCA5,0,0,0,0,0,0,0,1,1,0
CD200R1L,0,1,1,0,0,0,0,0,0,0
GABRP,0,1,1,0,0,0,0,1,1,0
IGHG2,0,1,1,1,0,1,1,1,1,0
TNNT3,0,1,1,0,0,0,0,1,1,0
TUBA1B,0,0,0,0,0,0,0,1,1,0
THNSL1,0,0,0,0,0,0,0,1,1,0
KLRB1,0,1,1,0,0,0,0,0,0,0
KDR,0,0,1,1,0,0,0,0,1,0
MAN2A1,0,0,1,1,0,0,0,1,1,0
SLC9A2,0,1,1,0,0,0,0,1,1,0
NLRP7,0,1,1,0,0,1,1,1,1,0
RPP25,1,0,0,0,0,0,0,1,1,0
RNF4,0,0,1,1,0,0,0,0,0,0
FOXA3,0,0,0,0,0,0,0,1,1,0
ARHGEF33,0,0,0,0,0,0,0,1,1,0
FANCI,1,0,0,0,0,0,0,1,1,0
WFIKKN2,0,1,1,0,0,0,0,0,0,0
IGHV1-24,0,1,1,0,0,0,0,1,1,0
HSPB9,0,1,1,0,0,0,0,1,1,0
SERPINE1,0,0,0,0,0,0,0,1,1,0
HIST1H3G,0,0,0,0,0,1,1,1,1,0
RAB19,0,0,0,0,0,0,0,1,1,0
HPRT1,0,0,1,1,0,0,0,0,0,0
FGF8,0,1,1,0,0,0,0,0,0,0
CLNS1A,0,0,1,1,0,0,0,0,0,0
C17orf53,0,0,0,0,0,0,0,1,1,0
TROAP,0,0,1,1,0,1,1,1,1,0
TMEM185A,0,0,0,0,0,0,0,1,1,0
NDUFC2,0,0,1,1,0,1,1,0,1,0
STXBP2,0,0,1,1,0,0,0,1,1,0
GAPDH,0,0,0,0,0,1,1,0,0,0
TSGA10IP,0,1,1,0,0,0,0,0,0,0
PDE4A,1,0,1,1,0,0,0,0,0,0
PRPF6,0,0,1,1,0,0,0,0,0,0
PLXNA2,0,0,1,1,0,0,0,0,0,0
AC016644.1,0,0,0,0,0,0,0,1,1,0
GRPR,0,1,1,0,0,0,0,0,0,0
COX19,0,0,1,1,0,0,0,0,0,0
TRGV10,0,0,0,0,0,0,0,1,1,0
PNISR,0,0,1,1,0,0,0,0,0,0
PIGU,0,0,0,0,0,0,0,1,1,0
LANCL2,0,0,0,0,0,0,0,1,1,0
LINC01354,0,0,1,1,0,0,0,0,0,0
ATIC,0,0,0,0,0,1,1,0,0,0
TRAJ11,0,1,1,0,0,0,0,0,0,0
FAHD2B,0,1,1,0,0,0,0,0,0,0
PLEC,0,0,1,1,0,0,0,0,0,0
KLF10,0,1,1,0,0,0,0,1,1,0
RNF112,0,1,1,1,0,0,0,0,0,0
AC009120.4,0,0,0,0,0,0,0,1,1,0
NDUFS5,1,1,1,0,0,1,1,0,0,0
C4orf47,0,0,0,0,0,0,0,1,1,0
BMP2K,0,0,1,1,0,0,0,0,0,0
S100A1,0,0,1,1,0,0,0,0,0,0
DPP10,0,0,0,0,0,0,0,1,1,0
CSNK2A2,1,1,1,0,0,0,0,0,0,0
AC005498.3,0,1,1,0,0,0,0,0,0,0
TFG,0,0,1,1,0,0,0,0,0,0
SIRT6,0,0,1,1,0,0,0,1,1,0
FBLIM1,0,1,1,0,0,0,0,1,1,0
TRBJ1-5,0,1,1,1,0,0,0,0,0,0
ZNF318,0,0,0,0,0,1,1,1,1,0
ABHD14A,0,0,1,1,0,1,1,0,0,0
STX12,0,0,1,1,0,0,0,0,0,0
INPP4B,0,0,1,1,0,0,0,0,0,0
IGHA1,0,1,1,1,0,1,1,1,1,0
ZNF670,0,1,1,1,0,0,0,1,1,0
EPHA3,0,0,0,0,0,0,0,1,1,0
SYF2,1,0,1,1,0,0,0,0,0,0
AC007906.1,0,0,0,0,0,0,0,1,1,0
TWIST1,0,0,1,1,0,0,0,0,1,0
SMCO1,0,0,0,0,0,0,0,1,1,0
CD84,0,0,1,1,0,0,0,0,0,0
TRBV13,0,1,1,0,0,0,0,0,0,0
TXNL4B,0,0,0,0,0,0,0,1,1,0
GOLGA4,0,0,1,1,0,0,0,0,1,0
FUT4,0,0,0,0,0,0,0,1,1,0
ZSCAN18,1,0,0,0,0,0,0,0,0,0
STARD3,0,0,1,1,0,0,0,0,0,0
TPM4,0,0,1,1,0,0,0,0,0,0
ZNF100,0,1,1,0,0,0,0,0,0,0
CILP,0,0,0,0,0,0,0,1,1,0
AC114730.3,0,0,0,0,0,0,0,1,1,0
NDUFAF1,0,0,0,0,0,1,1,0,0,0
RPL34,0,0,1,1,0,0,0,0,1,0
DLGAP5,0,0,0,0,0,1,1,0,0,0
NPNT,0,0,1,1,0,0,0,1,1,0
B4GALT2,0,0,0,0,0,1,1,0,0,0
LDLRAP1,0,1,1,0,0,0,0,0,0,0
MIB2,0,0,1,1,0,0,0,1,1,0
ZNF813,0,1,1,0,0,0,0,1,1,0
AC253572.1,0,0,0,0,0,0,0,1,1,0
FAM135B,0,1,1,0,0,0,0,0,0,0
PTHLH,0,0,0,0,0,0,0,1,1,0
ARSG,0,0,1,1,0,1,1,0,0,0
LINC01273,0,0,0,0,0,0,0,1,1,0
TMEM159,0,1,1,0,0,0,0,1,1,0
GSDMC,0,1,1,0,0,0,0,0,0,0
PDZD9,0,0,0,0,0,0,0,1,1,0
ADRM1,0,0,1,1,0,1,1,0,1,0
FRMD6-AS2,0,1,1,0,0,0,0,0,0,0
TAPBP,0,0,0,0,0,0,0,1,1,0
AMPD2,0,0,1,1,0,0,0,0,0,0
SGPP1,0,0,1,1,0,1,1,0,0,0
RALY,0,0,1,1,0,1,1,0,0,0
IGFBP5,0,0,1,1,0,0,0,0,1,0
FLOT1,0,0,1,1,0,0,0,1,1,0
SF1,0,0,1,1,0,0,0,1,1,0
SUCNR1,0,0,0,0,0,0,0,1,1,0
KLHL11,0,1,1,0,0,0,0,1,1,0
B4GALT1,0,0,1,0,0,0,0,0,0,0
LIN52,0,0,0,0,0,1,1,0,0,0
AC093802.1,0,0,0,0,0,0,0,1,1,0
SIN3B,0,1,1,1,0,0,0,0,0,0
GTSF1,0,0,0,0,0,1,1,1,1,0
KDM6A,0,1,1,0,0,0,0,0,0,0
RPS7,0,0,1,1,0,0,0,0,1,0
LINC-ROR,0,0,0,0,0,0,0,1,1,0
YPEL4,0,0,1,1,0,0,0,1,1,0
RING1,1,0,1,0,0,0,0,0,0,0
TESC-AS1,0,1,1,1,0,0,0,0,0,0
METTL24,0,1,1,0,0,0,0,0,0,0
HTT-AS,0,1,1,0,0,0,0,0,0,0
CDKN2AIP,0,0,0,0,0,0,0,1,1,0
ARL6IP1,0,0,1,1,0,0,0,0,0,0
TSPAN4,0,0,0,0,0,0,0,1,1,0
CPNE5,0,1,1,1,0,1,1,0,0,0
PHGDH,0,0,0,0,0,1,1,1,1,0
RELN,0,0,0,0,0,0,0,1,1,0
STYXL1,0,0,0,0,0,1,1,0,0,0
CDH2,0,1,1,0,0,0,0,1,1,0
MRPL44,0,0,0,0,0,1,1,1,1,0
TBX10,0,1,1,0,0,0,0,0,0,0
GRIPAP1,0,0,1,1,0,0,0,0,0,0
THAP11,1,0,0,0,0,0,0,1,1,0
B9D1,0,1,1,0,0,1,1,0,0,0
ARL2BP,0,0,1,1,0,0,0,0,0,0
LAMA4,0,0,1,1,0,0,0,0,1,0
RNF214,0,0,1,1,0,0,0,1,1,0
TSLP,0,0,1,1,0,0,0,0,0,0
KRTAP9-6,0,1,1,1,0,0,0,0,0,0
OR10T2,0,1,1,0,0,0,0,0,0,0
FAM71A,0,0,1,1,0,0,0,1,1,0
TCTN1,0,0,0,0,0,1,1,0,0,0
SPC25,0,0,0,0,0,1,1,0,0,0
SERPINB8,0,0,1,1,0,1,1,0,0,0
SIRT4,0,1,1,0,0,0,0,0,0,0
ABCE1,0,0,1,1,0,0,0,1,1,0
RRAD,0,0,0,0,0,0,0,1,1,0
COLEC11,0,1,1,0,0,0,0,1,1,0
DAAM2,0,0,0,0,0,0,0,1,1,0
RPUSD1,0,0,1,1,0,1,1,0,0,0
RECK,0,0,1,1,0,0,0,1,1,0
PTGR2,0,0,0,0,0,0,0,1,1,0
SIPA1L2,0,1,1,1,0,0,0,0,0,0
ARHGAP42,0,0,0,0,1,1,0,1,1,0
GABARAP,0,1,1,1,0,0,0,0,1,0
NPPB,0,1,1,0,0,0,0,0,0,0
LINC01144,0,1,1,0,0,0,0,0,0,0
DSTYK,1,0,1,1,0,0,0,0,0,0
DENND1C,0,0,1,1,0,0,0,0,0,0
MAT2B,0,0,1,1,0,0,0,1,1,0
CREB3L4,0,1,1,0,0,0,0,0,0,0
RSPRY1,0,0,1,1,0,0,0,0,0,0
KIF13B,0,0,1,1,0,0,0,0,0,0
GARNL3,0,0,0,0,0,0,0,1,1,0
MIS18BP1,0,0,1,1,0,0,0,0,0,0
TRAV1-1,0,1,1,0,0,0,0,0,0,0
FGF13,0,0,1,1,0,0,0,1,1,0
RPS10-NUDT3,0,1,1,0,0,0,0,0,0,0
UHMK1,0,0,1,1,0,0,0,0,0,0
NSUN7,0,0,0,0,0,1,1,1,1,0
MS4A6A,0,0,1,1,0,0,0,0,0,0
STUB1,0,0,0,0,0,1,1,0,0,0
IGHJ6,0,0,0,0,0,0,0,1,1,0
COX10,0,0,0,0,0,0,0,1,1,0
ZNF573,0,0,0,0,0,0,0,1,1,0
JAK2,0,0,1,1,0,0,0,0,0,0
ZNF720,0,0,1,1,0,0,0,0,0,0
CNIH3,0,1,1,0,0,0,0,0,0,0
DCBLD1,0,0,1,1,0,0,0,1,1,0
CIDEC,0,0,0,0,0,0,0,1,1,0
ZNF250,1,0,0,0,0,0,0,0,0,0
GGN,0,0,1,1,0,0,0,1,1,0
TRAV12-3,0,0,0,0,0,0,0,1,1,0
RPS26,0,0,0,0,0,0,0,1,1,0
IL20RB,0,1,1,0,0,0,0,0,0,0
ZNF432,1,0,0,0,0,0,0,0,0,0
OR2M3,0,0,0,0,0,0,0,1,1,0
CD6,0,0,1,1,0,0,0,0,0,0
C1orf220,0,1,1,0,0,0,0,1,1,0
NFIA,0,0,1,1,0,0,0,0,0,0
KCNG2,0,0,0,0,0,0,0,1,1,0
CLUL1,0,0,0,0,0,0,0,1,1,0
ALLC,0,0,1,1,0,0,0,0,0,0
CCT2,0,0,1,1,0,0,0,0,0,0
PANX2,0,1,1,0,0,0,0,0,0,0
ADAD2,0,1,1,0,0,0,0,0,0,0
GREM2,0,1,1,0,0,0,0,0,0,0
IER2,0,1,1,0,0,0,0,1,1,0
WNT7A,0,1,1,0,0,0,0,0,0,0
NCOA1,0,0,1,1,0,0,0,0,0,0
RFC4,0,0,0,0,0,0,0,1,1,0
SAMD14,0,1,1,0,0,1,0,0,0,0
PRLR,0,0,0,0,0,0,0,1,1,0
MACROD2,0,1,1,1,0,1,1,1,1,0
ZNF649-AS1,0,1,1,0,0,0,0,0,0,0
AC023481.1,0,0,0,0,0,0,0,1,1,0
FNIP1,0,0,1,1,0,0,0,0,0,0
CYP2W1,0,1,1,1,0,0,0,0,0,0
RASAL2,0,0,0,0,0,0,0,1,1,0
IGHV6-1,0,0,0,0,0,1,1,0,0,0
ANO6,0,0,1,1,0,0,0,0,0,0
MAP2K1,0,0,0,0,0,0,0,1,1,0
TRBV29-1,0,0,0,0,0,0,0,1,0,0
SLAMF1,0,1,1,1,0,0,0,0,0,0
C7orf57,0,1,1,0,0,0,0,1,1,0
TCP11L2,0,0,0,0,0,0,0,1,1,0
VHL,1,1,1,1,0,0,0,0,0,0
DMXL2,0,1,1,1,0,0,0,1,1,0
DUOX1,0,0,0,0,0,0,0,1,1,0
DLC1,0,0,0,0,0,0,0,1,0,0
P2RX1,0,0,1,1,0,0,0,1,1,0
NUDT22,0,0,1,1,0,1,1,0,0,0
RFC1,0,0,1,1,0,0,0,0,0,0
FKBP1A,0,0,1,1,0,0,0,0,0,0
AL049794.1,0,0,0,0,0,0,0,1,1,0
FAM72C,0,0,0,0,0,0,0,1,1,0
UQCR10,1,0,1,1,0,1,1,0,1,0
OR2L8,0,0,0,0,1,1,0,0,0,0
ALG1,0,0,1,1,0,1,1,0,0,0
UBTFL1,0,1,1,0,0,0,0,0,0,0
CLEC2L,0,1,1,1,0,0,0,1,1,0
CSE1L-AS1,0,0,0,0,0,0,0,1,1,0
C1orf52,0,0,1,1,0,0,0,1,1,0
GNA11,0,0,1,1,0,0,0,1,1,0
CDC25A,0,0,0,0,0,1,1,0,0,0
HSD17B12,0,0,1,1,0,0,0,1,1,0
DLX6-AS1,0,1,1,0,1,1,0,0,0,0
TTC3-AS1,0,1,1,0,0,0,0,1,1,0
BFSP2,0,0,0,0,0,0,0,1,1,0
FAM122C,0,0,0,0,0,0,0,1,1,0
MRPL52,0,0,1,1,0,1,1,0,0,0
LBR,0,0,1,1,0,0,0,0,0,0
CST6,0,0,0,0,0,1,1,1,1,0
RBM44,0,0,0,0,0,0,0,1,1,0
WDR78,0,0,0,0,0,0,0,1,1,0
ITGB7,0,0,0,0,0,1,1,0,0,0
AURKAIP1,0,0,1,1,0,1,1,0,1,0
PMF1,0,0,1,1,0,0,0,0,1,0
PPP1R7,0,0,1,1,0,1,1,0,0,0
NNT,0,0,1,0,0,0,0,1,1,0
FAU,0,0,1,1,0,0,0,0,1,0
MIR3681HG,0,1,1,0,0,1,1,0,0,0
ANGPTL3,0,1,1,0,0,0,0,0,0,0
FUOM,0,0,1,1,0,0,0,1,1,0
TMEM117,0,0,1,1,0,0,0,1,1,0
TUBB6,0,0,0,0,0,1,1,0,0,0
FICD,0,0,0,0,0,1,1,1,1,0
ZIC4,0,0,0,0,0,0,0,1,1,0
CCDC181,0,0,0,0,0,0,0,0,1,0
TRIML2,0,0,0,0,0,0,0,1,1,0
TMEM14B,0,0,1,1,0,0,0,0,1,0
PANO1,0,0,0,0,0,0,0,1,1,0
CLGN,0,0,0,0,0,0,0,1,1,0
PIK3R5,0,0,1,1,0,0,0,0,0,0
LINC01311,0,1,1,0,0,0,0,1,1,0
TRIM8,0,0,1,1,0,0,0,1,1,0
MRPS36,0,0,1,1,0,1,1,0,0,0
GSK3B,0,0,1,1,0,0,0,0,0,0
CYFIP1,0,0,0,0,0,0,0,1,1,0
ZNF433,0,0,0,0,0,0,0,1,1,0
LY6G6D,0,0,0,0,0,0,0,1,1,0
ALDH1A1,0,0,1,1,0,0,0,1,1,0
VPREB3,0,1,1,1,0,0,0,1,1,0
BSG,0,0,1,1,0,1,1,0,0,0
BCL9L,0,1,1,0,0,0,0,0,0,0
TGFBR3,0,0,1,1,0,0,0,0,0,0
MNDA,0,0,0,0,0,0,0,1,1,0
LINC01366,0,0,0,0,0,0,0,1,0,0
IQSEC2,0,1,1,0,0,0,0,0,0,0
SDHC,0,0,1,1,0,1,1,0,0,0
TNFRSF1A,0,0,1,1,0,0,0,0,0,0
ZNFX1,0,0,1,1,0,0,0,0,0,0
CLDN7,0,1,1,0,0,0,0,0,0,0
USP40,0,0,1,1,0,0,0,1,1,0
F13A1,0,1,1,1,0,1,0,1,1,0
FERMT2,0,0,0,0,0,0,0,1,1,0
HELB,0,0,1,1,0,0,0,1,1,0
SLC1A5,0,0,0,0,0,1,1,0,0,0
TIMP3,0,0,1,1,0,0,0,0,1,0
TNIK,0,0,1,1,0,0,0,0,0,0
SOD1,1,0,1,1,0,0,0,0,0,0
IFITM2,0,1,1,0,0,0,0,0,0,0
KCNJ14,0,0,0,0,0,0,0,1,1,0
HAUS1,0,0,1,1,0,0,0,0,0,0
HIST1H2AM,0,0,0,0,0,1,1,0,0,0
IPO11,0,0,0,0,0,0,0,1,1,0
ZNF302,0,0,1,1,0,0,0,0,0,0
CD79A,0,0,1,1,0,0,0,1,1,0
TRIM17,0,1,1,0,0,0,0,0,0,0
SLIT2,1,0,0,0,0,0,0,0,0,0
C4orf46,0,0,0,0,0,0,0,1,1,0
EDNRB,0,0,1,1,0,0,0,1,1,0
KAZALD1,0,0,0,0,0,0,0,1,1,0
DHRS7,0,0,1,1,0,0,0,0,0,0
PANK2,0,0,0,0,0,1,1,0,0,0
NAA38,0,1,1,0,0,1,1,0,1,0
FOLR2,0,0,1,1,0,1,1,0,1,0
PPDPF,1,0,0,0,0,0,0,0,0,0
LDLRAD2,0,0,0,0,0,0,0,1,1,0
PLK1,0,0,0,0,0,1,1,0,0,0
WFDC2,0,1,1,0,0,1,1,0,0,0
LINC00589,0,1,1,1,0,0,0,0,0,0
LIPC,0,0,0,0,0,0,0,1,1,0
REL,0,0,1,1,0,0,0,0,0,0
SPPL2A,0,0,1,0,0,0,0,0,0,0
APOL4,0,0,0,0,0,0,0,1,1,0
WDR18,0,0,0,0,0,1,1,0,0,0
FIGLA,0,1,1,0,0,0,0,0,0,0
APEX2,0,0,1,0,0,0,0,1,1,0
CARNMT1,0,0,0,0,0,0,0,1,1,0
AMY2B,0,0,0,0,0,0,0,1,1,0
KLRC1,0,0,0,0,0,0,0,1,1,0
RNF26,0,0,0,0,0,0,0,1,1,0
C1orf216,0,0,1,0,0,0,0,0,0,0
MGA,0,0,0,0,0,0,0,1,1,0
FBXL4,0,0,1,1,0,0,0,0,0,0
NDUFA6,0,0,1,1,0,1,1,0,1,0
OLR1,0,1,1,1,0,0,0,1,1,0
VPS4A,0,0,1,1,0,0,0,0,0,0
CERS4,0,0,0,0,0,0,0,1,1,0
DECR1,0,0,1,1,0,1,1,0,1,0
MACROD1,0,0,0,0,0,0,0,1,1,0
DES,0,1,1,0,0,0,0,0,0,0
NIPAL2,0,0,0,0,0,1,1,0,0,0
TAOK1,0,0,1,1,0,0,0,0,0,0
HTR1F,0,1,1,0,0,0,0,0,0,0
CPSF4,0,0,0,0,0,0,0,1,1,0
TRIM62,0,0,0,0,0,0,0,1,1,0
VN1R1,0,1,1,0,0,0,0,1,1,0
OPRK1,0,1,1,1,0,0,0,1,1,0
PRKCD,1,0,0,0,0,1,1,0,0,0
SULT2A1,0,1,1,0,0,0,0,0,0,0
CD93,0,0,1,1,0,0,0,0,0,0
FBXO28,0,0,0,0,0,0,0,1,1,0
MTMR6,0,1,1,0,0,0,0,0,0,0
PMPCA,0,0,0,0,0,0,0,1,1,0
C1QTNF4,0,0,1,1,0,0,0,0,0,0
LINC00106,0,0,0,0,0,0,0,1,0,0
TTC32,0,0,1,0,0,0,0,0,0,0
UBA52,0,1,1,1,0,0,0,1,1,0
NLK,1,0,0,0,0,0,0,0,0,0
DNMBP,0,0,1,1,0,0,0,0,0,0
RAB3D,0,0,0,0,0,0,0,1,0,0
IKZF1,0,0,1,1,0,0,0,0,0,0
PID1,0,0,0,0,0,0,0,1,1,0
EIF5AL1,0,1,1,0,0,0,0,0,0,0
ACTRT3,0,0,0,0,0,0,0,1,1,0
LINC01570,0,1,1,1,0,0,0,0,0,0
HCG22,0,0,0,0,0,0,0,1,1,0
SYMPK,0,0,1,1,0,0,0,0,0,0
HIST1H2AG,0,0,0,0,0,0,0,1,1,0
CA3-AS1,0,0,0,0,0,0,0,1,1,0
RPL15,0,0,1,1,0,0,0,0,1,0
METTL15,0,1,1,0,0,0,0,0,0,0
SLC28A1,0,0,1,1,0,0,0,1,1,0
SF3A1,0,0,1,1,0,0,0,0,0,0
HOXA11,0,0,1,1,0,0,0,1,0,0
PLEKHA2,0,0,1,1,0,0,0,0,0,0
OR51B6,0,1,1,1,0,0,0,1,1,0
CYP2D6,0,0,0,0,0,0,0,1,1,0
MYO5C,0,1,1,0,0,0,0,1,1,0
CABIN1,0,1,1,1,0,0,0,0,0,0
TXNDC5,0,1,1,0,0,1,1,1,1,0
PCDHGA1,0,1,1,0,0,0,0,0,0,0
GAPLINC,0,0,0,0,0,0,0,1,1,0
DAPL1,0,1,1,0,0,0,0,0,0,0
IMMP1L,0,0,0,0,0,1,1,0,0,0
LINC00570,0,1,1,0,0,0,0,0,0,0
ADHFE1,0,0,0,0,0,0,0,1,0,0
DDX5,0,0,1,1,0,0,0,1,1,0
MTMR12,0,0,0,0,0,0,0,1,1,0
CACNA1H,0,0,0,0,0,0,0,1,1,0
USP50,0,1,1,0,0,0,0,0,0,0
CTAGE4,0,1,1,0,0,0,0,1,1,0
ALDH1L2,0,0,0,0,0,1,1,0,0,0
PSD3,0,1,1,0,0,0,0,0,0,0
FBXO40,0,0,0,0,0,0,0,1,1,0
MYO5A,0,0,1,1,0,0,0,0,0,0
ZNF341,0,1,1,0,0,1,1,1,1,0
SHC3,0,0,1,1,0,0,0,0,0,0
STAT5A,1,0,0,0,0,0,0,0,0,0
INSR,0,0,0,0,0,0,0,1,1,0
CCT8L2,0,1,1,0,0,0,0,0,0,0
MFSD10,0,0,0,0,0,1,1,0,0,0
CAMK2N1,0,0,0,0,0,0,0,1,1,0
SMARCC1,0,0,1,1,0,0,0,0,0,0
PDLIM1,0,0,1,1,0,0,0,1,1,0
SULT1B1,0,0,0,0,0,0,0,1,1,0
LINC00266-4P,0,0,0,0,0,0,0,1,1,0
GLDC,0,0,0,0,0,1,1,0,0,0
ZBTB8OS,0,0,0,0,0,1,1,0,0,0
NTM,0,0,0,0,0,0,0,1,1,0
CELF5,0,0,0,0,0,0,0,1,1,0
SPIB,0,1,1,0,0,0,0,1,1,0
RPS9,0,0,1,1,0,0,0,1,1,0
COA4,0,0,1,1,0,1,1,1,1,0
AADACL2-AS1,0,1,1,1,0,0,0,0,0,0
PHYHD1,0,1,1,0,0,0,0,0,0,0
ZNF835,0,1,1,0,0,0,0,0,0,0
MON2,0,0,1,1,0,0,0,0,0,0
PRSS53,0,0,0,0,0,0,0,1,1,0
IL21R-AS1,0,1,1,0,0,0,0,0,0,0
PTMS,0,1,1,0,0,0,0,0,0,0
DDX47,0,1,1,0,0,0,0,1,1,0
CHEK2,0,0,0,0,0,0,0,1,1,0
PKD1L3,0,0,0,0,0,0,0,1,1,0
IGLV9-49,0,0,0,0,0,0,0,1,1,0
KLF4,1,0,1,1,0,0,0,0,0,0
SMYD4,0,0,1,1,0,0,0,0,0,0
MARCH9,0,0,0,0,1,1,0,0,0,0
SDF2,0,0,1,1,0,0,0,1,1,0
CRTC1,0,0,0,0,0,0,0,1,1,0
LYRM9,0,0,0,0,0,0,0,1,1,0
WIPF1,0,0,1,1,0,0,0,0,0,0
LONP1,0,0,0,0,0,1,1,1,1,0
MAN1A2,0,0,1,1,0,0,0,0,1,0
TOR2A,0,0,1,1,0,0,0,0,0,0
CEP55,0,0,1,1,0,1,1,1,1,0
WNK2,0,0,0,0,0,1,1,0,0,0
NF1,0,0,1,1,0,0,0,0,0,0
SLC7A2,0,1,1,0,0,0,0,1,1,0
WDR82,0,0,1,1,0,0,0,0,0,0
TOLLIP-AS1,0,1,1,0,0,0,0,1,1,0
TMEM62,0,1,1,0,0,0,0,0,0,0
UBR5,0,0,1,1,0,0,0,0,0,0
COG1,0,0,0,0,0,0,0,1,1,0
PLXNA1,0,0,1,1,0,0,0,1,1,0
CORO7,0,0,1,1,0,0,0,0,0,0
CRAT,0,0,1,1,0,0,0,0,0,0
POLR2A,0,0,1,1,0,0,0,0,0,0
TMEM237,0,1,1,0,0,0,0,0,0,0
IGFBPL1,0,1,1,0,0,0,0,0,0,0
EPSTI1,0,0,0,0,0,0,0,1,1,0
IFNLR1,0,1,1,1,0,0,0,0,0,0
IDH3B,0,0,1,1,0,0,0,0,0,0
HACD2,0,0,1,1,0,0,0,1,1,0
ACKR2,0,1,1,0,0,0,0,0,0,0
TRAJ40,0,1,1,0,0,0,0,0,0,0
LRRC36,0,0,0,0,0,0,0,1,1,0
SLC33A1,1,1,1,0,0,1,1,0,0,0
VPREB1,0,0,0,0,0,0,0,1,1,0
MDGA1,0,1,1,0,0,0,0,0,0,0
TMC5,0,0,0,0,0,0,0,1,1,0
PIPOX,0,1,1,0,0,0,0,0,0,0
PAQR3,0,0,1,1,0,0,0,0,0,0
MDH1,0,0,0,0,0,1,1,0,1,0
CTHRC1,0,1,1,0,0,0,0,0,0,0
HECA,0,0,1,1,0,0,0,0,0,0
ORAI1,0,0,1,1,0,0,0,0,0,0
PPP2CA,0,0,1,1,0,0,0,0,0,0
ARHGAP1,0,0,1,1,0,0,0,0,0,0
C9orf139,0,1,1,0,0,0,0,0,0,0
MAP3K7CL,0,0,0,0,0,0,0,1,1,0
RFPL4A,0,0,0,0,0,0,0,1,1,0
KCNMB2-AS1,0,0,0,0,0,0,0,1,1,0
NBPF11,0,0,1,1,0,0,0,0,0,0
SULT1A3,0,0,0,0,0,0,0,1,1,0
MYBPC2,0,1,1,0,0,0,0,1,1,0
EIF5,0,0,1,1,0,0,0,0,0,0
BEAN1-AS1,0,1,1,0,0,0,0,1,1,0
LINC00320,0,0,0,0,0,0,0,1,1,0
ESD,0,1,1,1,0,0,0,0,0,0
RAB8A,0,0,1,1,0,1,1,0,0,0
SLC44A4,0,0,0,0,0,0,0,1,1,0
ACP2,0,0,1,0,0,1,1,0,0,0
LINC00637,0,0,0,0,0,0,0,1,1,0
KHDC1,0,1,1,0,0,0,0,0,0,0
SESTD1,0,0,1,1,0,1,1,0,0,0
ISM1-AS1,0,0,0,0,0,0,0,1,1,0
LYRM1,0,1,1,0,0,0,0,0,0,0
SLC22A31,0,1,1,0,0,0,0,0,0,0
NKX6-3,0,0,0,0,0,0,0,1,1,0
TSPAN12,0,0,0,0,0,0,0,1,1,0
CEND1,0,0,0,0,0,0,0,1,1,0
BLOC1S1,0,0,1,1,0,0,0,0,1,0
ZFP36L1,0,0,1,1,0,0,0,0,0,0
ATG13,0,0,1,1,0,0,0,0,0,0
ALCAM,1,0,0,0,0,0,0,0,0,0
LINC00618,0,1,1,0,0,0,0,0,0,0
ROMO1,0,0,1,1,0,1,1,0,1,0
DOLK,0,0,0,0,0,0,0,1,1,0
ADAMTS1,0,0,0,0,0,0,0,1,1,0
SNX4,1,0,0,0,0,1,1,0,0,0
LAMTOR5,0,0,1,1,0,0,0,0,1,0
TICRR,0,0,0,0,0,0,0,1,0,0
AC110615.1,0,0,0,0,0,0,0,1,1,0
LINC01233,0,1,1,0,0,0,0,0,0,0
PSG2,0,1,1,0,0,0,0,0,0,0
VTI1A,0,0,0,0,0,0,0,1,1,0
RABL2A,0,0,0,0,0,0,0,1,1,0
UHRF1,0,0,0,0,0,1,1,1,1,0
NDUFA1,0,0,1,1,0,1,1,0,1,0
CRLF2,0,1,1,0,0,0,0,0,0,0
FBLN1,0,0,1,1,0,0,0,0,1,0
NEK6,0,0,0,0,0,1,1,0,0,0
DNAJC1,0,0,1,1,0,1,1,1,1,0
GLB1L2,0,0,0,0,0,0,0,1,1,0
NRBP2,0,0,1,1,0,0,0,1,1,0
FBXL15,0,0,1,0,0,0,0,0,0,0
CLK2,0,0,0,0,0,0,0,1,1,0
MOB3C,0,0,0,0,0,0,0,1,1,0
SIGLEC1,0,0,1,1,0,0,0,1,1,0
AF131216.5,0,1,1,0,0,0,0,0,0,0
ZNF48,0,1,1,0,0,0,0,1,1,0
NDUFV2,0,0,1,1,0,1,1,0,0,0
STK32C,0,1,1,0,0,0,0,1,1,0
USP49,1,0,0,0,0,0,0,0,0,0
SUCO,0,0,1,1,0,0,0,0,0,0
CALCB,0,0,0,0,0,0,0,1,1,0
SRSF5,0,0,1,1,0,0,0,1,1,0
PALB2,1,0,0,0,0,0,0,1,1,0
PLAT,0,1,1,0,0,0,0,1,1,0
MERTK,1,0,1,1,0,0,0,0,0,0
LINC00865,0,1,1,0,0,0,0,0,0,0
ANXA9,0,0,0,0,0,0,0,0,1,0
ERVV-1,0,0,0,0,0,0,0,1,1,0
CCDC39,0,0,0,0,0,0,0,1,1,0
FAM13C,0,0,0,0,0,0,0,1,1,0
FNTB,0,0,0,0,0,0,0,1,1,0
TRGV2,0,1,1,0,0,0,0,0,0,0
IGHM,0,1,1,1,0,1,1,0,0,0
ITFG2,0,0,1,1,0,0,0,0,0,0
CDIPT,1,0,1,1,0,1,1,0,0,0
BUB3,0,0,1,1,0,0,0,1,1,0
VASN,0,0,0,0,0,0,0,1,1,0
CHAC2,0,0,0,0,0,1,1,1,1,0
PAQR5,0,1,1,0,0,0,0,0,0,0
SMARCA1,0,0,1,1,0,0,0,1,1,0
PA2G4,0,0,1,1,0,0,0,1,1,0
IL5,0,1,1,0,0,0,0,1,1,0
S100PBP,0,0,1,1,0,0,0,0,0,0
VPS50,0,1,1,0,0,0,0,1,1,0
CENPA,0,0,0,0,0,1,1,0,0,0
HIST1H2AB,0,1,1,0,0,0,0,1,1,0
AC233755.2,0,1,1,0,0,1,1,0,0,0
KCTD16,0,1,1,0,0,0,0,0,0,0
LINC01222,0,1,1,1,0,0,0,0,0,0
HSCB,0,0,0,0,0,1,1,1,1,0
PHACTR4,0,0,1,1,0,0,0,0,0,0
XXYLT1,0,1,1,0,0,0,0,0,0,0
CASP8,1,0,1,1,0,0,0,0,0,0
LRRN1,0,1,1,0,0,0,0,0,0,0
TRAV36DV7,0,0,0,0,0,0,0,1,1,0
WWC1,0,0,0,0,0,0,0,1,1,0
CYCS,1,0,1,1,0,0,0,0,0,0
TRBV12-4,0,1,1,1,0,0,0,1,1,0
ZNF765,0,1,1,0,0,0,0,1,1,0
PMCH,0,0,0,0,0,0,0,1,1,0
APOL6,0,0,1,1,0,0,0,1,1,0
SEC24B,0,0,1,1,0,0,0,0,0,0
SH3BP5,0,1,1,0,0,0,0,1,1,0
AC007098.1,0,0,0,0,0,0,0,1,1,0
ADI1,0,0,1,1,0,1,1,1,0,0
ITIH4-AS1,0,0,0,0,0,0,0,1,1,0
SPERT,0,0,0,0,0,0,0,1,1,0
LINC01358,0,0,0,0,0,1,1,1,1,0
OSBPL1A,1,0,0,0,0,0,0,0,0,0
EMC6,0,0,1,1,0,1,1,0,1,0
DR1,0,0,1,1,0,0,0,0,0,0
ITGAM,0,1,1,1,0,0,0,0,0,0
HAGHL,0,0,0,0,0,1,1,0,0,0
DDOST,1,0,1,1,0,1,1,0,0,0
MRPL14,0,0,1,0,0,0,0,0,0,0
SP140L,0,0,0,0,0,0,0,1,1,0
TRIM27,0,0,1,1,0,1,1,0,0,0
LINC01087,0,1,1,0,0,0,0,0,0,0
TIMM13,1,0,1,1,0,1,1,0,0,0
LINC00615,0,1,1,0,0,0,0,0,0,0
JOSD2,0,0,1,1,0,1,1,0,0,0
COPG1,0,0,0,0,0,1,1,0,0,0
PF4V1,0,0,0,0,0,1,0,0,0,0
MSRB3,0,0,0,0,0,0,0,1,1,0
PPM1F,0,0,1,1,0,0,0,1,1,0
BMP8B,0,0,0,0,0,1,1,0,0,0
JPH4,0,0,1,0,0,0,0,0,0,0
CNDP1,0,1,1,0,0,0,0,0,0,0
CCDC183-AS1,0,1,1,1,0,0,0,1,1,0
AC005307.1,0,1,1,0,0,0,0,0,0,0
NUP133,0,0,0,0,0,0,0,1,1,0
CLLU1OS,0,1,1,0,0,0,0,0,0,0
MS4A14,0,0,1,1,0,0,0,1,1,0
TOMM22,0,0,1,1,0,0,0,0,1,0
FAM3D,0,1,1,0,0,0,0,1,1,0
TFEC,0,0,0,0,0,1,1,0,0,0
CLTC,0,0,1,1,0,0,0,0,0,0
COL15A1,0,0,0,0,0,0,0,1,1,0
SNRNP200,0,0,1,1,0,0,0,0,0,0
NPHS1,0,0,0,0,0,0,0,1,1,0
RDH11,0,0,1,1,0,0,0,0,0,0
C11orf71,0,1,1,0,0,0,0,1,1,0
USP3-AS1,0,0,0,0,0,0,0,1,1,0
CD22,0,0,1,1,0,0,0,1,1,0
TRIP11,0,0,1,1,0,0,0,0,1,0
AC128709.3,0,1,1,0,0,0,0,1,1,0
NDST3,0,0,0,0,0,0,0,1,1,0
TMIGD3,0,0,1,1,0,0,0,0,0,0
HSD17B14,0,0,1,1,0,0,0,1,1,0
NUDC,0,0,1,1,0,1,1,1,1,0
EIF2S3,0,0,0,0,0,0,0,1,1,0
LINC01202,0,1,1,0,0,0,0,0,0,0
RAB30,0,0,0,0,0,1,1,1,1,0
FRMD6-AS1,0,0,0,0,0,0,0,1,1,0
MGAM,0,1,1,0,0,0,0,0,0,0
NPIPB7,0,0,0,0,0,0,0,1,1,0
KRT80,0,0,0,0,0,0,0,1,1,0
PFKL,0,1,1,0,0,0,0,0,0,0
CNTNAP2,0,0,0,0,0,0,0,1,1,0
ADPRHL2,0,0,1,1,0,0,0,0,0,0
ACTG1,0,0,0,0,0,1,1,0,0,0
IGKV1-16,0,1,1,0,0,1,1,0,0,0
BPI,0,0,1,1,0,0,0,0,1,0
AC005253.2,0,1,1,0,0,0,0,0,0,0
AMIGO1,0,0,0,0,0,0,0,1,1,0
LRRC1,0,0,0,0,0,0,0,1,1,0
ERLIN1,0,0,0,0,0,0,0,1,1,0
JSRP1,0,0,0,0,0,1,1,0,0,0
PHKG2,0,0,1,1,0,1,1,0,0,0
HSD11B1L,0,1,1,0,0,0,0,0,0,0
ATAD3C,0,0,0,0,0,1,1,0,0,0
SEMA4A,0,0,0,0,0,1,1,0,0,0
SPG11,0,0,1,1,0,0,0,0,0,0
AC083949.1,0,1,1,0,0,0,0,0,0,0
CDKN2B,0,0,1,1,0,0,0,0,0,0
DYNC2H1,0,0,0,0,0,0,0,1,1,0
EXTL2,0,0,1,1,0,0,0,1,1,0
TAF8,0,0,0,0,0,0,0,1,1,0
TGM4,0,1,1,0,0,0,0,1,1,0
TNFRSF13C,0,0,1,1,0,0,0,0,0,0
YAF2,0,0,1,1,0,0,0,0,0,0
ZCRB1,0,0,1,1,0,1,1,0,0,0
MRPS21,0,0,1,0,0,1,1,0,0,0
ARHGAP31,0,0,1,1,0,0,0,0,0,0
C4orf50,0,0,0,0,0,0,0,1,1,0
TRAV13-2,0,0,0,0,0,0,0,1,1,0
ZNF575,0,0,0,0,0,0,0,1,1,0
TRMT10A,0,0,0,0,0,1,1,1,1,0
INPP5F,1,0,0,0,0,0,0,1,1,0
C19orf47,0,0,0,0,0,0,0,1,1,0
PDHX,0,0,0,0,0,0,0,1,1,0
LINC01389,0,1,1,0,0,0,0,1,1,0
WDR5,0,0,1,1,0,0,0,0,0,0
TRAJ61,0,0,0,0,0,0,0,1,0,0
RER1,0,0,1,1,0,1,1,0,1,0
IL31RA,0,1,1,1,0,0,0,0,0,0
SCN11A,0,1,1,0,0,0,0,1,1,0
GLG1,0,0,1,1,0,0,0,1,1,0
KBTBD6,0,1,1,1,0,0,0,1,1,0
MAPK1,0,0,1,1,0,0,0,0,0,0
NPIPB15,0,0,0,0,0,1,1,0,0,0
CCL13,0,0,1,1,0,0,0,1,1,0
TNK2,0,0,1,1,0,0,0,0,0,0
ENPP3,0,0,0,0,0,0,0,1,1,0
ETF1,0,0,1,1,0,0,0,0,0,0
TRIM58,0,0,0,0,0,0,0,1,1,0
PRICKLE2-AS1,0,0,1,0,0,0,0,0,0,0
LIN37,0,1,1,1,0,0,0,0,0,0
ASMT,0,1,1,0,0,0,0,1,1,0
CDV3,0,0,0,0,0,1,1,1,1,0
FLVCR1,0,0,1,1,0,0,0,1,1,0
PURA,0,0,1,1,0,0,0,0,0,0
ITM2A,0,0,1,1,0,0,0,0,0,0
FOXD3-AS1,0,0,0,0,0,0,0,1,1,0
HTR3E,0,0,0,0,0,0,0,1,1,0
WDR34,0,0,1,1,0,0,0,1,1,0
C6orf47-AS1,0,0,0,0,0,0,0,1,1,0
CAVIN2,1,0,0,0,0,0,0,0,0,0
LENG8,0,0,1,1,0,0,0,0,0,0
ABCC11,0,1,1,0,0,0,0,0,0,0
NRP2,0,0,1,1,0,0,0,1,1,0
DPY19L3,0,0,0,0,0,0,0,1,1,0
LDHB,0,0,0,0,0,0,0,1,1,0
SELENBP1,0,0,0,0,0,0,0,0,1,0
LCT,0,0,0,0,0,0,0,1,1,0
IGFBP3,1,0,0,0,0,0,0,0,0,0
RAB4A,0,0,1,1,0,0,0,0,0,0
MOB3A,0,0,1,1,0,0,0,0,0,0
STKLD1,0,0,0,0,0,0,0,1,1,0
CDK6,0,0,1,1,0,0,0,0,0,0
LYPD6B,0,0,1,1,0,0,0,1,1,0
CTSS,0,0,0,0,0,0,0,1,1,0
PIGC,0,0,1,0,0,0,0,0,0,0
ETV5,0,0,0,0,0,0,0,1,0,0
KCP,0,0,0,0,0,1,1,0,0,0
ILVBL,0,0,0,0,0,1,1,0,0,0
HELLS,0,0,0,0,0,0,0,1,1,0
UQCRC1,0,0,1,1,0,1,1,1,1,0
ZPBP,0,0,0,0,0,0,0,1,1,0
ZNF132,0,1,1,0,0,0,0,0,0,0
LINC00574,0,0,0,0,0,0,0,1,1,0
TRGC2,0,0,0,0,0,0,0,1,1,0
FMN1,0,0,1,1,0,0,0,0,0,0
HS3ST4,0,0,1,1,0,0,0,0,0,0
KLF1,0,0,0,0,0,0,0,1,1,0
GABRR2,0,1,1,0,0,1,1,0,0,0
MED19,0,0,1,1,0,0,0,1,1,0
HECTD2,0,0,0,0,0,0,0,1,1,0
CAMK1,0,0,0,0,0,0,0,1,1,0
LINC01413,0,1,1,1,0,1,1,0,0,0
GALK1,0,0,0,0,0,1,1,0,0,0
TMEM187,0,0,0,0,0,0,0,1,1,0
GJB6,0,0,0,0,0,0,0,1,1,0
PSMD10,0,0,1,0,0,1,1,0,0,0
SHB,0,0,1,1,0,0,0,1,1,0
HSP90AA1,0,0,1,1,0,0,0,0,0,0
MRPL32,0,0,1,1,0,1,1,0,0,0
TGFB2-AS1,0,1,1,0,0,0,0,0,0,0
CHRNB2,0,0,0,0,0,0,0,1,1,0
CCDC40,0,0,0,0,0,0,0,1,1,0
HLA-DOB,0,0,1,1,0,0,0,1,1,0
ADAM20,0,0,0,0,0,0,0,1,1,0
LAX1,0,0,1,1,0,1,1,0,0,0
VANGL2,0,0,0,0,0,0,0,1,1,0
PCLO,0,0,1,1,0,0,0,0,0,0
NKAP,0,0,1,1,0,0,0,0,0,0
PACERR,0,1,1,1,0,0,0,0,0,0
NOTCH3,0,0,0,0,0,0,0,1,1,0
MARCHF1,1,0,0,0,0,0,0,0,0,0
EIF2AK4,0,0,0,0,0,1,1,1,1,0
ANKRD53,0,1,1,0,0,0,0,1,1,0
GOLGA3,0,0,0,0,0,1,1,0,0,0
FILIP1,0,1,1,0,0,0,0,1,1,0
TTC1,0,0,1,1,0,1,1,0,1,0
SULT1A4,0,0,0,0,0,0,0,1,1,0
CDCA7,0,1,1,0,0,0,0,1,1,0
CEBPB-AS1,0,0,0,0,0,0,0,1,1,0
ZIM3,0,1,1,1,0,0,0,1,1,0
LINC00299,0,1,1,0,0,0,0,0,0,0
METTL25,0,0,0,0,0,0,0,1,1,0
OR7C2,0,1,1,0,0,0,0,0,0,0
MRPL41,0,0,1,1,0,1,1,0,1,0
SEL1L2,0,1,1,1,0,0,0,0,1,0
BTAF1,0,0,1,1,0,0,0,0,0,0
FLNB-AS1,0,0,0,0,0,0,0,1,1,0
TEX22,0,1,1,0,0,0,0,0,0,0
ZNF605,0,0,1,1,0,0,0,0,0,0
WDR46,0,0,1,1,0,0,0,0,0,0
ARMCX6,0,0,1,1,0,0,0,0,0,0
TTC14,0,0,1,1,0,0,0,0,1,0
RAX2,0,0,0,0,0,0,0,1,1,0
TGOLN2,0,0,1,1,0,0,0,0,0,0
STAT5B,0,0,1,1,0,0,0,0,0,0
LINC01104,0,0,0,0,0,1,1,1,1,0
STT3B,0,0,1,1,0,1,1,0,0,0
SLC29A3,0,0,0,0,0,0,0,1,1,0
SCAND1,0,0,1,1,0,0,0,0,0,0
IL17RC,0,0,1,1,0,0,0,0,0,0
IKBKB,0,0,1,1,0,0,0,1,1,0
LYST-AS1,0,0,0,0,0,0,0,1,1,0
ZNF514,0,0,1,1,0,0,0,1,1,0
RNF182,0,0,0,0,0,0,0,1,1,0
ACAT2,0,0,1,1,0,0,0,0,0,0
E2F4,0,0,1,1,0,0,0,0,0,0
XIST,0,0,0,0,0,0,0,1,1,0
TRABD,0,1,1,0,0,1,1,0,0,0
OXSM,0,0,0,0,0,1,1,1,1,0
SNAP23,0,0,1,1,0,0,0,0,0,0
SARM1,0,1,1,0,0,0,0,0,0,0
IGHV1-69,0,0,0,0,0,0,0,1,1,0
BTBD3,0,0,0,0,0,0,0,1,1,0
CBWD5,0,0,1,1,0,0,0,1,1,0
PLTP,1,0,1,1,0,0,0,1,1,0
REP15,0,1,1,1,0,0,0,0,0,0
LHFPL5,0,1,1,0,0,0,0,0,0,0
ACTR1B,0,0,0,0,0,0,0,1,1,0
CPXCR1,0,1,1,0,0,0,0,0,0,0
CCL8,0,0,1,1,0,0,0,1,1,0
SNURF,0,1,1,1,0,0,0,1,1,0
TFAM,0,0,1,1,0,0,0,0,0,0
LINC00880,0,1,1,0,0,0,0,0,0,0
ARID3B,0,0,0,0,0,1,1,0,0,0
IL22RA2,0,0,0,0,0,0,0,1,1,0
RGS6,0,0,0,0,0,1,0,1,1,0
ARSF,0,1,1,0,0,0,0,1,1,0
TMED5,0,0,1,1,0,1,1,0,0,0
ZNF674,0,0,0,0,0,0,0,1,1,0
BHLHE40-AS1,0,0,0,0,0,0,0,1,1,0
AF067845.1,0,0,0,0,0,0,0,1,1,0
PSMD14,0,0,1,1,0,1,1,0,0,0
CCNB1IP1,0,0,1,1,0,0,0,0,0,0
GOLGA8B,0,1,1,0,0,0,0,0,0,0
GTF2I,0,0,1,1,0,0,0,0,0,0
C3orf70,0,0,0,0,0,0,0,1,1,0
CBWD2,0,0,0,0,0,1,1,0,0,0
NPM3,0,0,0,0,0,1,1,0,0,0
GABARAPL1,0,0,1,1,0,0,0,0,0,0
RDH12,0,0,0,0,0,0,0,1,1,0
PDP2,0,0,0,0,0,0,0,1,1,0
FARSA,1,0,0,0,0,1,1,0,0,0
C6orf52,0,0,0,0,0,0,0,1,1,0
EDIL3,0,1,1,0,0,0,0,1,1,0
STMN2,0,1,1,0,0,1,1,0,0,0
CFDP1,1,0,1,1,0,0,0,0,0,0
NFAM1,0,0,0,0,0,0,0,1,1,0
UCK1,0,0,1,1,0,0,0,0,0,0
AMOTL1,0,0,0,0,0,0,0,1,1,0
HOXC11,0,0,0,0,0,0,0,1,1,0
ZNF644,0,0,1,1,0,0,0,0,1,0
RPL22L1,0,0,0,0,0,0,0,1,1,0
BLACAT1,0,0,0,0,0,0,0,1,1,0
MT1X,0,0,0,0,0,1,1,1,1,0
AC009120.5,0,1,1,0,0,0,0,1,1,0
BOLA3,0,0,0,0,0,1,1,0,0,0
ATP10D,0,1,1,1,0,0,0,1,1,0
WDR41,1,0,0,0,0,1,1,0,0,0
CYB5R1,0,1,1,0,0,0,0,0,0,0
FAM138D,0,1,1,0,0,0,0,0,0,0
GPANK1,0,0,1,0,0,0,0,0,0,0
LINC00649,0,1,1,1,0,0,0,0,0,0
PIK3R6,0,0,0,0,0,1,1,0,0,0
HNRNPC,0,0,1,1,0,0,0,0,0,0
TRBV5-7,0,0,0,0,0,0,0,1,1,0
CD109,0,0,0,0,0,0,0,1,1,0
IPMK,0,1,1,0,0,0,0,1,1,0
ST6GAL1,0,0,1,1,0,0,0,0,0,0
THAP3,0,0,0,0,0,1,1,0,0,0
PRLHR,0,0,0,0,0,0,0,1,1,0
ECI2,0,0,1,0,0,0,0,0,0,0
RELA,0,0,1,0,0,0,0,0,0,0
DCLK2,0,0,0,0,0,0,0,1,1,0
SEMA6D,0,0,1,1,0,0,0,1,1,0
TSC2,0,0,1,1,0,0,0,1,1,0
TRAJ50,0,1,1,0,0,0,0,0,0,0
INPPL1,0,0,1,1,0,0,0,0,0,0
SERINC1,0,0,1,1,0,0,0,0,0,0
TNFAIP1,0,0,0,0,0,0,0,1,1,0
TRMT44,0,0,0,0,0,0,0,1,1,0
ECT2L,0,0,0,0,0,0,0,1,1,0
MARCKSL1,0,0,0,0,0,0,0,1,1,0
C3,0,0,1,1,1,1,0,1,1,0
BUD31,0,0,1,1,0,0,0,0,1,0
TMEM150A,0,1,1,0,0,0,0,0,0,0
CCL5,0,0,1,1,0,0,0,0,0,0
ABRACL,0,0,0,0,0,0,0,1,1,0
GABRG3,0,1,1,0,0,0,0,1,1,0
WDR12,0,0,1,1,0,0,0,1,1,0
PCDH9,0,0,0,0,0,1,1,0,0,0
SLC25A20,0,0,0,0,0,0,0,1,1,0
CYP4V2,0,0,0,0,0,0,0,1,1,0
FNBP1,0,0,1,0,0,0,0,0,0,0
GALR1,0,0,0,0,0,0,0,1,1,0
SLC39A5,0,0,0,0,0,0,0,1,1,0
KAT2A,0,1,1,0,0,1,1,1,1,0
REEP3,0,0,1,1,0,1,1,0,0,0
DTD2,0,1,1,0,0,0,0,0,0,0
STK10,0,0,1,1,0,0,0,0,0,0
ZEB1,0,0,1,1,0,0,0,0,0,0
SPHK1,0,0,1,1,0,0,0,1,1,0
SNX3,0,0,1,1,0,0,0,0,0,0
NLGN3,0,1,1,1,0,0,0,1,1,0
GFRA2,0,0,0,0,1,1,0,0,0,0
MSI1,0,1,1,0,0,0,0,1,1,0
AC068196.1,0,0,0,0,0,0,0,1,1,0
ST8SIA6-AS1,0,1,1,0,0,0,0,1,1,0
ZNF382,0,0,0,0,0,0,0,1,1,0
RFX2,0,0,1,1,0,0,0,0,0,0
TTLL7,0,0,0,0,0,0,0,1,1,0
DDX49,0,0,1,1,0,1,1,0,0,0
MAP4K5,0,0,0,0,0,0,0,1,1,0
GTF2IRD2B,0,0,0,0,0,0,0,1,0,0
VAPB,1,0,0,0,0,0,0,0,0,0
NUDT9,0,0,1,1,0,0,0,0,0,0
CRIPT,0,0,1,1,0,0,0,0,0,0
MDM2,1,0,1,1,0,1,1,0,0,0
ASB9,0,1,1,0,0,0,0,1,1,0
PRCP,0,0,0,0,0,0,0,1,1,0
FGGY,1,0,0,0,0,0,0,1,1,0
GPC3,0,1,1,0,0,0,0,0,0,0
HCLS1,0,1,1,0,0,1,1,0,0,0
SLF2,0,0,1,1,0,0,0,0,0,0
ABI3BP,0,1,1,0,0,0,0,0,0,0
AMY2A,0,0,0,0,0,0,0,1,1,0
SEPTIN6,1,0,0,0,0,0,0,0,0,0
COL11A2,0,0,0,0,0,0,0,1,1,0
TMA16,0,0,0,0,0,1,1,0,0,0
AKAP3,0,0,0,0,0,0,0,1,0,0
MIRLET7BHG,0,1,1,0,0,0,0,1,1,0
COX20,1,0,1,1,0,0,0,1,1,0
KIF9-AS1,0,0,0,0,0,0,0,1,1,0
KRT85,0,0,0,0,0,0,0,1,1,0
PPHLN1,0,0,1,1,0,0,0,0,0,0
P2RX5,0,0,1,1,0,0,0,1,1,0
ZNF710,0,0,1,1,0,0,0,0,0,0
ZFAND1,0,0,1,1,0,0,0,0,0,0
FIBP,0,0,1,0,0,1,1,0,0,0
KLC4,0,0,0,0,0,0,0,1,1,0
FEM1A,0,0,1,1,0,0,0,0,0,0
SERPINB9P1,0,0,0,0,0,1,1,0,0,0
HMGN3,0,0,1,0,0,1,1,0,0,0
IQCD,0,1,1,1,0,0,0,1,1,0
CHRNB3,0,1,1,0,0,0,0,0,0,0
PRKRIP1,0,1,1,0,0,1,1,0,0,0
DNAJC4,0,0,1,1,0,0,0,1,1,0
AP3M1,0,0,1,1,0,0,0,0,0,0
TMEM182,0,1,1,0,0,0,0,0,0,0
TSHZ2,1,0,0,0,0,0,0,1,1,0
CCK,0,1,1,0,0,0,0,0,0,0
C8orf49,0,0,0,0,0,0,0,1,1,0
LPA,0,1,1,1,0,0,0,1,1,0
TMEM120A,0,0,1,0,0,0,0,0,0,0
CEBPG,0,0,1,1,0,0,0,0,0,0
CDKN2A,0,0,0,0,0,1,1,1,1,0
GOLGA6L9,0,0,0,0,0,0,0,1,1,0
KRT18,0,1,1,0,0,0,0,0,0,0
NEK11,0,1,1,0,0,0,0,0,0,0
SNAP25-AS1,0,1,1,0,0,0,0,1,1,0
HIVEP1,1,0,0,0,0,0,0,0,0,0
HERC1,1,0,1,1,0,0,0,0,0,0
PTCD3,0,0,1,1,0,0,0,0,0,0
NOMO3,0,0,0,0,0,1,1,0,0,0
AKAP6,0,0,0,0,0,1,1,1,1,0
BAALC,0,0,0,0,0,0,0,1,1,0
CLK4,1,0,0,0,0,0,0,0,0,0
USP54,0,1,1,0,0,0,0,0,0,0
CYP2C18,0,1,1,0,0,0,0,0,0,0
SLPI,0,0,1,1,0,0,0,0,1,0
SMC4,0,0,1,1,0,1,1,0,0,0
CYTL1,0,0,1,1,0,0,0,0,0,0
MZT2B,0,0,0,0,0,0,0,0,1,0
HCN2,0,1,1,0,0,0,0,0,0,0
MAU2,0,0,1,1,0,0,0,0,0,0
FOXP1-AS1,0,1,1,0,0,0,0,1,1,0
NTS,0,0,1,1,0,0,0,1,1,0
CCDC26,0,0,1,1,0,0,0,0,0,0
IGLV1-41,0,1,1,0,0,0,0,1,1,0
DNAJC15,0,0,1,1,0,1,1,0,0,0
CGGBP1,0,0,1,1,0,0,0,0,0,0
CBLC,0,0,0,0,0,0,0,1,1,0
PRPH2,0,0,0,0,0,0,0,1,1,0
MTHFD1,1,0,0,0,0,1,1,0,0,0
SLC25A33,0,0,1,1,0,0,0,0,0,0
TMEM150B,0,0,1,1,0,0,0,1,1,0
TNKS1BP1,0,1,1,1,0,0,0,1,1,0
SLFN12L,0,0,1,1,0,0,0,0,0,0
LINC01586,0,0,0,0,0,0,0,1,1,0
ACP7,0,0,0,0,0,0,0,1,1,0
PCBP4,0,1,1,0,0,0,0,0,0,0
NUBP2,0,0,1,1,0,1,1,0,0,0
CLPS,0,1,1,0,0,0,0,0,0,0
KCTD20,0,0,1,1,0,0,0,0,0,0
GALNT7,0,0,1,1,0,0,0,1,1,0
KIF21A,0,0,1,1,0,0,0,0,0,0
PGM5P4-AS1,0,0,0,0,0,0,0,1,1,0
GOLGA6L10,0,1,1,0,0,0,0,0,0,0
TTC7B,0,0,1,1,0,0,0,1,1,0
CCDC34,0,0,0,0,0,1,1,1,1,0
CD1B,0,0,0,0,0,0,0,1,1,0
EFNA4,0,0,0,0,0,1,1,0,0,0
GTPBP8,0,0,1,1,0,1,1,1,1,0
TMEM74,0,1,1,1,0,0,0,0,0,0
H3F3C,0,0,0,0,0,0,0,1,1,0
MYCBP2,0,0,1,1,0,0,0,1,1,0
DCUN1D2,0,0,0,0,0,0,0,1,1,0
POLR2D,0,0,1,1,0,0,0,1,1,0
HLA-DQB1,0,0,0,0,0,0,0,0,1,0
ANKK1,0,0,0,0,0,0,0,1,1,0
LINC01205,0,0,0,0,0,0,0,1,1,0
PMS2,0,0,0,0,0,1,1,0,0,0
LRRC57,0,0,1,1,0,0,0,0,0,0
ANKRD35,0,1,1,0,0,0,0,1,1,0
GDF9,0,0,0,0,0,0,0,1,1,0
AMER3,0,0,0,0,0,0,0,1,1,0
MXRA8,0,0,0,0,0,0,0,1,1,0
ENTHD1,0,1,1,0,0,0,0,0,0,0
FAM160B1,0,1,1,0,0,0,0,0,0,0
PITPNA-AS1,0,0,0,0,0,0,0,1,1,0
PRR4,1,0,1,1,0,0,0,1,1,0
AOAH,0,0,0,0,0,0,0,1,1,0
KTI12,0,0,0,0,0,1,1,1,1,0
SIX1,0,0,1,1,0,0,0,0,1,0
ZZEF1,0,0,1,1,0,0,0,0,0,0
TRGC1,0,1,1,0,0,0,0,0,0,0
AKTIP,0,0,1,1,0,0,0,0,0,0
MYCBP,0,0,0,0,0,1,1,0,0,0
HIST1H2BC,0,1,1,0,0,0,0,1,1,0
KCNK1,0,1,1,1,0,0,0,0,0,0
UBXN10-AS1,0,1,1,1,0,0,0,0,0,0
PATL2,0,0,1,1,0,0,0,1,1,0
BRWD1-AS1,0,1,1,0,0,0,0,1,1,0
SDF4,0,0,0,0,0,1,1,0,0,0
ELL,0,0,1,1,0,1,1,1,1,0
PTH2,0,1,1,0,0,0,0,0,0,0
AC073333.1,0,1,1,0,0,0,0,0,0,0
MT-CO3,0,0,1,1,0,0,0,0,1,0
OSBPL10-AS1,0,0,1,1,0,0,0,1,1,0
MMP14,0,0,1,1,0,0,0,0,0,0
MIP,0,1,1,0,0,0,0,1,1,0
MPV17L,0,0,0,0,0,0,0,1,1,0
ZNF653,0,0,0,0,0,0,0,1,1,0
B3GALT4,0,0,1,1,0,0,0,0,0,0
SLC16A14,0,0,0,0,0,1,1,0,0,0
ATP2B4,0,0,1,1,0,0,0,0,0,0
COL4A4,0,0,1,1,0,1,1,0,0,0
CAPN3,0,0,0,0,0,0,0,1,1,0
AC084149.1,0,1,1,1,0,0,0,0,0,0
MAPT,0,0,0,0,0,0,0,1,1,0
PAX8,0,0,0,0,0,0,0,1,1,0
ZGPAT,0,0,0,0,0,1,1,1,1,0
TSPAN2,0,0,0,0,0,0,0,1,1,0
AHSP,1,0,0,0,0,0,0,0,0,0
GPR42,0,0,0,0,0,0,0,1,1,0
LMO4,0,0,0,0,0,1,1,0,0,0
TSACC,0,0,0,0,0,0,0,1,1,0
BLVRA,0,1,1,0,0,0,0,0,0,0
DCAF4,0,0,1,0,0,0,0,0,0,0
THOC6,0,0,1,1,0,1,1,0,0,0
DCLRE1B,0,1,1,0,0,0,0,1,1,0
PANK1,0,1,1,0,0,0,0,0,0,0
CREG1,0,0,1,1,0,0,0,0,0,0
WDR54,0,0,1,1,0,1,1,0,0,0
ADAT1,1,0,1,1,0,0,0,0,0,0
PDCL,1,0,0,0,0,0,0,0,0,0
TPH2,0,0,0,0,0,0,0,1,1,0
SPTY2D1,0,0,1,1,0,0,0,0,0,0
RAB4B,0,0,1,1,0,0,0,0,0,0
IGLV3-21,0,1,1,0,0,1,1,1,1,0
CORO1C,0,0,0,0,0,0,0,1,1,0
VNN2,0,0,0,0,0,0,0,1,1,0
MIF,0,0,1,1,0,1,1,0,1,0
SERPINC1,0,0,0,0,0,1,1,0,0,0
NOX5,0,1,1,1,0,0,0,0,0,0
RGPD8,0,1,1,1,0,0,0,0,0,0
RIN1,0,1,1,0,0,0,0,1,1,0
AC092316.1,0,0,0,0,0,0,0,1,1,0
POLR3E,0,0,1,1,0,0,0,0,0,0
ZNF727,0,0,0,0,0,1,1,0,0,0
RNF222,0,1,1,0,0,0,0,1,1,0
TRDJ1,0,0,0,0,0,0,0,1,1,0
DDX19A,0,0,1,1,0,0,0,1,1,0
P2RX4,0,0,1,1,0,0,0,0,0,0
CD3E,0,0,1,1,0,0,0,0,1,0
KCNK9,0,0,0,0,0,1,1,1,1,0
PPA1,0,0,0,0,0,1,1,0,0,0
MRPL24,0,0,1,1,0,1,1,0,0,0
ATXN7L3B,0,0,1,1,0,0,0,0,0,0
TRBV10-3,0,1,1,0,0,0,0,1,1,0
MIR193BHG,0,0,0,0,0,1,1,0,0,0
SYT3,0,1,1,0,0,0,0,1,1,0
SNHG10,0,0,0,0,0,0,0,1,1,0
ZNRF2,0,1,1,0,0,0,0,0,0,0
ARMC4,0,1,1,0,0,0,0,0,0,0
GPR62,0,0,0,0,0,0,0,1,1,0
ENO1,1,0,1,1,0,1,1,0,0,0
SUSD1,0,0,0,0,0,0,0,1,1,0
LRRC4,0,0,1,1,0,0,0,0,0,0
DENND6A-AS1,0,0,0,0,0,0,0,1,1,0
KRBOX1,0,0,0,0,0,0,0,1,1,0
AC027601.1,0,1,1,0,0,0,0,1,1,0
DEPDC5,0,0,0,0,0,0,0,1,1,0
FOXP1,0,0,0,0,0,0,0,1,1,0
STRC,0,0,0,0,0,0,0,1,1,0
LIF,0,0,0,0,0,0,0,1,1,0
MFSD14B,0,0,1,1,0,0,0,0,0,0
POP1,0,0,0,0,0,0,0,1,1,0
MECR,0,0,0,0,0,1,1,1,1,0
SYNE2,0,0,1,1,0,0,0,1,1,0
ABCC9,0,1,1,0,0,0,0,1,1,0
LINC01214,0,1,1,0,0,0,0,0,0,0
XPA,0,0,1,1,0,0,0,0,0,0
SNW1,0,0,1,1,0,0,0,0,0,0
POLE,0,0,0,0,0,0,0,1,1,0
EYA3,0,0,0,0,0,0,0,1,1,0
DGCR9,0,1,1,0,0,0,0,1,1,0
LINC00960,0,0,0,0,0,0,0,1,1,0
MAPK8IP2,0,0,0,0,0,0,0,1,1,0
LRG1,0,0,0,0,0,0,0,1,1,0
LURAP1L,0,0,1,1,0,0,0,0,1,0
OTX2,0,1,1,0,0,0,0,0,0,0
CDCP1,0,0,1,1,0,0,0,1,1,0
ZSCAN9,0,0,0,0,0,0,0,1,1,0
URI1,0,0,1,1,0,0,0,0,0,0
ARHGDIA,0,0,1,1,0,1,1,0,1,0
TMEM179B,0,0,1,1,0,1,1,0,0,0
C7orf65,0,0,0,0,0,0,0,1,0,0
KRT19,0,1,1,0,0,0,0,1,1,0
GRK7,0,1,1,0,0,0,0,1,1,0
CAPN15,0,0,0,0,0,0,0,1,1,0
LINC00239,0,0,0,0,0,0,0,1,0,0
GSTA4,0,0,0,0,0,0,0,0,1,0
BTG3,0,0,1,1,0,0,0,1,1,0
CHCHD1,0,0,1,1,0,1,1,0,1,0
SLC13A3,0,0,0,0,0,0,0,1,1,0
SNRPD1,0,0,1,1,0,0,0,0,1,0
EPB41L4A,0,0,0,0,0,0,0,1,0,0
GPNMB,0,0,1,1,1,1,0,1,1,0
TRIB1,0,0,1,1,0,1,1,1,1,0
CMTM1,0,0,0,0,0,0,0,1,1,0
NANS,0,0,1,1,0,1,1,0,0,0
AMN,0,0,0,0,0,0,0,1,1,0
TLN2,0,0,1,1,0,0,0,0,0,0
DLGAP1,0,1,1,0,0,0,0,1,1,0
PCSK1,0,0,0,0,1,1,0,0,0,0
SNRPD3,0,0,1,1,0,1,1,0,0,0
ZNF345,0,0,0,0,1,1,0,0,0,0
DDAH2,0,0,1,1,0,1,1,0,0,0
FBXO42,0,0,1,0,0,0,0,1,1,0
HOXA-AS2,0,0,0,0,0,0,0,1,1,0
TMEM266,0,1,1,0,0,0,0,0,0,0
C17orf67,0,1,1,0,0,0,0,0,0,0
ZDHHC14,0,0,1,1,0,0,0,0,0,0
PLK4,1,0,0,0,0,0,0,0,0,0
DIO3OS,0,0,0,0,0,0,0,0,1,0
NDUFAF6,0,0,1,1,0,0,0,0,0,0
PIM1,0,0,1,1,0,0,0,0,0,0
FRS3,0,0,0,0,0,0,0,1,1,0
PNPLA6,0,0,1,1,0,0,0,0,0,0
BCO2,0,0,0,0,0,0,0,1,1,0
OSBPL6,0,0,1,1,0,0,0,1,1,0
MRVI1-AS1,0,0,1,1,0,0,0,1,1,0
LINC01566,0,0,0,0,0,0,0,1,1,0
LRRC25,0,0,0,0,0,0,0,1,1,0
PDGFRA,0,1,1,0,0,0,0,0,0,0
PAX5,0,0,1,1,0,0,0,0,0,0
GNB1L,0,0,0,0,0,1,1,0,0,0
DDAH1,0,0,0,0,0,0,0,1,1,0
LINC01381,0,0,0,0,0,0,0,1,1,0
STARD4,0,0,0,0,0,0,0,1,0,0
DCUN1D3,0,0,0,0,0,0,0,1,1,0
GDE1,0,0,1,1,0,1,1,0,0,0
STARD5,0,0,0,0,0,0,0,1,1,0
ABCB6,0,0,0,0,0,0,0,1,1,0
PRKCA,1,0,0,0,0,0,0,0,0,0
IGLJ1,0,0,0,0,0,1,1,0,0,0
FOXN3-AS2,0,0,0,0,0,0,0,1,1,0
IGHG3,0,1,1,1,0,1,1,1,1,0
DNAJC3,0,0,1,1,0,1,1,0,0,0
RLIM,0,0,1,0,0,0,0,0,0,0
DLST,0,0,0,0,0,0,0,1,1,0
ARMC2,0,0,0,0,0,1,1,0,0,0
TBC1D1,0,0,1,1,0,0,0,0,0,0
SYT12,0,0,0,0,0,0,0,1,1,0
RAB27B,0,1,1,1,0,0,0,0,0,0
LRRFIP1,0,0,1,1,0,0,0,0,0,0
RCOR1,0,1,1,1,0,0,0,0,0,0
SUV39H1,0,1,1,1,0,0,0,1,1,0
NOXRED1,0,1,1,0,0,0,0,0,0,0
GPATCH8,0,0,1,1,0,0,0,0,0,0
RNF114,0,0,1,1,0,0,0,0,0,0
RGS16,0,0,1,1,0,0,0,0,0,0
ZEB2-AS1,0,1,1,1,0,0,0,0,0,0
MRPS2,0,0,0,0,0,1,1,1,1,0
LINC01422,0,0,0,0,0,0,0,1,1,0
TUNAR,0,1,1,0,0,0,0,0,0,0
WDR59,0,0,1,1,0,0,0,1,1,0
FCGR3A,0,0,0,0,0,0,0,1,1,0
ARL17B,0,0,0,0,0,0,0,1,1,0
ANKRD9,0,0,1,1,0,0,0,0,0,0
TSNAX,0,0,1,1,0,0,0,0,0,0
TRH,0,0,1,1,0,0,0,1,1,0
SNAPIN,0,0,1,1,0,0,0,0,0,0
KCNN2,0,0,0,0,0,0,0,1,1,0
TMEM176B,0,0,1,0,0,0,0,1,1,0
LNP1,0,0,0,0,0,1,1,0,0,0
PTGIS,0,0,0,0,0,0,0,1,1,0
FDFT1,0,0,0,0,0,1,1,0,0,0
CHID1,0,0,0,0,0,1,1,1,1,0
GNPNAT1,0,0,0,0,0,1,1,0,0,0
KCNJ5,0,0,1,1,0,0,0,0,0,0
CRTAP,1,0,1,0,0,0,0,1,1,0
SRGAP2C,0,0,1,1,0,0,0,0,0,0
INPP5J,0,1,1,0,0,0,0,1,1,0
ATL2,0,1,1,0,0,0,0,1,0,0
AK8,0,0,1,1,0,1,1,0,0,0
AIG1,0,0,1,0,0,0,0,0,0,0
KRI1,0,0,1,0,0,0,0,0,0,0
ZNF252P-AS1,0,0,0,0,0,0,0,1,1,0
UBB,0,0,1,0,1,1,0,0,1,0
PPA2,0,0,1,1,0,1,1,0,0,0
FOSB,0,1,1,1,0,0,0,1,1,0
TEX30,0,0,0,0,0,0,0,1,1,0
MSL3,1,0,1,1,0,0,0,0,0,0
TSPAN9,0,0,0,0,0,1,0,0,0,0
ACTG2,0,0,0,0,0,0,0,1,1,0
PAPOLB,0,1,1,1,0,0,0,1,1,0
FAM86B2,0,1,1,0,0,0,0,1,1,0
POP7,0,0,1,1,0,1,1,0,0,0
PDGFRB,0,0,0,0,0,0,0,1,1,0
RPL17,0,0,0,0,0,0,0,1,1,0
IKZF2,0,1,1,0,0,0,0,1,1,0
CST3,0,0,1,0,0,0,0,0,1,0
PARP10,0,0,0,0,0,0,0,1,1,0
TAOK2,1,0,0,0,0,0,0,0,0,0
RELL1,0,0,0,0,0,0,0,1,1,0
TBCD,0,0,0,0,0,0,0,1,1,0
CTXN3,0,0,1,1,0,0,0,0,1,0
AP006222.2,0,0,0,0,0,0,0,1,1,0
KLKB1,0,0,0,0,0,0,0,1,1,0
CA5A,0,0,0,0,0,0,0,1,1,0
FOCAD-AS1,0,0,0,0,0,0,0,1,1,0
CLN6,1,0,1,1,0,1,1,1,1,0
IGKV3-20,0,1,1,0,0,1,1,1,1,0
TNFSF18,0,0,1,1,0,0,0,0,0,0
ITGA9,0,0,1,1,0,0,0,0,0,0
ZDHHC3,0,0,1,1,0,1,1,0,0,0
PRR14L,0,0,1,1,0,0,0,0,1,0
CBS,0,0,0,0,0,0,0,1,1,0
VIL1,0,0,0,0,0,1,0,0,0,0
CDA,0,0,0,0,0,0,0,0,1,0
GJA9,0,0,0,0,0,0,0,1,1,0
PDE12,0,0,1,1,0,0,0,0,0,0
FBXW2,0,0,1,1,0,0,0,0,0,0
ADAP1,0,0,1,1,0,0,0,0,0,0
SNX24,0,0,1,1,0,0,0,1,1,0
SLC25A4,0,0,0,0,0,1,1,0,0,0
DBP,1,0,0,0,0,0,0,1,1,0
TREX2,0,1,1,1,0,0,0,1,1,0
CERS1,0,0,1,1,0,0,0,0,0,0
EBF4,0,0,0,0,0,0,0,1,1,0
RNF121,0,0,0,0,0,1,1,1,1,0
PPP2R3C,0,0,1,1,0,0,0,0,0,0
CASC8,0,0,0,0,0,0,0,1,1,0
DVL3,0,0,0,0,0,0,0,1,1,0
KPNB1,0,0,1,1,0,0,0,0,0,0
APEX1,0,0,1,0,0,0,0,0,0,0
SLC25A11,0,0,1,1,0,1,1,0,0,0
PCOLCE,0,0,0,0,0,0,0,1,1,0
WARS2,0,0,0,0,0,0,0,1,1,0
TDRD15,0,1,1,1,0,0,0,0,0,0
ELMSAN1,0,0,1,1,0,0,0,0,0,0
FGF23,0,0,0,0,0,1,1,1,1,0
CYB5R3,1,0,1,1,0,0,0,0,0,0
VPS41,0,0,1,1,0,0,0,1,1,0
SMARCB1,0,0,0,0,0,1,1,0,0,0
SCN7A,0,1,1,1,0,0,0,0,0,0
GDF11,0,0,0,0,0,0,0,1,1,0
DUXA,0,1,1,0,0,0,0,0,0,0
TGM1,0,0,0,0,0,0,0,1,1,0
SMCR2,0,1,1,0,0,0,0,1,1,0
NUSAP1,0,0,1,1,0,1,1,1,1,0
IQGAP1,0,0,1,1,0,0,0,0,0,0
NCK2,1,1,1,0,0,1,1,0,0,0
GATAD1,0,0,1,1,0,0,0,0,0,0
NPIPA3,0,0,0,0,0,1,1,0,0,0
UQCRH,0,1,1,0,0,1,1,0,0,0
KISS1,0,1,1,0,0,0,0,0,0,0
ARMCX3,0,0,1,1,0,1,1,0,0,0
ERVW-1,0,1,1,0,0,0,0,1,1,0
SERHL2,0,1,1,0,0,0,0,0,0,0
ALOX15B,0,0,0,0,0,0,0,1,1,0
VPS72,0,0,0,0,0,0,0,1,1,0
PEF1,0,0,0,0,0,0,0,1,1,0
AP5M1,0,0,1,1,0,0,0,0,0,0
DHRS4,0,0,0,0,0,1,1,1,1,0
GPR18,1,1,1,0,0,0,0,0,0,0
PDXP,0,1,1,1,0,0,0,0,0,0
LRRC59,0,0,1,1,0,1,1,0,0,0
CDIP1,0,0,0,0,0,0,0,1,1,0
UBE3A,0,0,0,0,0,0,0,0,1,0
LGALS9C,0,1,1,0,0,0,0,1,1,0
IGFBP6,1,0,1,1,0,0,0,0,1,0
COG4,0,0,0,0,0,1,1,1,1,0
PRKAB1,0,0,1,1,0,0,0,1,1,0
TCF25,0,0,1,1,0,0,0,0,0,0
CLEC12B,0,0,0,0,0,0,0,1,1,0
PCDHB16,0,0,0,0,0,0,0,1,1,0
ZNF14,0,0,0,0,0,0,0,1,1,0
RAF1,0,0,1,1,0,0,0,0,0,0
WIPF3,0,0,1,1,0,1,1,0,0,0
DNAJC16,0,0,1,1,0,0,0,0,0,0
MAP3K1,0,0,1,1,0,0,0,0,0,0
PIP5K1A,0,1,1,0,0,0,0,0,0,0
DNAJB6,0,0,1,1,0,0,0,0,0,0
ECH1,0,0,0,0,0,1,1,0,1,0
PSMC4,1,0,0,0,0,1,1,0,1,0
TET2,0,0,0,0,0,0,0,1,1,0
PAEP,0,1,1,0,0,0,0,1,1,0
DNAH17,0,0,1,1,0,0,0,0,0,0
ZNF831,0,1,1,0,0,0,0,1,0,0
PJA2,0,0,1,1,0,0,0,0,0,0
ZAR1L,0,1,1,0,0,0,0,0,0,0
CLINT1,0,0,1,1,0,1,1,0,0,0
POLR2J,0,0,1,1,0,1,1,0,1,0
DHX15,0,0,1,1,0,0,0,0,0,0
ACAD8,0,0,1,0,0,0,0,1,1,0
TNRC6B,1,0,0,0,0,0,0,0,0,0
CCDC71,0,0,0,0,0,0,0,1,1,0
CACNB1,0,0,0,0,0,0,0,1,1,0
IDH1,1,0,0,0,0,0,0,0,0,0
FAM124A,0,0,0,0,0,0,0,1,1,0
IMPG2,0,0,0,0,0,0,0,1,1,0
CNGB3,0,1,1,0,0,0,0,0,0,0
AKR1E2,0,0,0,0,0,0,0,1,1,0
FNDC3A,0,0,1,1,0,1,1,0,0,0
PHEX,0,1,1,1,0,0,0,1,1,0
HECTD3,0,0,0,0,0,1,1,0,0,0
LINC00621,0,0,0,0,0,0,0,1,1,0
HNRNPF,0,0,1,1,0,0,0,0,1,0
KMT2B,0,0,0,0,0,0,0,1,1,0
DARS2,1,0,0,0,0,0,0,1,1,0
MTA3,0,0,1,1,0,0,0,1,1,0
CRYM,0,1,1,1,0,0,0,1,1,0
NKRF,1,0,0,0,0,0,0,1,1,0
OARD1,0,0,1,1,0,0,0,0,0,0
PRPF19,0,0,0,0,0,0,0,1,1,0
MROH9,0,1,1,1,0,0,0,1,1,0
CSPG5,0,1,1,0,0,0,0,0,0,0
IGHV1OR15-9,0,1,1,0,0,0,0,1,1,0
KNSTRN,0,0,0,0,0,1,1,1,1,0
SPATA33,0,0,0,0,0,0,0,1,1,0
ATP2A1-AS1,0,1,1,0,0,0,0,1,1,0
PES1,0,0,0,0,0,0,0,1,1,0
C5orf30,0,0,0,0,0,1,1,0,0,0
GPR180,0,1,1,1,0,0,0,0,0,0
SYT13,0,1,1,0,0,0,0,0,0,0
ZNF33A,0,0,1,1,0,0,0,0,0,0
ZNF843,0,0,0,0,0,0,0,1,1,0
JADE2,1,0,1,0,0,0,0,0,0,0
CXCR6,0,1,1,0,0,0,0,0,0,0
CSTF1,0,0,0,0,0,0,0,1,1,0
TFAP2A,0,0,0,0,0,0,0,1,1,0
MYO1B,1,0,0,0,0,0,0,1,1,0
DDX17,0,0,1,1,0,0,0,0,1,0
RARS,0,0,1,1,0,0,0,0,0,0
EFCAB6,0,0,0,0,0,0,0,1,1,0
TRAV8-6,0,1,1,0,0,0,0,1,1,0
NAALADL2,0,0,0,0,0,0,0,1,1,0
ZNF211,0,0,0,0,0,0,0,1,1,0
TRAJ51,0,1,1,0,0,0,0,0,0,0
DCBLD2,0,0,0,0,0,0,0,1,1,0
KCNC2,0,1,1,1,0,0,0,0,0,0
MADD,1,0,0,0,0,0,0,0,0,0
ANO7,0,1,1,0,0,0,0,0,0,0
ZBTB20-AS2,0,1,1,0,0,0,0,0,0,0
NFAT5,0,0,1,1,0,0,0,0,0,0
GTF2E2,0,0,1,1,0,0,0,1,1,0
TMEM61,0,1,1,1,0,0,0,0,0,0
ARID5B,0,0,1,1,0,0,0,0,0,0
NDUFB10,0,0,1,1,0,1,1,0,1,0
OGDH,0,0,1,1,0,0,0,0,0,0
DPCD,0,0,0,0,0,1,1,0,0,0
HIST1H3C,0,0,0,0,0,1,1,1,1,0
DOP1B,1,0,0,0,0,0,0,0,0,0
CFAP221,0,1,1,0,0,0,0,1,1,0
LANCL1,0,1,1,0,0,0,0,0,0,0
DNAJA4,1,0,0,0,0,0,0,1,1,0
UBE2A,0,0,1,1,0,1,1,0,0,0
HECW1,0,0,0,0,0,0,0,1,1,0
HPDL,0,1,1,0,0,1,1,0,0,0
MICU1,1,0,1,0,0,0,0,0,0,0
STX11,0,0,1,1,0,0,0,1,1,0
FABP2,0,1,1,0,0,0,0,0,0,0
CTNNA1,0,1,1,0,0,0,0,0,0,0
QSOX1,1,0,0,0,0,0,0,0,0,0
EHHADH,0,0,0,0,1,1,0,0,0,0
SEC22B,0,0,0,0,0,0,0,1,1,0
SYNDIG1,0,0,1,1,0,0,0,0,0,0
SPSB2,0,0,0,0,0,0,0,1,0,0
PAGE5,0,1,1,0,0,0,0,1,1,0
SRPX2,0,1,1,1,0,0,0,1,1,0
LINC01527,0,1,1,0,0,0,0,1,1,0
MAP2,0,0,0,0,0,0,0,1,1,0
MMP25,0,1,1,0,0,0,0,0,0,0
IGKV1-9,0,1,1,1,0,1,1,1,1,0
TTC27,0,1,1,0,0,0,0,0,0,0
CHURC1,0,0,1,1,0,0,0,0,0,0
CHPF,0,0,0,0,0,1,1,0,0,0
FAM71F1,0,0,0,0,0,0,0,1,1,0
RIMS4,0,1,1,0,0,0,0,0,0,0
TRERF1,0,0,0,0,0,0,0,1,1,0
PPP1CC,0,0,0,0,0,1,1,0,0,0
ZNF214,0,0,0,0,0,0,0,1,1,0
PINK1-AS,0,0,0,0,0,0,0,1,1,0
PROM2,0,0,0,0,0,0,0,1,1,0
HIST1H4I,0,1,1,1,0,0,0,0,0,0
SREBF2,0,0,1,1,0,0,0,0,0,0
PALM,0,0,0,0,0,0,0,1,1,0
TTC38,1,0,0,0,0,0,0,0,0,0
KLK1,0,0,1,1,0,1,1,0,0,0
SRP14,0,0,1,1,0,0,0,0,1,0
SLC4A1,1,0,0,0,0,0,0,0,0,0
EIF5B,0,0,1,1,0,1,1,0,0,0
ERMARD,0,0,0,0,0,0,0,1,1,0
ZNF654,0,0,0,0,0,0,0,1,0,0
KLK2,0,0,0,0,0,0,0,1,1,0
RPL6,0,0,1,1,0,0,0,0,1,0
DICER1,0,0,1,1,0,0,0,0,0,0
USP51,0,0,1,1,0,0,0,1,1,0
CLCC1,0,0,1,1,0,1,1,0,0,0
SUSD6,0,0,0,0,0,0,0,1,1,0
PCSK9,0,1,1,1,0,0,0,0,0,0
AHCTF1,0,0,1,0,0,0,0,0,0,0
MTG2,0,0,0,0,0,1,1,0,0,0
TENT5C,1,0,0,0,0,0,0,0,0,0
TFAP2D,0,0,0,0,0,0,0,1,1,0
ADAM21,0,1,1,1,1,1,0,0,0,0
IGSF1,0,0,0,0,0,0,0,1,1,0
LRRK2,0,0,1,1,0,0,0,0,0,0
TMEM265,0,1,1,0,0,0,0,0,0,0
NPIPB6,0,0,0,0,0,1,1,0,0,0
CKM,0,1,1,0,0,0,0,0,0,0
HIGD2A,0,0,0,0,0,0,0,1,1,0
IRGM,0,1,1,0,0,0,0,0,0,0
HES6,0,0,1,1,0,0,0,0,0,0
FNDC4,0,1,1,1,0,0,0,1,1,0
COPS3,0,0,1,1,0,1,1,0,0,0
OR1N2,0,0,1,1,0,0,0,0,0,0
LAMP5,1,1,1,0,0,0,0,1,1,0
RAB40A,0,1,1,0,0,0,0,1,1,0
TRDV2,0,0,0,0,0,0,0,1,1,0
DHX37,0,0,0,0,0,0,0,1,1,0
ATP6V0A4,0,1,1,0,0,0,0,1,1,0
CHRM4,0,1,1,0,0,0,0,0,0,0
SLC16A3,0,0,1,1,0,0,0,0,0,0
MMP28,0,0,0,0,0,0,0,1,1,0
RIBC2,0,1,1,0,0,0,0,1,1,0
AKAP9,0,0,1,1,0,0,0,0,0,0
ACTR10,0,0,1,1,0,0,0,0,0,0
LINC00894,0,0,0,0,0,0,0,1,1,0
TNFRSF4,0,1,1,0,0,0,0,0,0,0
GIMAP8,0,0,1,1,0,0,0,0,0,0
AP4S1,0,0,0,0,0,0,0,1,1,0
HIST1H2AC,0,0,0,0,0,1,0,1,1,0
PDGFRL,0,1,1,0,0,0,0,0,1,0
PRPF38A,0,0,1,1,0,0,0,0,0,0
MSS51,0,0,0,0,0,0,0,1,1,0
CYB561D1,0,0,1,1,0,0,0,0,0,0
FAM86B1,0,0,0,0,0,0,0,1,1,0
SALL4,0,1,1,1,0,0,0,1,1,0
NPAS1,0,1,1,0,0,1,1,0,0,0
PGM5,0,0,1,0,0,0,0,1,1,0
ATXN1L,0,0,1,1,0,0,0,0,0,0
CCDC110,0,0,0,0,0,1,1,0,0,0
PTPN14,0,0,0,0,0,0,0,1,0,0
CCNY,0,0,1,1,0,0,0,0,0,0
RNF123,0,0,1,1,0,0,0,0,0,0
ZNF691,0,0,0,0,0,0,0,1,0,0
MCTS1,0,0,0,0,0,1,1,0,0,0
WDR77,0,1,1,0,0,0,0,1,1,0
CALHM3,0,1,1,0,0,0,0,0,0,0
MLEC,0,0,0,0,0,1,1,0,0,0
RPL35,0,1,1,1,0,0,0,0,1,0
KIAA1755,0,0,1,1,0,0,0,0,0,0
DYRK2,1,0,0,0,0,0,0,0,0,0
OSGIN2,0,0,0,0,0,0,0,1,1,0
SLC27A1,0,0,1,1,0,0,0,1,1,0
PPIE,0,0,0,0,0,1,1,0,0,0
ASF1B,0,0,0,0,0,1,1,0,0,0
CEACAM1,1,1,1,1,0,0,0,0,0,0
RPS19BP1,0,0,1,1,0,1,1,0,0,0
CNP,0,0,1,1,0,1,1,0,0,0
FBXW5,0,0,1,1,0,1,1,0,0,0
ZFX,0,0,1,1,0,0,0,0,0,0
TTC19,0,0,0,0,0,0,0,1,1,0
MED10,0,0,1,1,0,0,0,0,0,0
SNCAIP,0,1,1,0,0,0,0,0,0,0
C2orf73,0,0,0,0,0,0,0,0,1,0
BAK1,0,0,1,1,0,1,1,1,1,0
BOLA2,0,0,0,0,0,1,1,0,1,0
TYW1B,0,1,1,0,0,0,0,0,0,0
FUS,0,0,1,1,0,0,0,0,0,0
EPC1,0,0,1,1,0,0,0,0,0,0
IGLVI-70,0,0,0,0,0,1,1,0,0,0
ZNF296,0,0,0,0,0,1,1,0,0,0
CGA,0,1,1,0,0,0,0,1,1,0
MOV10,0,1,1,0,0,0,0,0,0,0
TXN2,0,0,1,1,0,1,1,0,0,0
CRTC3-AS1,0,1,1,0,0,0,0,1,1,0
C10orf88,0,0,0,0,1,1,0,1,1,0
DNAJC18,0,0,0,0,0,0,0,1,1,0
LRSAM1,0,0,0,0,0,0,0,1,1,0
STAM-AS1,0,1,1,0,0,0,0,0,0,0
BMPR1B,0,1,1,1,0,0,0,0,0,0
IL21,0,0,0,0,0,0,0,1,1,0
AC006449.2,0,0,0,0,0,0,0,1,1,0
MIDN,0,1,1,0,0,0,0,0,0,0
YBX1,0,0,0,0,0,0,0,1,0,0
HCG27,0,1,1,0,0,0,0,1,1,0
UTS2,0,1,1,1,0,0,0,1,1,0
CHD9,0,1,1,1,0,0,0,0,0,0
PARD6G,0,0,0,0,0,0,0,1,1,0
BDKRB1,0,1,1,0,0,0,0,0,0,0
CEP128,0,0,0,0,0,1,1,0,0,0
TESC,1,1,1,0,0,0,0,0,0,0
LINC01140,0,1,1,1,0,0,0,0,0,0
CST7,0,1,1,1,0,0,0,0,0,0
LINC00867,0,1,1,0,0,0,0,1,1,0
AKAP17A,0,0,1,1,0,0,0,0,1,0
CD19,0,0,1,1,0,0,0,0,0,0
TSPYL1,0,0,0,0,0,0,0,1,1,0
RAB3C,0,1,1,0,0,0,0,0,0,0
SLC39A1,0,0,1,1,0,0,0,1,1,0
MGAT2,0,0,1,1,0,1,1,0,0,0
CALML4,0,0,0,0,0,1,1,0,0,0
MAP3K14,0,0,0,0,0,0,0,1,1,0
SEPHS2,0,1,1,0,0,1,1,1,1,0
RGS18,0,0,0,0,0,1,0,1,1,0
UNC5B,0,0,0,0,0,0,0,1,1,0
PRR23C,0,1,1,0,0,0,0,0,0,0
ANKRD36C,0,0,1,1,0,0,0,0,0,0
ZNF341-AS1,0,0,0,0,0,0,0,1,1,0
IFFO2,0,0,0,0,0,0,0,1,1,0
ULK1,0,0,0,0,0,0,0,1,1,0
SGCG,0,0,1,1,0,0,0,1,1,0
ABALON,0,0,0,0,0,0,0,1,1,0
FN3K,0,0,1,1,0,0,0,0,0,0
MYBL2,0,0,0,0,0,1,1,1,1,0
MED13,0,0,1,1,0,0,0,1,1,0
ZNF648,0,1,1,0,0,0,0,0,0,0
MSMP,0,0,0,0,0,1,1,1,1,0
KIF4B,0,0,0,0,0,0,0,1,1,0
CIDEA,0,0,0,0,0,0,0,1,1,0
EXOSC9,0,1,1,0,0,0,0,0,0,0
DENR,0,0,1,1,0,0,0,0,0,0
ABHD15,0,1,1,0,0,0,0,0,0,0
SETD4,0,0,0,0,0,0,0,1,1,0
COLGALT2,1,0,0,0,0,0,0,0,0,0
ELL3,0,1,1,0,0,0,0,1,1,0
EIF6,0,0,1,1,0,0,0,1,1,0
LINC00654,0,1,1,0,0,0,0,1,1,0
SLC35A2,0,0,1,1,0,0,0,1,1,0
ZNF774,0,0,0,0,0,0,0,1,1,0
GALM,0,0,0,0,0,0,0,1,1,0
IGHV4-59,0,1,1,0,0,0,0,1,1,0
METAP1,0,0,1,1,0,0,0,0,0,0
ZBTB46,0,1,1,1,0,0,0,1,1,0
EFEMP1,0,0,0,0,0,0,0,1,1,0
NDUFV1,1,0,0,0,0,1,1,0,0,0
TOLLIP,0,0,1,1,0,0,0,0,0,0
PPP2R2A,1,0,1,1,0,0,0,0,0,0
BHLHE41,0,0,1,1,0,1,1,1,1,0
RAB36,0,0,0,0,0,0,0,1,1,0
GRPEL2-AS1,0,0,0,0,0,0,0,1,1,0
FRMPD2,0,0,0,0,0,0,0,1,1,0
NFKBID,0,0,0,0,0,0,0,1,1,0
MARCKS,0,0,1,0,0,0,0,1,1,0
ATG3,0,0,1,1,0,1,1,0,0,0
RAI2,0,0,1,1,0,0,0,0,1,0
GOLT1B,0,0,1,1,0,0,0,1,1,0
FAM210A,0,0,1,1,0,0,0,1,1,0
MANEA,0,0,1,1,0,1,1,0,0,0
XK,0,0,0,0,0,0,0,1,1,0
NUTM2B-AS1,0,1,1,1,0,0,0,0,0,0
PIGA,0,0,0,0,0,0,0,1,1,0
MAP10,0,1,1,0,0,0,0,1,1,0
DDX54,0,0,1,1,0,1,1,0,0,0
EXPH5,0,1,1,0,0,0,0,0,0,0
DTX2,0,0,1,1,0,0,0,1,1,0
N4BP3,0,0,1,1,0,0,0,0,0,0
SHC4,0,0,0,0,0,0,0,1,1,0
PANDAR,0,0,0,0,0,0,0,1,1,0
GGA3,0,0,0,0,0,0,0,1,1,0
KLHL3,0,0,0,0,0,0,0,1,1,0
SYNPO2L,0,0,0,0,0,0,0,1,1,0
NNMT,0,0,0,0,0,0,0,1,1,0
HDAC2,0,0,1,1,0,0,0,0,0,0
PARN,0,0,0,0,0,0,0,1,1,0
LUM,0,0,1,1,0,0,0,0,1,0
SAMD12,0,1,1,0,0,0,0,0,0,0
ERCC3,0,0,0,0,0,0,0,1,1,0
PHF14,0,0,1,1,0,0,0,0,0,0
CCNA2,0,0,0,0,0,1,1,1,1,0
RALYL,0,1,1,0,0,0,0,0,0,0
BACE1,0,0,1,1,0,0,0,1,1,0
ZYG11A,0,1,1,0,0,1,1,1,1,0
VAMP5,0,0,0,0,0,0,0,1,1,0
KLHL34,0,1,1,0,0,0,0,0,0,0
CLIP4,1,0,0,0,0,0,0,0,0,0
AGAP4,0,0,1,1,0,0,0,1,1,0
NPM1,0,0,1,0,0,0,0,0,1,0
PRELP,0,0,0,0,0,0,0,0,1,0
FBLN5,0,1,1,0,0,0,0,1,1,0
ZNF90,0,0,0,0,0,0,0,1,1,0
CDKN2AIPNL,0,0,0,0,0,1,1,0,0,0
LAMA1,0,0,0,0,0,0,0,1,1,0
PAPPA,0,0,0,0,0,0,0,1,1,0
RAB28,0,0,0,0,0,0,0,1,1,0
NSMF,0,0,0,0,0,0,0,1,1,0
NDUFS1,0,0,1,1,0,1,1,0,0,0
SUCLG2-AS1,0,0,0,0,0,0,0,1,1,0
OR2A25,0,1,1,0,0,0,0,0,0,0
NPFFR2,0,1,1,0,0,0,0,1,1,0
C5AR2,0,0,1,1,0,0,0,1,1,0
TAX1BP3,0,0,0,0,0,0,0,1,1,0
TRAJ22,0,0,0,0,0,0,0,1,1,0
TRIM25,0,0,1,1,0,0,0,0,0,0
HSPB6,0,1,1,0,0,0,0,1,1,0
SKA1,0,0,0,0,0,0,0,1,1,0
SLCO2A1,0,1,1,1,0,0,0,1,1,0
MRPL15,0,0,1,1,0,1,1,1,1,0
KAT6B,0,0,1,0,0,0,0,1,1,0
C1GALT1C1,0,0,0,0,0,1,1,0,0,0
UGT8,0,1,1,1,0,0,0,1,1,0
CPA5,0,1,1,0,0,0,0,0,0,0
DYNLRB2,0,1,1,0,0,0,0,1,1,0
CRK,0,0,1,1,0,0,0,0,0,0
PSMD1,0,0,1,1,0,1,1,0,0,0
RXRA,0,0,1,1,0,0,0,1,1,0
GDF10,0,0,0,0,0,0,0,1,1,0
ZCCHC14,1,0,0,0,0,0,0,1,1,0
GALNTL6,0,0,0,0,0,0,0,1,1,0
KCNK3,1,0,0,0,0,0,0,0,0,0
NOL4L,0,1,1,0,0,0,0,0,0,0
GGT6,0,1,1,0,0,0,0,1,1,0
OCIAD1,0,0,1,1,0,0,0,1,1,0
AP2S1,0,0,1,1,0,1,1,0,0,0
ZNF540,0,0,1,1,0,0,0,0,0,0
DPP3,0,0,0,0,0,1,1,0,0,0
FAM102B,0,0,1,1,0,0,0,0,0,0
TMOD2,0,1,1,1,0,0,0,0,0,0
SCML4,0,0,1,1,0,0,0,0,0,0
VPS8,0,0,1,1,0,0,0,0,0,0
PRSS22,0,1,1,0,0,0,0,0,0,0
ULBP1,0,1,1,0,0,0,0,1,1,0
DSTN,0,0,0,0,0,1,1,0,0,0
ERCC6L2,0,0,1,1,0,0,0,1,1,0
SIGLEC14,0,0,0,0,0,0,0,1,1,0
PKD2L1,0,0,0,0,0,0,0,1,1,0
PHB2,0,0,1,1,0,0,0,1,1,0
C1orf167,0,0,0,0,0,1,1,1,1,0
NT5C2,0,0,1,1,0,0,0,1,1,0
TPRKB,0,0,1,1,0,0,0,0,0,0
TMEM200A,0,0,0,0,0,0,0,1,1,0
CRISPLD1,0,0,0,0,0,0,0,1,1,0
HCG9,0,0,0,0,0,0,0,1,1,0
ATL3,0,0,1,1,0,0,0,1,1,0
PLAGL2,1,0,0,0,0,0,0,0,0,0
MIF4GD,0,0,0,0,0,1,1,0,0,0
GABRB2,0,1,1,0,0,0,0,0,0,0
DCAF4L1,0,1,1,0,0,0,0,1,1,0
ZHX2,1,0,0,0,0,0,0,0,0,0
LRRC4C,0,1,1,0,0,0,0,0,0,0
SESN2,0,0,1,0,0,0,0,0,0,0
TMEM192,0,0,1,1,0,0,0,0,0,0
NUP98,0,0,0,0,0,0,0,1,0,0
GPR162,0,0,0,0,0,0,0,1,1,0
ZNF354A,1,0,0,0,0,0,0,0,0,0
SLC30A8,0,1,1,0,0,0,0,0,0,0
EMP1,0,1,1,1,0,0,0,1,1,0
CHSY1,0,0,1,1,0,0,0,1,1,0
TNFRSF10B,0,0,1,1,0,0,0,0,0,0
C8orf34,0,1,1,0,0,0,0,1,1,0
DNAJB14,0,0,1,1,0,0,0,0,0,0
ZSWIM7,0,0,1,1,0,0,0,1,1,0
HECW2,0,0,0,0,0,0,0,1,1,0
ANKS4B,0,1,1,0,0,0,0,0,0,0
RPAP3,0,0,0,0,0,1,1,0,0,0
SLC8A3,0,0,0,0,0,0,0,1,1,0
CCL2,1,0,1,0,0,0,0,1,1,0
DDX55,0,1,1,0,0,0,0,0,0,0
NHS,0,0,0,0,0,0,0,1,1,0
SAMD4B,1,0,1,1,0,0,0,0,0,0
LIN28A,0,1,1,0,0,0,0,0,0,0
PPM1H,0,1,1,0,0,0,0,0,0,0
SLC38A1,0,1,1,1,0,0,0,1,1,0
UNG,0,1,1,0,0,0,0,0,0,0
LINC00461,0,1,1,1,0,0,0,0,0,0
SMIM10L2A,0,0,0,0,0,0,0,1,1,0
KIAA0895,0,0,0,0,0,0,0,1,1,0
RAI1,0,1,1,0,0,0,0,0,0,0
OPN1SW,0,0,0,0,0,0,0,1,0,0
TEX14,0,0,1,1,0,0,0,0,0,0
MED22,0,0,0,0,0,0,0,1,1,0
XRN1,0,0,1,1,0,0,0,0,0,0
MRPS5,0,0,1,1,0,1,1,1,1,0
RSPH4A,0,1,1,0,0,0,0,0,0,0
DBR1,0,0,0,0,0,0,0,1,1,0
SEMA3C,0,1,1,0,0,0,0,1,1,0
KNTC1,0,0,0,0,0,1,1,1,1,0
ZNF639,0,0,0,0,0,0,0,1,1,0
CECR2,0,0,1,1,0,0,0,1,1,0
SLC25A17,0,0,0,0,0,0,0,1,1,0
ZDHHC19,0,0,0,0,0,1,1,0,0,0
JAM2,0,0,0,0,0,0,0,1,1,0
CSNK2A1,1,0,0,0,0,0,0,0,0,0
CAPN11,0,0,0,0,0,0,0,1,1,0
LY6D,0,1,1,0,0,0,0,0,0,0
CYP27A1,1,0,0,0,0,0,0,1,1,0
CCL1,0,0,1,1,0,0,0,1,1,0
TCF23,0,0,0,0,0,0,0,1,1,0
DCLK1,0,0,1,1,0,0,0,0,0,0
HOXC9,0,0,1,1,0,0,0,1,1,0
CLPTM1,0,0,0,0,0,1,1,1,1,0
ANXA13,0,1,1,0,0,0,0,0,0,0
ALDH1A2,0,0,0,0,0,0,0,0,1,0
SPINK13,0,1,1,0,0,0,0,0,0,0
LINC00924,0,1,1,0,0,0,0,1,1,0
FAM215B,0,0,0,0,0,0,0,1,1,0
AMER1,0,0,0,0,0,0,0,1,1,0
LAYN,0,1,1,0,0,0,0,0,0,0
PEA15,0,0,1,1,0,1,1,0,0,0
LINC01209,0,1,1,1,0,0,0,0,0,0
RBM42,1,0,1,1,0,0,0,0,0,0
LINC01564,0,0,0,0,0,0,0,1,1,0
DUSP7,0,0,1,1,0,0,0,0,0,0
CXADR,0,1,1,1,0,0,0,0,0,0
MFSD13A,0,0,1,1,0,0,0,1,1,0
TTTY10,0,1,1,0,0,0,0,0,0,0
UQCC2,0,0,1,1,0,1,1,0,0,0
ZNF99,0,1,1,0,0,0,0,1,1,0
KCNMB1,0,0,1,1,0,0,0,1,1,0
MPRIP-AS1,0,0,0,0,0,0,0,1,1,0
PTPRCAP,0,0,0,0,0,0,0,1,1,0
IHH,0,0,0,0,1,1,1,0,0,1
RCE1,0,0,0,0,1,1,0,0,0,0
TKT,0,0,0,0,0,1,1,0,0,0
TGFBRAP1,1,0,0,0,0,0,0,1,1,0
IKZF3,1,1,1,1,0,0,0,0,0,0
SAMSN1-AS1,0,0,0,0,1,1,0,0,0,0
IRF7,0,0,0,0,0,0,0,1,1,0
CSF1,0,1,1,0,0,0,0,0,0,0
NAGK,0,0,0,0,0,0,0,1,1,0
FBXO27,0,0,0,0,0,0,0,1,1,0
RGL4,0,0,1,1,0,0,0,0,0,0
SEMA4C,0,0,0,0,0,0,0,1,1,0
CMTM5,0,1,1,1,0,1,0,0,1,0
PIK3CG,0,0,1,1,0,1,1,1,1,0
ATXN10,0,0,1,1,0,1,1,0,0,0
PBXIP1,0,0,1,1,0,0,0,0,0,0
ZNF264,1,0,1,1,0,0,0,0,0,0
CREB3L3,0,0,0,0,0,0,0,1,1,0
AIFM2,0,0,0,0,0,1,1,0,0,0
CPLX1,0,1,1,1,0,0,0,0,0,0
C3orf18,0,1,1,0,0,0,0,0,0,0
TUBAL3,0,0,0,0,0,0,0,1,1,0
KRAS,1,0,1,1,0,0,0,0,0,0
RSAD1,0,0,0,0,0,1,1,0,0,0
SFXN3,0,0,1,1,0,0,0,0,0,0
E2F7,0,1,1,0,0,1,1,0,0,0
PKDCC,0,0,0,0,0,0,0,1,1,0
SRSF11,1,0,1,1,0,0,0,0,0,0
ZNF630,0,0,0,0,0,0,0,1,1,0
FOSL2,0,1,1,1,0,0,0,0,0,0
BHMT2,0,1,1,0,0,0,0,1,1,0
ERVMER34-1,0,0,0,0,0,0,0,1,1,0
LIM2,0,1,1,1,0,0,0,0,0,0
CTR9,0,0,1,1,0,0,0,1,1,0
LRCH4,0,0,0,0,0,0,0,1,1,0
GSK3A,0,0,1,0,0,0,0,0,0,0
BRMS1L,0,0,1,0,0,0,0,0,0,0
PROX1,0,0,0,0,0,0,0,1,1,0
ZFP82,0,1,1,0,0,0,0,1,1,0
SNHG9,0,1,1,0,0,0,0,1,1,0
GLIS3,0,0,1,1,0,0,0,0,0,0
TRBC1,0,0,1,1,0,0,0,1,1,0
ARPIN,0,0,0,0,0,0,0,1,1,0
NUTM2G,0,0,0,0,0,0,0,1,1,0
ATP13A5,0,1,1,0,0,0,0,0,0,0
NUDCD2,0,0,1,1,0,1,1,0,0,0
RNASEK,0,0,0,0,0,0,0,0,1,0
PRRC2B,0,0,1,1,0,0,0,0,0,0
POFUT2,0,0,0,0,0,0,0,1,1,0
MAB21L3,0,0,0,0,0,0,0,1,1,0
DPEP1,0,0,0,0,0,1,1,0,0,0
RNPEP,0,0,0,0,0,1,1,1,1,0
TRBV22-1,0,0,0,0,0,0,0,1,1,0
LDLRAD3,0,1,1,0,0,0,0,1,1,0
KDELR3,0,0,1,1,0,0,0,1,1,0
FAM177A1,0,0,1,1,0,0,0,0,0,0
GPR85,0,0,0,0,0,0,0,1,1,0
MVB12A,0,0,1,1,0,1,1,0,0,0
SLC25A24,0,0,1,1,0,0,0,1,1,0
TPCN1,0,0,1,1,0,0,0,0,0,0
HCAR3,0,0,0,0,0,0,0,1,1,0
TXNL4A,0,0,0,0,0,1,1,0,1,0
MATN2,0,0,1,0,0,0,0,1,1,0
C1QL3,0,0,0,0,0,0,0,1,1,0
PFDN6,0,0,0,0,0,1,1,0,0,0
ASNSD1,0,0,1,1,0,0,0,1,1,0
TRMU,0,0,1,1,0,0,0,1,1,0
PRG4,0,0,1,1,0,0,0,0,0,0
GATA3,0,0,1,1,0,0,0,0,0,0
CCL3,0,0,1,0,0,0,0,0,0,0
OR2C1,0,0,0,0,0,0,0,1,1,0
FANCL,1,0,0,0,0,0,0,0,0,0
FANK1,0,1,1,0,0,0,0,0,1,0
EEF1E1,0,0,1,1,0,1,1,0,1,0
SDHAF2,0,0,1,0,0,0,0,1,1,0
OTUD7A,0,0,0,0,0,0,0,1,1,0
KCNC4,0,1,1,0,0,0,0,0,0,0
TADA3,0,0,1,1,0,0,0,0,0,0
S100A16,0,0,1,1,0,0,0,0,1,0
KCNQ1,0,0,1,1,0,0,0,0,0,0
CPB2-AS1,0,0,0,0,0,0,0,1,1,0
LINC01393,0,0,0,0,0,0,0,1,1,0
TMX2,0,1,1,0,0,0,0,0,0,0
MNT,0,0,1,1,0,0,0,0,0,0
ABCB7,0,0,0,0,0,0,0,1,1,0
KLK14,0,1,1,0,0,0,0,0,0,0
TPST1,0,0,0,0,0,1,1,0,0,0
MRPL36,0,0,1,1,0,1,1,0,0,0
ERCC5,1,0,1,1,0,0,0,0,0,0
USH1C,0,1,1,0,0,0,0,1,1,0
MTRNR2L11,0,0,0,0,0,0,0,1,1,0
SLC10A2,0,0,0,0,0,0,0,1,1,0
CH25H,0,0,1,0,0,0,0,1,1,0
MX2,0,0,0,0,0,0,0,1,1,0
PNPLA4,0,0,0,0,0,1,1,0,0,0
COQ2,0,0,1,0,0,0,0,1,1,0
POLRMT,0,1,1,0,0,0,0,0,0,0
SFTA1P,0,1,1,0,0,0,0,1,1,0
CCDC77,0,0,0,0,0,0,0,1,1,0
APLP1,0,0,0,0,0,0,0,1,0,0
CCDC121,0,0,0,0,0,0,0,1,1,0
CNOT7,0,0,1,1,0,0,0,0,0,0
SMIM10L2B,0,1,1,0,0,0,0,0,0,0
PLA2G7,1,0,1,1,0,0,0,1,1,0
INHBA,0,0,1,1,0,0,0,1,1,0
AFMID,0,0,0,0,0,1,1,0,0,0
GML,0,1,1,0,0,0,0,1,1,0
TBL1XR1,0,0,1,1,0,0,0,0,0,0
ARHGAP21,0,0,1,1,0,0,0,0,0,0
ISCU,0,0,1,1,0,0,0,0,0,0
AUH,0,0,0,0,0,0,0,1,1,0
SLC6A14,0,0,0,0,0,0,0,1,1,0
PRSS2,0,0,0,0,0,0,0,1,1,0
BRPF1,0,1,1,0,0,0,0,0,0,0
SNX22,0,0,1,1,0,0,0,1,1,0
C12orf74,0,0,0,0,0,1,1,0,0,0
PARP11,0,0,1,1,0,0,0,0,0,0
INAFM1,0,1,1,0,1,1,0,1,1,0
TMEM198,0,0,0,0,0,1,1,0,0,0
PSMD6,0,0,1,1,0,1,1,0,0,0
PMM2,0,0,0,0,0,1,1,0,0,0
INTS7,0,0,0,0,0,0,0,1,1,0
CRB1,0,1,1,0,0,0,0,1,1,0
TAF11,0,0,1,1,0,0,0,0,0,0
LINC00866,0,1,1,0,0,0,0,1,1,0
SLC25A36,1,0,1,1,0,0,0,0,0,0
GOSR2,1,0,1,1,0,1,1,0,0,0
ASCL4,0,1,1,0,0,0,0,1,1,0
TRBV6-6,0,1,1,0,0,0,0,0,0,0
GLYR1,0,0,1,1,0,0,0,0,0,0
NBL1,0,0,1,1,0,0,0,0,0,0
ABCA1,1,0,1,1,0,0,0,0,0,0
EID3,0,1,1,0,0,0,0,0,0,0
MRVI1,0,1,1,1,0,0,0,1,1,0
EFCAB12,0,0,0,0,0,0,0,1,1,0
OSTF1,0,0,1,1,0,0,0,0,0,0
B3GALT1,0,1,1,1,0,0,0,0,0,0
THBS1,0,0,0,0,0,0,0,1,1,0
SLC13A5,0,0,0,0,0,0,0,1,1,0
AKR1C4,0,1,1,0,0,0,0,1,1,0
MBD3L1,0,0,0,0,0,0,0,1,1,0
NLRP9,0,0,0,0,0,0,0,1,1,0
LCP2,0,0,1,0,0,0,0,0,0,0
NDST1,0,0,0,0,0,0,0,1,1,0
ADAMTS12,0,0,1,1,0,0,0,1,1,0
PPOX,0,0,0,0,0,1,1,0,0,0
GATA2,0,0,0,0,0,0,0,0,1,0
KIAA1143,0,1,1,0,0,0,0,0,0,0
HEPN1,0,0,0,0,0,0,0,1,1,0
CACNA1F,0,0,0,0,0,0,0,1,1,0
ANAPC10,0,0,1,1,0,0,0,0,0,0
TAF10,0,0,0,0,0,0,0,0,1,0
CD40LG,1,0,0,0,0,0,0,0,0,0
FCRL6,0,0,1,1,0,0,0,1,1,0
LRRC32,0,1,1,0,0,0,0,0,0,0
LMX1B,0,0,0,0,0,0,0,1,1,0
ADAMTS18,0,1,1,1,0,0,0,1,1,0
SYNGR1,0,0,0,0,0,0,0,1,1,0
APCDD1,0,0,0,0,0,0,0,0,1,0
CARD19,0,0,1,1,0,0,0,0,0,0
MTF2,0,1,1,1,0,0,0,0,0,0
AC002331.1,0,0,0,0,0,0,0,1,1,0
MROH6,0,1,1,1,0,0,0,0,0,0
SLC11A2,1,0,1,1,0,0,0,0,0,0
GNAT2,0,1,1,0,0,0,0,1,1,0
MED8,0,0,1,0,0,1,1,0,0,0
CARD8-AS1,0,0,1,1,0,0,0,0,0,0
HOXC5,0,0,0,0,0,0,0,1,1,0
CRTAM,0,1,1,0,0,0,0,1,1,0
CACNA2D3,0,0,0,0,0,0,0,1,1,0
ZNF423,0,0,1,1,0,0,0,1,1,0
GPT,0,1,1,0,0,0,0,0,0,0
PARP9,0,0,0,0,0,0,0,0,1,0
ULK2,0,1,1,1,0,0,0,1,1,0
TRBV17,0,1,1,0,0,0,0,0,0,0
CCDC137,0,0,1,1,0,0,0,0,0,0
FRRS1L,0,1,1,0,0,0,0,0,0,0
FBXO22,0,0,1,0,0,0,0,0,0,0
LAD1,0,0,1,1,0,0,0,1,1,0
UBE2S,0,0,1,0,0,0,0,1,1,0
SYAP1,0,0,1,1,0,0,0,0,0,0
DOCK3,0,0,0,0,0,0,0,1,1,0
MAPRE2,0,0,1,1,0,0,0,0,0,0
DNHD1,0,0,0,0,0,0,0,1,1,0
ERVH48-1,0,1,1,0,0,0,0,1,1,0
CEP104,0,0,1,1,0,0,0,0,0,0
TMEM258,0,0,1,1,0,1,1,1,1,0
SPTSSA,0,0,1,1,0,1,1,0,0,0
FANCD2,0,1,1,1,0,0,0,1,1,0
HIST1H4A,0,1,1,1,0,0,0,1,1,0
MIF-AS1,0,0,0,0,0,1,1,1,1,0
FSIP2-AS1,0,1,1,0,0,0,0,0,0,0
BCAT1,0,0,1,1,0,0,0,1,1,0
NLE1,0,0,0,0,0,0,0,1,1,0
DMGDH,0,1,1,0,0,0,0,1,1,0
SSH3,0,1,1,0,0,0,0,0,0,0
LINC00882,0,0,0,0,0,0,0,1,1,0
RASD2,0,0,1,1,0,0,0,0,0,0
PPM1G,0,0,1,1,0,1,1,0,0,0
DNAJC8,0,0,1,1,0,0,0,0,1,0
THOC1,0,0,1,1,0,0,0,1,1,0
RDH16,0,1,1,0,0,0,0,1,1,0
PPP1R15A,0,1,1,0,0,0,0,0,0,0
GANAB,0,0,0,0,0,1,1,1,1,0
NPIPA7,0,1,1,0,0,0,0,0,0,0
H2BFM,0,0,0,0,0,0,0,1,1,0
KCNK5,0,1,1,0,0,0,0,0,0,0
CD86,0,0,0,0,0,1,1,1,1,0
TUBB1,0,0,0,0,0,1,0,0,0,0
UBQLNL,0,1,1,0,0,0,0,0,0,0
OLA1,0,0,1,1,0,0,0,0,0,0
NEK5,0,1,1,0,0,0,0,0,0,0
STK16,0,0,1,1,0,1,1,0,0,0
PFN2,0,0,0,0,0,0,0,1,1,0
MRPS35,0,0,1,1,0,0,0,0,0,0
SLC39A6,0,0,1,0,0,0,0,0,0,0
CEBPZ,0,0,1,0,0,0,0,0,0,0
BAHD1,0,0,0,0,0,0,0,1,1,0
DENND1B,0,0,0,0,0,1,1,0,0,0
SETDB1,0,0,0,0,0,0,0,1,1,0
IGLC5,0,0,1,1,0,1,1,0,1,0
SEC14L1,1,0,1,1,0,1,1,1,1,0
WRAP73,0,0,0,0,0,1,1,0,0,0
SASH1,0,0,0,0,0,0,0,1,1,0
RASAL1,0,0,0,0,0,0,0,1,1,0
CCR10,0,1,1,0,0,1,1,0,0,0
SAMD8,0,0,1,1,0,0,0,0,0,0
PGM3,0,0,0,0,0,0,0,1,0,0
NUP214,0,0,1,0,0,0,0,0,0,0
GMNN,0,0,0,0,0,1,1,0,0,0
SAR1A,0,0,0,0,0,0,0,1,1,0
CYP4X1,0,0,1,1,0,0,0,1,1,0
PRSS55,0,0,1,0,0,0,0,1,1,0
APOBEC3A,0,0,1,1,0,0,0,1,1,0
MYH15,0,1,1,0,0,1,1,0,0,0
MESP2,0,1,1,0,0,1,1,0,0,0
TELO2,0,0,0,0,0,0,0,1,1,0
C11orf96,0,0,0,0,0,0,0,1,1,0
SPRTN,0,0,1,1,0,0,0,1,1,0
YARS,0,0,0,0,0,1,1,1,1,0
NACC2,0,0,0,0,0,0,0,1,1,0
MAN1C1,0,1,1,0,0,0,0,1,1,0
CNOT2,0,0,1,1,0,0,0,0,0,0
PHB,0,0,1,1,0,1,1,0,1,0
NME1,0,0,1,1,0,1,1,0,0,0
AC062029.1,0,0,0,0,0,0,0,1,1,0
INHBC,0,1,1,0,0,0,0,0,0,0
RHBDL1,0,1,1,0,0,0,0,0,0,0
NKAIN1,0,0,0,0,0,0,0,1,1,0
SLC39A12,0,0,0,0,0,0,0,1,1,0
ANAPC2,1,1,1,0,0,0,0,0,0,0
SGSH,0,1,1,0,0,0,0,0,0,0
AC053503.4,0,1,1,0,0,0,0,1,1,0
ERICH2,0,1,1,0,0,0,0,1,1,0
PHKA2,0,0,0,0,0,0,0,1,1,0
EWSAT1,0,1,1,0,0,0,0,1,1,0
TECR,0,0,1,1,0,0,0,0,0,0
TAS1R1,0,0,0,0,0,0,0,1,1,0
SMCO3,0,0,0,0,0,0,0,1,1,0
PPRC1,0,1,1,1,0,0,0,0,0,0
DOCK11,0,0,1,1,0,0,0,0,0,0
SPDYE16,0,0,0,0,0,0,0,1,1,0
ORMDL2,0,0,1,1,0,1,1,0,0,0
OR4C6,0,1,1,1,0,0,0,0,0,0
ALDH2,0,0,0,0,0,0,0,1,1,0
CDK10,0,0,1,1,0,0,0,0,0,0
COX6B1,0,0,1,1,0,1,1,0,1,0
RHOH,0,0,1,1,0,0,0,0,0,0
MAP1LC3A,0,1,1,1,0,0,0,0,0,0
ELOF1,0,0,1,1,0,1,1,0,0,0
SLC9A7,0,0,0,0,0,1,1,0,0,0
RNF34,0,0,0,0,0,1,1,0,0,0
TNFRSF8,0,0,0,0,0,0,0,1,1,0
ASB3,0,1,1,0,0,0,0,0,0,0
TATDN1,0,0,0,0,0,0,0,1,1,0
BATF3,0,0,0,0,0,0,0,1,1,0
PODXL2,0,1,1,0,0,1,1,1,1,0
SLC16A9,0,0,1,1,0,0,0,1,0,0
BSND,0,0,0,0,0,0,0,1,1,0
TRAV11,0,1,1,0,0,0,0,1,1,0
ERLIN2,0,1,1,0,0,0,0,0,0,0
TEX11,0,1,1,1,0,0,0,0,0,0
SHISA8,0,0,0,0,0,1,1,1,1,0
FBXO43,0,1,1,0,0,0,0,0,0,0
TBC1D3C,0,0,0,0,0,0,0,1,1,0
EMP3,0,0,1,1,0,0,0,0,0,0
NUDT15,0,0,1,0,0,0,0,1,1,0
ITGB5,0,0,1,1,0,1,0,1,1,0
FARSA-AS1,0,1,1,0,0,0,0,1,1,0
FAM183A,0,0,1,1,0,0,0,0,0,0
LGALS8-AS1,0,0,0,0,0,0,0,1,1,0
GSTO1,0,0,1,1,0,0,0,1,1,0
ZFHX2,0,0,1,1,0,0,0,0,0,0
LINC01429,0,1,1,1,0,0,0,0,0,0
ZNF25,0,0,1,1,0,0,0,1,1,0
ZNF397,0,0,1,1,0,0,0,1,0,0
HIF3A,0,1,1,0,0,0,0,1,0,0
MMS19,0,0,1,0,0,0,0,0,0,0
IGKV5-2,0,1,1,0,0,0,0,1,1,0
THSD4,0,0,1,1,0,0,0,0,1,0
MFSD2A,0,1,1,1,0,0,0,0,0,0
CIR1,0,0,1,0,0,0,0,0,0,0
POLR1A,0,0,1,1,0,0,0,0,0,0
OR1Q1,0,1,1,0,0,0,0,0,0,0
POU3F3,0,1,1,0,0,0,0,0,0,0
VPS26A,0,0,1,1,0,0,0,1,1,0
ISCA1,0,0,1,1,0,0,0,0,0,0
ARL5A,0,0,1,0,0,0,0,0,0,0
TNRC6A,0,0,1,0,0,0,0,0,0,0
SLC35E3,0,0,1,1,0,0,0,0,0,0
RNF170,0,0,1,1,0,0,0,0,0,0
ZNF551,1,0,0,0,0,0,0,0,0,0
CCDC88A,0,1,1,1,0,0,0,0,0,0
C12orf42,0,0,0,0,0,1,1,0,0,0
CLNK,0,1,1,1,0,0,0,1,1,0
FAM90A1,0,0,0,0,0,0,0,1,1,0
EGFL6,0,0,1,1,0,0,0,0,0,0
TM4SF5,0,1,1,0,0,0,0,1,1,0
MRPS10,1,0,1,1,0,0,0,0,0,0
MGAT4C,0,0,0,0,0,0,0,1,1,0
SH3BP2,0,0,1,1,0,0,0,1,0,0
FOXK1,0,0,1,1,0,0,0,0,0,0
TMEM106B,0,0,1,0,0,0,0,0,0,0
PRDX4,0,0,1,1,0,1,1,0,0,0
AP000265.1,0,0,0,0,0,0,0,1,0,0
PLEKHA6,0,0,1,1,0,0,0,0,1,0
MGST3,1,0,1,1,0,0,0,1,1,0
UBA5,0,0,0,0,0,1,1,0,0,0
KRTAP10-1,0,1,1,1,0,0,0,0,0,0
BLOC1S2,0,0,1,1,0,0,0,0,0,0
FBXO7,0,0,1,1,0,0,0,1,1,0
LINC00630,0,0,0,0,0,0,0,1,1,0
RPLP1,0,1,1,1,0,0,0,0,1,0
EXD1,0,0,0,0,0,0,0,1,1,0
HGS,0,0,1,1,0,0,0,0,0,0
SWSAP1,0,0,0,0,0,0,0,1,1,0
PTPRJ,0,0,1,1,0,0,0,0,0,0
ACSM4,0,0,0,0,0,0,0,1,1,0
NUCKS1,0,0,1,1,0,0,0,0,0,0
SEC61A2,0,0,0,0,0,0,0,1,1,0
NAGA,0,1,1,1,0,1,1,0,0,0
PWP2,0,1,1,0,0,0,0,1,1,0
ZC3H10,0,0,1,1,0,0,0,0,0,0
LHX4,0,1,1,1,0,0,0,1,1,0
FGF11,0,1,1,1,0,0,0,1,1,0
IFI30,0,0,1,1,0,0,0,0,0,0
S100Z,0,0,0,0,0,1,1,1,1,0
PPM1K,0,0,0,0,0,0,0,1,1,0
TNNT2,0,0,0,0,0,0,0,1,1,0
PLD2,0,0,1,1,0,0,0,1,1,0
ZNF699,0,0,0,0,0,0,0,1,1,0
PEX6,1,0,0,0,0,0,0,1,1,0
SPTB,0,0,0,0,0,0,0,1,1,0
ZMYND15,0,0,0,0,0,0,0,1,1,0
DMC1,0,1,1,0,0,0,0,1,1,0
IPO4,0,1,1,0,0,0,0,1,0,0
IL10RB,0,0,1,1,0,0,0,1,1,0
MAPRE1,0,0,1,1,0,0,0,0,1,0
PHF20,0,0,1,1,0,0,0,0,0,0
VPS37C,0,0,0,0,1,1,0,0,0,0
LINC01284,0,1,1,1,0,0,0,0,0,0
PTTG1IP,0,0,1,1,0,0,0,0,0,0
NMT2,0,0,1,1,0,0,0,0,0,0
RAB34,0,0,1,1,0,0,0,0,0,0
CACNA1E,0,1,1,0,0,1,1,1,1,0
TIGAR,0,0,1,1,0,0,0,0,0,0
GNG5,0,0,1,1,0,1,1,0,1,0
OR10K1,0,1,1,1,0,1,1,0,0,0
SNX9,0,0,1,1,0,0,0,0,0,0
NXPE1,0,1,1,0,0,0,0,1,1,0
DPP7,0,0,1,1,0,0,0,0,0,0
SPTLC2,0,0,1,1,0,0,0,1,1,0
BOLL,0,0,0,0,0,0,0,1,1,0
WNT16,0,0,1,1,0,1,1,1,1,0
AC025171.1,0,1,1,0,0,0,0,1,1,0
METTL7A,0,0,1,1,0,1,1,0,0,0
NINL,0,1,1,1,0,0,0,1,1,0
C2orf68,0,0,1,1,0,0,0,0,0,0
GCSH,0,1,1,1,0,1,1,1,1,0
C1QL2,0,1,1,0,0,0,0,0,0,0
GRM4,0,1,1,0,0,0,0,0,0,0
UQCRFS1,0,0,1,1,0,1,1,0,1,0
FAM199X,0,0,1,1,0,0,0,1,1,0
SEC24D,0,0,1,1,0,1,1,0,0,0
C4BPA,0,0,0,0,0,0,0,1,1,0
HIVEP3,0,0,1,1,0,0,0,0,0,0
PLEKHO2,0,1,1,1,0,0,0,0,0,0
ZNF169,0,0,0,0,0,0,0,1,1,0
MTUS1,0,0,1,1,0,0,0,1,1,0
AC007682.1,0,1,1,0,0,0,0,1,1,0
TNFSF9,0,1,1,0,0,0,0,1,1,0
FADS3,0,0,1,0,0,0,0,0,0,0
COA1,0,0,0,0,0,0,0,1,1,0
HID1-AS1,0,0,0,0,0,0,0,1,1,0
ICAM3,0,0,1,1,0,0,0,0,0,0
TIMP1,0,0,1,1,0,0,0,0,0,0
FAM13B,0,0,1,1,0,0,0,0,0,0
DNAJC13,0,0,1,1,0,0,0,0,0,0
C12orf29,0,0,0,0,0,0,0,1,1,0
GSPT2,0,0,1,1,0,0,0,1,1,0
COCH,0,0,1,1,0,1,1,0,0,0
PIK3C2A,0,0,1,1,0,0,0,1,1,0
TFPI,0,0,0,0,0,0,0,1,0,0
ZXDC,0,0,0,0,0,0,0,1,1,0
RASA3,0,0,1,0,0,0,0,1,1,0
ELAC2,0,0,0,0,0,1,1,0,0,0
RTP4,0,1,1,0,0,0,0,0,0,0
ZKSCAN1,0,0,1,1,0,0,0,0,0,0
RUNDC1,0,0,0,0,0,0,0,1,1,0
ANAPC16,0,1,1,1,0,0,0,0,0,0
UBE2D4,0,1,1,0,0,0,0,0,0,0
AP1AR,0,0,0,0,0,0,0,1,1,0
CHRNA10,0,0,0,0,0,0,0,1,1,0
NAV2-AS3,0,0,0,0,0,0,0,1,1,0
RPL8,1,0,1,1,0,0,0,0,1,0
TMEM200C,0,0,1,1,0,0,0,0,0,0
TRBV25-1,0,1,1,0,0,0,0,0,0,0
CALR,0,0,0,0,0,1,1,0,0,0
KCTD1,0,0,0,0,0,0,0,1,1,0
SYT6,0,0,1,1,0,0,0,1,1,0
COX4I1,0,0,1,0,0,0,0,0,1,0
LINC00934,0,0,0,0,0,0,0,1,1,0
KIR3DL3,0,0,0,0,0,0,0,1,1,0
SSB,0,0,1,1,0,0,0,0,1,0
LRP4-AS1,0,1,1,0,0,0,0,0,0,0
FAM221B,0,0,0,0,0,0,0,1,1,0
TM9SF3,1,0,1,1,0,1,1,0,0,0
ATXN2,0,0,1,1,0,0,0,0,0,0
RNF150,0,0,1,1,0,0,0,0,0,0
ANKRD11,0,0,1,1,0,0,0,0,1,0
GRIN2B,0,1,1,0,0,0,0,0,0,0
LINC01567,0,0,0,0,0,0,0,1,1,0
SNN,0,0,0,0,1,1,0,0,0,0
DSCAS,0,0,0,0,0,0,0,1,1,0
IGKV2-30,0,0,0,0,0,0,0,1,1,0
KRT86,0,1,1,0,0,0,0,1,1,0
ZNF581,0,0,1,0,0,0,0,0,0,0
NSG1,0,0,1,0,0,0,0,0,0,0
KMT5A,0,1,1,0,0,0,0,0,0,0
GNPTAB,0,0,1,1,0,0,0,0,0,0
ACOT11,0,1,1,0,0,0,0,0,0,0
SNPH,0,1,1,0,0,0,0,0,0,0
ZNF415,0,0,0,0,0,0,0,1,1,0
S1PR2,0,0,0,0,0,0,0,1,0,0
HS1BP3,0,0,0,0,0,0,0,1,1,0
SCHIP1,0,1,1,0,0,0,0,1,1,0
AL590235.1,0,1,1,0,0,0,0,1,1,0
CEBPA,0,1,1,1,0,0,0,1,1,0
ZCWPW2,0,0,1,0,0,0,0,1,1,0
LAMB3,0,0,0,0,0,0,0,1,1,0
IGHV3-48,0,1,1,0,0,0,0,0,0,0
IQCF5,0,1,1,0,0,0,0,0,0,0
PBX1,0,1,1,1,0,0,0,0,0,0
HTRA1,0,0,1,1,0,0,0,1,1,0
ADAM17,0,0,0,0,0,0,0,1,1,0
CPPED1,0,0,0,0,0,0,0,1,1,0
SAMSN1,1,0,1,1,0,0,0,1,1,0
C15orf41,0,1,1,0,0,0,0,1,1,0
RAD21L1,0,1,1,0,0,0,0,0,0,0
MTOR,0,0,1,1,0,0,0,0,0,0
WDR4,0,0,0,0,0,1,1,0,0,0
THAP9-AS1,0,0,1,1,0,0,0,1,1,0
SMCO2,0,1,1,0,0,0,0,1,1,0
KCNN1,0,0,0,0,0,0,0,1,1,0
KRTAP4-12,0,0,0,0,0,0,0,1,1,0
NAP1L1,0,1,1,1,0,0,0,0,0,0
PRICKLE2,0,1,1,0,0,0,0,0,0,0
SLC6A4,0,0,0,0,0,0,0,1,1,0
LINC00658,0,1,1,0,0,0,0,0,0,0
DNTTIP2,0,0,1,1,0,0,0,0,0,0
NVL,0,0,0,0,0,0,0,1,1,0
ATP6V0B,0,0,1,1,0,1,1,0,0,0
CR1,0,0,1,1,0,1,1,0,0,0
IDNK,0,0,0,0,0,1,1,0,0,0
TXK,0,1,1,0,0,0,0,0,0,0
SCYL3,0,0,0,0,0,0,0,1,1,0
ATXN7L2,0,1,1,1,0,0,0,0,0,0
SERPINA1,0,0,0,0,0,0,0,1,1,0
DUSP19,0,0,0,0,0,0,0,1,1,0
ANKRD12,0,0,1,1,0,0,0,0,0,0
TRBV23-1,0,1,1,1,0,0,0,1,1,0
RPS18,0,0,1,1,0,0,0,0,1,0
EMC9,0,0,0,0,0,1,1,1,1,0
CHRNB1,0,0,0,0,0,1,1,0,0,0
ANKRD13A,0,0,0,0,0,1,1,0,0,0
DHX8,1,0,1,1,0,0,0,0,0,0
POP4,0,0,0,0,0,1,1,1,1,0
JAGN1,0,0,1,1,0,0,0,0,0,0
GORASP2,0,0,1,1,0,1,1,1,1,0
FLG2,0,1,1,0,0,0,0,1,1,0
NGFR,0,0,1,1,0,0,0,0,0,0
ACTB,1,0,0,0,0,0,0,0,0,0
ETNK2,0,1,1,0,0,0,0,0,0,0
PSMB9,1,0,0,0,0,1,1,0,0,0
RABIF,0,0,1,1,0,1,1,0,0,0
ZNF154,1,1,1,0,0,0,0,0,0,0
UNK,0,1,1,0,0,0,0,0,0,0
SCAF11,0,0,1,1,0,0,0,0,1,0
IFRD1,0,0,1,1,0,0,0,0,0,0
PUM3,0,0,1,1,0,0,0,0,0,0
TBC1D10A,0,1,1,0,0,0,0,0,0,0
PDAP1,0,0,0,0,0,1,1,0,0,0
GARS,0,0,1,1,0,1,1,0,0,0
ZNF708,0,0,1,1,0,0,0,0,1,0
KIF18B,0,0,0,0,0,0,0,1,1,0
CXCL11,0,0,0,0,0,0,0,1,1,0
PLA2G4A,0,0,0,0,0,0,0,1,1,0
PTGDS,0,0,1,1,0,0,0,0,1,0
CLEC9A,0,0,0,0,0,0,0,1,1,0
RADIL,0,0,1,1,0,0,0,1,1,0
PPP4C,0,0,1,1,0,1,1,1,1,0
C1R,0,0,0,0,0,0,0,1,1,0
TNNI3,0,1,1,0,0,0,0,1,1,0
STK25,0,0,1,1,0,0,0,0,0,0
ING3,0,0,1,1,0,0,0,1,1,0
PRDM8,0,0,0,0,0,0,0,1,1,0
COL4A2,0,0,1,1,0,0,0,0,0,0
ARHGEF15,0,1,1,0,0,0,0,0,0,0
AKT1,0,0,0,0,0,0,0,1,1,0
P2RY14,0,0,0,0,0,1,1,0,0,0
C11orf21,0,1,1,0,0,0,0,0,0,0
AP2A1,0,0,1,1,0,0,0,0,0,0
DCAF5,0,0,1,1,0,0,0,0,0,0
JAKMIP1,0,0,1,1,0,0,0,1,1,0
TRBJ2-5,0,0,0,0,0,0,0,1,1,0
NDUFV2-AS1,0,0,0,0,0,0,0,1,1,0
PPARD,0,0,1,1,0,0,0,0,0,0
SLC6A8,0,1,1,0,0,0,0,1,1,0
PPP4R2,0,0,1,1,0,0,0,1,1,0
C4orf33,0,1,1,0,0,0,0,0,0,0
COL7A1,0,0,0,0,0,1,1,0,0,0
PPM1L,0,0,1,1,0,0,0,1,1,0
ANKRD17,0,0,1,1,0,0,0,1,1,0
PYCR1,0,0,0,0,0,1,1,0,0,0
TRAPPC4,0,0,1,1,0,0,0,0,0,0
FLT4,0,1,1,0,0,0,0,0,0,0
KBTBD11-OT1,0,1,1,1,0,0,0,1,1,0
ZBTB34,0,0,1,1,0,0,0,1,1,0
LINC01360,0,0,0,0,0,1,1,1,0,0
TRBV24-1,0,0,0,0,0,0,0,1,1,0
HIST1H4L,0,0,0,0,0,0,0,1,1,0
HMX3,0,0,0,0,0,0,0,1,1,0
PTP4A2,0,0,1,1,0,0,0,0,0,0
NCEH1,0,0,1,1,0,0,0,1,1,0
DHX34,0,0,1,1,0,0,0,0,0,0
RNASE1,0,0,1,1,0,0,0,1,1,0
PRRT3-AS1,0,0,0,0,0,0,0,1,1,0
NT5E,0,0,1,1,0,0,0,0,0,0
CEP164,0,0,1,1,0,0,0,0,0,0
ADAMTS8,0,0,1,1,0,0,0,0,1,0
MARCO,0,0,1,0,0,0,0,1,1,0
NF2,0,0,1,1,0,0,0,0,0,0
PLOD3,0,0,1,1,0,1,1,0,0,0
MIEF2,0,0,0,0,0,0,0,1,1,0
PDCL3,0,0,1,1,0,1,1,0,0,0
AP000233.2,0,1,1,0,0,0,0,0,0,0
LDAH,1,0,0,0,0,0,0,0,0,0
VTI1B,0,0,1,1,0,1,1,0,0,0
CASP10,0,0,0,0,0,1,1,0,0,0
TNK1,0,0,0,0,0,0,0,1,1,0
GNG7,0,0,1,1,0,0,0,1,1,0
SBF2-AS1,0,0,0,0,0,0,0,1,0,0
CIB1,0,0,1,1,0,0,0,0,1,0
CD27,0,1,1,1,0,1,1,0,0,0
CACNA2D2,1,0,0,0,0,0,0,1,1,0
PBRM1,1,0,1,1,0,0,0,0,0,0
MOK,1,0,0,0,0,0,0,1,0,0
MPDZ,0,0,1,1,0,0,0,0,0,0
CTBP2,0,1,1,1,0,0,0,1,1,0
SRL,0,1,1,0,0,0,0,1,1,0
MED30,0,0,1,1,0,0,0,1,1,0
TMEM143,1,1,1,0,0,0,0,1,1,0
SLC24A1,1,1,1,0,0,0,0,1,1,0
ZNF286A,0,1,1,0,0,0,0,0,0,0
LINC01348,0,1,1,0,0,0,0,1,1,0
NGDN,0,0,1,1,0,0,0,1,1,0
TMEM132E,0,1,1,0,0,0,0,0,0,0
ZNF438,0,0,0,0,0,0,0,1,1,0
RPL21,0,0,1,1,0,0,0,0,1,0
CAMKK1,0,0,0,0,0,0,0,1,1,0
CENPL,0,0,0,0,0,0,0,1,1,0
FLCN,0,0,0,0,0,0,0,1,1,0
BACH2,1,0,0,0,0,1,1,0,0,0
TRBJ2-1,0,1,1,1,0,0,0,0,0,0
NIF3L1,0,0,0,0,0,0,0,1,1,0
MPV17L2,0,0,0,0,0,1,1,1,1,0
RAB44,0,0,0,0,0,0,0,1,1,0
PMPCB,0,0,1,0,0,0,0,0,0,0
PCAT7,0,1,1,0,0,0,0,1,1,0
TMEM11,0,0,1,1,0,1,1,1,1,0
GRHPR,0,0,1,1,0,1,1,0,1,0
GJA5,1,0,0,0,0,0,0,0,0,0
GIMAP4,0,0,0,0,0,0,0,0,1,0
FOXB1,0,1,1,1,0,0,0,1,1,0
AC106053.1,0,0,0,0,0,0,0,1,1,0
FZR1,0,0,1,0,0,0,0,0,0,0
ADCY1,0,1,1,0,0,0,0,1,1,0
COQ4,0,0,1,1,0,1,1,0,0,0
KCNG4,0,1,1,0,0,0,0,1,1,0
ARHGEF7,0,0,1,1,0,0,0,1,1,0
DPYS,0,0,0,0,0,0,0,1,1,0
LZIC,0,0,1,1,0,0,0,0,0,0
GPRC5C,0,0,1,1,0,0,0,1,1,0
CXCL14,0,0,0,0,0,0,0,1,1,0
ECT2,0,0,0,0,0,0,0,1,1,0
ORMDL1,0,0,1,1,0,0,0,0,0,0
RCCD1,0,0,0,0,0,0,0,1,1,0
CGNL1,0,0,1,1,0,0,0,1,1,0
IL2RA,1,0,0,0,0,0,0,0,0,0
MT1A,0,0,1,1,0,0,0,0,0,0
METTL5,0,0,1,1,0,1,1,0,0,0
PBX2,0,0,1,1,0,0,0,0,0,0
MIR646HG,0,1,1,0,0,0,0,1,1,0
LINC00877,0,0,0,0,0,0,0,1,1,0
CTAGE15,0,1,1,0,0,0,0,0,0,0
KRT5,0,1,1,0,0,0,0,0,0,0
ERV3-1,0,0,1,1,0,0,0,1,1,0
ATP6V1G3,0,0,0,0,0,0,0,1,1,0
GLRA1,0,0,0,0,0,0,0,1,1,0
KIFAP3,0,0,0,0,0,0,0,1,1,0
PKM,0,0,1,1,0,1,1,0,0,0
TTC8,0,0,0,0,0,0,0,1,1,0
HCAR1,0,1,1,0,0,0,0,0,0,0
FAM149A,0,0,1,1,0,1,1,1,1,0
TG,0,0,0,0,0,0,0,1,1,0
PTRHD1,0,1,1,0,0,0,0,0,0,0
SPRY3,0,1,1,0,0,0,0,0,0,0
GOLGA8N,0,0,0,0,0,0,0,1,1,0
ABCC2,0,1,1,0,0,0,0,0,0,0
ZNF589,0,0,0,0,0,0,0,1,1,0
PRR7,0,1,1,0,0,0,0,0,0,0
MRPL21,0,0,1,1,0,1,1,0,0,0
CDC25B,0,0,1,1,0,0,0,0,0,0
C12orf76,0,0,0,0,0,0,0,1,1,0
PYDC1,0,0,0,0,0,0,0,1,1,0
AP001626.1,0,1,1,1,0,0,0,0,0,0
PDCD4-AS1,0,1,1,0,0,0,0,0,0,0
PCGEM1,0,1,1,0,0,0,0,1,1,0
ZNF688,0,0,1,1,0,0,0,0,0,0
APLN,0,0,0,0,0,0,0,1,1,0
CISTR,0,1,1,1,0,0,0,0,0,0
PPP3R1,1,0,1,1,0,0,0,0,0,0
CXXC5,0,0,1,1,0,0,0,0,0,0
BLCAP,0,0,1,1,0,0,0,0,0,0
METTL4,0,0,1,1,0,0,0,1,1,0
ZNF185,0,0,0,0,0,0,0,1,1,0
TRBJ1-1,0,0,0,0,0,0,0,1,1,0
PIGT,0,0,1,1,0,1,1,1,1,0
PDPK1,0,0,1,1,0,0,0,0,0,0
USP29,0,1,1,0,0,0,0,1,1,0
PRDM10,0,0,0,0,0,0,0,1,1,0
SLC16A1-AS1,0,0,0,0,0,0,0,1,1,0
GPC2,0,1,1,0,0,0,0,1,1,0
ATXN7L3,0,0,0,0,0,0,0,1,1,0
IGHV3-66,0,0,0,0,0,1,1,0,0,0
SLC16A4,0,0,0,0,0,0,0,1,1,0
RCOR2,0,1,1,0,0,0,0,0,0,0
ZNF284,0,0,0,0,0,0,0,1,1,0
ZNF134,0,0,1,1,0,0,0,0,0,0
TAP2,0,0,0,0,0,0,0,1,1,0
TMEM217,0,0,0,0,0,0,0,1,1,0
NAMPT,1,0,1,1,0,0,0,0,0,0
MPLKIP,0,0,1,1,0,0,0,0,0,0
CAPG,0,0,0,0,0,1,1,0,0,0
ZNF862,0,1,1,1,0,0,0,0,0,0
DOT1L,0,0,0,0,0,0,0,1,1,0
PDIA4,0,0,0,0,0,1,1,0,0,0
SLC22A14,0,1,1,0,0,0,0,1,1,0
CHAD,0,0,0,0,0,1,1,0,0,0
RAD23B,0,1,1,1,0,0,0,0,0,0
HMGXB4,0,0,1,1,0,0,0,0,0,0
EDEM3,0,0,1,1,0,1,1,0,0,0
HOXC4,0,0,0,0,0,1,1,0,0,0
HOXC6,0,0,0,0,0,0,0,1,1,0
C6orf89,0,0,1,1,0,0,0,1,1,0
ELOVL2,0,1,1,0,0,0,0,0,0,0
CBFB,0,0,1,1,0,0,0,0,0,0
GMFB,0,0,1,1,0,0,0,0,0,0
DIMT1,0,0,1,1,1,1,0,0,0,0
HIST1H3F,0,0,0,0,0,1,1,1,1,0
BEND2,0,0,0,0,0,1,0,1,1,0
PPP3R2,0,1,1,0,0,0,0,0,0,0
ACTR3,0,0,1,1,0,0,0,0,0,0
HTR3B,0,0,0,0,0,0,0,1,1,0
HIPK3,0,0,1,1,0,0,0,0,0,0
ZBTB17,0,0,1,1,0,0,0,0,0,0
BTBD8,0,0,1,1,0,0,0,0,0,0
LINS1,0,0,0,0,0,0,0,1,1,0
BEST1,0,0,0,0,0,0,0,1,1,0
NKG7,0,1,1,1,0,0,0,0,0,0
PTPRK,0,0,0,0,0,1,1,1,1,0
PRKAR1A,1,0,0,0,0,0,0,1,1,0
AKT1S1,0,0,1,1,0,0,0,0,0,0
IDH1-AS1,0,0,0,0,0,0,0,1,1,0
MYL6B,0,0,0,0,0,1,1,0,0,0
POU2AF1,0,1,1,1,0,1,1,1,1,0
TRBV5-5,0,0,0,0,0,0,0,1,1,0
PYGB,0,0,1,1,0,1,1,0,0,0
IGLV1-47,0,0,0,0,0,1,1,0,0,0
TMEM214,1,0,1,0,0,1,1,0,0,0
BTN1A1,0,1,1,0,0,1,1,1,1,0
FLVCR2,0,0,0,0,0,0,0,1,0,0
CTSG,1,0,0,0,0,0,0,1,1,0
MBNL1,0,0,1,1,0,0,0,1,1,0
ZNF202,0,0,0,0,0,0,0,1,1,0
ZNF256,0,0,0,0,0,0,0,1,1,0
TNS2,0,1,1,0,0,0,0,1,1,0
METTL8,1,0,0,0,0,0,0,1,1,0
THAP7,0,0,1,1,0,0,0,0,0,0
ZFAS1,0,0,1,1,0,0,0,0,0,0
TMC3-AS1,0,0,0,0,0,1,1,0,0,0
IGLCOR22-2,0,1,1,0,0,1,1,1,1,0
GAMT,0,1,1,0,0,0,0,1,1,0
OSBP2,0,1,1,0,0,0,0,0,0,0
TTPAL,0,0,0,0,0,0,0,1,1,0
LINC00839,0,0,0,0,0,0,0,0,1,0
SPRN,0,0,0,0,0,0,0,1,1,0
RPL37,0,0,1,1,0,0,0,0,1,0
FAM49A,0,0,1,1,0,1,0,0,0,0
ERN1,0,1,1,0,0,1,1,0,0,0
MORC2-AS1,0,0,0,0,0,0,0,1,1,0
KIAA0040,0,1,1,0,0,0,0,0,0,0
EIF3D,0,0,1,0,0,0,0,0,1,0
LINC00668,0,1,1,1,0,0,0,0,0,0
SNAI2,0,0,0,0,0,0,0,1,1,0
YIF1B,0,0,1,1,0,1,1,0,0,0
PIK3R3,0,1,1,1,0,0,0,0,0,0
ADAMTSL5,0,0,0,0,0,0,0,1,1,0
CHCHD10,0,1,1,0,0,0,0,0,0,0
RP1,0,1,1,0,0,0,0,0,0,0
TBL1XR1-AS1,0,1,1,0,0,0,0,0,0,0
ATOH8,0,0,0,0,0,0,0,1,1,0
GIGYF2,0,0,1,1,0,0,0,0,0,0
SREK1,0,0,1,1,0,0,0,0,0,0
WASF3,0,0,0,0,0,0,0,1,1,0
PLEKHF1,1,0,1,1,0,0,0,0,0,0
HSD17B10,0,0,1,1,0,1,1,0,1,0
IGLV2-14,0,0,1,1,0,0,0,1,1,0
SASH3,1,0,1,1,0,0,0,0,0,0
C1QBP,0,0,0,0,0,1,1,0,0,0
ABCD3,0,0,0,0,0,0,0,1,1,0
CCDC173,0,0,0,0,0,0,0,1,1,0
SPHK2,0,0,0,0,0,0,0,1,1,0
SP4,0,0,1,1,0,0,0,0,0,0
CCR2,0,0,0,0,0,0,0,1,1,0
PIH1D3,0,0,0,0,0,0,0,1,0,0
TUBA3E,0,1,1,1,0,0,0,1,1,0
STK38L,0,0,1,1,0,1,1,1,1,0
PSG8,0,1,1,1,0,0,0,0,0,0
LINC01116,0,1,1,1,0,0,0,1,1,0
TMIE,0,0,0,0,0,0,0,1,1,0
ARHGEF12,0,0,0,0,0,0,0,1,1,0
RRM2,0,0,0,0,0,1,1,0,0,0
RAC3,0,1,1,0,0,0,0,1,1,0
TWSG1,1,0,1,1,0,0,0,1,1,0
GRIN3A,0,0,0,0,0,0,0,1,1,0
RAP1A,0,0,1,1,0,1,1,0,0,0
STAM,0,0,0,0,0,0,0,1,1,0
SAMD3,0,0,1,1,0,0,0,0,0,0
DPF2,0,0,1,1,0,0,0,0,0,0
PLS3,0,1,1,0,0,0,0,0,0,0
FAAP100,0,0,0,0,0,0,0,1,1,0
LILRB1,0,0,1,1,0,0,0,0,0,0
C1orf159,0,0,0,0,0,0,0,1,1,0
SPEG,0,0,0,0,0,0,0,1,1,0
SKA3,0,0,0,0,0,1,1,0,0,0
ADPRHL1,0,0,0,0,0,0,0,1,1,0
ATP6AP1,0,1,1,0,0,1,1,0,0,0
RABL2B,0,0,1,1,0,0,0,0,0,0
MAPK10,0,0,1,1,0,0,0,0,0,0
GUCY2D,0,0,0,0,0,0,0,1,1,0
GLUD1,1,0,1,1,0,0,0,1,1,0
XKR4,0,0,0,0,0,0,0,1,1,0
ABTB2,0,0,0,0,0,0,0,1,1,0
FAM181A-AS1,0,0,0,0,0,0,0,1,1,0
AWAT1,0,1,1,0,0,0,0,0,0,0
ACOT13,0,1,1,0,0,0,0,0,0,0
MT-CO1,0,1,1,1,0,0,0,0,1,0
SUMO3,1,0,1,1,0,0,0,0,0,0
RBBP4,0,0,1,1,0,1,1,1,1,0
TOMM34,0,0,0,0,0,0,0,1,1,0
AVPR2,0,0,0,0,0,0,0,1,1,0
PLCB4,0,1,1,0,0,0,0,0,0,0
SRSF1,0,0,1,1,0,0,0,0,0,0
NRXN3,0,1,1,0,0,0,0,1,1,0
ANKRD50,0,1,1,1,0,0,0,1,1,0
IBTK,0,0,1,1,0,1,1,0,0,0
C11orf72,0,1,1,0,0,0,0,0,0,0
OCRL,0,0,1,1,0,0,0,1,1,0
CENPB,1,0,1,1,0,0,0,0,0,0
FBXW8,0,0,0,0,0,0,0,1,1,0
HIST1H2BF,0,0,0,0,0,0,0,1,1,0
WFIKKN1,0,1,1,0,0,0,0,0,0,0
ZBTB44,1,0,0,0,0,0,0,0,0,0
CDKN1C,0,0,1,1,0,0,0,0,0,0
GTPBP3,0,0,0,0,0,0,0,1,1,0
CSTB,1,0,1,1,0,1,1,0,0,0
IRF5,0,0,1,1,0,1,1,0,0,0
PRKCQ,0,0,1,1,0,0,0,0,0,0
TIGD6,0,1,1,0,0,0,0,0,0,0
KRT2,0,0,0,0,0,0,0,1,1,0
TRIM55,0,0,0,0,0,1,1,0,0,0
ZNF426,0,0,1,1,0,0,0,1,1,0
SAT1,0,1,1,1,0,0,0,0,0,0
FUT11,0,0,1,1,0,0,0,0,0,0
TFPI2,0,0,1,1,0,0,0,1,1,0
DLEC1,0,1,1,0,0,0,0,0,0,0
CARD14,0,0,0,0,0,0,0,1,1,0
SLC6A9,0,0,0,0,0,1,1,0,0,0
SMIM11A,0,0,0,0,0,0,0,1,1,0
KIRREL3,0,1,1,0,0,0,0,0,0,0
KDM4B,1,0,0,0,0,0,0,0,0,0
YY1,0,0,1,1,0,0,0,0,0,0
OPRM1,0,0,0,0,0,0,0,1,1,0
SLC25A6,0,1,1,0,0,0,0,0,1,0
FBN1,0,1,1,0,0,0,0,0,0,0
SCYL1,0,0,1,1,0,1,1,0,0,0
NTRK2,0,0,1,1,0,0,0,0,1,0
FCER1A,0,0,0,0,0,0,0,1,1,0
SAMD9L,0,0,0,0,0,0,0,0,1,0
CPB2,0,1,1,0,0,0,0,1,1,0
ATP6V1G1,1,0,1,1,0,0,0,0,0,0
PICALM,0,0,1,1,0,0,0,1,1,0
GREB1L,0,0,0,0,0,0,0,1,1,0
IGLV7-46,0,1,1,0,0,0,0,0,0,0
TRBV7-6,0,1,1,0,0,0,0,1,1,0
ZNF469,0,1,1,1,0,0,0,1,1,0
FAM181B,0,0,0,0,0,0,0,1,1,0
TMCO6,0,0,0,0,0,0,0,1,1,0
SNX21,0,0,0,0,0,0,0,1,1,0
DEFB1,0,0,0,0,0,0,0,0,1,0
PCYT1B,0,1,1,0,0,1,0,0,0,0
IGHV3-64,0,1,1,0,0,0,0,0,0,0
TEX29,0,0,0,0,0,1,1,1,1,0
MTMR8,0,0,0,0,0,0,0,1,1,0
PCCA-AS1,0,0,0,0,0,0,0,1,1,0
PKHD1,0,1,1,1,0,0,0,0,0,0
CLEC4F,0,1,1,0,0,0,0,1,1,0
CDK7,0,0,0,0,0,0,0,1,1,0
YME1L1,0,0,1,1,0,0,0,1,1,0
PNMA1,0,0,0,0,0,0,0,1,1,0
FAIM2,0,0,0,0,0,0,0,1,1,0
SOCS6,0,0,0,0,0,0,0,1,1,0
ACAP2,0,0,1,1,0,0,0,0,0,0
RDX,0,0,1,1,0,1,1,0,0,0
MED14,0,0,0,0,0,0,0,1,1,0
PSAP,0,0,1,1,0,0,0,0,0,0
CCDC154,0,0,0,0,0,0,0,1,1,0
NKPD1,0,1,1,1,0,0,0,0,0,0
NEXN,0,0,0,0,0,0,0,1,1,0
MS4A1,0,1,1,1,0,0,0,0,0,0
SLC35B4,0,0,1,1,0,0,0,1,1,0
SMIM7,0,0,1,1,0,1,1,0,0,0
TPD52L2,0,0,0,0,0,0,0,1,1,0
DGUOK,0,0,1,1,0,0,0,0,0,0
ZIC1,0,0,1,1,0,0,0,1,1,0
KIZ-AS1,0,0,0,0,0,0,0,1,1,0
ADGRE3,0,0,0,0,0,0,0,1,1,0
IFT52,0,0,0,0,0,1,1,1,1,0
OR5K1,0,1,1,0,0,0,0,0,0,0
RMC1,1,0,0,0,0,0,0,0,0,0
FAM83A,0,1,1,0,0,0,0,0,0,0
TRAJ36,0,1,1,0,0,0,0,0,0,0
ZMIZ2,1,0,1,1,0,0,0,0,0,0
DNAH9,0,0,0,0,0,0,0,1,1,0
SORCS2,0,0,0,0,0,0,0,1,1,0
UBIAD1,0,0,1,1,0,0,0,0,0,0
PM20D1,0,1,1,0,0,0,0,0,0,0
RNF126,0,0,1,0,0,1,1,0,0,0
LINC01563,0,1,1,0,0,0,0,0,0,0
SARS,0,0,1,1,0,1,1,0,0,0
ZNF37A,0,0,1,1,0,0,0,0,0,0
TAP1,0,0,0,0,0,1,1,0,0,0
TRIM59,0,0,0,0,0,1,1,1,1,0
XRCC6,0,0,1,1,0,0,0,0,1,0
ERLEC1,0,0,1,1,0,1,1,0,0,0
SRSF10,0,0,1,1,0,0,0,0,0,0
USP3,0,0,1,1,0,0,0,1,1,0
NLRC3,0,0,1,1,0,0,0,0,0,0
CYP3A4,0,0,1,0,0,0,0,0,0,0
AC005625.1,0,1,1,0,0,0,0,1,1,0
TCL1B,0,0,0,0,0,1,1,1,1,0
RBPMS2,0,0,0,0,0,1,1,1,1,0
AC144652.1,0,1,1,0,0,0,0,1,1,0
ARG2,0,0,0,0,0,0,0,1,1,0
H2AFB2,0,1,1,0,0,0,0,0,0,0
PARVG,0,0,1,1,0,0,0,0,0,0
PTPN22,0,0,0,0,0,0,0,1,1,0
DOCK8,0,0,1,1,0,0,0,0,0,0
PTCHD4,0,0,0,0,0,0,0,1,1,0
SYCE1L,0,0,0,0,0,0,0,1,1,0
TIAF1,0,0,0,0,0,0,0,1,1,0
FBL,0,1,1,0,0,0,0,0,0,0
IL18,0,1,1,0,0,0,0,1,1,0
RUNDC3A-AS1,0,0,0,0,0,0,0,1,1,0
RNF14,0,0,1,1,0,0,0,0,0,0
ZNF385A,0,0,0,0,0,0,0,1,1,0
CATSPERG,0,1,1,0,0,0,0,1,1,0
FBXO24,0,0,0,0,0,0,0,1,1,0
NCOR1,0,0,1,1,0,0,0,1,0,0
CLDN11,0,0,1,1,0,1,1,0,1,0
KTN1,0,0,1,1,0,0,0,0,0,0
GLRX,0,0,0,0,0,1,1,0,0,0
LINC01470,0,1,1,1,0,0,0,1,0,0
SUCLA2-AS1,0,0,0,0,0,0,0,1,1,0
RABGGTB,0,0,1,1,0,0,0,0,0,0
TDRD1,0,1,1,0,0,0,0,0,0,0
TRAIP,0,1,1,0,0,0,0,0,0,0
ZSCAN5B,0,1,1,1,0,0,0,1,1,0
KMT2A,0,0,1,1,0,0,0,0,0,0
ELF3,0,1,1,0,0,0,0,0,0,0
SRGAP2,0,0,1,1,0,0,0,0,0,0
GADD45GIP1,0,0,1,1,0,1,1,0,1,0
BORA,1,0,0,0,0,0,0,0,0,0
PLGRKT,0,0,0,0,0,1,1,0,0,0
WDR60,0,0,1,1,0,0,0,0,0,0
TBC1D14,0,0,1,1,0,0,0,0,0,0
F2R,0,0,1,1,0,0,0,1,1,0
MACF1,0,0,1,1,0,0,0,0,0,0
CGB2,0,1,1,0,0,0,0,0,0,0
TP63,0,0,0,0,0,1,1,1,1,0
NCAPH2,0,0,1,1,0,0,0,0,0,0
LINC00326,0,1,1,1,0,0,0,0,0,0
POU3F2,0,0,0,0,0,0,0,1,1,0
ZFP14,0,0,1,1,0,0,0,0,0,0
SPCS2,0,0,1,1,0,1,1,0,1,0
TXNDC8,0,0,0,0,0,0,0,1,1,0
RWDD1,0,0,1,1,0,1,1,0,1,0
TM4SF19,0,0,0,0,0,0,0,1,1,0
MANF,0,0,0,0,0,1,1,0,0,0
ALOX12-AS1,0,0,1,1,0,0,0,1,1,0
INTS6-AS1,0,0,0,0,0,0,0,1,1,0
NMNAT2,0,1,1,1,0,0,0,0,1,0
DHX33,0,0,1,0,0,0,0,0,0,0
ALAS1,0,0,0,0,0,1,1,0,0,0
SLC29A1,1,0,1,1,0,0,0,0,0,0
DEFA3,0,1,1,0,0,0,0,0,0,0
GCK,0,0,0,0,0,0,0,1,1,0
FAM209B,0,1,1,0,0,0,0,0,0,0
APOH,0,0,0,0,0,0,0,1,1,0
FRMD3,0,0,0,0,0,1,0,0,0,0
ATXN3,0,0,1,1,0,0,0,0,0,0
ZNF695,0,0,0,0,0,0,0,1,1,0
HOXB5,1,1,1,1,0,0,0,1,1,0
PTS,0,0,1,1,0,0,0,0,0,0
TGFBR3L,0,0,0,0,0,0,0,1,1,0
TOE1,0,0,0,0,0,0,0,1,1,0
AURKB,0,0,1,1,0,1,1,0,0,0
TXNDC15,0,0,0,0,0,1,1,0,0,0
KIF24,0,0,0,0,0,0,0,1,1,0
TRIM9,0,1,1,0,0,0,0,0,0,0
TRGV6,0,1,1,0,0,0,0,0,0,0
MAP7D3,0,0,0,0,0,0,0,1,1,0
ZFAND6,0,0,1,1,0,1,1,0,0,0
PWWP2A,0,0,0,0,0,0,0,1,1,0
ARHGAP22,0,1,1,1,0,0,0,1,1,0
MPP1,0,0,1,1,0,0,0,0,0,0
ELAVL2,0,0,0,0,0,0,0,1,1,0
FOXC1,0,0,1,1,0,0,0,0,1,0
FASTKD5,0,0,0,0,0,0,0,1,1,0
IFI27L2,0,0,1,1,0,1,1,1,1,0
ERMN,0,0,0,0,0,0,0,1,1,0
ARPC2,0,0,1,1,0,0,0,0,1,0
ANKRD62,0,0,0,0,0,0,0,1,1,0
SYCP2L,0,1,1,0,0,0,0,0,0,0
ZNF625,0,1,1,0,0,0,0,0,0,0
ASPM,0,0,1,0,0,1,1,1,1,0
NOL11,1,0,0,0,0,0,0,0,0,0
FAXC,0,1,1,0,0,0,0,1,1,0
PCYOX1,0,0,1,1,0,0,0,0,0,0
ANXA6,0,0,0,0,0,1,1,1,1,0
RPUSD2,0,1,1,1,0,0,0,1,1,0
GUCY2C,0,1,1,1,0,0,0,0,0,0
KMT2D,0,0,1,1,0,0,0,0,0,0
AVPI1,0,0,1,0,0,0,0,1,1,0
RUVBL1,0,0,1,1,0,1,1,0,0,0
PLIN5,0,1,1,0,0,0,0,0,0,0
RHOG,0,0,1,1,0,0,0,0,0,0
DHCR24,0,0,1,1,0,0,0,1,1,0
SLC2A7,0,0,0,0,0,0,0,1,1,0
UBAC2-AS1,0,0,0,0,0,0,0,1,1,0
SSU72,0,0,1,1,0,0,0,0,1,0
SHISA3,0,1,1,0,0,1,1,1,1,0
UBE2R2,0,0,1,1,0,0,0,0,0,0
SOX7,0,0,0,0,0,0,0,1,1,0
RIPOR2,1,0,0,0,0,0,0,0,0,0
TRAJ8,0,1,1,0,0,0,0,1,1,0
EHD3,0,1,1,1,0,1,1,1,1,0
PRRT1,0,1,1,0,0,0,0,1,1,0
NONO,0,0,1,1,0,0,0,0,0,0
ADAL,0,0,0,0,0,0,0,1,1,0
TRAJ47,0,1,1,0,0,0,0,0,0,0
AC026202.3,0,1,1,1,0,1,1,1,1,0
RAB7B,0,0,1,1,0,0,0,0,0,0
DNPH1,0,0,0,0,0,1,1,0,0,0
ADNP-AS1,0,0,0,0,0,0,0,1,1,0
LST1,1,1,1,0,0,0,0,1,1,0
COPB2,0,0,1,1,0,1,1,0,0,0
DPEP2,0,0,0,0,0,0,0,1,1,0
SUZ12,0,0,1,1,0,0,0,0,0,0
GGH,0,0,0,0,0,1,1,0,0,0
THUMPD2,0,0,1,0,0,0,0,0,0,0
LINC00330,0,0,0,0,1,1,0,1,1,0
DNAJC7,0,0,1,1,0,0,0,0,0,0
CTDSPL,0,0,1,0,0,1,0,1,1,0
DTNA,0,1,1,0,0,0,0,1,1,0
USP36,0,0,1,1,0,0,0,0,0,0
PFN1,0,0,1,1,0,0,0,0,1,0
SLC12A5,0,1,1,1,0,0,0,1,1,0
IGHV1OR16-3,0,1,1,0,0,0,0,0,0,0
NIPA2,0,1,1,1,0,0,0,1,1,0
SH2D2A,0,0,0,0,0,0,0,1,1,0
RPL4,1,0,1,1,0,0,0,0,1,0
GZMM,1,1,1,1,0,0,0,0,0,0
TRAF3IP3,0,0,1,1,0,0,0,0,0,0
SFTPD-AS1,0,0,0,0,0,0,0,1,1,0
RPS17,0,0,1,1,0,0,0,0,0,0
ITPRIPL1,0,1,1,0,0,0,0,0,0,0
TAOK3,0,0,1,1,0,0,0,0,0,0
PRSS38,0,0,0,0,0,0,0,1,1,0
CCDC160,0,0,0,0,0,0,0,1,1,0
TLR9,0,1,1,0,0,0,0,0,0,0
C6orf120,0,0,0,0,0,0,0,1,1,0
MAP2K4,0,0,0,0,0,0,0,1,1,0
LRRC23,0,0,0,0,0,0,0,1,1,0
IRAK3,0,0,1,1,0,0,0,1,1,0
NID2,0,0,0,0,0,0,0,1,1,0
MT-ND5,0,0,1,1,0,0,0,0,1,0
RPAP1,0,0,0,0,0,0,0,1,1,0
TBC1D9B,1,0,0,0,0,0,0,1,1,0
SESN1,0,0,1,1,0,1,1,0,0,0
SEMA7A,0,0,0,0,0,1,1,0,0,0
GH1,0,1,1,0,0,0,0,0,0,0
LINC01484,0,0,0,0,0,1,1,0,0,0
XCL1,0,1,1,0,0,0,0,1,1,0
MBTPS2,0,0,0,0,0,0,0,1,1,0
MRPL1,0,0,0,0,0,1,1,0,0,0
ROR2,0,0,0,0,0,0,0,1,1,0
ENPP6,0,0,0,0,0,0,0,0,1,0
LINC00900,0,0,0,0,0,0,0,1,1,0
CAPN2,0,0,0,0,0,1,1,0,0,0
WFDC5,0,0,0,0,0,0,0,1,1,0
SPDEF,0,0,0,0,0,0,0,1,1,0
FDX1,0,0,1,1,0,1,1,0,0,0
TXNL1,0,0,1,1,0,1,1,0,0,0
LOXHD1,0,1,1,0,0,0,0,0,0,0
INSC,0,1,1,0,0,0,0,0,0,0
ZFAND5,0,0,1,1,0,0,0,0,0,0
ACAP3,0,0,0,0,0,1,1,1,1,0
MBP,0,0,1,1,0,0,0,1,1,0
MRPS18C,0,0,1,1,0,0,0,0,0,0
ADCY7,0,0,1,1,0,0,0,0,0,0
C11orf45,0,0,0,0,0,0,0,1,1,0
TRIM38,0,0,1,1,0,0,0,0,0,0
AC017074.2,0,0,0,0,1,1,1,0,0,1
SMKR1,0,1,1,0,0,0,0,0,0,0
PPFIA4,0,0,0,0,0,0,0,1,1,0
TRBV16,0,1,1,0,0,0,0,0,0,0
CCL22,0,0,1,1,0,0,0,1,1,0
FBXL2,0,0,0,0,0,0,0,1,1,0
SHKBP1,0,0,1,1,0,1,1,0,0,0
IGKV1-5,0,1,1,0,0,0,0,1,1,0
VN1R2,0,1,1,1,0,0,0,1,1,0
AC018832.1,0,0,0,0,1,1,0,0,0,0
FCGR1A,0,0,0,0,0,0,0,0,1,0
MTHFD2L,0,0,0,0,0,0,0,1,1,0
REC114,0,1,1,0,0,0,0,0,0,0
SDR42E2,0,0,0,0,0,0,0,1,1,0
CCDC159,0,0,0,0,0,0,0,1,1,0
FAM20B,0,1,1,0,0,0,0,1,1,0
FAM122A,0,0,1,1,0,0,0,1,1,0
POLR2L,0,0,1,1,0,1,1,1,1,0
PI4KA,0,0,1,1,0,0,0,1,1,0
SMNDC1,0,0,0,0,0,0,0,1,0,0
YAP1,0,1,1,0,0,0,0,0,0,0
PPP2R5E,0,0,1,1,0,0,0,1,1,0
KLRC4,0,0,1,1,0,0,0,1,1,0
PITPNC1,0,0,1,1,0,0,0,0,0,0
BTF3,0,0,1,1,0,0,0,0,1,0
RAD21,1,0,1,1,0,0,0,1,1,0
MYO6,0,0,1,1,0,0,0,1,1,0
RBM18,0,0,1,1,0,1,1,1,1,0
LRRC14,0,0,0,0,0,0,0,1,1,0
DSE,0,0,1,1,0,0,0,0,0,0
C12orf45,0,0,0,0,0,1,1,0,0,0
GAB1,0,0,0,0,0,1,1,0,0,0
KLF2,0,0,0,0,0,0,0,1,1,0
B4GALT3,0,0,1,1,0,1,1,1,0,0
RAPSN,0,0,1,0,0,0,0,0,0,0
TAS2R3,0,1,1,0,0,0,0,0,0,0
LINC00862,0,0,0,0,0,0,0,1,1,0
TRPM7,0,0,1,1,0,0,0,0,0,0
FAM8A1,0,1,1,1,0,0,0,0,0,0
SYNE3,0,0,1,1,0,0,0,1,0,0
GABPB2,0,0,1,1,0,0,0,0,0,0
LIPT1,0,0,0,0,0,0,0,1,1,0
NRGN,0,0,1,1,0,1,0,1,1,0
CARD9,0,0,0,0,0,0,0,1,1,0
TMEM9B-AS1,0,1,1,0,0,0,0,0,0,0
RNF25,0,0,0,0,0,0,0,1,1,0
PLLP,1,0,0,0,0,0,0,1,1,0
CDK5R2,0,1,1,0,0,0,0,0,0,0
PCCA,0,0,0,0,0,1,1,0,0,0
WEE2,0,0,0,0,0,0,0,1,1,0
VOPP1,0,0,0,0,0,1,1,0,0,0
DDX25,0,0,0,0,0,0,0,1,1,0
CNR2,0,0,1,1,0,0,0,1,1,0
SLC25A27,0,0,0,0,0,0,0,1,1,0
MGAT1,0,0,1,1,0,1,1,0,0,0
NDUFA12,0,0,1,1,0,1,1,0,0,0
PCBD2,0,0,0,0,0,1,1,1,1,0
POLI,0,0,0,0,0,0,0,1,1,0
SPATC1L,0,0,0,0,0,0,0,1,1,0
S1PR1,1,0,1,1,0,0,0,1,1,0
DPH5,0,0,1,0,0,0,0,0,0,0
SLCO2B1,0,0,1,1,0,0,0,0,0,0
ZFAND4,0,1,1,0,0,0,0,0,0,0
ACKR1,0,1,1,0,0,0,0,0,0,0
AC116609.1,0,0,1,1,0,0,0,0,0,0
ACYP1,0,1,1,0,0,0,0,0,0,0
TRIM69,0,0,1,0,0,0,0,0,0,0
HEXB,1,1,1,0,0,1,1,1,1,0
FAM32A,0,0,1,1,0,0,0,0,0,0
LINC01501,0,0,0,0,0,0,0,1,1,0
SOAT2,0,1,1,0,0,0,0,1,1,0
MORF4L1,0,0,1,1,0,0,0,1,1,0
TRAV10,0,0,0,0,0,0,0,1,1,0
GTF2A2,0,0,1,1,0,1,1,0,1,0
AF230666.2,0,1,1,0,0,0,0,0,0,0
C21orf62-AS1,0,1,1,0,0,0,0,0,0,0
GPATCH2L,0,0,1,1,0,0,0,0,0,0
KRT17,0,0,0,0,0,0,0,1,1,0
CHRNA6,0,0,0,0,0,0,0,1,1,0
DBH,0,0,0,0,0,0,0,1,1,0
AC147651.4,0,0,0,0,0,0,0,1,1,0
WARS,0,0,1,1,0,1,1,1,1,0
MORC3,0,0,1,1,0,0,0,0,0,0
THRB,0,0,1,1,0,0,0,0,0,0
LINC01559,0,1,1,0,0,0,0,0,0,0
RANBP1,0,0,1,1,0,0,0,0,0,0
RNF38,0,0,1,1,0,0,0,0,0,0
EML6,0,0,0,0,0,1,1,0,0,0
MAPK1IP1L,0,0,1,1,0,0,0,0,0,0
TBP,0,0,0,0,0,0,0,1,1,0
MPHOSPH8,0,0,1,1,0,0,0,0,0,0
C12orf60,0,0,0,0,0,0,0,1,1,0
MKKS,0,0,0,0,0,0,0,1,1,0
ZNF557,0,1,1,0,0,0,0,1,1,0
POLR3H,0,0,0,0,0,1,1,0,0,0
DENND6B,0,0,0,0,0,1,1,0,0,0
CC2D2B,0,0,0,0,0,0,0,1,1,0
SPATA20,0,0,1,1,0,0,0,0,0,0
PHLDB1,0,0,0,0,0,0,0,1,1,0
DDX39B-AS1,0,0,0,0,0,0,0,1,1,0
LYRM7,0,0,1,0,0,0,0,0,0,0
TRAV16,0,1,1,0,0,0,0,0,0,0
SERF2,0,0,1,0,0,0,0,0,1,0
DUT,0,1,1,0,0,0,0,0,0,0
MAML2,0,0,1,1,0,0,0,1,1,0
EIF3K,0,0,1,0,0,0,0,0,1,0
FAM3D-AS1,0,0,0,0,0,0,0,1,1,0
ISG20,0,0,1,1,0,0,0,0,0,0
AC006369.2,0,1,1,1,0,0,0,1,1,0
C12orf77,0,0,0,0,0,0,0,1,1,0
BVES,0,0,0,0,0,0,0,1,1,0
TRPM4,0,0,0,0,0,0,0,1,1,0
NUP160,0,0,1,1,0,0,0,0,0,0
CWF19L2,0,0,1,1,0,0,0,0,0,0
TEX43,0,1,1,0,0,0,0,0,0,0
HSBP1,0,1,1,0,0,0,0,0,0,0
TVP23A,0,1,1,1,0,0,0,1,1,0
GALT,1,0,0,0,0,0,0,0,0,0
CELF3,0,1,1,1,0,0,0,1,0,0
SIGLEC8,0,0,1,1,0,0,0,0,0,0
SLC6A11,0,0,0,0,0,0,0,1,1,0
MUC16,0,1,1,0,0,0,0,0,0,0
COMMD3,0,0,1,1,0,1,1,0,0,0
CNPY3,0,0,0,0,0,0,0,1,1,0
DGKA,0,0,0,0,0,0,0,1,1,0
TCP10L2,0,1,1,0,0,0,0,1,1,0
GGTLC3,0,1,1,0,0,0,0,1,1,0
EPHA4,0,0,0,0,0,0,0,1,1,0
DLK2,0,0,0,0,0,0,0,1,1,0
GRAMD4,0,1,1,1,0,0,0,0,0,0
FAM215A,0,1,1,0,0,0,0,0,0,0
CXCR5,0,0,1,1,0,0,0,1,1,0
PWRN1,0,1,1,0,0,0,0,0,0,0
CNTNAP5,0,1,1,0,0,0,0,0,0,0
CIRBP-AS1,0,0,0,0,0,0,0,1,1,0
UPK2,0,0,0,0,0,0,0,1,1,0
PPP4R3A,0,0,1,1,0,0,0,0,1,0
UBE2B,1,0,1,1,0,0,0,0,0,0
RILP,0,0,1,0,0,0,0,0,0,0
CCDC167,0,0,0,0,0,1,1,0,0,0
IZUMO2,0,0,0,0,0,0,0,1,1,0
ARPC5L,0,0,0,0,0,1,1,0,0,0
SLC46A1,0,0,1,1,0,0,0,1,1,0
POLR2G,0,0,1,1,0,0,0,0,1,0
CCZ1,0,0,1,1,0,0,0,0,0,0
NEMP2,0,1,1,0,0,0,0,0,0,0
TRAPPC2,0,0,1,1,0,0,0,1,0,0
EBNA1BP2,0,0,1,1,0,1,1,0,0,0
TEK,0,1,1,0,0,0,0,1,1,0
PRSS57,0,0,0,0,0,0,0,1,1,0
CENPV,0,1,1,0,0,0,0,1,1,0
CARD11,0,1,1,0,0,0,0,1,1,0
AP3B2,0,1,1,0,0,0,0,1,1,0
ANKRD37,0,0,1,1,0,0,0,1,1,0
PSMD8,0,0,1,1,0,1,1,0,1,0
COX7A2,0,0,1,1,0,1,1,1,1,0
HELZ2,0,0,0,0,0,0,0,1,1,0
PIN1,0,0,1,1,0,1,1,0,1,0
U2AF1,0,0,1,0,0,0,0,1,1,0
GYPA,0,1,1,0,0,0,0,0,0,0
PDZD3,0,0,0,0,0,0,0,1,1,0
UBE2F,0,0,1,1,0,0,0,0,0,0
PIGK,0,0,0,0,0,1,1,0,0,0
ADAMTS14,0,1,1,0,0,0,0,0,0,0
PLAA,0,1,1,0,0,0,0,0,0,0
CENPT,0,0,0,0,1,1,1,1,1,1
TPPP2,0,1,1,0,0,0,0,0,0,0
RPS11,0,0,1,1,0,0,0,0,1,0
VDR,0,0,0,0,0,1,1,0,0,0
PSMG2,0,0,1,1,0,1,1,0,0,0
PDCD10,0,0,1,1,0,0,0,0,1,0
TCTEX1D4,0,1,1,0,0,0,0,0,0,0
ACAP1,0,0,1,1,0,0,0,0,0,0
ZNF777,0,1,1,0,0,0,0,1,1,0
METTL17,0,0,1,1,0,0,0,0,0,0
SYP,0,0,1,0,0,0,0,0,0,0
VAMP2,0,0,1,0,0,0,0,0,0,0
MYBPH,0,1,1,0,0,0,0,1,1,0
CFAP97,0,0,1,1,0,0,0,0,0,0
LINC00276,0,1,1,0,0,0,0,0,0,0
AKAP13,0,0,1,1,0,0,0,0,0,0
RAD9A,0,0,1,1,0,0,0,0,0,0
DHX38,0,0,1,1,0,0,0,0,0,0
N4BP1,0,0,1,1,0,0,0,0,0,0
HSD17B2,0,0,0,0,0,0,0,1,1,0
NEURL4,0,0,0,0,0,0,0,1,1,0
CASQ1,0,0,0,0,0,0,0,1,1,0
RAB13,0,0,0,0,0,0,0,0,1,0
GK,0,0,1,1,0,0,0,1,1,0
EIF3I,0,0,1,1,0,1,1,0,0,0
CFAP54,0,0,0,0,0,0,0,1,1,0
LPGAT1,0,0,1,1,0,0,0,0,0,0
RCC1,1,0,0,0,0,1,1,0,0,0
UBQLN1,0,0,1,1,0,0,0,0,0,0
TMEM213,0,0,0,0,0,0,0,1,1,0
DLGAP1-AS2,0,0,0,0,0,0,0,1,1,0
KLHL6,0,0,1,1,0,0,0,1,1,0
SLU7,0,0,1,1,0,0,0,0,0,0
ANKRD65,0,1,1,0,0,0,0,0,1,0
STK33,0,0,0,0,0,0,0,1,0,0
MYO1G,0,0,0,0,0,0,0,1,1,0
SLC25A44,0,0,1,1,0,0,0,1,1,0
ENDOU,0,0,0,0,0,0,0,1,1,0
GPAT3,0,1,1,1,0,0,0,1,1,0
THOC2,0,0,1,1,0,0,0,0,0,0
GNMT,0,1,1,0,0,0,0,0,0,0
YPEL2,0,0,1,1,0,0,0,0,0,0
ANXA2,0,0,0,0,0,1,1,1,1,0
CRIP2,0,0,0,0,0,1,1,0,0,0
KCNE1,0,0,0,0,0,0,0,1,1,0
KLHL2,0,0,1,1,0,0,0,0,0,0
RPGRIP1L,0,0,0,0,0,0,0,1,1,0
ANKH,0,0,1,1,0,0,0,0,0,0
GAS6,0,0,0,0,0,0,0,1,1,0
LINC00970,0,1,1,0,0,0,0,0,0,0
PTMA,0,1,1,0,0,0,0,1,1,0
WDR88,0,1,1,0,0,0,0,0,0,0
AC073072.1,0,0,0,0,0,0,0,1,1,0
MRPL55,0,0,0,0,0,1,1,0,0,0
STX3,0,0,0,0,0,0,0,1,1,0
CCDC184,0,0,1,0,0,0,0,0,0,0
C19orf33,0,0,1,1,0,1,0,0,1,0
TIGD5,0,0,0,0,0,0,0,1,1,0
PRH2,0,0,0,0,0,0,0,1,1,0
HMGN3-AS1,0,0,1,1,0,0,0,0,0,0
KCNMB4,0,1,1,0,0,0,0,1,1,0
FCAMR,0,0,0,0,0,0,0,1,1,0
C6orf62,0,0,1,1,0,0,0,1,1,0
OVCA2,0,1,1,0,0,0,0,0,0,0
MMD,0,0,0,0,0,0,0,1,1,0
GMFG,1,0,0,0,0,0,0,0,0,0
MT-ND4L,0,0,1,1,0,0,0,0,0,0
RAB10,0,0,1,1,0,0,0,0,0,0
DHRS12,0,0,0,0,0,0,0,1,1,0
ZNF585A,0,0,0,0,0,0,0,1,1,0
PPT1,0,0,1,1,0,0,0,0,0,0
DOCK2,0,1,1,1,0,0,0,0,0,0
NLGN1,0,0,0,0,0,0,0,1,1,0
FTO,0,0,0,0,0,0,0,1,1,0
YTHDF3-AS1,0,0,0,0,0,0,0,1,1,0
ZNF561,0,0,1,1,0,0,0,0,0,0
NDUFB11,0,1,1,1,0,1,1,0,1,0
MUC6,0,0,0,0,0,0,0,1,1,0
SUPT16H,0,0,1,1,0,0,0,0,0,0
AC019186.1,0,1,1,0,0,0,0,1,1,0
RAB22A,1,0,1,1,0,0,0,0,0,0
TK2,0,0,1,1,0,0,0,0,0,0
SCFD1,0,0,1,1,0,1,1,0,0,0
SRRM4,0,0,1,1,0,0,0,1,1,0
CD52,0,1,1,1,0,0,0,0,0,0
C1orf115,1,0,0,0,0,0,0,0,0,0
CDK5R1,1,0,0,0,0,0,0,0,0,0
MALAT1,0,1,1,1,0,0,0,0,0,0
EZH2,0,1,1,0,0,0,0,1,1,0
FECH,0,0,1,1,0,0,0,0,0,0
EIF1B,0,0,1,1,0,0,0,0,0,0
ALS2CL,0,0,0,0,0,0,0,1,1,0
DERL3,0,0,1,0,0,1,1,0,0,0
FABP7,0,1,1,0,0,0,0,0,0,0
SDR16C5,0,0,0,0,0,1,1,1,1,0
UBE2J2,0,0,1,1,0,1,1,0,0,0
APBB2,0,0,0,0,1,1,1,0,0,1
HLA-E,0,0,0,0,0,0,0,1,1,0
NDUFB1,0,0,1,1,0,1,1,0,1,0
MND1,0,0,0,0,0,1,1,1,1,0
ADGRG5,0,1,1,0,0,0,0,1,1,0
TMEM158,0,0,1,1,0,1,0,1,1,0
IGLV3-16,0,0,0,0,0,1,1,1,1,0
IL27,0,0,0,0,0,0,0,1,1,0
CDC42SE1,0,0,0,0,0,0,0,0,1,0
PIK3CA,0,0,1,1,0,0,0,0,0,0
SLITRK5,0,0,0,0,0,0,0,1,1,0
CDHR3,0,0,0,0,0,0,0,1,1,0
OR3A3,0,0,0,0,0,0,0,1,1,0
INTS9,0,0,0,0,0,0,0,1,1,0
TRAJ49,0,0,0,0,0,0,0,1,1,0
DNAH1,0,0,0,0,0,0,0,1,1,0
ATP11A-AS1,0,0,0,0,0,0,0,1,1,0
LBX2-AS1,0,0,0,0,0,0,0,1,1,0
SULF2,0,0,1,1,0,0,0,0,0,0
DYNLL2,0,1,1,0,0,0,0,1,1,0
CEMIP,0,0,0,0,0,0,0,1,1,0
PRAC2,0,1,1,0,0,0,0,0,0,0
ERICH6,0,1,1,0,0,0,0,1,1,0
SP9,0,1,1,0,0,0,0,1,1,0
NXF1,0,0,1,1,0,0,0,1,0,0
GLIPR1,0,0,1,0,0,0,0,0,0,0
ZGLP1,0,1,1,1,0,0,0,0,0,0
RSBN1,0,0,1,1,0,0,0,0,0,0
MTIF3,0,0,1,1,0,0,0,0,0,0
MCM5,0,0,0,0,0,0,0,1,1,0
PRKAG1,0,0,1,1,0,0,0,0,0,0
RGS19,0,0,0,0,0,1,1,0,0,0
HDAC9,0,0,0,0,0,0,0,1,1,0
NPTN,0,0,1,1,0,0,0,0,0,0
ELP6,0,0,1,1,0,1,1,0,0,0
SLC25A16,1,0,0,0,0,0,0,0,0,0
DLD,0,0,0,0,0,0,0,1,1,0
SMDT1,0,0,0,0,0,0,0,1,1,0
FGD1,0,0,1,1,0,0,0,1,1,0
NPIPB8,0,1,1,0,0,0,0,1,1,0
IRS2,0,0,1,1,0,0,0,0,0,0
MN1,0,0,0,0,0,0,0,1,1,0
HMGN4,1,0,0,0,0,1,1,0,0,0
MCM2,0,0,0,0,0,1,1,0,0,0
KRT23,0,0,1,1,0,0,0,0,0,0
FITM1,0,1,1,0,0,0,0,0,0,0
GNG8,0,1,1,0,0,0,0,0,0,0
HS6ST1,0,0,1,1,0,0,0,1,1,0
B3GAT2,0,0,0,0,0,0,0,1,1,0
IGLCOR22-1,0,1,1,0,0,1,1,0,0,0
SLC24A4,0,0,0,0,0,0,0,1,1,0
SAMD15,0,0,0,0,0,1,1,0,0,0
RAD17,0,0,0,0,0,1,1,0,0,0
DLGAP2,0,1,1,0,0,0,0,0,0,0
EPB41,0,1,1,0,0,0,0,0,0,0
RPS6KA5,0,0,1,1,0,0,0,0,0,0
KIF21B,0,0,0,0,0,0,0,1,1,0
NUDT11,0,1,1,0,0,0,0,0,0,0
GATA1,0,0,0,0,0,1,0,1,1,0
BID,1,0,1,1,0,1,1,0,0,0
TTR,0,0,0,0,0,0,0,1,1,0
AC092159.2,0,1,1,0,0,0,0,0,0,0
WDR37,0,0,1,1,0,0,0,0,0,0
GLRX5,0,0,0,0,0,1,1,0,1,0
DAPK3,0,0,0,0,0,0,0,1,1,0
RASGEF1A,0,0,1,1,0,0,0,0,0,0
SRSF3,0,0,1,1,0,0,0,0,0,0
GATA2-AS1,0,1,1,1,0,0,0,1,1,0
DYNLRB1,0,0,1,1,0,1,1,0,1,0
BMPR2,0,0,1,1,0,0,0,0,0,0
XIRP1,0,0,0,0,0,0,0,1,1,0
RFNG,0,1,1,1,0,0,0,0,0,0
TTN,1,1,1,1,0,0,0,0,0,0
ZFAND2B,0,0,1,1,0,0,0,0,0,0
C22orf34,0,1,1,0,0,0,0,0,0,0
VEPH1,0,0,0,0,0,0,0,1,1,0
PAFAH1B1,0,0,1,1,0,0,0,0,0,0
C1QB,0,1,1,0,0,0,0,1,1,0
FOXD4,0,0,1,1,0,0,0,0,0,0
PARD3,0,0,0,0,0,0,0,1,1,0
SP1,0,0,1,1,0,0,0,0,0,0
MDS2,0,1,1,1,0,0,0,0,0,0
ADA,0,0,1,1,0,0,0,0,0,0
TIGD7,0,1,1,0,0,0,0,0,0,0
NAF1,0,0,1,1,0,0,0,1,1,0
KCNH1,0,0,0,0,0,0,0,1,1,0
GINS3,0,0,0,0,0,0,0,1,1,0
ACAA1,0,0,0,0,0,1,1,0,0,0
DAB2,0,1,1,1,0,0,0,1,1,0
BTD,1,0,0,0,0,0,0,1,1,0
CAMK2D,0,0,0,0,0,1,1,0,0,0
TOM1,0,0,1,1,0,0,0,0,0,0
HNRNPDL,0,0,1,1,0,0,0,0,0,0
IL21-AS1,0,0,0,0,0,0,0,1,1,0
FANCF,1,0,0,0,0,0,0,0,0,0
DHX16,0,1,1,0,0,0,0,0,0,0
TFB2M,0,0,0,0,0,0,0,1,1,0
UCHL1,0,0,1,1,0,1,1,0,1,0
NLRP1,0,0,1,1,0,0,0,0,0,0
C21orf91-OT1,0,0,0,0,0,0,0,1,1,0
ZNF133,0,0,0,0,0,0,0,1,1,0
POU4F1,0,0,0,0,0,0,0,1,1,0
SLC6A13,0,1,1,1,0,0,0,0,1,0
RPS16,0,0,1,1,0,0,0,0,1,0
SYNE1,0,0,1,1,0,0,0,0,0,0
LINC01251,0,0,0,0,0,0,0,1,1,0
THY1,0,0,0,0,0,0,0,1,0,0
PIGP,1,0,0,0,0,0,0,1,1,0
KRTAP5-AS1,0,0,0,0,0,0,0,1,1,0
C5orf47,0,1,1,0,0,0,0,0,0,0
RIMS3,0,0,0,0,0,0,0,1,1,0
LYRM2,0,0,1,1,0,0,0,0,0,0
FRMD4B,0,0,1,1,0,0,0,1,0,0
PDCD5,0,0,1,1,0,1,1,0,0,0
LINC00968,0,1,1,0,0,0,0,1,1,0
HSPA4,0,0,0,0,0,0,0,1,1,0
KCNJ11,0,0,0,0,0,0,0,1,1,0
MTX1,0,0,0,0,0,1,1,0,0,0
TSC22D2,0,0,1,1,0,0,0,0,0,0
TMOD1,0,0,1,1,0,0,0,1,1,0
ALG5,0,0,1,1,0,1,1,1,0,0
IGHEP2,0,1,1,0,0,0,0,0,0,0
ITPRIP,0,0,1,1,0,0,0,0,0,0
EHD1,1,0,1,1,0,1,1,0,0,0
LTBP1,0,0,0,0,0,1,0,0,0,0
LGR6,0,1,1,0,0,0,0,1,1,0
CHIT1,0,0,0,0,0,0,0,1,1,0
HOXB7,0,0,1,1,0,1,1,1,1,0
PLA2G2D,0,1,1,0,0,0,0,1,1,0
CCDC59,0,0,1,1,0,0,0,1,0,0
RHOD,0,0,0,0,0,0,0,1,1,0
C1orf105,0,1,1,0,0,0,0,1,1,0
EHF,0,0,0,0,0,0,0,1,1,0
SMURF2,0,0,1,1,0,0,0,0,0,0
EVI2B,0,0,1,0,0,0,0,0,0,0
TYW5,0,0,1,1,0,0,0,0,0,0
GGNBP2,0,0,1,1,0,0,0,0,0,0
BNIP2,0,0,1,1,0,0,0,0,0,0
ARPC1A,0,1,1,0,0,0,0,0,0,0
SND1,0,0,0,0,0,1,1,0,0,0
PRTG,0,1,1,0,0,0,0,1,1,0
TMCO1,0,0,1,1,0,1,1,0,1,0
PRSS12,0,0,0,0,0,0,0,1,1,0
LINC01481,0,0,0,0,0,0,0,1,1,0
POLR2K,1,0,1,1,0,0,0,0,0,0
PHYH,0,0,0,0,0,0,0,1,1,0
FGD5-AS1,0,1,1,1,0,0,0,1,1,0
CA12,0,0,0,0,0,0,0,1,1,0
ISOC2,0,0,1,1,0,1,1,0,0,0
PSMD4,0,0,1,1,0,1,1,0,1,0
IDUA,0,1,1,0,0,0,0,0,0,0
MEIOC,0,1,1,0,0,0,0,0,0,0
C18orf65,0,0,0,0,0,0,0,1,1,0
SF3B6,0,0,1,1,0,1,1,0,1,0
TEX261,0,0,1,1,0,0,0,0,0,0
AC087430.1,0,0,0,0,0,0,0,1,1,0
FAM169A,0,1,1,0,0,0,0,0,0,0
STOX2,0,0,0,0,0,0,0,1,1,0
POTEI,0,0,0,0,0,0,0,1,1,0
CCR3,0,0,0,0,0,0,0,1,1,0
TOR4A,0,0,1,1,0,0,0,1,1,0
BAZ1B,0,0,1,1,0,0,0,0,1,0
BCLAF1,0,0,1,1,0,0,0,0,1,0
CAMKK2,0,0,1,1,0,0,0,0,0,0
SIGLEC10,0,0,0,0,0,1,1,0,0,0
INTS8,0,0,1,1,0,0,0,1,1,0
AKAP11,0,0,1,1,0,0,0,1,1,0
TRMT112,0,0,1,1,0,1,1,0,1,0
DNAI2,0,0,0,0,0,0,0,1,1,0
SLC4A10,0,1,1,1,0,0,0,0,0,0
C2CD4D,0,1,1,0,0,0,0,0,0,0
ZNF714,0,0,0,0,0,0,0,1,1,0
LEP,0,1,1,0,0,0,0,0,0,0
KPNA4,0,0,1,1,0,0,0,0,0,0
RABL6,0,0,1,1,0,1,1,0,0,0
MC1R,0,1,1,0,0,0,0,0,0,0
PTPN12,0,0,1,1,0,0,0,0,0,0
RPS6KA3,0,0,1,1,0,0,0,0,0,0
FXYD1,0,0,0,0,0,1,1,0,0,0
KDM3A,0,0,0,0,0,0,0,1,1,0
CD207,0,1,1,1,0,0,0,1,1,0
IGLV10-54,0,1,1,0,0,0,0,0,0,0
ATG5,0,0,1,1,0,1,1,0,0,0
RTN4,0,0,1,1,0,0,0,0,0,0
FLNB,0,0,1,1,0,0,0,0,0,0
OCA2,0,1,1,0,0,0,0,0,0,0
NPY1R,0,0,1,1,0,0,0,1,1,0
PRPF8,0,0,1,1,0,0,0,1,1,0
MSN,0,0,1,1,0,0,0,0,1,0
GZMA,0,1,1,1,0,0,0,1,1,0
NFYB,0,0,1,1,0,0,0,1,1,0
SP5,0,1,1,1,0,0,0,0,0,0
CBY3,0,0,0,0,0,0,0,1,1,0
SDC2,0,0,1,1,0,0,0,0,1,0
CHD1,1,1,1,1,0,0,0,0,0,0
CDC26,0,0,1,1,0,1,1,0,1,0
TMSB4X,0,1,1,1,0,0,0,0,0,0
SOX30,0,1,1,1,0,0,0,0,0,0
MCM4,0,0,0,0,0,1,1,0,0,0
P4HA1,1,0,1,1,0,0,0,0,0,0
FBXL20,0,0,0,0,0,0,0,1,1,0
RRAGB,0,0,1,1,0,0,0,0,0,0
KIF15,0,0,0,0,0,0,0,1,1,0
RTEL1,0,1,1,0,0,0,0,0,0,0
USP7,0,0,1,1,0,0,0,0,0,0
OCLN,0,0,0,0,0,0,0,1,1,0
PDCD2L,0,1,1,0,0,1,1,1,1,0
EXTL3,0,0,1,1,0,0,0,1,1,0
CHMP5,0,0,1,1,0,0,0,0,0,0
PEX19,0,0,0,0,0,0,0,1,1,0
FTCDNL1,0,1,1,0,0,0,0,1,1,0
BRCA2,0,1,1,0,0,0,0,1,1,0
UBE2L3,1,0,1,1,0,1,1,0,1,0
NLRP11,0,0,0,0,0,0,0,1,1,0
MRPS30,0,0,1,1,0,1,1,0,0,0
C9orf153,0,1,1,0,0,0,0,0,0,0
VKORC1,0,0,1,1,0,1,1,0,0,0
EEF1A1,0,1,1,1,0,0,0,0,1,0
SLMAP,0,0,1,1,0,0,0,0,0,0
LINC00942,0,0,0,0,0,0,0,1,1,0
TBRG4,0,1,1,0,0,0,0,0,0,0
PTN,0,0,1,1,0,0,0,0,1,0
CFAP73,0,0,0,0,0,0,0,1,1,0
EPC2,0,0,1,1,0,0,0,0,0,0
CLEC4A,0,0,1,0,0,0,0,1,1,0
EFR3A,0,0,1,1,0,0,0,0,0,0
PSMG4,0,0,1,1,0,0,0,0,0,0
GOLGA8O,0,1,1,0,0,0,0,1,1,0
SMIM10,0,0,0,0,0,0,0,1,1,0
FMN2,0,1,1,0,0,0,0,0,0,0
FAM131B,0,0,0,0,0,0,0,1,1,0
NFYC,0,0,1,1,0,0,0,0,0,0
TNKS,0,1,1,0,0,0,0,0,0,0
AC133785.1,0,1,1,0,0,0,0,1,1,0
SFXN2,0,0,1,1,0,0,0,0,0,0
NOS1AP,0,0,1,1,0,0,0,0,0,0
IGF1,0,0,1,0,0,1,1,1,1,0
GNB3,0,0,0,0,0,0,0,1,1,0
SYT4,0,0,1,1,0,0,0,1,1,0
TCF3,1,0,0,0,0,0,0,0,0,0
NHLRC1,0,1,1,0,0,0,0,1,1,0
XPO1,0,0,1,1,0,0,0,0,1,0
KLF14,0,0,0,0,0,1,1,0,0,0
KRT72,0,1,1,0,0,0,0,0,0,0
GRIK1-AS1,0,0,0,0,0,0,0,1,1,0
KIAA0355,0,0,1,1,0,0,0,1,1,0
CREB3,0,0,1,1,0,1,1,0,0,0
DPM3,0,0,1,1,0,1,1,1,1,0
IDE,0,0,0,0,0,1,1,1,1,0
SERINC3,0,0,1,1,0,0,0,0,0,0
LINC01362,0,1,1,1,0,0,0,0,0,0
MARS2,0,0,0,0,0,0,0,1,1,0
RASGEF1C,0,0,1,1,0,0,0,1,1,0
CRYAB,0,0,1,1,0,0,0,0,1,0
CD2BP2,0,0,1,1,0,1,1,0,0,0
GHDC,0,0,1,1,0,0,0,1,1,0
CANX,0,1,1,0,0,1,1,0,0,0
FCGRT,0,0,1,0,0,0,0,1,1,0
HLA-DMA,0,0,0,0,0,0,0,0,1,0
TBC1D10C,0,0,1,1,0,0,0,0,0,0
NUS1,0,0,0,0,0,1,1,0,0,0
HIST1H4E,0,0,0,0,0,0,0,1,1,0
GPR107,0,0,1,1,0,0,0,1,1,0
CHD2,0,0,1,0,0,0,0,0,1,0
IMP4,0,0,1,1,0,1,1,1,1,0
GATAD2A,0,0,0,0,0,0,0,1,1,0
DAO,0,0,1,1,0,0,0,0,0,0
SERTAD4-AS1,0,0,1,0,1,1,0,1,1,0
RPS4X,0,0,1,1,0,0,0,0,1,0
IGHD,0,0,1,1,0,1,1,0,0,0
TERF1,0,0,1,1,0,0,0,0,0,0
NEMF,0,0,1,1,0,0,0,0,0,0
NR2C2,0,0,1,1,0,0,0,0,0,0
CD244,0,0,0,0,0,0,0,1,1,0
CRTC3,0,0,1,1,0,0,0,0,0,0
POLR3D,0,0,1,1,0,0,0,0,0,0
CPM,0,0,1,1,0,0,0,1,1,0
IGLC4,0,1,1,0,0,1,1,0,1,0
LINC00470,0,0,0,0,0,0,0,1,1,0
NME8,0,0,0,0,0,0,0,1,1,0
CSRP2,0,1,1,1,0,0,0,0,1,0
BDP1,0,0,1,1,0,0,0,0,1,0
RPS15A,1,1,1,1,0,0,0,0,1,0
USP2-AS1,0,0,0,0,0,0,0,1,1,0
CNPY2,0,0,1,1,0,1,1,1,1,0
AC159540.1,0,0,0,0,0,0,0,1,1,0
ZNF22,1,0,1,1,0,0,0,0,0,0
SPAG5,0,1,1,0,0,0,0,0,0,0
ZNF207,0,0,1,1,0,0,0,0,0,0
ENAH,0,0,0,0,0,0,0,1,1,0
DDX51,0,0,1,1,0,0,0,0,0,0
LDB2,1,0,0,0,0,0,0,0,0,0
TNFRSF13B,0,1,1,1,0,1,1,0,0,0
SLC30A7,0,0,1,1,0,0,0,0,0,0
ZNF276,0,0,1,1,0,0,0,0,0,0
KHNYN,1,0,1,1,0,0,0,1,1,0
ADAM19,0,1,1,0,0,0,0,0,0,0
LGI4,0,1,1,1,0,0,0,0,0,0
AC007880.1,0,1,1,0,0,0,0,0,0,0
EMC8,0,0,1,1,0,1,1,0,0,0
IGLV5-45,0,0,0,0,0,0,0,1,1,0
AMOTL2,0,1,1,1,0,0,0,0,0,0
TLR2,0,1,1,1,0,0,0,0,0,0
ZNF226,0,0,1,0,0,0,0,0,0,0
NCSTN,1,0,1,1,0,0,0,0,0,0
KIR2DL4,1,1,1,0,0,0,0,1,1,0
ARHGEF4,0,1,1,0,0,0,0,1,1,0
TCTEX1D1,0,1,1,0,0,0,0,1,1,0
TMEM78,0,0,0,0,0,0,0,1,1,0
ANGPTL7,0,0,0,0,0,0,0,1,1,0
CEMP1,0,0,0,0,0,0,0,1,1,0
LTA,0,1,1,1,0,0,0,0,0,0
USP5,0,0,0,0,0,1,1,1,1,0
TCTEX1D2,0,1,1,0,0,0,0,0,0,0
THUMPD3-AS1,0,1,1,1,0,0,0,0,0,0
CCT8,0,0,1,1,0,1,1,0,0,0
GRIN2D,0,0,1,1,0,1,1,1,1,0
HMGB2,0,0,1,0,0,0,0,1,1,0
TRGVA,0,0,0,0,0,0,0,1,1,0
TMEM167A,0,1,1,0,0,1,1,0,0,0
INCENP,0,0,0,0,0,0,0,1,1,0
NDUFA10,0,0,1,1,0,1,1,0,0,0
ITK,1,1,1,1,0,0,0,0,0,0
ADORA3,0,0,1,1,0,0,0,1,1,0
FGR,0,0,1,1,0,0,0,1,1,0
DLEU7,0,0,0,0,0,0,0,1,1,0
SRGAP3-AS3,0,1,1,0,0,0,0,0,0,0
LINC00677,0,0,0,0,0,0,0,1,1,0
SEC24C,0,0,0,0,0,1,1,0,0,0
LINC01309,0,1,1,0,0,0,0,0,0,0
IGHV3OR16-10,0,0,0,0,0,1,1,0,0,0
GRIK4,0,0,0,0,0,0,0,1,1,0
CNPY4,1,0,0,0,0,0,0,0,0,0
CD300LG,0,1,1,0,0,0,0,0,0,0
BCL7B,1,0,1,1,0,0,0,0,0,0
C1orf56,1,0,0,0,0,0,0,1,1,0
MAP2K2,0,0,0,0,0,1,1,0,0,0
USP39,0,0,0,0,0,0,0,1,1,0
KIF2C,0,0,0,0,0,1,1,1,1,0
C9orf147,0,1,1,0,0,0,0,0,0,0
LINC01473,0,0,0,0,0,0,0,1,1,0
FUT9,0,1,1,0,0,0,0,0,0,0
CYYR1-AS1,0,1,1,0,0,0,0,1,1,0
IDO1,0,0,0,0,0,0,0,1,1,0
CDK11B,0,0,1,1,0,0,0,0,0,0
SIAH2-AS1,0,0,0,0,0,0,0,1,1,0
EBLN1,0,1,1,0,0,0,0,1,1,0
HOMER3,0,0,0,0,0,1,1,0,0,0
SPATA8,0,1,1,0,0,0,0,1,1,0
SLC6A20,0,1,1,0,0,0,0,0,0,0
TUBGCP2,0,0,1,1,0,0,0,0,0,0
DHRS3,0,0,1,0,0,0,0,0,0,0
LRRK1,0,0,0,0,0,0,0,1,1,0
ASB2,0,1,1,0,0,1,1,0,0,0
POLR2F,0,0,1,1,0,1,1,0,0,0
GIT1,0,0,1,1,0,0,0,0,0,0
CBFA2T3,0,1,1,0,0,0,0,1,1,0
CHD4,0,0,1,1,0,0,0,0,0,0
IQCH-AS1,0,1,1,0,0,0,0,0,0,0
C21orf91,0,0,1,1,0,1,1,0,0,0
JAKMIP2-AS1,0,1,1,1,0,0,0,1,1,0
VSTM5,0,0,0,0,0,0,0,1,1,0
PIH1D1,0,0,1,1,0,1,1,0,0,0
UBE2T,0,0,0,0,0,1,1,0,0,0
HEPH,0,1,1,0,0,0,0,0,0,0
SDHB,0,0,1,1,0,1,1,0,1,0
TMEM135,0,0,0,0,0,0,0,1,1,0
KLRF1,1,1,1,0,0,0,0,0,0,0
SLC22A7,0,1,1,0,0,0,0,0,0,0
SLC11A1,0,0,1,1,0,0,0,1,1,0
TP73,0,1,1,0,0,0,0,1,1,0
TMEM176A,0,1,1,0,0,0,0,1,1,0
TUBA4A,0,0,1,1,0,0,0,0,0,0
PHKA1,0,0,0,0,0,0,0,1,1,0
SYT17,0,0,1,1,0,1,1,0,0,0
DBET,0,1,1,0,0,0,0,1,1,0
QPRT,0,0,1,1,0,0,0,1,1,0
TFCP2L1,0,0,0,0,0,0,0,1,1,0
ZNF333,0,0,1,0,0,0,0,0,0,0
DENND5B-AS1,0,1,1,1,0,0,0,1,1,0
MAPK7,0,0,1,1,0,0,0,0,0,0
KCNF1,0,0,1,1,0,0,0,0,0,0
PSMG1,0,0,1,1,0,1,1,1,1,0
TCF7L2,0,0,1,1,0,0,0,0,0,0
PLPP1,0,0,1,1,0,0,0,1,1,0
PTPRJ-AS1,0,1,1,0,0,0,0,0,0,0
PLIN2,0,0,0,0,0,1,1,0,0,0
ZER1,0,0,0,0,0,0,0,1,1,0
PPP5D1,0,0,0,0,0,1,1,0,0,0
ZNF506,0,0,0,0,0,0,0,1,1,0
COX6A2,0,0,1,1,0,0,0,1,1,0
EED,0,0,1,1,0,1,1,0,0,0
OTUD4,0,1,1,0,0,0,0,0,0,0
GAPVD1,0,0,1,1,0,0,0,0,0,0
PIEZO1,1,0,1,1,0,1,1,0,0,0
ARMC8,0,1,1,1,0,0,0,1,1,0
C5AR1,0,0,1,1,0,0,0,0,0,0
CFP,0,0,1,1,0,0,0,0,0,0
RRM2B,0,0,1,1,0,1,1,0,0,0
LAP3,0,0,0,0,0,1,1,1,1,0
AC012507.3,0,0,0,0,0,0,0,1,1,0
DIRAS2,0,1,1,0,0,0,0,0,0,0
IGKV1D-39,0,0,0,0,0,0,0,1,1,0
SCGB1B2P,0,0,0,0,0,0,0,1,1,0
SLC35F2,0,0,0,0,0,1,1,0,0,0
PLAUR,0,0,1,0,0,0,0,1,1,0
CSGALNACT2,0,0,1,1,0,0,0,0,0,0
ZSCAN5A,1,0,0,0,0,0,0,0,0,0
TAS2R4,1,0,0,0,0,0,0,1,1,0
NT5DC4,0,1,1,0,0,0,0,0,0,0
IGKV1-39,0,1,1,1,0,1,1,0,0,0
TIMM17A,0,0,1,1,0,1,1,0,0,0
FAM50A,0,1,1,0,0,1,1,0,0,0
LINC00484,0,0,0,0,0,0,0,1,0,0
S1PR3,0,0,0,0,0,0,0,1,1,0
SH3TC1,0,0,1,1,0,0,0,0,0,0
TNS4,0,0,0,0,0,0,0,1,1,0
DAB2IP,0,1,1,1,0,0,0,1,1,0
KAT8,0,0,1,1,0,0,0,1,1,0
PTCHD1,0,1,1,1,0,0,0,1,1,0
LINC01482,0,1,1,0,0,0,0,1,1,0
C8G,0,0,0,0,0,0,0,1,1,0
OR4D9,0,1,1,0,0,0,0,0,0,0
LMAN2L,0,0,0,0,0,0,0,1,1,0
CD83,0,0,0,0,0,0,0,1,1,0
HSPG2,0,0,0,0,0,0,0,1,1,0
LMBRD2,0,0,1,1,0,0,0,0,0,0
CDK2AP2,1,0,1,1,0,1,1,0,0,0
RPS20,0,0,1,1,0,0,0,0,1,0
ZC3HC1,0,0,1,1,0,0,0,0,0,0
TRBV6-5,0,1,1,0,0,0,0,1,1,0
PSMD9,0,0,1,1,0,1,1,0,1,0
RRAGD,0,0,1,1,0,0,0,1,1,0
OPA1,0,0,1,1,0,0,0,0,0,0
KLK7,0,0,1,1,0,0,0,0,0,0
HAS1,0,0,1,1,0,0,0,0,0,0
TMED4,0,0,1,1,0,0,0,1,1,0
IGHV1OR15-1,0,1,1,0,0,0,0,0,0,0
RGS20,0,1,1,0,0,0,0,0,0,0
APOO,0,0,0,0,0,0,0,1,1,0
FDXR,0,1,1,0,0,1,1,1,1,0
KIR3DL2,0,1,1,1,0,0,0,0,0,0
COMMD5,0,0,1,1,0,0,0,0,0,0
TPT1,0,0,1,0,0,0,0,0,1,0
TTC21A,0,0,0,0,0,0,0,1,1,0
IGKV3D-15,0,1,1,0,0,1,1,1,1,0
ITGB1BP1,0,0,1,1,0,1,1,0,0,0
UBA2,0,0,1,1,0,0,0,0,0,0
UTP6,0,0,1,1,0,0,0,0,0,0
MED17,0,0,1,1,0,0,0,0,0,0
TMEM218,0,0,1,1,0,1,1,0,0,0
SYNDIG1L,0,1,1,0,0,0,0,0,0,0
EDEM2,1,0,0,0,0,1,1,0,0,0
EDC3,0,0,0,0,0,0,0,1,1,0
TBC1D30,0,0,0,0,0,0,0,1,1,0
CELSR1,0,0,0,0,0,0,0,1,1,0
CA1,1,0,0,0,0,0,0,1,1,0
HPGD,0,1,1,0,0,0,0,0,0,0
GPI,0,0,0,0,0,1,1,0,0,0
GLYATL2,0,0,0,0,0,0,0,1,1,0
LINC00324,0,0,0,0,0,1,1,0,0,0
B4GALT7,0,0,1,0,0,1,1,0,0,0
GFPT1,0,1,1,0,0,1,1,1,1,0
GTF2IRD1,0,0,1,1,0,0,0,1,1,0
MRE11,1,0,0,0,0,0,0,0,0,0
KLHL13,0,0,0,0,0,0,0,1,1,0
CSAD,0,0,1,1,0,0,0,0,0,0
ELF2,0,0,1,1,0,0,0,0,0,0
RAP1B,0,0,0,0,0,0,0,1,1,0
BRDT,0,0,0,0,0,0,0,1,1,0
DROSHA,0,1,1,0,0,0,0,0,0,0
KDELR1,0,0,1,1,0,1,1,0,0,0
SPECC1L,0,0,0,0,0,0,0,1,1,0
LRRC29,0,0,0,0,0,0,0,1,1,0
VPS37D,0,0,0,0,0,0,0,1,0,0
AC104024.2,0,0,0,0,0,0,0,1,0,0
CALD1,0,0,1,1,0,0,0,0,1,0
CLPX,0,0,1,1,0,0,0,0,0,0
ATCAY,0,0,0,0,0,0,0,1,1,0
PSMB10,0,0,0,0,0,1,1,0,1,0
TEP1,0,0,1,1,0,0,0,1,1,0
SCNN1A,0,0,0,0,0,0,0,1,1,0
KIF11,0,0,0,0,0,0,0,1,1,0
UQCRQ,0,0,1,1,0,1,1,0,1,0
LINC01344,0,0,0,0,0,0,0,1,1,0
IGLV3-12,0,1,1,1,0,0,0,0,0,0
NAXD,1,0,0,0,0,0,0,0,0,0
ZNF726,0,0,0,0,0,0,0,1,1,0
LRRC37BP1,1,0,0,0,0,0,0,0,0,0
CLIP3,0,0,1,1,0,0,0,1,0,0
POMGNT1,0,0,1,1,0,0,0,0,0,0
NELFCD,0,0,1,0,0,0,0,0,0,0
LIPA,0,0,1,0,0,0,0,1,1,0
PPL,0,0,0,0,0,0,0,1,1,0
CCNT2,1,0,1,1,0,0,0,0,0,0
MMP17,0,0,0,0,0,1,1,1,1,0
AIF1L,0,1,1,0,0,0,0,1,1,0
TP53TG3D,0,1,1,0,0,0,0,1,1,0
PLEKHO1,0,0,0,0,0,1,1,0,0,0
KTN1-AS1,0,1,1,0,0,0,0,1,1,0
VAV3-AS1,0,0,0,0,0,1,1,0,0,0
MEIS1,0,0,0,0,0,1,0,1,1,0
LMO7,0,0,0,0,0,0,0,1,1,0
C1orf21,0,0,0,0,0,0,0,1,1,0
ALPP,1,1,1,1,0,0,0,0,0,0
GRB10,0,0,0,0,0,0,0,1,1,0
SLC39A14,0,1,1,0,0,0,0,0,0,0
RSF1,0,0,1,1,0,0,0,0,0,0
APBB3,0,0,1,1,0,0,0,1,1,0
IQCJ-SCHIP1,0,0,0,0,0,0,0,1,1,0
PABPC4,0,0,0,0,0,1,1,0,0,0
Z99756.1,0,0,0,0,0,0,0,1,1,0
OR11G2,0,1,1,0,0,0,0,0,0,0
MBOAT4,0,0,0,0,0,0,0,1,1,0
PHF6,0,0,1,1,0,0,0,0,0,0
TRMT5,0,0,0,0,0,0,0,1,1,0
UNC13B,0,0,0,0,0,1,1,1,1,0
RAPGEF1,1,0,1,1,0,0,0,0,0,0
FAM171B,0,1,1,0,0,0,0,1,1,0
ELAVL3,0,0,0,0,0,0,0,1,1,0
CPA2,0,0,0,0,1,1,0,0,0,0
ARF3,0,0,1,1,0,1,1,0,0,0
SERP1,0,1,1,0,0,0,0,0,0,0
CHN2,0,0,1,1,0,0,0,1,1,0
MYCL,0,0,0,0,0,0,0,1,1,0
CCDC73,0,0,0,0,0,1,1,0,0,0
EXO1,0,0,0,0,0,0,0,1,1,0
CNR1,0,0,0,0,0,0,0,1,1,0
GPR3,0,0,0,0,0,0,0,1,1,0
KRTAP5-8,0,0,0,0,0,0,0,1,1,0
FCGR2B,0,0,0,0,0,0,0,1,1,0
MYT1L,0,0,0,0,0,0,0,1,1,0
RAB26,0,0,0,0,0,1,1,0,0,0
DUSP14,0,0,0,0,0,0,0,1,1,0
BLOC1S5,0,0,1,1,0,0,0,0,0,0
TNFSF13,0,1,1,0,0,0,0,1,1,0
HIST3H2A,0,0,0,0,0,1,1,0,0,0
SERPINF1,0,0,0,0,0,0,0,1,1,0
IGSF9,0,0,0,0,0,1,1,0,0,0
OAS1,0,0,0,0,0,1,1,0,0,0
RPL39,0,0,1,1,0,0,0,0,1,0
SREBF1,0,0,1,1,0,0,0,0,0,0
ZNF32-AS1,0,1,1,0,0,0,0,1,1,0
RPRD1B,0,0,0,0,0,0,0,1,1,0
SLC46A3,0,0,0,0,0,0,0,1,1,0
ABHD13,0,0,1,1,0,0,0,0,0,0
TSTD1,0,0,1,1,0,0,0,0,0,0
NFKB1,0,0,1,1,0,0,0,0,0,0
NKAIN3,0,1,1,0,0,0,0,1,1,0
NTPCR,0,0,0,0,0,0,0,1,1,0
STAG2,1,0,1,1,0,0,0,0,0,0
ADSSL1,0,0,1,1,0,0,0,1,1,0
L3MBTL4,0,0,0,0,0,1,1,1,1,0
TRIM35,0,0,1,1,0,0,0,0,0,0
GABRB3,0,1,1,0,0,0,0,1,1,0
HUWE1,1,0,1,1,0,0,0,0,0,0
MIR3976HG,0,1,1,0,0,0,0,0,0,0
RAMP2,0,0,1,1,0,0,0,0,1,0
OSBPL8,0,0,1,1,0,0,0,0,0,0
CFAP53,0,0,0,0,0,0,0,1,1,0
LIPG,0,0,0,0,0,0,0,1,1,0
RASGRF1,0,0,0,0,0,0,0,1,1,0
PIR,0,0,0,0,0,0,0,0,1,0
ZNF221,0,0,0,0,1,1,0,1,1,0
HLX,0,0,1,1,0,0,0,0,0,0
IGLV2-23,0,1,1,1,0,1,1,1,1,0
FAM9B,0,0,0,0,0,0,0,1,1,0
SERPINB9,0,0,1,1,0,0,0,0,0,0
MUCL1,0,1,1,0,0,0,0,0,0,0
PRRX1,0,0,1,1,0,0,0,1,0,0
CIZ1,0,0,1,1,0,0,0,0,0,0
PAQR6,0,0,0,0,0,1,1,1,1,0
ZNF789,0,0,0,0,0,0,0,1,1,0
CD247,0,0,1,1,0,0,0,0,0,0
IGHV1-58,0,0,0,0,0,1,1,0,0,0
NAT1,0,1,1,0,0,0,0,1,1,0
RNASEH2B,0,0,1,1,0,0,0,0,0,0
CDYL,1,0,0,0,0,0,0,1,1,0
GNG11,0,0,1,1,0,1,0,0,1,0
LETMD1,0,0,1,1,0,0,0,0,0,0
DYRK1A,0,0,1,1,0,0,0,0,0,0
RPEL1,0,0,0,0,0,0,0,1,1,0
KHDC1L,0,1,1,0,0,0,0,1,1,0
CYB561D2,1,0,0,0,0,0,0,0,0,0
ATF7IP2,0,1,1,0,0,0,0,1,1,0
GPR65,0,0,1,1,0,0,0,0,0,0
NOMO1,0,0,1,1,0,1,1,0,0,0
SYTL3,0,0,1,1,0,0,0,0,0,0
MRPL57,0,0,1,1,0,0,0,1,1,0
SPINK1,0,0,0,0,0,0,0,1,1,0
LINC01257,0,1,1,1,0,0,0,0,0,0
USP43,0,0,0,0,0,0,0,1,1,0
KLHL28,1,0,0,0,0,0,0,0,0,0
SUSD4,0,1,1,0,0,0,0,0,0,0
MIR5689HG,0,1,1,0,0,0,0,0,0,0
LINC00486,0,1,1,1,0,0,0,0,0,0
PCSK7,0,0,1,1,0,0,0,0,0,0
RSPH3,0,0,1,1,0,0,0,1,1,0
HSH2D,0,0,1,1,0,1,1,0,0,0
HIST1H3E,0,0,0,0,0,0,0,1,1,0
LUADT1,0,1,1,0,0,0,0,1,1,0
NELFB,0,0,0,0,0,1,1,0,0,0
TSN,0,0,0,0,0,0,0,1,1,0
UPP1,0,0,0,0,0,0,0,1,1,0
NAA20,0,0,1,0,0,1,1,0,0,0
ARPC1B,0,0,1,1,0,0,0,0,0,0
CD1D,0,0,0,0,0,0,0,1,1,0
KMT2E-AS1,0,0,0,0,0,0,0,1,1,0
PDSS1,0,0,0,0,0,0,0,1,1,0
MEAF6,0,0,1,1,0,0,0,0,0,0
SETD7,0,0,1,1,0,0,0,0,0,0
MEA1,0,0,1,1,0,1,1,0,0,0
BBS9,0,0,0,0,0,0,0,1,1,0
PACS2,0,0,1,1,0,0,0,0,0,0
KLHDC3,0,0,1,1,0,0,0,0,0,0
ASPA,0,0,0,0,0,0,0,1,1,0
HOXC8,0,1,1,1,0,0,0,1,1,0
ID2-AS1,0,0,0,0,0,0,0,1,1,0
TIGIT,0,1,1,0,0,0,0,1,1,0
LRRC9,0,0,0,0,0,0,0,1,1,0
CLEC4D,0,1,1,0,0,0,0,1,1,0
ST8SIA6,0,1,1,0,0,0,0,1,1,0
ZBED8,0,1,1,0,0,0,0,0,0,0
CLEC1B,0,0,0,0,0,1,0,0,0,0
ZRANB2-AS1,0,0,0,0,0,0,0,1,1,0
IDH3G,0,0,1,1,0,1,1,1,1,0
H3F3B,0,0,1,1,0,0,0,0,0,0
SCAMP2,0,0,1,1,0,1,1,0,0,0
HIPK4,0,0,0,0,0,0,0,1,1,0
TMEM99,0,0,0,0,0,0,0,1,1,0
ELOVL1,1,0,1,1,0,0,0,0,0,0
SH3PXD2A,0,1,1,0,0,0,0,0,0,0
C19orf53,1,0,0,0,0,1,1,0,0,0
LZTS1,0,0,0,0,0,0,0,1,1,0
MOXD1,0,0,0,0,0,1,1,0,0,0
DBI,0,0,1,1,0,0,0,0,0,0
NDUFAF5,1,0,0,0,0,1,1,0,0,0
OR5B12,0,0,0,0,0,0,0,1,1,0
HECTD1,0,0,1,1,0,0,0,0,0,0
MID2,0,0,0,0,0,0,0,1,1,0
ZFHX3,0,0,1,1,0,0,0,0,0,0
PSMA4,0,0,1,1,0,1,1,0,1,0
SIAH1,1,0,0,0,0,0,0,1,1,0
KLHL33,0,1,1,0,0,0,0,1,1,0
MRPL46,0,0,0,0,0,1,1,0,0,0
IGKV1-37,0,0,0,0,0,1,1,0,0,0
USP6NL,0,0,0,0,0,0,0,1,1,0
TMEM171,0,0,0,0,0,0,0,1,1,0
ANO9,0,1,1,1,0,0,0,0,0,0
AP000442.1,0,0,0,0,0,0,0,1,1,0
BNIP3L,0,0,1,0,0,0,0,0,0,0
NECAB1,0,0,0,0,0,0,0,1,1,0
H1F0,0,0,1,1,0,0,0,1,1,0
PLA2G15,0,0,1,0,0,0,0,1,1,0
LINC00379,0,0,0,0,0,0,0,1,1,0
FUCA2,0,0,1,1,0,1,1,0,0,0
PPP2R2C,0,1,1,0,0,0,0,1,1,0
TSPAN18,0,1,1,0,0,0,0,0,0,0
SLC3A2,0,0,1,1,0,1,1,0,0,0
OSBP,0,0,0,0,0,0,0,1,1,0
TANGO6,0,0,0,0,0,0,0,1,1,0
PARP6,0,1,1,0,0,0,0,0,0,0
CD163L1,0,0,1,1,0,0,0,1,1,0
C5orf24,0,0,1,1,0,0,0,0,0,0
CEACAM3,0,1,1,0,0,0,0,1,1,0
CCNC,0,0,1,1,0,1,1,0,0,0
MOCS2,0,0,0,0,0,0,0,1,1,0
RNF217,0,0,1,1,0,0,0,1,1,0
AKIRIN2,0,0,1,1,0,0,0,1,1,0
HNRNPA3,0,0,1,1,0,0,0,1,1,0
KANSL1,0,0,1,1,0,0,0,0,0,0
FAM66B,0,1,1,0,0,0,0,1,1,0
LARP6,0,1,1,0,0,0,0,0,1,0
CSNK1G1,0,0,0,0,0,0,0,1,1,0
MICU2,0,0,0,0,0,1,1,0,0,0
CDK16,0,0,1,1,0,0,0,0,0,0
PPP6R2,0,0,1,1,0,0,0,0,0,0
WASF2,0,0,1,1,0,0,0,0,0,0
CLDN1,0,0,0,0,0,0,0,0,1,0
FBXL5,0,0,1,1,0,0,0,0,0,0
PBLD,0,0,0,0,0,0,0,1,1,0
P2RY2,0,1,1,0,0,0,0,1,1,0
HOTAIRM1,0,0,1,0,0,1,1,0,0,0
IL1RN,0,0,1,1,0,0,0,0,0,0
CSTL1,0,0,0,0,0,0,0,1,1,0
DDIAS,0,0,1,0,0,0,0,1,1,0
DPM1,0,0,1,1,0,1,1,1,1,0
YY2,0,0,1,1,0,0,0,0,0,0
PLIN1,0,1,1,0,0,0,0,1,1,0
TLR8-AS1,0,0,0,0,0,0,0,1,1,0
AC062028.1,0,0,0,0,0,0,0,1,1,0
GPD1,0,0,0,0,0,0,0,1,1,0
PSMB8,1,0,0,0,0,1,1,0,0,0
C1orf131,0,0,1,1,0,0,0,1,1,0
CLCA1,0,1,1,0,0,0,0,0,0,0
KDM2B,0,0,1,1,0,1,0,0,0,0
UBALD1,0,0,0,0,0,1,1,0,0,0
CLEC2D,1,0,1,1,0,0,0,1,1,0
FKRP,0,0,0,0,0,0,0,1,1,0
EPCAM,0,0,0,0,0,0,0,1,1,0
MIR4500HG,0,0,0,0,0,0,0,1,1,0
CLASP1,0,0,1,1,0,0,0,0,0,0
ANXA7,0,0,1,1,0,1,1,1,1,0
SLC6A6,0,0,0,0,0,0,0,1,1,0
TSPAN1,0,0,0,0,0,0,0,1,1,0
DRAM1,0,0,1,1,0,0,0,0,0,0
FCGBP,0,0,1,1,0,0,0,0,0,0
PGAP3,0,0,1,1,0,0,0,1,1,0
CENPI,0,0,1,1,0,0,0,0,0,0
MEDAG,0,0,1,1,0,0,0,0,1,0
CCNT2-AS1,0,1,1,0,0,0,0,1,1,0
KLF3,0,0,1,0,0,0,0,0,0,0
AC079154.1,0,1,1,0,0,0,0,0,0,0
HIF1A-AS1,0,1,1,0,0,0,0,0,0,0
RAVER2,0,0,0,0,0,0,0,1,1,0
FUT8,0,0,0,0,0,1,1,0,0,0
CRISPLD2,1,0,0,0,0,0,0,1,1,0
WDR17,0,0,0,0,0,0,0,1,1,0
PAGE2B,0,0,1,1,0,0,0,0,0,0
RORC,0,1,1,0,0,0,0,0,0,0
CHTF18,0,0,0,0,0,0,0,1,1,0
NCAPD3,0,1,1,0,0,0,0,0,0,0
ZBED2,0,0,1,1,0,0,0,0,0,0
HSPA13,0,0,0,0,0,1,1,0,0,0
LINC01151,0,1,1,0,0,0,0,0,0,0
FKBP4,0,0,1,0,0,0,0,0,0,0
TPX2,0,0,1,1,0,1,1,0,0,0
NDUFA7,0,1,1,0,0,1,1,0,0,0
NRSN2-AS1,0,0,0,0,0,0,0,1,1,0
MZB1,0,1,1,0,0,1,1,1,1,0
MTERF4,0,0,1,1,0,0,0,1,1,0
IGHV3-15,0,1,1,0,0,0,0,0,0,0
CDK5RAP2,0,0,1,1,0,0,0,0,0,0
ALKBH1,0,0,0,0,0,0,0,1,1,0
LTK,0,1,1,0,0,1,1,0,0,0
C12orf71,0,1,1,1,0,0,0,0,0,0
AC009495.2,0,0,0,0,0,0,0,1,1,0
CNDP2,0,0,1,1,0,0,0,0,0,0
KCNAB1,0,0,1,1,0,0,0,0,0,0
PTPRN,0,0,0,0,0,0,0,1,1,0
NAA16,1,0,0,0,0,0,0,0,0,0
CPNE7,0,1,1,1,0,0,0,0,0,0
RPL3,0,0,1,1,0,0,0,0,1,0
TTTY14,0,0,0,0,1,1,1,0,0,1
RPUSD3,0,0,0,0,0,1,1,0,0,0
TLE2,0,0,0,0,0,0,0,1,1,0
SP2-AS1,0,0,0,0,0,0,0,1,1,0
GHRH,0,0,0,0,0,0,0,1,1,0
PUSL1,0,0,1,1,0,0,0,0,0,0
KCNJ15,0,1,1,0,0,0,0,0,0,0
AR,0,0,0,0,0,0,0,1,1,0
ASZ1,0,0,0,0,0,0,0,1,1,0
SLC35G3,0,1,1,0,0,0,0,0,0,0
CPNE3,0,0,1,1,0,0,0,0,0,0
EIF2S1,0,0,0,0,0,1,1,0,0,0
PARG,0,0,0,0,0,0,0,1,1,0
NKX2-3,0,1,1,0,0,0,0,0,0,0
CD96,0,0,1,1,0,0,0,0,0,0
WARS2-IT1,0,0,0,0,0,0,0,1,1,0
SLC12A2,0,1,1,0,0,0,0,0,0,0
PTPRE,0,0,1,1,0,0,0,0,0,0
NR1H2,0,0,1,1,0,0,0,1,1,0
DNAJA3,1,0,0,0,0,0,0,0,0,0
CDK14,0,0,0,0,0,1,1,0,0,0
RAB9B,0,1,1,0,0,0,0,1,1,0
CDH8,0,0,0,0,0,0,0,1,1,0
TMEM43,0,0,1,1,0,0,0,1,1,0
POLDIP3,0,0,1,1,0,0,0,1,1,0
TRPM2,0,0,1,1,0,0,0,0,0,0
QTRT1,0,0,0,0,0,0,0,1,0,0
ZNF703,0,0,1,1,0,0,0,0,0,0
LY86,1,0,0,0,0,0,0,0,1,0
EIF3L,0,0,1,0,0,0,0,0,0,0
ARHGAP26-AS1,0,1,1,0,0,0,0,0,0,0
TMEM72-AS1,0,1,1,1,0,0,0,0,0,0
RAB2A,0,0,1,1,0,1,1,0,0,0
GRAMD1B,0,0,1,0,0,0,0,0,0,0
INSL6,0,0,0,0,0,0,0,1,0,0
HIST2H4A,0,0,0,0,0,0,0,1,1,0
PCF11-AS1,0,0,0,0,0,0,0,1,1,0
SSR4,0,1,1,1,0,1,1,0,0,0
PDS5A,0,0,1,1,0,0,0,1,1,0
ZC3H15,0,0,1,1,0,0,0,0,1,0
KIAA2013,0,0,0,0,0,1,1,0,0,0
HTR5A-AS1,0,1,1,0,0,0,0,0,0,0
AMBRA1,1,1,1,0,0,0,0,1,0,0
TDRD10,0,0,1,1,0,0,0,0,0,0
KLHL26,1,0,1,1,0,0,0,1,1,0
TTLL11-IT1,0,1,1,0,0,0,0,0,0,0
WNT7B,0,1,1,0,0,0,0,0,0,0
KANK2,0,0,1,1,0,0,0,1,1,0
STOML2,0,0,1,1,0,1,1,0,0,0
IQCC,0,0,0,0,0,0,0,1,1,0
SLC22A2,0,0,1,0,0,0,0,0,1,0
TAC4,0,0,0,0,0,0,0,1,1,0
TIPIN,0,0,0,0,0,0,0,1,1,0
LSM10,0,0,1,1,0,0,0,0,1,0
LINC01315,0,1,1,0,0,0,0,1,1,0
DAZAP2,0,0,1,1,0,0,0,0,0,0
SNAI3-AS1,0,1,1,0,0,0,0,1,1,0
AL365181.2,0,0,0,0,0,0,0,1,1,0
WHAMM,0,0,0,0,0,0,0,1,1,0
CAMTA1,0,0,1,1,0,0,0,0,0,0
DNAJC25,0,0,0,0,0,1,1,1,1,0
ART5,0,0,0,0,0,0,0,1,1,0
FAM71E1,0,1,1,1,0,0,0,1,1,0
SALRNA1,0,1,1,0,0,0,0,0,0,0
CYP1B1-AS1,0,0,0,0,0,0,0,1,1,0
RNF217-AS1,0,0,1,1,0,0,0,0,0,0
PPP3CA,0,0,0,0,0,0,0,1,1,0
LAMC2,0,0,0,0,0,0,0,1,1,0
FBXO44,0,1,1,0,0,0,0,0,0,0
TMX4,1,0,0,0,0,0,0,0,0,0
TRAV25,0,1,1,0,0,0,0,0,0,0
ZNF790-AS1,0,0,0,0,0,0,0,1,1,0
C15orf39,0,0,1,1,0,0,0,0,0,0
ST3GAL5-AS1,0,0,0,0,0,0,0,1,1,0
RPL37A,0,0,1,1,0,0,0,0,1,0
ZNF638,0,0,1,1,0,0,0,0,1,0
EIF3F,0,1,1,0,0,0,0,0,1,0
C14orf119,0,0,1,1,0,0,0,0,0,0
ARRB1,0,0,1,0,0,0,0,0,0,0
SLC25A37,0,0,0,0,0,0,0,1,1,0
A2ML1-AS1,0,0,0,0,0,0,0,1,1,0
PRKAA2,0,1,1,0,0,0,0,0,0,0
MYPN,0,0,0,0,0,0,0,1,1,0
CYBB,0,1,1,1,0,0,0,0,0,0
SFRP1,0,0,0,0,0,0,0,1,1,0
H2BC5,1,0,0,0,0,0,0,0,0,0
OTOF,1,1,1,0,0,0,0,1,1,0
DCN,0,0,1,1,0,0,0,0,1,0
TECPR1,0,0,1,1,0,0,0,0,0,0
USP4,0,0,1,1,0,0,0,0,0,0
ARF4-AS1,0,1,1,0,0,0,0,0,0,0
FGL1,0,0,1,1,0,0,0,1,1,0
PRR26,0,1,1,0,0,0,0,0,0,0
ALKBH3,0,0,1,1,0,0,0,0,0,0
NAV2-AS5,0,1,1,0,0,0,0,0,0,0
AGPAT4,0,0,1,1,0,0,0,0,0,0
HLA-DOA,0,1,1,0,0,0,0,1,1,0
SAMHD1,0,0,1,1,0,0,0,0,0,0
ZNF239,1,0,0,0,0,0,0,1,1,0
SSBP2,0,0,1,1,0,0,0,0,0,0
RAE1,0,0,0,0,0,0,0,1,1,0
ARCN1,0,0,1,1,0,0,0,0,0,0
PDE4B,0,0,0,0,0,0,0,1,1,0
CXCR3,0,0,1,1,0,0,0,0,0,0
FGD4,0,0,1,1,0,0,0,1,1,0
TLR4,0,0,1,1,0,0,0,0,0,0
ST3GAL5,0,0,1,1,0,1,0,1,1,0
CDO1,0,1,1,1,0,0,0,0,0,0
RGS9,0,0,1,1,0,0,0,1,1,0
HPN,0,0,0,0,0,0,0,1,0,0
PPP1CA,0,0,1,1,0,1,1,0,1,0
HTR4,0,0,0,0,0,0,0,1,1,0
RPS2,0,1,1,1,0,0,0,0,1,0
RWDD4,0,0,1,1,0,0,0,1,1,0
OR2A7,0,1,1,0,0,0,0,1,0,0
C19orf84,0,0,0,0,0,0,0,1,1,0
NUP210L,0,0,0,0,0,0,0,1,1,0
TUBA1A,0,0,1,1,0,0,0,0,0,0
RNF181,0,0,1,1,0,1,1,0,1,0
NTAN1,0,0,1,0,0,1,1,1,1,0
POLR2E,0,0,1,1,0,1,1,0,0,0
TFDP2,0,0,1,1,0,0,0,1,1,0
DPY30,0,0,1,1,0,1,1,0,1,0
TMEM248,0,0,0,0,0,0,0,1,1,0
CYP1B1,1,0,0,0,0,0,0,1,1,0
TRBV4-1,0,0,0,0,0,0,0,1,1,0
ECI1,0,0,0,0,0,1,1,0,0,0
GIPC2,0,1,1,0,0,0,0,1,1,0
LINC00638,0,0,0,0,0,0,0,1,1,0
SPIDR,0,0,0,0,0,0,0,1,1,0
HYAL1,0,0,0,0,0,0,0,1,1,0
UTRN,0,0,1,1,0,0,0,0,1,0
MED23,1,0,0,0,0,0,0,0,0,0
SYBU,0,1,1,0,0,0,0,0,0,0
LINC01254,0,0,0,0,0,0,0,1,1,0
UBR7,0,0,0,0,0,1,1,0,0,0
LDB3,0,0,0,0,0,0,0,1,1,0
CELA3B,0,1,1,0,0,0,0,0,0,0
ATP8B3,0,1,1,0,0,0,0,0,0,0
GPR37,0,0,1,1,0,0,0,0,0,0
AP4B1-AS1,0,1,1,0,0,0,0,1,1,0
GPS2,0,1,1,0,0,0,0,1,1,0
TUBB,0,0,1,1,0,0,0,0,0,0
SEMA4B,0,0,1,1,0,0,0,0,0,0
RPS6KA4,0,0,1,0,0,0,0,1,1,0
CLRN3,0,1,1,1,0,0,0,1,1,0
DOCK10,0,0,1,1,0,0,0,0,0,0
SDK2,1,1,1,1,0,0,0,0,0,0
MED4,0,0,1,1,0,0,0,0,1,0
CCND1,1,0,0,0,0,0,0,1,1,0
RNF216,0,0,1,1,0,0,0,0,0,0
POLK,0,0,1,1,0,0,0,0,0,0
EGF,0,1,1,0,0,0,0,1,1,0
SYP-AS1,0,0,0,0,0,0,0,1,1,0
TRIM37,0,0,0,0,0,0,0,1,1,0
TAS2R41,0,1,1,0,0,0,0,1,1,0
JAM3,0,1,1,0,0,0,0,0,0,0
PVALB,0,0,0,0,0,0,0,1,1,0
PLA2G4D,0,0,0,0,0,0,0,1,1,0
REXO2,0,0,0,0,0,1,1,0,0,0
C1orf50,0,1,1,0,0,0,0,0,0,0
C2orf15,0,0,0,0,0,0,0,1,1,0
HNRNPH1,0,0,0,0,0,0,0,1,1,0
C19orf18,0,0,0,0,0,0,0,1,1,0
TUBB2A,0,0,0,0,0,0,0,1,0,0
LIX1L,0,0,1,1,0,0,0,0,0,0
HHLA2,0,1,1,0,0,0,0,1,1,0
CLK3,1,0,1,1,0,0,0,0,0,0
MFAP4,0,1,1,1,0,0,0,0,1,0
ITGA8,0,0,0,0,0,0,0,1,1,0
UBE2V1,0,0,1,1,0,1,1,0,0,0
RAD23A,0,0,1,1,0,0,0,0,0,0
CABP5,0,0,0,0,0,1,0,0,0,0
VAT1L,0,0,1,1,0,0,0,0,1,0
CD300LB,0,0,0,0,0,0,0,1,1,0
LMTK2,0,0,0,0,0,0,0,1,1,0
TTLL10,0,1,1,1,0,0,0,0,0,0
OSM,1,0,0,0,0,0,0,0,0,0
ETS1,0,1,1,1,0,0,0,0,0,0
ADGRL1,0,1,1,0,0,0,0,0,0,0
SLA2,0,0,1,1,0,0,0,0,0,0
HOXA10-AS,0,0,0,0,0,0,0,1,1,0
P2RX3,0,0,0,0,0,0,0,1,1,0
INSL5,0,1,1,1,0,0,0,0,0,0
EXOC3L4,0,1,1,0,0,0,0,0,0,0
C3orf14,0,0,1,1,0,0,0,1,1,0
IRF4,0,0,0,0,0,1,1,0,0,0
L1CAM,0,0,0,0,0,1,1,0,0,0
OAS2,1,0,0,0,0,1,1,0,1,0
ERC1,0,1,1,1,0,0,0,1,1,0
SPAST,0,0,1,1,0,0,0,0,0,0
SMC5,0,0,1,1,0,0,0,0,1,0
HIST3H3,0,0,0,0,0,0,0,1,1,0
USP1,1,0,1,1,0,0,0,0,0,0
DPP9,0,0,1,1,0,0,0,0,0,0
HSPA8,0,0,0,0,0,1,1,0,0,0
CENPU,0,0,0,0,0,1,1,1,1,0
IGHV1-46,0,0,0,0,0,0,0,1,1,0
GLMP,0,0,0,0,0,1,1,0,0,0
TRAV29DV5,0,1,1,1,0,0,0,1,1,0
AGO4,0,0,1,1,0,0,0,0,0,0
DGAT1,0,0,1,1,0,0,0,0,0,0
TFIP11,0,0,1,0,0,0,0,0,0,0
NEK3,0,0,1,1,0,1,1,0,0,0
EMC10,0,0,1,1,0,0,0,0,0,0
SNX7,0,0,0,0,0,1,1,1,1,0
WWP1,0,0,0,0,0,0,0,1,1,0
CXCR2,0,1,1,1,0,0,0,0,0,0
FRK,0,1,1,1,0,0,0,1,1,0
SF3B1,1,0,1,1,0,0,0,1,1,0
ADGRE2,0,0,1,1,0,0,0,0,0,0
HFE,0,0,0,0,0,0,0,1,1,0
PCDH20,0,0,0,0,0,0,0,1,1,0
C8orf82,0,1,1,0,0,0,0,1,1,0
TMEM92,0,0,0,0,0,0,0,1,1,0
RBM7,0,0,0,0,0,0,0,1,1,0
SLC22A13,0,1,1,0,0,0,0,0,0,0
AXL,0,1,1,0,0,0,0,0,0,0
SIRPA,0,0,1,1,0,0,0,0,0,0
APH1A,0,0,1,1,0,0,0,0,0,0
TMEM97,0,0,1,1,0,0,0,0,0,0
LRRC46,0,0,0,0,0,0,0,1,1,0
NCKAP5L,0,0,1,1,0,0,0,0,0,0
AC068286.1,0,1,1,0,0,0,0,1,1,0
NRG4,0,1,1,0,0,0,0,0,0,0
PRODH,0,1,1,0,0,0,0,0,0,0
TMEM160,0,0,0,0,0,1,1,0,0,0
ELK1,0,1,1,0,0,0,0,1,1,0
GPAA1,0,0,1,1,0,1,1,0,0,0
OGFOD1,1,0,0,0,0,0,0,1,1,0
PLEK,0,0,1,0,0,0,0,1,1,0
DHRS11,0,0,0,0,0,0,0,1,1,0
RETSAT,0,0,0,0,0,0,0,1,1,0
FSTL3,0,0,0,0,0,0,0,1,1,0
CCL25,0,1,1,0,0,0,0,0,0,0
NAB1,0,0,1,1,0,0,0,0,0,0
LINC00545,0,0,0,0,0,0,0,1,1,0
AC008063.2,0,1,1,0,0,0,0,0,0,0
KIF1BP,0,0,1,1,0,0,0,0,0,0
GPC5,0,1,1,0,0,0,0,1,1,0
INTS6,0,0,1,1,0,0,0,0,0,0
CAPN6,0,1,1,0,0,0,0,0,0,0
VCL,0,0,1,1,0,0,0,0,0,0
IGKV3-7,0,0,0,0,0,1,1,0,0,0
KIF25-AS1,0,0,0,0,0,0,0,1,1,0
KANTR,0,0,0,0,0,0,0,1,1,0
GAS2L2,0,1,1,0,0,0,0,1,1,0
MITF,0,0,1,1,0,0,0,1,1,0
PMEPA1,0,0,1,1,0,0,0,0,0,0
TRAPPC10,0,1,1,1,0,0,0,0,0,0
ABHD16B,0,1,1,0,0,0,0,0,0,0
AC138035.2,0,1,1,0,0,0,0,0,0,0
PEBP4,0,0,0,0,0,1,1,0,0,0
CBX4,0,0,1,0,0,0,0,0,0,0
FOXL2NB,0,0,0,0,0,0,0,1,1,0
CALML3-AS1,0,0,0,0,0,0,0,1,1,0
BIK,0,0,0,0,0,1,1,0,0,0
MPND,0,1,1,0,0,1,1,1,1,0
VASH1,0,1,1,0,0,0,0,0,0,0
PRKCSH,0,0,0,0,0,1,1,1,1,0
EGR1,1,0,0,0,0,1,1,1,1,0
PIK3CD-AS1,0,0,0,0,0,0,0,1,1,0
ABCA9-AS1,0,0,0,0,0,0,0,1,1,0
IGKV3-15,0,1,1,0,0,1,1,1,1,0
TSFM,0,0,0,0,0,1,1,0,0,0
RNFT2,0,0,0,0,0,0,0,1,1,0
DBN1,1,0,0,0,0,0,0,1,1,0
CSNK1D,0,0,1,1,0,0,0,0,0,0
THOC7,0,0,1,1,0,1,1,0,1,0
DUSP6,0,0,1,1,0,0,0,1,1,0
YDJC,0,0,1,0,0,0,0,0,0,0
PRPF38B,0,0,1,1,0,0,0,0,0,0
UCHL3,0,0,1,1,0,1,1,0,0,0
CLEC19A,0,0,0,0,0,0,0,1,1,0
SERPINE3,0,0,0,0,0,0,0,1,1,0
HSD17B8,0,0,0,0,0,1,1,0,0,0
TAS2R10,1,0,0,0,0,0,0,0,0,0
IL17RA,0,0,1,1,0,0,0,0,0,0
MAS1,0,0,0,0,0,0,0,1,1,0
NAA15,0,1,1,0,0,0,0,0,0,0
SDE2,0,0,0,0,0,1,1,0,0,0
LPAR5,0,0,1,1,0,0,0,1,1,0
ARHGAP18,0,0,1,1,0,0,0,1,1,0
AFF2,0,0,0,0,0,0,0,1,1,0
LINC01185,0,1,1,0,0,0,0,1,1,0
CHIA,0,0,0,0,0,1,1,0,0,0
LATS2,0,0,1,1,0,0,0,0,0,0
ARHGAP20,0,1,1,1,0,0,0,1,1,0
SH2D3C,0,0,1,0,0,0,0,0,0,0
REXO1,0,0,1,1,0,0,0,0,0,0
TRIM54,0,0,0,0,0,0,0,1,1,0
CBX3,1,0,1,1,0,1,1,0,0,0
HAND2-AS1,0,0,0,0,0,0,0,1,1,0
CACNA1C-AS1,0,1,1,0,0,0,0,1,1,0
SGK3,0,0,0,0,0,0,0,1,1,0
UTP18,0,0,1,0,0,0,0,0,0,0
EZH1,1,0,0,0,0,0,0,0,0,0
PDGFD,0,0,0,0,0,0,0,1,1,0
TACC1,1,0,1,1,0,0,0,0,0,0
CNTD1,0,1,1,0,0,0,0,0,0,0
GORAB,0,0,0,0,0,0,0,1,1,0
BCAP29,0,0,1,1,0,0,0,0,0,0
TXNDC16,0,1,1,0,0,0,0,0,0,0
SPESP1,0,0,0,0,0,0,0,1,1,0
HEMK1,0,0,0,0,0,0,0,1,1,0
AKR1D1,0,1,1,0,0,0,0,1,1,0
IRAK4,0,0,1,1,0,0,0,0,0,0
HMX2,0,1,1,1,0,0,0,0,0,0
SLC47A2,0,0,0,0,0,0,0,1,0,0
GBA,0,0,1,1,0,1,1,0,0,0
IL16,0,1,1,0,0,0,0,0,0,0
AKR7A3,0,1,1,0,0,0,0,0,0,0
LDLRAD4-AS1,0,0,0,0,0,0,0,1,1,0
HINT2,0,0,1,0,0,1,1,0,0,0
FBXO21,0,0,0,0,0,0,0,1,1,0
OOEP-AS1,0,0,0,0,0,0,0,1,1,0
AC016549.1,0,0,0,0,0,0,0,1,1,0
HAR1B,0,1,1,0,0,0,0,0,0,0
CERS5,0,0,1,1,0,0,0,1,1,0
NXPH4,0,0,1,1,0,1,1,1,1,0
ALPK3,0,0,1,1,0,0,0,1,1,0
TCEAL8,0,0,0,0,0,1,1,0,0,0
SRP54,0,0,1,1,0,1,1,0,0,0
FCGR1B,0,0,0,0,0,0,0,0,1,0
SLC6A12,1,0,0,0,0,0,0,0,0,0
ANKRD52,0,0,1,0,0,0,0,0,0,0
EPOR,0,0,0,0,0,0,0,1,1,0
CASR,0,0,0,0,0,0,0,1,1,0
BTLA,0,0,1,0,0,0,0,0,0,0
ZMAT4,0,1,1,0,0,0,0,1,1,0
IGLV4-3,0,0,0,0,0,1,1,0,0,0
SNCA,0,0,1,1,0,0,0,1,1,0
CCDC74B,0,0,0,0,0,0,0,1,1,0
WDR55,0,0,0,0,0,0,0,1,1,0
MKRN2,0,0,0,0,0,1,1,1,1,0
TMEM167B,0,0,1,1,0,0,0,0,0,0
GNPAT,0,0,1,1,0,0,0,0,0,0
TXLNB,0,0,0,0,0,0,0,1,1,0
HSPB1,0,0,1,1,0,0,0,1,1,0
LINC01060,0,1,1,0,0,0,0,0,0,0
KRT7,0,1,1,0,0,0,0,0,0,0
RAB21,0,1,1,1,0,0,0,0,0,0
DBNDD2,0,1,1,0,0,0,0,1,0,0
KIN,0,0,1,1,0,0,0,0,0,0
LRRC63,0,0,0,0,0,0,0,1,1,0
SS18L2,1,0,0,0,0,0,0,0,1,0
SLIT1,0,1,1,0,0,0,0,0,0,0
GTF2IRD2,0,0,1,1,0,0,0,1,1,0
CHKB,0,0,0,0,0,0,0,1,1,0
SLC25A29,0,0,0,0,0,1,1,1,1,0
PMP22,1,1,1,1,0,0,0,0,1,0
PNLIPRP1,0,1,1,0,0,0,0,0,0,0
TGFBI,0,0,1,1,0,0,0,0,0,0
MBTD1,0,1,1,0,0,0,0,0,0,0
ENTR1,1,0,0,0,0,0,0,0,0,0
APOD,0,0,1,1,0,0,0,0,1,0
LANCL1-AS1,0,1,1,0,0,0,0,1,1,0
LINC00687,0,1,1,0,0,0,0,1,1,0
FES,0,0,1,1,0,0,0,0,0,0
PCDHGA10,0,0,0,0,0,1,1,0,0,0
THAP8,0,0,0,0,0,1,1,0,0,0
DNM3OS,0,1,1,1,0,0,0,0,0,0
TM9SF4,0,0,1,1,0,0,0,0,0,0
AAMP,0,0,1,0,0,1,1,0,0,0
MAP2K3,0,0,1,0,0,0,0,0,0,0
DND1,0,0,0,0,0,0,0,1,1,0
NDUFAF3,0,0,1,1,0,1,1,0,0,0
LINC01297,0,0,0,0,0,0,0,1,1,0
SLCO3A1,0,0,0,0,0,0,0,1,1,0
CA8,0,0,0,0,0,0,0,0,1,0
UROS,0,0,1,1,0,0,0,0,0,0
CDK18,1,0,0,0,0,0,0,1,1,0
IGLC2,0,1,1,1,0,0,0,1,1,0
VMP1,0,0,1,1,0,0,0,0,0,0
CARM1,0,0,1,1,0,1,1,1,1,0
BRIX1,0,1,1,1,0,0,0,1,1,0
PTCHD1-AS,0,1,1,0,0,0,0,0,0,0
CRMP1,0,0,0,0,0,0,0,1,1,0
SPRED3,0,0,0,0,0,0,0,1,1,0
GRID2,0,0,1,1,0,0,0,0,0,0
EXOSC6,0,0,0,0,0,0,0,1,1,0
PEX12,0,0,0,0,0,0,0,1,1,0
TASP1,0,1,1,0,0,0,0,1,1,0
RGS13,0,0,0,0,0,1,1,1,1,0
MGAM2,0,0,0,0,0,0,0,1,1,0
CLDN3,0,0,0,0,0,1,1,0,0,0
SNRNP48,0,0,1,1,0,0,0,0,0,0
COPA,0,0,1,1,0,0,0,0,0,0
ARAP1,0,0,1,1,0,0,0,0,0,0
CALCOCO1,0,0,1,1,0,0,0,0,0,0
NCLN,0,0,0,0,0,1,1,0,0,0
HNRNPD,0,0,1,1,0,0,0,0,0,0
COX14,1,0,1,1,0,1,1,0,0,0
ANP32A,0,0,1,0,0,0,0,0,0,0
PPM1A,1,0,0,0,0,0,0,1,1,0
PRKCB,0,0,1,0,0,0,0,0,0,0
LINC00377,0,1,1,1,0,0,0,0,0,0
COX6A1,0,0,1,1,0,1,1,1,1,0
IGKV1D-43,0,1,1,0,0,1,1,0,0,0
NBPF14,0,0,1,1,0,0,0,1,1,0
EPDR1,0,0,0,0,0,0,0,1,1,0
NRCAM,1,0,0,0,0,0,0,1,1,0
PIAS1,0,0,1,1,0,0,0,0,0,0
RASGRP3,0,0,0,0,0,1,1,0,0,0
HTR6,0,0,0,0,0,0,0,1,1,0
TRAV3,0,0,0,0,0,0,0,1,1,0
PIGN,0,0,0,0,0,0,0,1,1,0
SMC1B,0,0,0,0,0,0,0,1,1,0
CNOT1,0,0,1,1,0,0,0,0,0,0
LY6G6F,0,0,0,0,0,1,0,0,0,0
NDP,0,1,1,0,0,0,0,0,0,0
ARMC6,0,0,1,1,0,0,0,0,0,0
LINC01134,0,0,0,0,0,0,0,1,1,0
TSTA3,0,0,1,1,0,1,1,0,0,0
NACA2,0,0,0,0,0,0,0,1,1,0
CUL7,0,0,0,0,0,0,0,1,1,0
ERAL1,0,0,1,1,0,0,0,1,0,0
PHF8,0,0,0,0,0,0,0,1,1,0
SSBP3-AS1,0,1,1,0,0,0,0,0,0,0
BEST4,0,1,1,0,0,0,0,0,0,0
AC008691.1,0,1,1,1,0,1,1,0,0,0
NCAPG2,0,0,0,0,0,1,1,0,0,0
MAOA,0,0,1,1,0,0,0,0,0,0
PFN4,0,1,1,0,0,0,0,1,1,0
BAZ2B,0,0,1,1,0,0,0,1,1,0
CYLC2,0,1,1,1,0,0,0,0,0,0
CCNL1,1,0,1,1,0,0,0,0,0,0
MYSM1,0,0,0,0,0,0,0,1,1,0
ACPP,0,0,1,1,0,0,0,0,0,0
RNFT1,0,0,1,1,0,0,0,0,0,0
BEND7,0,0,0,0,0,0,0,1,1,0
CXCL17,0,1,1,0,0,0,0,1,1,0
STK11,0,0,1,1,0,0,0,0,0,0
ZNF683,0,0,0,0,0,0,0,1,1,0
C8orf58,0,0,0,0,0,0,0,1,1,0
SCAMP5,0,0,0,0,0,1,1,0,0,0
TRAPPC3,0,0,1,1,0,1,1,0,0,0
DNAL1,0,1,1,0,0,0,0,0,0,0
LAPTM4B,1,0,0,0,0,0,0,1,1,0
BTK,0,0,0,0,0,0,0,1,1,0
KPNA1,0,0,1,1,0,0,0,0,0,0
NDUFA9,0,0,1,1,0,1,1,0,0,0
GOLGA8H,0,0,0,0,0,0,0,1,1,0
ZNF586,0,0,0,0,0,0,0,1,1,0
SLC43A3,0,0,1,1,0,0,0,0,0,0
ZNF273,0,0,0,0,0,0,0,1,1,0
FAM219B,0,0,1,1,0,1,1,0,0,0
DSCR9,0,1,1,0,0,0,0,0,0,0
RORB-AS1,0,1,1,0,0,0,0,1,1,0
HOXA11-AS,0,1,1,0,0,0,0,1,1,0
ZNF606,0,1,1,0,0,0,0,1,1,0
ZNF234,0,0,1,1,0,0,0,0,0,0
CFAP206,0,1,1,0,0,0,0,0,0,0
RNF135,0,0,1,1,0,0,0,1,1,0
TRBV7-4,0,0,0,0,0,0,0,1,1,0
CXCL9,0,0,0,0,0,0,0,1,1,0
ALK,0,1,1,0,0,0,0,0,0,0
BTC,0,0,0,0,0,0,0,1,1,0
RGS9BP,0,0,0,0,0,0,0,1,1,0
AC005009.2,0,0,0,0,0,0,0,1,1,0
OSGEPL1-AS1,0,1,1,0,0,0,0,0,0,0
GRIK1,0,0,0,0,0,0,0,1,1,0
AC004870.3,0,1,1,0,0,0,0,0,0,0
SPINK9,0,1,1,0,0,0,0,1,1,0
LDLRAD4,0,0,1,1,0,0,0,0,0,0
GNG3,0,0,1,1,0,0,0,0,0,0
ZNF618,0,1,1,0,0,0,0,0,0,0
WBP1L,0,0,1,1,0,0,0,0,0,0
TNNC2,1,0,0,0,0,1,0,0,0,0
TAS2R14,0,0,0,0,0,0,0,1,1,0
RABEPK,1,0,0,0,0,1,1,0,0,0
IFT27,0,0,0,0,0,1,1,0,0,0
APOA1,0,0,0,0,0,0,0,1,1,0
GMPS,0,0,1,1,0,0,0,0,0,0
PRDX1,0,0,1,1,0,1,1,0,1,0
CEP192,0,0,1,1,0,0,0,0,0,0
METTL9,0,0,1,0,0,0,0,0,0,0
HSD17B6,0,1,1,0,0,0,0,0,0,0
LINC00491,0,1,1,0,0,0,0,0,0,0
NFE2L2,0,0,1,1,0,0,0,0,0,0
RBPMS,0,0,0,0,0,0,0,1,1,0
PCA3,0,1,1,0,0,0,0,0,0,0
MAGT1,0,0,1,0,0,1,1,0,0,0
CFAP65,0,1,1,0,0,0,0,0,0,0
SPINT1,0,0,0,0,0,0,0,1,1,0
FBXO31,0,0,0,0,0,0,0,1,1,0
SH3KBP1,0,0,1,1,0,0,0,0,0,0
CCL27,0,1,1,0,0,0,0,1,1,0
LINC00407,0,1,1,0,0,0,0,0,0,0
RAB14,0,0,1,1,0,0,0,0,0,0
MED1,0,0,1,1,0,0,0,0,0,0
ZNF800,0,0,1,1,0,0,0,0,0,0
PSMB1,0,0,1,1,0,1,1,0,1,0
TP53I13,0,0,1,1,0,0,0,0,0,0
UGGT2,0,0,0,0,0,1,1,1,1,0
OGFOD2,0,1,1,0,0,1,1,0,0,0
CYP2U1,0,1,1,0,0,0,0,1,1,0
ZYG11B,0,0,1,1,0,0,0,0,0,0
HSPH1,1,0,1,1,0,0,0,0,0,0
IL2RG,0,0,1,1,0,0,0,1,1,0
LAMA5,0,0,0,0,0,0,0,1,1,0
GSG1,0,0,0,0,0,0,0,1,1,0
STRBP,0,0,0,0,0,0,0,1,1,0
ANXA2R,0,0,1,1,0,0,0,1,0,0
MYO3B,0,1,1,0,0,0,0,1,1,0
TPST2,0,0,0,0,0,0,0,1,1,0
CETN2,0,0,0,0,0,1,1,0,0,0
MPI,0,0,0,0,0,1,1,0,0,0
INE2,0,0,0,0,0,0,0,1,1,0
EDNRB-AS1,0,1,1,0,0,0,0,0,0,0
WNT10B,0,0,0,0,0,0,0,1,1,0
EEF2K,0,0,1,1,0,0,0,0,0,0
ITGAD,0,0,0,0,0,0,0,1,1,0
SMG9,0,0,0,0,0,0,0,1,1,0
TPH1,0,1,1,0,0,0,0,1,1,0
ASAP2,0,0,0,0,0,0,0,1,1,0
ACBD4,0,0,0,0,0,1,1,1,1,0
ABCB4,0,0,0,0,0,1,1,1,1,0
PART1,0,1,1,0,0,0,0,1,1,0
GPSM2,0,0,0,0,0,0,0,1,1,0
PLXDC1,0,0,0,0,0,0,0,1,1,0
DIAPH2,0,1,1,1,0,0,0,0,0,0
KCNE5,0,0,0,0,0,0,0,1,1,0
CRABP2,0,0,1,1,0,0,0,0,1,0
ZNF350-AS1,0,0,1,1,0,0,0,0,0,0
USP8,0,0,1,1,0,0,0,0,1,0
PHACTR2-AS1,0,0,0,0,0,0,0,1,1,0
PEX1,0,0,1,1,0,0,0,0,0,0
CCL4L2,0,1,1,0,0,0,0,0,0,0
MRPS18A,0,0,0,0,0,1,1,0,0,0
LINC01150,0,0,0,0,0,0,0,1,1,0
SRSF7,0,0,1,1,0,0,0,0,0,0
JARID2-AS1,0,0,0,0,0,0,0,1,1,0
DOK6,0,1,1,0,0,0,0,1,1,0
RPAIN,0,0,1,1,0,0,0,0,0,0
FBLN2,1,0,0,0,0,0,0,1,1,0
ITFG1,0,1,1,1,0,0,0,0,0,0
MAFA,0,0,1,1,0,1,1,1,1,0
ZNF76,0,0,1,1,0,0,0,0,0,0
BAP1,0,0,0,0,0,0,0,1,1,0
AGMO,0,0,0,0,0,0,0,1,1,0
MMP23B,0,1,1,0,0,0,0,0,0,0
LSMEM2,0,1,1,0,0,0,0,1,1,0
USP18,0,0,0,0,0,0,0,1,1,0
P2RY13,0,0,0,0,0,0,0,1,1,0
FAM131C,0,0,0,0,0,0,0,1,1,0
B9D2,0,0,0,0,0,0,0,1,1,0
XPC,0,0,1,1,0,0,0,0,0,0
TCF20,0,0,0,0,0,0,0,1,1,0
CLEC4M,0,0,0,0,0,0,0,1,1,0
GSTM5,0,0,0,0,0,0,0,1,1,0
TTC29,0,1,1,0,0,0,0,0,0,0
ZNF615,0,0,0,0,0,0,0,1,1,0
FBXO36,0,0,0,0,0,0,0,1,1,0
PKIG,1,0,1,1,0,0,0,0,0,0
MSH6,0,0,0,0,0,0,0,1,1,0
EPN1,0,0,1,1,1,1,1,0,0,0
GNAS-AS1,0,0,0,0,0,0,0,1,1,0
BRSK2,0,0,0,0,0,0,0,1,1,0
TAF9,0,0,1,1,0,1,1,1,1,0
FKBP3,0,0,1,1,0,1,1,0,0,0
TRBV12-2,0,1,1,0,0,0,0,0,0,0
WBP1,0,0,0,0,0,1,1,0,0,0
NYNRIN,0,0,0,0,0,0,0,1,1,0
MIR100HG,0,1,1,0,0,0,0,0,0,0
LSM3,0,0,1,1,0,0,0,0,0,0
LINC01054,0,1,1,0,0,0,0,1,1,0
MMADHC,0,0,1,1,0,1,1,1,1,0
CMYA5,0,0,0,0,0,0,0,1,1,0
HIGD1B,0,0,0,0,0,0,0,1,1,0
CASC2,0,0,0,0,0,0,0,1,1,0
POLA1,0,1,1,0,0,0,0,1,1,0
MTDH,0,0,1,1,0,1,1,0,0,0
NMRAL1,0,0,0,0,0,1,1,0,0,0
HIST4H4,0,0,0,0,0,0,0,1,1,0
FBXW10,0,0,0,0,0,0,0,1,1,0
NUTM2B,0,0,0,0,0,0,0,1,1,0
CD163,1,0,1,1,0,0,0,1,1,0
CCDC190,0,0,0,0,0,0,0,1,1,0
ELN,0,0,0,0,0,0,0,1,1,0
IREB2,0,0,1,1,0,0,0,0,0,0
EPYC,0,0,1,1,0,0,0,0,1,0
ANKRD18A,0,0,0,0,0,0,0,1,1,0
QPCTL,0,0,1,1,0,1,1,1,1,0
UBN2,0,0,0,0,0,0,0,1,1,0
RHOBTB1,0,0,1,1,0,0,0,1,1,0
NEAT1,0,0,1,1,0,0,0,0,0,0
ARHGEF10L,0,0,1,1,0,0,0,1,1,0
DNASE1L1,0,0,1,1,0,0,0,0,0,0
UBR1,0,0,1,1,0,0,0,0,0,0
BTN3A2,0,0,1,1,0,0,0,0,0,0
YRDC,0,1,1,0,0,0,0,1,1,0
PPP1R10,0,0,1,1,0,0,0,0,0,0
HDHD3,0,0,0,0,0,0,0,1,1,0
CCT6A,0,0,1,1,0,1,1,0,0,0
IGHV3-23,0,1,1,0,0,1,1,0,0,0
WNT9B,0,1,1,0,0,0,0,0,1,0
RNASEH2C,0,1,1,0,0,1,1,0,0,0
AP005530.1,0,1,1,0,0,0,0,0,0,0
ZFP36,0,0,1,1,0,0,0,0,0,0
LEO1,0,1,1,0,0,0,0,0,0,0
C1orf147,0,1,1,0,0,0,0,1,1,0
SGPL1,0,0,1,1,0,0,0,1,1,0
OR7E24,0,0,0,0,0,1,1,0,0,0
DENND1A,0,0,0,0,0,0,0,1,1,0
LDB1,0,1,1,0,0,0,0,1,1,0
CPS1,0,1,1,0,0,0,0,1,1,0
RPS29,0,0,1,1,0,0,0,1,1,0
FAM102A,0,0,1,1,0,0,0,1,1,0
C1orf146,0,0,0,0,0,0,0,1,1,0
CDT1,0,0,0,0,0,1,1,0,0,0
HIST1H3J,0,0,0,0,0,0,0,1,1,0
KPNA6,0,0,1,1,0,0,0,0,0,0
LINC00863,0,0,0,0,0,0,0,1,1,0
OR3A1,0,0,0,0,0,0,0,1,1,0
PDPN,0,0,1,1,0,0,0,1,1,0
LINC00596,0,0,0,0,0,0,0,1,1,0
NRBP1,0,0,1,1,0,1,1,0,0,0
SLX4,0,1,1,0,0,0,0,1,1,0
SYT15,0,0,0,0,0,0,0,1,1,0
PTOV1-AS1,0,1,1,1,0,0,0,0,0,0
CYB561D2-1,0,1,1,0,0,0,0,1,1,0
ITGAE,0,0,1,1,0,0,0,1,1,0
PIGX,0,0,0,0,0,0,0,1,1,0
AMPD1,0,0,0,0,0,1,1,0,0,0
FAM229A,0,1,1,0,0,0,0,1,1,0
FAM131A,0,1,1,1,0,0,0,0,0,0
TBCE,0,0,0,0,0,0,0,1,1,0
TMEM262,0,1,1,0,0,0,0,0,0,0
PKP3,0,0,0,0,0,0,0,1,1,0
CHRNG,0,0,0,0,0,0,0,1,1,0
EIF4EBP2,0,0,1,1,0,0,0,0,0,0
SVOPL,0,0,0,0,0,0,0,1,1,0
COL6A1,0,0,0,0,0,0,0,1,1,0
PITHD1,0,0,1,1,0,0,0,0,0,0
IGHV4-61,0,0,0,0,0,1,1,0,0,0
SUCLG2,0,0,1,1,0,0,0,1,1,0
COL10A1,0,1,1,0,1,1,0,1,1,0
GTF3C1,0,1,1,0,0,0,0,1,1,0
FFAR2,0,1,1,0,0,0,0,0,0,0
ZFR,0,0,1,1,0,0,0,0,0,0
SFRP2,0,0,1,1,0,0,0,0,1,0
BLM,0,1,1,0,0,1,1,0,0,0
DIAPH3,0,0,1,0,0,1,1,1,1,0
SNX5,0,0,1,0,0,0,0,0,0,0
PPP2R5D,1,0,0,0,0,0,0,0,0,0
HIST1H1B,0,0,0,0,0,1,1,0,0,0
FABP4,0,1,1,1,0,0,0,0,0,0
PCDHGA12,0,1,1,0,0,0,0,0,0,0
GLCE,0,0,1,1,0,0,0,0,0,0
RIMBP3C,0,0,0,0,0,0,0,1,1,0
ZNF711,0,0,1,1,0,0,0,1,1,0
UEVLD,0,0,1,1,0,0,0,0,0,0
NANP,0,0,0,0,0,0,0,1,1,0
UBE2E1,1,0,1,1,0,1,1,0,0,0
LINC00997,0,1,1,0,0,0,0,0,0,0
XPNPEP2,0,0,0,0,0,0,0,1,1,0
ZNF510,0,0,0,0,0,0,0,1,1,0
RAD51AP1,0,0,0,0,0,0,0,1,1,0
HACE1,0,1,1,1,0,0,0,0,0,0
OR51I1,0,1,1,1,0,0,0,0,0,0
C7orf61,0,0,0,0,0,0,0,1,1,0
TNFRSF6B,0,1,1,0,0,0,0,0,0,0
LMOD3,0,0,1,0,0,0,0,0,0,0
MAP4K3,0,0,1,1,0,0,0,0,0,0
COA6,0,0,1,0,0,1,1,0,0,0
DRGX,0,1,1,0,0,0,0,1,1,0
EP400,0,0,1,1,0,0,0,0,1,0
PAX6,0,0,0,0,1,1,0,0,0,0
VSIG8,0,1,1,0,0,0,0,1,1,0
BAZ2A,0,0,1,1,0,0,0,0,0,0
HCN1,0,1,1,0,0,0,0,1,1,0
SCYL2,0,0,1,1,0,0,0,0,0,0
LINC00482,0,0,0,0,0,0,0,1,1,0
GPR132,0,0,1,0,0,0,0,0,0,0
SLC26A8,0,1,1,1,0,0,0,1,1,0
ANGEL2,0,0,1,1,0,0,0,0,0,0
PPP1R16B,1,1,1,0,0,0,0,1,1,0
CST5,0,0,0,0,0,0,0,1,0,0
SLFNL1,0,0,0,0,0,0,0,1,1,0
PTPRS,0,1,1,0,0,0,0,1,1,0
HBB,0,0,0,0,0,0,0,1,1,0
GLT8D2,0,0,1,1,0,0,0,1,1,0
CBL,0,0,1,1,0,0,0,0,0,0
OTOA,0,0,1,1,0,0,0,1,1,0
MCRS1,0,0,1,1,0,0,0,0,0,0
MRPL27,0,0,1,1,0,1,1,0,0,0
RUSC1,0,0,1,1,0,0,0,0,0,0
DCHS1,0,0,1,1,0,0,0,0,0,0
NCCRP1,0,1,1,1,0,0,0,0,0,0
STXBP6,0,1,1,0,0,0,0,1,1,0
NHEJ1,0,0,0,0,0,0,0,1,1,0
TTC31,0,0,1,1,0,0,0,1,1,0
CCAR2,0,0,0,0,0,0,0,1,1,0
OGT,0,0,1,1,0,0,0,0,0,0
CASC3,0,0,1,1,0,0,0,0,0,0
ARHGAP25,0,0,0,0,0,1,0,0,0,0
PFDN1,0,0,1,1,0,0,0,0,0,0
SEC24A,0,0,0,0,0,1,1,0,0,0
FCRL3,0,0,0,0,0,0,0,1,1,0
FBXO5,0,0,0,0,0,1,1,0,0,0
LINC01435,0,1,1,0,0,0,0,0,0,0
SECISBP2,0,0,1,1,0,0,0,0,0,0
MTSS1,0,1,1,1,0,0,0,0,0,0
RNF7,0,0,1,1,0,0,0,0,1,0
RPL36AL,0,0,0,0,0,0,0,0,1,0
AC004053.1,0,0,0,0,0,0,0,1,1,0
ATP6V1A,0,0,1,1,0,0,0,0,0,0
AGGF1,1,1,1,1,0,0,0,0,0,0
NODAL,0,1,1,0,0,1,1,0,0,0
HOXA5,0,0,0,0,0,0,0,1,1,0
NEDD9,0,0,0,0,0,0,0,1,1,0
BIRC5,0,0,1,1,0,1,1,0,0,0
PLXNC1,0,0,0,0,0,1,1,0,0,0
ZFY,0,0,0,0,0,0,0,1,1,0
LMO1,0,0,0,0,0,0,0,1,1,0
TUSC2,0,0,1,1,0,1,1,0,0,0
PRELID3B,0,0,1,1,0,0,0,0,0,0
FAM120B,0,0,0,0,1,1,0,1,1,0
SLCO1A2,0,1,1,0,0,0,0,1,1,0
COL6A2,0,1,1,0,0,0,0,0,0,0
APBB1,0,0,1,1,0,0,0,0,0,0
ANKRD20A4,0,1,1,0,0,0,0,1,1,0
ZNF491,0,0,0,0,0,0,0,1,1,0
TMEM9B,0,0,1,1,0,0,0,0,0,0
COPB1,0,0,1,1,0,0,0,0,0,0
WDR47,0,0,0,0,0,0,0,1,1,0
THEGL,0,1,1,0,0,0,0,0,0,0
GNGT1,0,0,0,0,0,0,0,1,1,0
EFCAB10,0,0,0,0,0,0,0,1,1,0
CR1L,0,0,0,0,0,0,0,1,1,0
POU5F1B,0,1,1,0,0,0,0,0,0,0
LRRC27,0,0,0,0,0,0,0,1,1,0
FAM180A,0,1,1,1,0,0,0,1,1,0
SLC39A10,0,0,1,1,0,0,0,0,0,0
ANKAR,0,0,1,0,0,0,0,0,0,0
LINC00028,0,1,1,1,0,0,0,0,0,0
CD74,0,1,1,0,0,0,0,0,1,0
ZNF544,0,0,1,0,0,0,0,1,1,0
MMP19,0,0,1,1,0,0,0,0,0,0
MGLL,0,0,1,1,0,0,0,1,1,0
DRAXIN,0,0,0,0,0,0,0,1,1,0
AC007364.1,0,0,0,0,0,0,0,1,1,0
LINC01198,0,0,0,0,0,0,0,1,1,0
TOB2,0,0,1,0,0,1,1,0,0,0
PLCXD1,0,0,0,0,0,0,0,1,1,0
POU5F2,0,1,1,0,0,0,0,0,0,0
TRBV14,0,1,1,0,0,0,0,1,1,0
CAMP,0,0,0,0,0,0,0,1,0,0
ARMC10,0,1,1,0,0,0,0,0,0,0
XKR8,0,1,1,0,0,0,0,1,1,0
DNAJC12,0,0,1,1,0,0,0,0,0,0
TOR3A,0,0,1,1,0,1,1,0,0,0
GNL3L,0,0,0,0,0,0,0,1,1,0
PXT1,0,0,0,0,0,0,0,1,1,0
SGIP1,0,0,0,0,0,0,0,1,1,0
GTPBP1,0,0,1,1,0,0,0,0,0,0
NFXL1,0,1,1,0,0,0,0,0,0,0
DOK3,0,0,0,0,0,1,1,1,1,0
OR10A2,0,1,1,0,0,0,0,0,0,0
SPRYD3,0,0,0,0,0,0,0,1,1,0
FAM87A,0,1,1,0,0,0,0,1,1,0
FN1,0,0,0,0,0,0,0,1,1,0
ZNF326,0,0,1,1,0,0,0,0,0,0
NAT8,0,0,0,0,0,0,0,1,1,0
SIPA1L1,0,0,1,1,0,0,0,0,0,0
VPS4B,0,0,1,1,0,0,0,0,0,0
DNM1,0,0,1,0,0,0,0,0,0,0
GNG12,0,0,0,0,0,0,0,0,1,0
LINC00887,0,0,0,0,0,0,0,1,1,0
ABL1,1,0,0,0,0,0,0,0,0,0
COX8A,1,0,1,1,0,1,1,0,1,0
AKR1B10,0,0,0,0,0,0,0,1,1,0
COPS6,0,0,1,1,0,1,1,0,0,0
SQLE,0,0,1,1,0,0,0,1,1,0
LINC01289,0,0,0,0,0,0,0,1,1,0
CLLU1,0,0,0,0,0,0,0,1,1,0
MAFF,0,0,1,0,0,0,0,1,1,0
FNDC8,0,0,0,0,0,0,0,1,1,0
KCNJ6,0,0,0,0,0,0,0,1,1,0
ZBTB37,0,0,1,1,0,0,0,0,0,0
NR2C1,0,0,1,1,0,0,0,0,0,0
KCNMA1-AS1,0,0,0,0,0,0,0,1,1,0
TMEM100,0,0,1,1,0,0,0,0,1,0
FPGT,0,0,0,0,0,0,0,1,1,0
BECN1,0,0,1,1,0,0,0,0,0,0
SPART,1,0,0,0,0,0,0,0,0,0
SRPRB,0,0,0,0,0,1,1,0,0,0
TM2D3,0,0,1,1,0,0,0,0,0,0
KANSL1-AS1,0,0,0,0,0,0,0,1,1,0
AC091153.4,0,0,0,0,0,0,0,1,1,0
DYM,0,0,0,0,0,0,0,1,0,0
HMGCLL1,0,0,1,1,0,0,0,0,1,0
RTN1,0,0,0,0,0,0,0,1,1,0
MICAL1,0,1,1,1,0,0,0,1,1,0
ZNF35,0,0,0,0,0,0,0,1,1,0
ATPAF1,0,0,0,0,0,1,1,0,0,0
SAE1,0,0,1,1,0,1,1,0,0,0
YWHAQ,0,0,1,1,0,0,0,0,0,0
CHKA,0,0,1,1,0,0,0,0,0,0
TRGJP2,0,0,0,0,0,0,0,1,1,0
GPRIN1,0,1,1,1,0,0,0,1,1,0
IGF2R,0,0,1,0,0,0,0,0,0,0
MIR4435-2HG,0,0,1,0,0,0,0,0,0,0
KCNK7,0,0,0,0,0,1,1,1,1,0
B3GNT2,1,1,1,0,0,0,0,0,0,0
NPRL2,0,0,1,1,0,0,0,0,0,0
ZNF737,0,1,1,0,0,0,0,1,1,0
SLC30A5,0,0,0,0,0,1,1,0,0,0
EPM2A,0,0,0,0,0,0,0,1,1,0
TERT,0,0,0,0,0,0,0,1,1,0
PPP1R15B,0,0,1,1,0,0,0,0,0,0
ADAM9,0,0,1,1,0,0,0,0,0,0
RTCB,0,0,1,0,0,0,0,0,1,0
PI4KB,1,0,0,0,0,0,0,1,1,0
AGA,0,0,1,0,0,1,1,0,0,0
TRBV6-4,0,0,0,0,0,0,0,1,1,0
CHD5,0,0,0,0,0,0,0,1,1,0
PKP4,0,1,1,0,0,0,0,0,0,0
IGHV4-55,0,0,0,0,0,0,0,1,0,0
RAB3B,0,0,0,0,0,0,0,1,1,0
PPP4R3B,0,0,1,1,0,0,0,0,1,0
PRRG1,0,1,1,1,0,0,0,0,0,0
ARMT1,0,0,0,0,0,1,1,0,0,0
BFAR,0,0,1,1,0,0,0,0,0,0
IGLV8-61,0,1,1,0,0,1,1,1,1,0
BGLAP,0,1,1,0,0,0,0,0,0,0
POTEE,0,0,0,0,0,0,0,1,1,0
C3orf38,0,0,1,1,0,0,0,1,1,0
PPIP5K2,0,0,1,1,0,0,0,0,0,0
TMUB2,0,0,1,1,0,0,0,1,1,0
BEND6,0,0,0,0,0,0,0,1,1,0
TRDV1,0,0,0,0,0,0,0,1,1,0
ERCC4,0,0,1,0,0,0,0,1,1,0
ZNF83,0,0,1,1,0,0,0,0,0,0
RPL27A,0,0,1,1,0,0,0,0,1,0
ITGAL,0,0,1,1,0,0,0,0,0,0
SPTBN5,0,0,1,0,0,0,0,1,1,0
ENTPD3-AS1,0,0,0,0,0,0,0,1,1,0
FDXACB1,0,0,0,0,0,0,0,1,1,0
MFSD9,0,0,0,0,0,0,0,1,1,0
ARL14EP,0,0,1,1,0,0,0,0,0,0
DET1,0,0,0,0,0,0,0,1,1,0
RNASET2,1,0,0,0,0,0,0,0,0,0
TOMM7,0,0,1,1,0,0,0,0,1,0
KCTD15,0,1,1,1,0,0,0,0,0,0
TAS2R5,0,0,0,0,0,0,0,1,1,0
FCHO1,0,1,1,0,0,0,0,0,0,0
TTLL4,0,0,1,1,0,0,0,0,0,0
CCDC180,0,0,0,0,0,1,1,0,0,0
LAIR1,0,0,1,1,0,0,0,0,0,0
A2M,0,0,1,1,0,0,0,0,0,0
TGFA,0,0,1,1,0,0,0,1,1,0
TRAV20,0,0,0,0,0,0,0,1,1,0
PALMD,0,0,0,0,0,0,0,1,1,0
GIPC3,0,1,1,0,0,0,0,0,0,0
TRBV6-8,0,1,1,0,0,0,0,0,0,0
TSPEAR-AS1,0,1,1,0,0,0,0,1,1,0
CASS4,0,0,0,0,0,0,0,1,1,0
GMEB1,0,0,1,1,0,0,0,0,0,0
ENTPD8,0,1,1,0,0,0,0,0,0,0
CCDC174,0,0,1,1,0,0,0,0,0,0
CHRAC1,0,0,1,1,0,0,0,0,0,0
TRBV3-1,0,0,0,0,0,0,0,1,1,0
TRBV2,0,1,1,0,0,0,0,1,1,0
DIO1,0,1,1,0,0,0,0,1,1,0
UTP23,0,0,1,0,0,0,0,0,0,0
LINC00671,0,0,1,1,0,0,0,0,0,0
HP,0,1,1,0,0,0,0,1,1,0
LINC01137,0,0,0,0,0,0,0,1,1,0
SLC12A6,0,0,1,1,0,0,0,0,0,0
DEFB124,0,1,1,0,0,0,0,1,1,0
GJD3,0,1,1,1,0,0,0,0,0,0
LRPPRC,0,0,1,1,0,0,0,0,0,0
CXCL2,0,0,1,1,0,0,0,0,0,0
SVBP,0,0,1,0,0,0,0,0,0,0
DYNLT3,0,0,0,0,0,0,0,1,1,0
SND1-IT1,0,0,0,0,0,0,0,1,1,0
IGSF6,0,0,0,0,0,0,0,1,1,0
ZNF142,1,0,0,0,0,0,0,0,0,0
EMC4,0,0,1,1,0,1,1,0,1,0
RALY-AS1,0,0,0,0,0,0,0,1,1,0
ZNF484,0,0,0,0,0,0,0,1,1,0
EXOSC5,0,0,0,0,0,1,1,1,1,0
USO1,0,1,1,1,0,1,1,0,0,0
OPA3,0,0,1,1,0,0,0,0,0,0
LZTS2,0,0,1,1,0,0,0,0,0,0
C1QTNF2,0,0,0,0,0,0,0,0,1,0
AATF,0,0,0,0,0,0,0,0,1,0
PREPL,1,1,1,0,0,0,0,0,0,0
DDN,0,1,1,0,0,0,0,0,0,0
ABCA12,0,1,1,0,0,0,0,1,1,0
ANKRD16,0,0,0,0,0,1,1,1,1,0
FKBP10,0,0,0,0,0,0,0,1,1,0
ZNF860,0,0,1,1,0,0,0,0,0,0
PWP1,0,0,1,1,0,0,0,1,1,0
DCAF11,0,0,1,1,0,0,0,0,0,0
SMIM15,0,0,1,0,0,0,0,1,1,0
ATXN7,0,0,1,1,0,0,0,0,0,0
CEP170,0,0,1,0,0,0,0,0,0,0
CBR4,0,1,1,0,0,0,0,0,0,0
DCK,0,0,1,0,0,0,0,1,1,0
SPATA22,0,1,1,1,0,0,0,1,1,0
ARHGAP11B,0,0,1,1,0,0,0,1,1,0
TMEM116,0,0,0,0,0,0,0,1,1,0
TIMP2,0,0,1,1,0,0,0,0,0,0
PPAN,0,0,0,0,0,0,0,1,1,0
ZCCHC17,0,0,1,1,0,0,0,0,0,0
N4BP2L2,0,0,1,1,0,0,0,0,0,0
LRRC8C,0,0,1,1,0,0,0,0,0,0
EMC1,0,0,0,0,0,0,0,1,1,0
KLLN,0,0,0,0,0,0,0,1,1,0
CBX7,0,1,1,0,0,0,0,0,0,0
DENND5A,0,0,1,1,0,0,0,1,1,0
LINC01562,0,1,1,1,0,0,0,1,1,0
NCKAP1L,0,0,1,1,0,0,0,1,1,0
LPAR3,0,0,0,0,0,0,0,1,1,0
VCAN,0,0,0,0,0,0,0,1,1,0
APOBEC3H,0,0,1,1,0,0,0,0,0,0
FGF14,0,0,0,0,0,0,0,1,1,0
TIMM10B,1,0,0,0,0,0,0,0,0,0
KCNIP2,0,0,0,0,0,0,0,1,1,0
COL13A1,0,0,0,0,0,0,0,1,1,0
TTC22,0,1,1,0,0,0,0,1,1,0
LRPAP1,0,0,1,1,0,1,1,0,0,0
STRAP,0,0,1,1,0,0,0,0,0,0
MRPL34,0,0,1,1,0,1,1,0,0,0
CDH6,0,0,0,0,0,0,0,1,1,0
ATF7IP,0,0,1,1,0,0,0,0,0,0
GAPDHS,0,0,0,0,0,0,0,1,1,0
LINC01395,0,0,0,0,0,0,0,1,1,0
SHTN1,0,0,0,0,0,0,0,1,1,0
SARDH,0,1,1,1,0,0,0,0,0,0
EIF1AD,0,0,0,0,0,0,0,1,1,0
GPC4,0,1,1,1,0,0,0,1,1,0
MAPK8IP1,0,1,1,0,0,0,0,0,0,0
ATP2A1,0,1,1,0,0,0,0,0,0,0
CLEC4C,0,0,0,0,0,0,0,1,1,0
NUAK1,0,0,1,1,0,0,0,1,1,0
GIPR,0,0,0,0,0,0,0,1,1,0
ZNF880,0,0,0,0,0,0,0,1,1,0
SLC9A6,0,0,0,0,0,0,0,1,1,0
LAMB2,0,0,0,0,0,0,0,1,1,0
XPO7,0,0,0,0,0,0,0,1,1,0
KIR3DL1,0,1,1,0,0,0,0,1,1,0
ARMC1,0,0,1,1,0,0,0,0,0,0
CFD,0,0,0,0,0,0,0,1,1,0
SLC35E4,0,0,0,0,0,0,0,1,1,0
EXOSC1,0,1,1,1,0,1,1,0,0,0
TRAF5,0,0,0,0,0,0,0,1,1,0
LINC01044,0,1,1,0,0,0,0,0,0,0
FAM92B,0,0,0,0,0,0,0,1,1,0
CATSPER3,0,0,0,0,0,0,0,1,1,0
MST1,0,1,1,0,0,0,0,1,1,0
EXOC5,0,0,1,1,0,0,0,1,1,0
CNTRL,0,0,1,1,0,0,0,0,0,0
RBX1,0,0,1,1,0,1,1,0,1,0
TRAJ13,0,1,1,0,0,0,0,0,0,0
LINC-PINT,0,1,1,0,0,0,0,1,1,0
CABP4,0,0,0,0,0,0,0,1,1,0
ATF4,0,0,1,1,0,1,1,0,0,0
RASGRF2-AS1,0,1,1,1,0,0,0,1,1,0
OR2L3,0,0,0,0,1,1,0,0,0,0
KITLG,0,1,1,0,0,0,0,0,0,0
FGFR1,0,0,1,1,0,0,0,1,1,0
CCT5,0,0,1,1,0,0,0,0,1,0
MS4A2,0,0,0,0,0,0,0,1,1,0
GPX7,0,0,0,0,0,1,1,0,0,0
NRROS,0,1,1,1,0,1,1,0,0,0
SPON2,0,0,0,0,0,0,0,1,1,0
FBXO16,0,1,1,1,0,1,1,0,0,0
CLSPN,0,0,0,0,0,1,1,1,1,0
TNFRSF1B,0,0,1,1,0,0,0,1,1,0
SCN8A,0,1,1,0,0,0,0,0,0,0
MRPS11,0,0,1,0,0,1,1,0,0,0
NEU4,0,0,1,1,0,0,0,0,0,0
MLLT6,0,0,1,1,0,0,0,0,0,0
TH2LCRR,0,1,1,0,0,0,0,0,0,0
MARK2,0,0,1,1,0,0,0,0,0,0
PLEKHM2,0,0,1,0,0,0,0,0,0,0
TCF12,0,0,0,0,0,0,0,1,1,0
SRP72,0,1,1,1,0,1,1,0,0,0
ARHGAP26,0,0,1,1,0,0,0,0,0,0
PARP4,1,0,0,0,0,0,0,0,1,0
RIMKLB,0,1,1,0,0,0,0,0,0,0
LINC00662,0,0,1,1,0,0,0,0,0,0
LYPD1,0,0,1,1,0,0,0,1,1,0
TXNDC17,0,0,1,1,0,1,1,0,0,0
C1orf122,0,0,1,1,0,1,1,0,0,0
C17orf58,0,0,0,0,0,1,1,0,0,0
TAB3,0,0,1,1,0,0,0,1,1,0
SNRNP35,0,0,0,0,0,1,1,0,0,0
PHKG1,0,1,1,1,0,0,0,0,1,0
CAPN1,1,0,0,0,0,0,0,0,0,0
LINC01500,0,0,0,0,0,0,0,1,1,0
MAGIX,0,0,0,0,0,0,0,1,1,0
ENTPD3,0,1,1,0,0,0,0,0,0,0
ZNF184,0,1,1,0,0,0,0,0,0,0
NDUFB2,0,0,1,1,0,1,1,0,1,0
PLN,0,1,1,0,0,0,0,1,1,0
CUBN,1,0,0,0,0,0,0,1,1,0
AC005616.1,0,1,1,0,0,0,0,1,1,0
EDARADD,0,1,1,0,0,0,0,0,0,0
UFSP2,0,0,0,0,0,1,1,0,0,0
NKX6-1,0,0,0,0,0,0,0,0,1,0
GOLGA1,0,0,1,1,0,0,0,0,0,0
PTBP3,0,0,1,1,0,0,0,0,0,0
MSANTD2,0,0,0,0,0,0,0,1,1,0
FBXO39,0,0,0,0,0,0,0,1,1,0
LINC01197,0,0,0,0,0,0,0,1,1,0
NTN1,0,0,1,1,0,0,0,0,0,0
RFX5,0,0,0,0,0,0,0,1,1,0
CCDC187,0,0,1,1,0,0,0,0,0,0
ORC5,0,0,0,0,0,0,0,1,1,0
LEMD1-AS1,0,1,1,0,0,0,0,0,0,0
GOLGA7,0,0,1,1,0,0,0,0,0,0
SETD3,0,0,1,1,0,0,0,0,0,0
LAMP1,0,0,0,0,0,0,0,1,1,0
GTF3C6,0,0,1,1,0,1,1,0,1,0
LGI1,0,1,1,1,0,0,0,1,1,0
PIGR,0,0,0,0,0,0,0,1,1,0
FMR1,0,0,1,1,0,0,0,0,0,0
FST,0,0,0,0,0,0,0,1,1,0
KHDRBS1,0,1,1,1,0,0,0,0,0,0
TGFB3,0,1,1,0,0,0,0,0,0,0
IFT88,1,0,0,0,0,0,0,0,0,0
PRRG4,1,0,0,0,0,0,0,0,0,0
RASSF6,0,0,1,1,0,0,0,0,0,0
FAM9A,0,1,1,0,0,0,0,0,0,0
LPIN2,0,0,1,1,0,0,0,0,0,0
ITPR1,0,0,0,0,0,1,1,0,0,0
HERC6,0,1,1,1,0,0,0,0,0,0
POLM,1,0,0,0,0,0,0,0,0,0
NUP54,0,1,1,0,0,0,0,1,1,0
TMEM114,0,0,1,1,0,0,0,0,0,0
VGF,0,0,0,0,0,0,0,1,1,0
FOXRED2,1,0,1,1,0,0,0,0,0,0
ELOVL6,1,0,0,0,0,0,0,0,0,0
AC123023.1,0,0,0,0,0,0,0,1,1,0
CD79B,0,1,1,1,1,1,0,0,0,0
PRDM6,0,0,0,0,0,0,0,0,1,0
EWSR1,1,0,0,0,0,0,0,0,0,0
TIMM9,0,1,1,1,0,0,0,0,0,0
GRAP2,0,0,1,1,0,0,0,0,0,0
FAM78A,0,1,1,0,0,0,0,0,0,0
FALEC,0,1,1,0,0,0,0,1,1,0
TRMT11,0,1,1,0,0,0,0,0,0,0
XCR1,0,1,1,1,0,0,0,0,0,0
HMGB1,0,0,1,1,0,0,0,1,0,0
AK6,0,0,1,1,0,0,0,0,0,0
NCS1,0,0,1,1,0,0,0,0,0,0
SMIM11B,0,0,0,0,0,0,0,1,1,0
PGA5,0,1,1,0,0,0,0,1,1,0
KIAA0930,0,0,1,1,0,0,0,0,0,0
EIF4G3,0,0,1,0,0,0,0,0,0,0
MKRN1,0,0,1,1,0,0,0,0,0,0
AKT2,0,0,1,1,0,0,0,1,1,0
XAF1,1,0,0,0,0,0,0,0,1,0
GNRH2,0,0,0,0,0,0,0,1,1,0
SAMD4A,0,1,1,1,0,0,0,1,1,0
SMAP2,0,0,1,1,0,0,0,0,0,0
AMFR,0,1,1,0,0,0,0,1,1,0
CD55,0,0,1,1,0,0,0,0,0,0
S100A2,0,1,1,0,0,0,0,0,0,0
MAPK14,0,0,1,1,0,0,0,1,1,0
PTGS1,0,1,1,0,0,1,0,1,1,0
PCBD1,1,0,0,0,0,1,1,0,0,0
DPH3,0,0,1,1,0,0,0,0,0,0
MAST4,0,0,1,1,0,0,0,0,0,0
ART3,0,0,0,0,0,0,0,1,1,0
LINC00923,0,1,1,0,0,0,0,0,0,0
LRRIQ1,0,1,1,0,0,0,0,0,0,0
GAPT,0,0,0,0,0,0,0,1,1,0
RPL14,1,0,1,1,0,0,0,0,1,0
CXCL13,0,1,1,0,0,0,0,0,0,0
SPATA12,0,0,0,0,0,0,0,1,1,0
FUT2,0,0,0,0,0,0,0,1,1,0
IGHG1,0,1,1,1,0,1,1,0,1,0
SNRPF,0,0,1,1,0,0,0,1,1,0
TYROBP,0,1,1,1,0,0,0,1,1,0
LPCAT1,1,0,0,0,0,0,0,0,0,0
CCDC125,0,0,1,1,0,0,0,0,0,0
DNAAF5,0,0,0,0,0,0,0,1,1,0
GGCX,0,0,1,1,0,1,1,0,0,0
SPAG4,0,1,1,0,0,1,1,1,1,0
VWCE,0,0,0,0,0,0,0,1,1,0
PRAP1,0,1,1,0,0,0,0,1,1,0
LINC01270,0,0,0,0,0,0,0,1,1,0
URM1,1,0,1,0,0,1,1,1,1,0
AP001063.1,0,0,0,0,0,0,0,1,1,0
KDM3B,0,1,1,0,0,0,0,0,0,0
ATF7,0,0,1,1,0,0,0,0,0,0
BCL2L10,0,1,1,0,0,0,0,0,0,0
MCPH1-AS1,0,0,0,0,0,0,0,1,1,0
SCT,0,1,1,0,0,0,0,0,0,0
SMG6,0,0,1,1,0,0,0,0,1,0
GADD45G,0,0,1,1,0,0,0,0,0,0
FAM167A,0,0,1,1,0,1,1,1,1,0
ETNK1,0,0,1,1,0,0,0,0,0,0
TOP1,0,0,0,0,0,1,1,0,0,0
VMO1,0,0,1,1,0,0,0,0,0,0
CRYL1,0,0,1,0,0,0,0,0,0,0
CAMSAP1,1,0,0,0,0,0,0,0,0,0
EPN2,0,1,1,1,0,0,0,0,0,0
ENG,0,0,1,1,0,0,0,0,0,0
ILF3,0,0,1,1,0,0,0,0,0,0
GCLM,0,0,1,1,0,0,0,0,0,0
POLE2,0,0,0,0,0,0,0,1,1,0
HSP90B1,0,0,0,0,0,1,1,0,0,0
ACRV1,0,1,1,0,0,0,0,0,0,0
FRG2B,0,1,1,0,0,0,0,0,0,0
GBP5,0,0,1,1,0,0,0,0,0,0
CCDC28A,0,0,1,0,0,0,0,0,0,0
ADAMTS15,0,1,1,1,0,0,0,0,0,0
CCDC134,0,0,0,0,0,1,1,0,0,0
CIAPIN1,0,0,0,0,0,0,0,1,1,0
CYP4F3,0,0,0,0,0,0,0,1,1,0
NRIR,0,1,1,0,0,0,0,0,0,0
POLD4,0,0,0,0,0,0,0,1,1,0
DUSP9,0,1,1,0,0,0,0,0,0,0
LINC01170,0,0,0,0,0,0,0,1,1,0
LINC01388,0,1,1,0,0,0,0,0,0,0
FAM72D,0,0,0,0,0,0,0,1,1,0
POMGNT2,0,0,0,0,0,0,0,1,1,0
NCOA6,1,0,0,0,0,0,0,0,0,0
ATRNL1,0,1,1,0,0,0,0,1,1,0
ARMCX4,0,0,1,1,0,0,0,0,0,0
EDN1,0,0,0,0,0,0,0,1,1,0
LSMEM1,0,0,0,0,0,0,0,1,1,0
SHBG,0,1,1,0,1,1,0,1,1,0
MCMDC2,0,0,0,0,0,0,0,1,1,0
CCDC47,0,0,1,1,0,1,1,0,0,0
VASP,0,0,0,0,0,1,1,0,0,0
PDK2,0,1,1,0,0,1,1,0,0,0
THBS2,0,0,1,1,0,0,0,0,1,0
LVRN,0,0,1,1,0,0,0,0,0,0
GPR12,0,1,1,1,0,0,0,1,1,0
MUC1,1,0,0,0,0,0,0,0,0,0
CHRNA7,0,1,1,0,0,0,0,0,0,0
TBCA,0,0,1,1,0,1,1,0,0,0
C9orf16,0,0,1,1,0,0,0,0,0,0
PTPMT1,0,0,1,1,0,1,1,1,1,0
TNFSF15,0,0,0,0,0,0,0,1,1,0
SLC26A5,0,1,1,0,0,0,0,1,1,0
PPP1R14B,0,1,1,1,0,0,0,0,0,0
TPMT,0,0,1,1,0,0,0,1,1,0
ANKRA2,0,0,1,1,0,0,0,1,0,0
CCDC84,0,0,1,1,0,0,0,1,1,0
ICMT,0,0,1,1,0,0,0,0,0,0
AC084809.2,0,0,0,0,0,1,1,0,0,0
CENPBD1,0,1,1,0,0,0,0,0,0,0
LINC01605,0,0,0,0,0,1,1,0,0,0
SYCE3,0,1,1,0,0,0,0,0,0,0
LINC00159,0,1,1,1,0,0,0,0,0,0
GLRX3,0,0,1,1,0,1,1,0,0,0
PSMB3,0,0,1,1,0,1,1,0,1,0
RIMBP3,0,0,0,0,0,0,0,1,1,0
FGFBP2,0,0,1,1,0,0,0,1,1,0
BANK1,0,1,1,1,0,0,0,1,1,0
LRRC20,0,0,0,0,0,1,1,1,1,0
PMS1,0,0,1,1,0,0,0,0,0,0
NLRP6,0,1,1,0,0,0,0,0,0,0
PCDHGA6,0,0,0,0,0,0,0,1,1,0
SPECC1,0,0,0,0,0,0,0,1,0,0
CPSF7,0,0,1,0,0,0,0,0,0,0
UBA1,0,0,0,0,0,1,1,0,0,0
PORCN,0,0,0,0,0,0,0,1,1,0
DDIT4,1,1,1,0,0,0,0,0,0,0
SLC5A11,0,0,0,0,0,0,0,1,1,0
NUDT13,0,0,0,0,0,0,0,1,1,0
GCNT2,1,0,1,0,0,0,0,1,1,0
AGAP2,0,1,1,0,0,0,0,0,0,0
ACAD9,0,0,0,0,0,0,0,1,1,0
SLC9A3R1,0,0,0,0,0,1,1,0,0,0
EARS2,0,0,0,0,0,1,1,1,1,0
ANKRD34B,0,0,0,0,0,0,0,1,1,0
CASC20,0,0,0,0,0,0,0,1,1,0
TGFBR2,0,0,1,1,0,0,0,0,0,0
UBQLN2,1,0,0,0,0,0,0,0,0,0
LRRC47,0,0,0,0,0,0,0,1,1,0
GNL2,0,0,0,0,0,1,1,0,0,0
GCHFR,0,1,1,1,0,0,0,1,1,0
SIRT2,0,0,1,1,0,0,0,0,0,0
CALM1,0,0,1,1,0,0,0,0,0,0
CES2,0,0,1,1,0,0,0,0,0,0
MARS,0,0,0,0,0,1,1,0,0,0
CORO2B,0,1,1,0,0,1,1,1,1,0
CDH23,0,0,0,0,0,0,0,1,1,0
CBR3,0,0,0,0,0,1,1,0,0,0
RBPMS-AS1,0,0,0,0,0,0,0,1,1,0
TMPO,0,0,1,1,0,0,0,0,0,0
GPR61,0,1,1,0,0,0,0,1,1,0
OSTN-AS1,0,1,1,0,0,1,1,1,1,0
VKORC1L1,0,0,1,1,0,0,0,0,0,0
SMIM12,0,0,1,1,0,0,0,0,0,0
COMMD2,0,0,1,1,0,0,0,1,1,0
TARBP2,0,0,0,0,0,1,1,0,0,0
NRTN,0,0,0,0,0,0,0,1,1,0
RASSF5,0,0,1,1,0,0,0,0,0,0
KRTCAP2,0,0,1,1,0,1,1,0,1,0
DNER,0,1,1,0,0,0,0,1,1,0
ZNF576,0,1,1,0,0,0,0,0,0,0
ARPP19,0,0,1,1,0,0,0,0,0,0
STAT1,0,0,0,0,0,0,0,0,1,0
PROZ,0,1,1,0,0,0,0,1,1,0
SMN2,0,1,1,0,0,0,0,1,1,0
TOMM6,0,1,1,1,0,0,0,0,0,0
MOSPD3,0,1,1,0,0,0,0,0,0,0
NOL3,0,0,0,0,0,0,0,1,1,0
DDX19B,0,0,1,1,0,1,1,0,0,0
BCAS2,0,0,1,1,0,0,0,0,0,0
DENND3,0,0,1,1,0,0,0,0,0,0
NEURL2,0,0,1,1,0,0,0,0,0,0
BABAM1,0,0,0,0,0,1,1,0,0,0
DNAH3,0,1,1,0,0,0,0,0,0,0
SLC25A45,0,0,1,1,0,0,0,0,0,0
ANTXR1,0,0,1,1,0,0,0,0,0,0
STX8,0,0,1,1,0,1,1,0,0,0
ZBTB1,0,0,1,1,0,0,0,0,0,0
LACTB2,0,0,0,0,0,0,0,1,1,0
COL17A1,0,0,0,0,0,0,0,1,1,0
MAEL,0,0,0,0,0,0,0,1,1,0
ISYNA1,0,0,1,1,0,0,0,0,0,0
F2,0,0,0,0,0,0,0,1,1,0
GSTT2B,0,0,0,0,0,1,1,0,0,0
TCP10L,0,1,1,0,0,0,0,0,0,0
BMP2,0,0,0,0,1,1,0,0,0,0
CYP26B1,0,1,1,0,0,0,0,0,0,0
MDP1,0,0,1,1,0,1,1,0,0,0
NECAP2,0,0,0,0,0,0,0,1,1,0
H1FX,0,1,1,0,0,0,0,1,1,0
RNASEH1-AS1,0,0,0,0,0,0,0,1,1,0
MBNL1-AS1,0,0,0,0,0,0,0,1,1,0
SHD,0,1,1,0,0,0,0,1,1,0
GLI3,0,0,0,0,0,0,0,1,1,0
GTF2A1,0,0,1,1,0,0,0,0,0,0
IGF2BP2,0,0,0,0,0,0,0,1,1,0
MOG,0,1,1,0,0,0,0,1,1,0
TSSK4,0,0,0,0,0,0,0,1,0,0
B3GAT1,1,0,0,0,0,0,0,1,1,0
CIDEB,0,0,0,0,0,0,0,1,1,0
CERS2,1,0,1,1,0,0,0,1,1,0
TMEM106A,0,0,1,1,0,0,0,0,0,0
KANK1,1,0,0,0,0,0,0,1,1,0
SCGB1C2,0,0,0,0,0,1,0,0,0,0
NIN,0,0,1,1,0,0,0,1,1,0
RNF220,0,0,1,1,0,1,1,1,1,0
THEM5,0,0,0,0,0,1,0,1,1,0
AC079896.1,0,1,1,0,0,0,0,0,0,0
CADM3,0,0,0,0,0,0,0,1,1,0
SLC19A1,0,0,0,0,0,0,0,1,1,0
CUEDC1,0,1,1,1,0,0,0,0,0,0
TBC1D8,0,0,1,1,0,0,0,0,0,0
LINC01526,0,0,0,0,0,0,0,1,1,0
AKR1C2,0,1,1,1,0,0,0,0,1,0
STX16,0,0,1,1,0,0,0,1,1,0
C16orf96,0,0,0,0,0,0,0,1,1,0
IFIT1B,0,1,1,0,0,0,0,0,0,0
LINC01568,0,0,0,0,0,0,0,1,1,0
ERICH1,1,1,1,1,0,0,0,0,0,0
UBXN6,0,0,1,1,0,0,0,0,0,0
LYSMD4,0,1,1,0,0,0,0,0,0,0
NFKBIL1,0,0,1,0,0,0,0,1,1,0
ZNF592,0,0,1,1,0,0,0,0,0,0
HLA-DRB5,1,1,1,0,0,0,0,1,1,0
SIGIRR,0,0,1,1,0,0,0,0,0,0
LINC01006,0,1,1,0,0,0,0,0,0,0
LMAN1,0,0,0,0,0,1,1,0,0,0
SERPING1,0,0,0,0,0,0,0,1,1,0
RASAL2-AS1,0,0,0,0,0,0,0,1,1,0
NCDN,0,1,1,0,0,0,0,0,0,0
DKK2,0,0,0,0,0,0,0,1,1,0
GAR1,0,0,0,0,0,1,1,0,0,0
ACSL3,0,0,0,0,0,0,0,1,1,0
SLC26A4-AS1,0,0,0,0,0,0,0,1,1,0
IGF2BP2-AS1,0,0,0,0,0,0,0,1,1,0
AC104699.1,0,0,1,1,0,1,1,1,1,0
SLC5A6,0,0,0,0,0,0,0,1,1,0
CD200,0,1,1,0,1,1,1,1,1,1
C1QA,0,0,1,0,0,0,0,1,1,0
PAK2,0,0,1,1,0,0,0,0,0,0
APOBEC3B-AS1,0,1,1,0,0,0,0,0,0,0
C2orf66,0,1,1,0,0,0,0,0,0,0
TTC7A,0,0,1,1,0,0,0,1,1,0
HMGCR,0,0,1,1,0,0,0,0,0,0
ATP6V1C1,0,1,1,1,0,0,0,0,0,0
PRPH,0,1,1,0,0,0,0,1,1,0
PLEKHA4,0,1,1,0,0,0,0,0,0,0
NR2F2,1,0,1,1,0,0,0,0,1,0
NOVA1,0,1,1,1,0,0,0,0,1,0
CTSB,0,1,1,1,0,0,0,1,1,0
IRF9,0,0,1,0,0,0,0,1,1,0
DDHD2,0,1,1,0,0,0,0,0,0,0
MROH7,0,1,1,0,0,0,0,0,0,0
ANKMY2,0,0,0,0,0,1,1,1,1,0
MYF6,0,1,1,0,0,0,0,0,0,0
NFKBIZ,0,0,1,1,0,0,0,0,0,0
ZNF91,0,0,1,1,0,0,0,0,0,0
DDB1,0,0,0,0,0,1,1,0,0,0
WSCD2,0,1,1,0,0,0,0,1,1,0
NPEPPS,0,0,1,1,0,0,0,0,0,0
ARHGEF5,0,0,0,0,0,0,0,1,1,0
TRAK2,0,0,1,1,0,0,0,0,0,0
MLF1,0,0,1,1,0,0,0,1,1,0
CASC19,0,0,0,0,0,0,0,1,1,0
RAB43,0,1,1,0,0,0,0,0,0,0
A2ML1,0,0,0,0,0,0,0,1,1,0
RNH1,0,0,0,0,0,1,1,0,0,0
LINC00578,0,0,0,0,0,0,0,1,1,0
TDRP,0,0,0,0,0,0,0,1,1,0
IGKV1-17,0,1,1,0,0,1,1,0,0,0
PCNT,0,1,1,0,0,0,0,0,0,0
LINC00957,0,0,0,0,0,0,0,1,1,0
TAF7L,0,0,1,0,0,0,0,1,1,0
ANAPC15,0,0,1,0,0,0,0,0,0,0
LAMB1,0,0,0,0,0,0,0,1,1,0
GOLPH3L,0,1,1,0,0,1,1,0,0,0
SRD5A3,0,0,0,0,0,1,1,0,0,0
AC023347.1,0,0,0,0,0,0,0,1,1,0
COL9A3,0,0,1,1,0,0,0,0,0,0
AP001042.1,0,0,1,1,0,0,0,0,0,0
ZNF512,0,0,1,0,0,0,0,1,0,0
OR2J2,0,1,1,0,0,0,0,1,1,0
IGHV4-39,0,0,0,0,0,1,1,0,0,0
RRP7A,1,0,1,1,0,0,0,0,0,0
FAM24B,0,1,1,0,0,0,0,0,0,0
TRMT6,0,0,1,1,0,0,0,1,1,0
DLL1,0,1,1,0,0,0,0,0,0,0
TXNDC12,0,0,0,0,0,1,1,0,1,0
TUBD1,0,0,1,0,0,0,0,0,0,0
AC092171.4,0,0,0,0,0,0,0,1,1,0
NDUFA11,0,0,1,1,0,1,1,0,1,0
FLG-AS1,0,0,0,0,0,0,0,1,1,0
CMC1,0,1,1,1,0,0,0,0,0,0
RLBP1,0,0,0,0,0,0,0,1,1,0
ZNF165,0,1,1,1,0,0,0,1,1,0
ZPBP2,0,0,0,0,0,0,0,1,1,0
MLLT3,0,0,1,1,0,0,0,0,0,0
CCT3,0,0,1,1,0,1,1,0,0,0
RPS21,0,0,1,1,0,0,0,0,1,0
UBXN2B,0,0,1,1,0,0,0,0,0,0
RCAN2,0,1,1,0,0,0,0,1,1,0
ZNF667-AS1,0,0,0,0,0,1,1,0,0,0
SUN2,0,0,0,0,0,0,0,1,1,0
ZC3H12D,0,1,1,0,0,0,0,1,1,0
LINC01304,0,0,0,0,0,0,0,1,1,0
ABR,0,0,1,1,0,0,0,0,0,0
CHRNA1,0,0,1,1,0,0,0,0,0,0
ADAMTS3,0,1,1,0,0,0,0,0,0,0
TRAV27,0,1,1,0,0,0,0,0,0,0
SLCO4C1,0,1,1,0,0,0,0,1,1,0
PLEKHG6,0,1,1,1,0,0,0,1,1,0
MEX3B,0,0,0,0,0,0,0,1,1,0
SPATA21,0,0,0,0,0,0,0,1,1,0
TMEM141,0,0,1,1,0,1,1,1,1,0
NAV2,0,0,1,1,0,0,0,0,0,0
ZNF468,0,0,0,0,0,0,0,1,1,0
HAPLN3,0,1,1,1,0,0,0,0,0,0
PPP3CB,0,0,1,1,0,1,1,0,0,0
MRPS33,0,0,1,1,0,1,1,0,0,0
SMG5,0,0,0,0,0,0,0,1,1,0
MAGED2,0,0,1,1,0,1,1,0,0,0
NELFE,0,0,1,1,0,1,1,0,0,0
SPOCK3,0,0,0,0,0,0,0,1,1,0
UHRF1BP1L,0,0,1,1,0,0,0,0,0,0
SNCA-AS1,0,0,0,0,0,0,0,1,1,0
WDR1,0,0,1,1,0,1,1,0,0,0
CD70,0,1,1,1,0,1,1,1,1,0
RAB5A,0,0,1,1,0,0,0,0,0,0
FABP3,0,1,1,1,0,0,0,1,1,0
ADRB1,0,0,0,0,0,0,0,1,1,0
TBXAS1,0,0,1,0,0,0,0,1,1,0
IGHV3-7,0,1,1,0,0,1,1,0,0,0
POLR3F,0,0,1,1,0,0,0,0,0,0
GGA1,0,1,1,0,0,0,0,0,0,0
CDKN1B,1,0,0,0,0,0,0,0,0,0
DEK,0,0,1,1,0,0,0,0,0,0
UCHL5,0,0,1,1,0,1,1,0,0,0
KIF5B,0,0,1,1,0,0,0,0,0,0
AFF1,0,0,1,1,0,1,1,0,0,0
RSPH1,0,0,0,0,0,0,0,1,1,0
ANAPC5,0,0,1,1,0,1,1,0,0,0
MPHOSPH6,0,0,1,1,0,0,0,0,0,0
LILRA2,1,0,0,0,0,0,0,1,1,0
PCSK4,0,0,1,1,0,0,0,0,0,0
SMIM19,0,0,1,1,0,0,0,0,0,0
GAS2L3,0,0,0,0,0,0,0,1,1,0
LINC01509,0,0,0,0,0,0,0,1,1,0
HYPK,1,0,0,0,0,0,0,0,0,0
PPP1R9A,0,1,1,0,0,0,0,0,0,0
ATM,0,0,1,1,0,0,0,1,1,0
LINC00294,0,0,0,0,0,0,0,1,1,0
CMKLR1,0,0,1,1,0,0,0,1,1,0
CYTH4,1,0,1,1,0,0,0,0,0,0
TAF15,1,0,0,0,0,0,0,0,0,0
PDZK1IP1,1,1,1,0,0,1,0,1,1,0
ST6GALNAC5,0,1,1,0,0,0,0,1,1,0
SLC22A18,0,0,0,0,0,0,0,1,1,0
FEZF2,0,0,0,0,0,0,0,1,1,0
RTF1,0,0,1,1,0,0,0,0,0,0
AC003092.1,0,0,0,0,0,0,0,1,0,0
KDM4D,0,0,0,0,0,0,0,1,0,0
KCTD12,0,0,1,1,0,0,0,1,1,0
NAT14,0,0,0,0,0,0,0,1,1,0
TRAV23DV6,0,1,1,0,0,0,0,0,0,0
DAPK2,0,1,1,0,0,0,0,0,0,0
UBL5,0,0,1,1,0,1,1,0,1,0
PRC1-AS1,0,1,1,0,0,0,0,1,1,0
PFKFB1,0,0,0,0,0,0,0,1,1,0
URB1,0,1,1,0,0,0,0,0,0,0
BCOR,0,0,1,0,0,0,0,1,1,0
SEC61B,0,0,1,1,0,1,1,0,1,0
OR56A4,0,1,1,0,0,0,0,0,0,0
AC022182.1,0,0,0,0,0,0,0,1,1,0
NPIPA1,0,0,0,0,0,1,1,1,1,0
INO80E,0,1,1,0,0,0,0,1,1,0
TADA2B,0,1,1,0,0,0,0,0,0,0
GRK4,0,0,0,0,0,0,0,1,1,0
AC004448.5,0,1,1,0,0,0,0,0,0,0
ISM1,0,1,1,0,0,0,0,0,0,0
SLC7A8,0,0,1,1,0,0,0,0,0,0
NAA40,0,0,0,0,0,0,0,1,1,0
UPB1,0,0,0,0,0,0,0,1,1,0
RPL26,0,1,1,1,0,0,0,0,1,0
THRSP,0,1,1,0,0,0,0,0,0,0
NEUROD1,0,0,0,0,0,0,0,1,1,0
ZNF148,0,0,1,1,0,0,0,0,0,0
PCAT18,0,0,0,0,0,0,0,1,1,0
AP1B1,0,0,1,1,0,0,0,1,1,0
ANKRD20A2,0,0,0,0,0,0,0,1,1,0
PYM1,0,0,1,1,0,0,0,0,0,0
TEX9,0,0,1,1,0,1,1,0,0,0
SLC25A5,0,0,1,0,0,0,0,0,0,0
CROCC,1,0,0,0,0,0,0,0,0,0
B4GALT1-AS1,0,0,0,0,0,0,0,1,1,0
TRIM63,0,1,1,1,0,0,0,0,0,0
POU5F1,0,1,1,1,0,0,0,1,1,0
PDE1C,0,0,0,0,0,0,0,1,1,0
EDEM1,0,0,0,0,0,1,1,0,0,0
C1QTNF1,0,1,1,0,0,0,0,0,0,0
SETBP1,0,0,1,1,0,0,0,0,0,0
ZNF445,0,0,0,0,0,0,0,1,1,0
RHBDL3,0,0,0,0,0,0,0,1,1,0
AP1M1,0,0,1,1,0,0,0,0,0,0
ZNF253,0,0,0,0,0,0,0,1,1,0
CYP11B1,0,1,1,0,0,0,0,0,0,0
IMPA2,0,1,1,0,0,0,0,0,0,0
TRDC,0,1,1,1,0,0,0,0,0,0
LINC00623,0,1,1,0,0,0,0,0,0,0
KIFC1,0,1,1,0,0,1,1,1,1,0
SLC25A14,0,0,1,1,0,0,0,1,1,0
AC005387.2,0,1,1,0,0,0,0,0,0,0
LMNTD2,0,0,0,0,0,0,0,1,1,0
CLUH,0,0,0,0,0,1,1,1,1,0
ATP6AP2,0,0,0,0,0,0,0,1,1,0
NAA10,0,0,1,1,0,1,1,0,0,0
C17orf75,0,0,0,0,0,0,0,1,1,0
PSMB5,0,0,0,0,0,1,1,0,0,0
ARHGAP27,0,0,1,1,0,0,0,0,0,0
AACS,0,0,0,0,0,1,1,1,1,0
SUV39H2,0,0,0,0,0,0,0,1,1,0
TIMM17B,0,1,1,1,0,0,0,0,0,0
TNPO2,0,0,1,1,0,0,0,1,1,0
ATXN2L,0,0,1,0,0,0,0,0,0,0
KLHL5,0,1,1,1,0,0,0,1,1,0
AGFG1,0,0,1,1,0,0,0,0,0,0
PFKFB2,0,0,0,0,0,0,0,1,1,0
BPNT1,0,0,0,0,0,0,0,1,1,0
LBX2,0,0,0,0,0,1,1,0,0,0
DNPEP,0,0,1,1,0,0,0,1,1,0
DEXI,0,1,1,0,0,0,0,1,1,0
CENPF,0,0,1,1,0,1,1,0,0,0
SERPINF2,0,0,0,0,0,0,0,1,1,0
FUT1,0,1,1,1,0,0,0,0,0,0
KATNBL1,0,0,1,1,0,0,0,0,0,0
TMEM127,0,0,1,1,0,0,0,1,1,0
NOTCH1,1,0,0,0,0,0,0,0,0,0
CCR1,0,1,1,1,0,0,0,0,0,0
IGLVIVOR22-1,0,1,1,0,0,0,0,0,0,0
LOXL1-AS1,0,1,1,0,0,0,0,0,0,0
THEMIS,0,0,1,1,0,0,0,0,0,0
ANKRD40,0,0,0,0,0,0,0,1,1,0
SHOX2,0,0,0,0,0,0,0,1,1,0
ELP3,1,0,0,0,0,0,0,0,0,0
ALX4,0,1,1,0,0,0,0,0,0,0
UNC79,0,0,0,0,0,0,0,1,1,0
MMP25-AS1,0,1,1,1,0,0,0,0,0,0
SPP2,0,1,1,0,0,0,0,1,1,0
ABCC5,1,0,1,1,0,0,0,1,1,0
TTC6,0,1,1,0,0,0,0,0,0,0
KLHL41,0,1,1,0,0,0,0,0,0,0
NPAP1,0,0,0,0,0,0,0,1,1,0
ANKS1B,0,0,0,0,0,0,0,1,1,0
RNF187,0,0,0,0,0,1,1,0,0,0
GPR173,0,1,1,0,0,0,0,1,1,0
DDX31,0,0,0,0,0,0,0,1,1,0
OXA1L,0,0,1,1,0,0,0,0,0,0
MYO1D,0,1,1,0,0,1,1,0,0,0
LAPTM4A,0,0,1,1,0,0,0,1,1,0
FBXL14,0,0,0,0,0,0,0,1,1,0
NTHL1,0,0,1,0,0,1,1,0,0,0
TPTE2,0,0,0,0,0,0,0,1,1,0
IKBKG,0,0,1,1,0,0,0,1,1,0
MED14OS,0,1,1,0,0,0,0,0,0,0
ATP2A3,0,1,1,0,0,0,0,0,0,0
VLDLR,0,0,1,1,0,0,0,1,1,0
CAMK1D,0,0,1,1,0,0,0,0,0,0
MRPL43,0,0,1,1,0,1,1,0,0,0
PIGBOS1,0,0,1,1,0,1,1,0,0,0
ZCCHC10,0,0,1,1,0,0,0,1,1,0
LINC01507,0,0,0,0,0,0,0,1,1,0
TXNRD1,1,0,0,0,0,1,1,1,1,0
INPP4A,0,0,1,0,0,0,0,0,0,0
NEDD8,1,0,1,1,0,1,1,0,1,0
ZC3H6,0,0,1,0,0,0,0,0,0,0
DCT,0,0,0,0,0,0,0,1,1,0
VSTM2A,0,1,1,0,0,0,0,0,0,0
LRRC49,0,0,0,0,0,0,0,1,1,0
ATP7B,0,0,0,0,0,0,0,1,1,0
ZFX-AS1,0,0,1,1,0,0,0,1,1,0
TRIM65,0,0,1,1,0,0,0,0,0,0
RPTOR,0,0,0,0,0,0,0,1,1,0
SPG7,0,0,1,1,0,0,0,0,0,0
CLTCL1,0,0,0,0,0,0,0,1,1,0
PRKACA,0,0,1,1,0,0,0,0,0,0
DNTTIP1,0,0,1,1,0,0,0,1,1,0
SKI,1,0,1,1,0,0,0,0,0,0
UBR4,0,0,1,1,0,0,0,0,0,0
PILRB,0,0,0,0,0,0,0,1,1,0
KLRC3,0,1,1,0,0,0,0,0,0,0
USP16,0,0,1,1,0,0,0,0,0,0
AC010884.1,0,0,0,0,0,0,0,1,0,0
LINC01505,0,0,0,0,0,0,0,1,1,0
POLR2B,0,0,1,1,0,0,0,0,0,0
IDO2,0,0,0,0,0,0,0,1,1,0
TWISTNB,0,0,1,1,0,0,0,0,0,0
MKNK1,0,0,1,1,0,0,0,0,0,0
SVOP,0,0,0,0,0,0,0,1,1,0
SLC16A5,0,1,1,0,0,0,0,0,0,0
CENPC,0,0,1,0,0,0,0,0,0,0
AKR1A1,0,0,1,1,0,1,1,0,0,0
FRG2,0,0,0,0,0,0,0,1,1,0
TAB2,0,0,1,1,0,0,0,0,0,0
AHSA1,0,0,1,1,0,1,1,0,1,0
IGF2,0,0,1,1,0,0,0,1,1,0
VIPAS39,0,0,1,1,0,0,0,0,0,0
COX16,0,0,0,0,0,0,0,0,1,0
SLC12A9,1,0,1,1,0,0,0,0,0,0
GOLGA8J,0,1,1,0,0,0,0,1,1,0
ABCA6,0,0,1,1,0,0,0,1,1,0
KCNE3,0,1,1,0,0,0,0,1,1,0
TMEM126B,0,0,1,1,0,0,0,0,0,0
AARSD1,0,0,0,0,0,0,0,1,1,0
BOK,0,0,0,0,0,0,0,0,1,0
KNDC1,0,1,1,0,0,0,0,0,0,0
BTG2,0,0,0,0,0,0,0,1,1,0
TRAF6,0,1,1,0,0,0,0,0,0,0
DTL,0,0,0,0,0,1,1,0,0,0
CALCR,0,0,1,0,0,0,0,0,0,0
DTHD1,0,0,0,0,0,0,0,1,1,0
ZNF768,0,0,1,1,0,0,0,0,0,0
OAZ2,0,0,1,0,0,0,0,0,0,0
CUX1,1,0,0,0,0,0,0,0,0,0
RIT1,0,1,1,0,0,0,0,0,0,0
RPS3,0,0,1,1,0,0,0,0,1,0
RD3,0,1,1,0,0,0,0,0,0,0
DSN1,0,1,1,0,0,0,0,0,0,0
ZNF324,0,0,0,0,0,0,0,1,1,0
SV2C,0,0,0,0,0,0,0,1,1,0
IGKV1OR1-1,0,0,0,0,0,0,0,1,1,0
PLXND1,0,1,1,1,0,0,0,1,1,0
LZTFL1,0,0,0,0,0,1,1,0,0,0
NUDT14,0,0,1,0,0,0,0,0,0,0
SAA1,0,1,1,1,0,0,0,1,1,0
SERPINB1,0,0,1,1,0,0,0,0,0,0
GABPB1-AS1,0,0,1,1,0,0,0,0,0,0
PGPEP1L,0,0,0,0,0,0,0,1,1,0
PIGM,0,0,0,0,0,0,0,1,1,0
LINC01556,0,1,1,1,0,0,0,0,0,0
DCTN2,0,0,1,1,0,1,1,0,0,0
OAT,0,0,0,0,0,1,1,0,0,0
NAPA,0,0,0,0,0,1,1,0,0,0
LARP1B,0,0,0,0,0,1,1,0,0,0
FMNL3,0,0,0,0,0,0,0,1,1,0
AC002454.1,0,1,1,1,0,0,0,0,0,0
ZBTB33,0,0,0,0,0,0,0,1,1,0
GPR153,0,0,0,0,0,0,0,1,0,0
DDX28,0,0,1,1,0,0,0,1,1,0
SPIRE2,0,1,1,0,0,0,0,0,0,0
IGHV1-2,0,1,1,0,0,1,1,0,0,0
TNC,0,0,0,0,0,0,0,1,1,0
ASH1L,0,0,1,1,0,0,0,0,1,0
ILF2,0,0,1,1,0,0,0,0,1,0
YTHDF1,0,0,0,0,0,0,0,1,1,0
RCSD1,0,0,0,0,0,0,0,1,1,0
SHISA7,0,0,0,0,0,0,0,1,1,0
PHOSPHO1,0,1,1,0,0,0,0,1,1,0
TIMM50,0,0,0,0,0,1,1,1,1,0
USP9X,0,0,1,1,0,0,0,0,0,0
LINC00384,0,0,0,0,0,0,0,1,1,0
HLA-DRB1,1,0,1,0,0,0,0,0,1,0
ODF1,0,1,1,0,0,1,1,0,0,0
KANSL2,0,0,1,0,0,0,0,0,0,0
COASY,0,0,0,0,0,1,1,1,1,0
LZTR1,0,0,0,0,0,0,0,1,1,0
CCDC97,0,0,1,0,0,1,1,0,0,0
PRDM1,0,0,0,0,0,1,1,0,0,0
QARS,0,0,1,1,0,1,1,0,0,0
RGL2,0,0,1,1,0,0,0,0,0,0
SRGAP2B,0,0,1,1,0,0,0,0,0,0
LINC01361,0,0,0,0,0,0,0,1,0,0
EFHC2,1,0,0,0,0,0,0,0,0,0
CCDC117,0,0,0,0,0,1,1,1,0,0
LINC01441,0,1,1,1,0,0,0,1,1,0
AC068492.1,0,0,0,0,0,0,0,1,1,0
SLC1A3,0,1,1,1,0,0,0,0,0,0
SMG7,0,0,1,1,0,0,0,1,1,0
TET2-AS1,0,1,1,1,0,0,0,1,1,0
RBM19,0,0,0,0,0,0,0,1,1,0
CDC25C,0,0,0,0,0,1,1,1,1,0
EPPK1,0,1,1,0,0,0,0,0,0,0
ZNF500,0,0,0,0,0,0,0,1,1,0
ZNF112,0,0,0,0,0,0,0,1,1,0
MRPL54,0,1,1,1,0,0,0,0,1,0
EEF1G,0,1,1,0,0,0,0,1,1,0
AC023491.2,0,1,1,0,0,0,0,1,1,0
C5orf22,0,0,0,0,0,0,0,1,1,0
UXS1,1,0,0,0,0,0,0,0,0,0
MT2A,0,0,1,1,0,0,0,0,0,0
PPP1R11,0,0,0,0,0,0,0,1,1,0
C9orf43,0,1,1,0,0,0,0,0,0,0
SAP130,0,0,1,1,0,0,0,0,0,0
CEP95,0,0,1,1,0,0,0,0,0,0
TNIP3,0,0,1,1,0,0,0,1,1,0
ART1,0,1,1,0,0,0,0,0,0,0
LCN8,0,0,1,1,0,0,0,0,0,0
CCDC127,0,0,0,0,0,0,0,1,1,0
PTCSC3,0,1,1,0,0,0,0,0,0,0
GOLM1,0,1,1,1,0,0,0,0,0,0
KDM4A-AS1,0,0,0,0,0,0,0,1,1,0
GIMAP5,0,0,0,0,0,0,0,0,1,0
CADPS,0,0,0,0,0,1,1,0,0,0
SLC22A23,0,0,1,1,0,0,0,0,0,0
RILPL2,0,0,1,1,0,1,1,0,0,0
NEDD4,1,0,0,0,0,0,0,0,0,0
PRKRA,0,0,1,1,0,0,0,1,1,0
FMO3,0,1,1,0,0,0,0,0,0,0
EPB41L4B,0,0,0,0,0,0,0,1,1,0
RAD21-AS1,0,1,1,0,0,0,0,0,0,0
NDUFA8,0,0,1,1,0,1,1,0,0,0
GIMAP6,0,0,0,0,0,0,0,1,1,0
WIPI1,0,0,1,1,0,1,1,0,0,0
RASSF4,1,0,1,1,0,0,0,0,0,0
B4GALNT1,0,1,1,0,0,0,0,0,0,0
DCST2,0,0,0,0,0,0,0,1,1,0
SRRM2-AS1,0,0,0,0,0,0,0,1,1,0
MDGA2,0,1,1,0,0,0,0,0,0,0
ACTR8,0,0,0,0,0,1,1,0,0,0
CCDC148,0,1,1,1,0,0,0,0,0,0
CCNB2,0,0,1,0,0,1,1,0,0,0
FRMD6,0,0,0,0,0,0,0,1,0,0
C10orf90,0,1,1,0,0,0,0,0,0,0
UQCC1,0,0,0,0,0,0,0,1,1,0
OPRL1,0,0,1,1,0,0,0,0,0,0
LRFN2,0,0,0,0,0,0,0,1,1,0
CTDNEP1,0,0,0,0,0,1,1,0,0,0
SMPD4,0,0,0,0,0,0,0,1,1,0
POLR3K,1,0,0,0,0,0,0,0,0,0
IGF2BP3,0,0,1,1,0,0,0,1,1,0
LINC00910,0,0,0,0,0,0,0,1,1,0
SPSB4,0,1,1,0,0,0,0,0,0,0
RBM25,0,0,1,1,0,0,0,0,1,0
PCAT5,0,1,1,0,0,0,0,0,0,0
WFDC10B,0,0,0,0,0,1,1,0,0,0
PARM1,1,0,0,0,0,1,1,1,1,0
RPS3A,0,0,1,1,0,0,0,0,1,0
GP9,0,0,0,0,0,1,0,0,0,0
MSX1,0,0,0,0,0,0,0,1,1,0
METTL22,0,0,1,1,0,0,0,0,0,0
C6orf58,0,0,0,0,0,0,0,1,1,0
KIAA1217,0,0,0,0,0,0,0,1,1,0
EMX2,0,0,0,0,0,0,0,1,1,0
ZNF117,0,0,0,0,0,0,0,1,1,0
NCAPH,0,0,0,0,0,1,1,0,0,0
OSCAR,0,0,1,1,0,0,0,1,1,0
GOLGA8K,0,0,0,0,0,0,0,1,1,0
NADSYN1,0,0,1,1,0,0,0,0,0,0
MRPL18,0,0,1,1,0,1,1,0,0,0
LYNX1,0,0,1,1,0,0,0,1,1,0
MFAP1,0,0,0,0,0,0,0,1,1,0
TRGV5,0,0,0,0,0,0,0,1,1,0
TWF2,0,0,1,1,0,1,1,0,1,0
HCG14,0,0,0,0,0,0,0,1,1,0
LINC00598,0,0,0,0,0,0,0,1,1,0
PLA1A,0,1,1,0,0,0,0,1,1,0
MYLK3,0,1,1,0,0,0,0,0,0,0
FAHD2A,0,0,0,0,0,1,1,1,1,0
CALHM2,0,0,1,0,0,0,0,1,1,0
SMUG1,0,0,1,1,0,1,1,0,0,0
EML3,0,0,1,1,0,0,0,0,0,0
KLHDC1,0,0,0,0,0,0,0,1,1,0
DMPK,0,0,0,0,0,0,0,1,1,0
SRA1,0,0,1,1,0,1,1,0,0,0
ZDHHC15,0,0,0,0,0,0,0,1,0,0
TP53TG5,0,0,0,0,0,0,0,1,1,0
SCARF2,0,1,1,0,0,0,0,0,0,0
RALB,0,1,1,1,0,0,0,0,0,0
JTB,0,0,1,1,0,1,1,0,1,0
TNIP1,0,0,0,0,0,0,0,1,1,0
SHOC2,0,0,1,1,0,0,0,0,0,0
C6orf136,0,0,0,0,0,0,0,1,1,0
SIKE1,0,0,1,1,0,0,0,1,1,0
FAT2,0,0,0,0,0,0,0,1,1,0
NRIP1,0,1,1,1,0,0,0,0,0,0
NEK7,0,0,1,1,0,0,0,0,0,0
CXCR4,1,0,0,0,0,0,0,0,0,0
NKD2,0,0,1,0,0,0,0,0,0,0
SKOR1,0,1,1,0,0,0,0,1,1,0
EFCAB6-AS1,0,1,1,1,0,0,0,0,0,0
AMMECR1L,0,0,0,0,0,0,0,1,1,0
TMOD3,0,0,1,1,0,0,0,0,0,0
AZIN1,0,0,1,0,0,1,1,0,0,0
GGT7,0,0,0,0,0,0,0,1,1,0
HES2,0,0,0,0,0,0,0,1,1,0
NCF2,0,0,0,0,0,0,0,1,0,0
SMU1,0,0,0,0,0,0,0,1,1,0
RCHY1,0,0,1,1,0,0,0,1,1,0
KXD1,0,0,1,1,0,1,1,0,0,0
ANKS6,0,0,0,0,0,0,0,1,1,0
CELF2,0,0,1,1,0,0,0,1,1,0
PLXNA3,0,0,0,0,0,0,0,1,1,0
SLC38A3,0,1,1,0,0,0,0,1,1,0
SLC38A5,0,1,1,1,0,1,1,0,0,0
AMT,0,1,1,0,0,0,0,1,1,0
STEAP3,0,0,1,1,0,0,0,1,1,0
ASS1,0,0,1,1,0,0,0,0,0,0
AVEN,0,0,0,0,0,1,1,0,0,0
RAD18,0,0,0,0,0,0,0,1,1,0
OR2B6,0,0,0,0,0,0,0,1,1,0
PDIA5,0,0,0,0,0,1,1,0,0,0
PRR13,0,0,1,1,0,0,0,0,0,0
OR7D2,0,1,1,0,0,0,0,0,0,0
MT-ATP8,0,0,0,0,0,0,0,1,1,0
TMEM94,0,1,1,0,0,0,0,0,0,0
SCARB1,0,0,1,1,0,0,0,0,0,0
TNFRSF10C,0,1,1,0,0,0,0,1,1,0
ALKBH3-AS1,0,0,0,0,0,0,0,1,1,0
TRRAP,0,0,0,0,0,0,0,1,1,0
CCNI,0,0,1,1,0,0,0,0,0,0
PSMD2,0,0,0,0,0,1,1,0,0,0
MPZL2,0,1,1,1,0,0,0,0,0,0
NOP10,0,0,1,1,0,1,1,0,1,0
TAF2,0,1,1,0,0,0,0,0,0,0
FZD7,0,0,0,0,0,1,1,0,0,0
LINC01219,0,1,1,0,0,0,0,1,1,0
ROCK1,0,0,1,1,0,0,0,0,0,0
CUL2,0,0,1,1,0,0,0,0,0,0
FBXO33,0,0,1,1,0,0,0,0,0,0
TMBIM1,0,0,1,1,0,0,0,1,1,0
DENND4A,0,0,1,1,0,0,0,0,0,0
FAM3B,0,1,1,0,0,0,0,0,0,0
DSC1,0,0,0,0,0,0,0,1,1,0
PSMC2,0,0,1,1,0,1,1,0,0,0
LINC01258,0,1,1,1,0,0,0,0,0,0
FAM228B,0,1,1,0,0,0,0,0,0,0
RAD51C,0,0,1,1,0,1,1,0,0,0
ATP6V1B2,0,0,1,1,0,0,0,0,0,0
RPS6KB2,0,0,1,1,0,1,1,0,0,0
APOC1,1,0,0,0,0,0,0,1,1,0
USP41,0,1,1,1,0,0,0,0,0,0
UBASH3B,0,0,1,1,0,0,0,0,0,0
RAPGEF4,0,1,1,1,0,0,0,1,1,0
IARS,0,0,1,1,0,0,0,0,0,0
TAS2R50,0,0,0,0,0,0,0,1,1,0
NDST2,0,1,1,1,0,0,0,0,0,0
AKAP10,0,0,1,1,0,0,0,1,1,0
ZNF410,0,1,1,0,0,0,0,1,1,0
TIPARP-AS1,0,1,1,0,0,0,0,0,0,0
FAAH,1,0,0,0,0,0,0,1,1,0
NR4A3,0,1,1,1,0,0,0,1,1,0
EIF2B1,0,0,1,0,0,0,0,0,0,0
MRPL28,0,0,1,1,0,1,1,0,0,0
CD63,1,0,0,0,0,0,0,0,0,0
TMEM165,1,0,0,0,0,0,0,0,0,0
TNFSF12,0,0,1,0,0,0,0,0,0,0
TSSK3,0,0,0,0,0,0,0,1,1,0
GAA,0,0,1,0,0,0,0,1,1,0
ALDH9A1,0,0,0,0,0,1,1,0,0,0
ARL13A,0,1,1,0,0,0,0,0,0,0
ASCL1,0,0,0,0,0,0,0,1,1,0
DMBX1,0,0,0,0,0,0,0,1,1,0
ASMTL,0,0,1,1,0,0,0,0,0,0
TPI1,0,0,1,1,0,1,1,0,0,0
CMAS,0,0,1,1,0,0,0,0,0,0
TMEM147,0,0,1,1,0,1,1,0,0,0
CA14,0,1,1,0,0,0,0,1,1,0
LILRB2,0,0,1,1,0,0,0,1,1,0
SRRM2,0,0,1,1,0,0,0,1,1,0
TLR7,0,0,1,1,0,0,0,1,1,0
KCNH8,0,0,0,0,0,1,1,1,1,0
GALNT11,0,0,0,0,0,0,0,1,1,0
CNRIP1,0,0,0,0,0,0,0,1,1,0
C16orf87,0,0,0,0,0,1,1,1,1,0
EP300-AS1,0,1,1,0,0,0,0,0,0,0
TBC1D7,0,0,0,0,0,1,1,1,1,0
SENP6,0,0,1,1,0,0,0,0,0,0
MTURN,0,0,0,0,0,0,0,1,1,0
TMEM107,0,0,0,0,0,0,0,1,1,0
LARP1,0,0,1,1,0,0,0,0,0,0
USP20,0,0,0,0,0,0,0,1,1,0
LINC01287,0,1,1,1,0,0,0,1,1,0
TRAPPC1,0,0,1,1,0,1,1,0,1,0
MRPL53,0,0,0,0,0,0,0,1,1,0
NADK,1,0,0,0,0,0,0,1,1,0
COPS8,0,0,1,1,0,1,1,0,0,0
ARV1,0,0,0,0,0,1,1,0,0,0
CCT7,0,0,1,1,0,1,1,0,1,0
NRN1,0,0,0,0,0,0,0,1,1,0
RBBP7,0,0,1,1,0,0,0,0,0,0
TNKS2-AS1,0,0,0,0,0,0,0,1,1,0
ASTN2,0,0,0,0,0,1,1,0,0,0
THRAP3,0,1,1,1,0,0,0,1,1,0
SEC31A,0,0,1,1,0,0,0,0,0,0
ACOT8,0,0,0,0,0,1,1,0,0,0
SYNRG,0,0,1,1,0,0,0,0,0,0
MYOF,0,0,1,1,0,0,0,1,1,0
PROK2,0,1,1,0,0,0,0,1,1,0
IGLV2-8,0,1,1,0,0,1,1,1,1,0
ULK3,0,0,1,1,0,0,0,1,1,0
APOL2,0,0,0,0,0,0,0,1,1,0
PSPH,0,1,1,0,0,0,0,0,0,0
EPHA10,0,0,0,0,0,0,0,1,1,0
LINC00342,0,1,1,0,0,0,0,0,1,0
C9orf64,0,0,1,1,0,0,0,0,0,0
MGST1,0,1,1,1,0,0,0,1,1,0
DPYSL3,0,1,1,0,0,0,0,0,0,0
SIL1,0,0,1,1,0,1,1,1,1,0
C4A,0,0,0,0,0,0,0,1,1,0
ABCF1,0,0,1,1,0,0,0,0,0,0
POGK,0,0,0,0,0,0,0,1,1,0
MIR4458HG,0,0,0,0,0,0,0,1,1,0
ERVK3-1,0,1,1,0,0,0,0,0,0,0
NUDT1,0,0,1,1,0,0,0,0,0,0
ZNF236,0,0,0,0,0,0,0,1,1,0
DNAJC21,0,0,1,1,0,0,0,0,0,0
NFATC3,0,0,1,1,0,0,0,0,0,0
MT-ND1,0,0,1,1,0,0,0,0,1,0
ZNF24,0,0,1,1,0,0,0,1,1,0
FOXN3,0,0,1,1,0,0,0,0,0,0
FMO4,0,0,0,0,0,0,0,1,1,0
DHRSX,0,0,1,1,0,0,0,0,0,0
ZFHX4,0,0,0,0,0,0,0,1,1,0
ETV6,1,0,1,1,0,0,0,0,0,0
KCNB1,0,1,1,0,0,0,0,1,1,0
ZNF728,0,0,0,0,0,0,0,1,1,0
C2,0,0,1,1,0,0,0,1,1,0
ZBTB32,0,0,1,1,0,1,1,0,0,0
MTHFD2,0,0,0,0,0,1,1,0,0,0
PANK3,0,0,1,1,0,0,0,0,0,0
YWHAG,0,1,1,1,0,1,1,0,0,0
TMEM231,0,1,1,0,0,0,0,0,0,0
LSM1,0,0,1,1,0,1,1,1,1,0
DNAJB9,0,0,0,0,0,1,1,0,0,0
SNAPC5,0,0,1,1,0,0,0,1,1,0
USP33,0,0,1,1,0,0,0,0,0,0
ZNF572,0,0,0,0,0,0,0,1,1,0
RBM24,0,1,1,0,0,0,0,1,1,0
RHOXF2,0,1,1,0,0,0,0,1,1,0
LINC01001,0,0,1,1,0,0,0,1,1,0
SHROOM3,0,1,1,0,0,0,0,0,0,0
RGS2,0,0,1,0,0,0,0,0,0,0
LUC7L,0,0,1,1,0,0,0,0,0,0
POMK,0,1,1,0,0,0,0,1,1,0
MYCBP2-AS1,0,0,0,0,0,0,0,1,1,0
LRRCC1,0,0,0,0,0,0,0,1,1,0
JUND,0,0,0,0,0,0,0,0,1,0
ARSD,0,1,1,0,0,0,0,1,1,0
TMEM212,0,0,0,0,0,0,0,1,1,0
HSD17B1,0,0,0,0,0,0,0,1,1,0
GCM1,0,1,1,0,0,0,0,0,0,0
ERO1A,0,0,0,0,0,1,1,0,0,0
VWDE,0,1,1,0,0,0,0,0,0,0
IL1A,0,0,1,1,0,0,0,0,0,0
PCIF1,0,0,1,1,0,0,0,0,0,0
SCAMP3,0,0,0,0,0,1,1,0,0,0
OST4,0,0,0,0,0,1,1,0,0,0
TMEM44,0,1,1,0,0,0,0,1,1,0
ZSCAN2,0,0,0,0,0,1,1,0,0,0
DGKB,0,0,0,0,0,0,0,1,1,0
IL7,0,1,1,0,0,1,1,0,0,0
TRBJ2-4,0,1,1,0,0,0,0,0,0,0
ARHGAP28,0,1,1,0,0,0,0,1,1,0
APELA,0,1,1,0,0,0,0,1,1,0
CLIC6,0,0,0,0,0,0,0,1,1,0
TMTC1,0,0,1,1,0,0,0,0,1,0
ACOT7,0,1,1,0,0,0,0,0,0,0
HORMAD2-AS1,0,0,0,0,0,0,0,1,1,0
PPIL1,0,0,0,0,0,1,1,0,0,0
ARHGEF16,0,1,1,0,0,0,0,0,0,0
LINC01204,0,1,1,0,0,0,0,0,0,0
MUC20,0,1,1,0,0,0,0,1,1,0
METAP2,0,0,1,1,0,0,0,0,0,0
LINC00485,0,0,0,0,0,0,0,1,1,0
ETS2,0,0,1,1,0,0,0,0,0,0
TRAJ3,0,1,1,0,0,0,0,0,0,0
STK32A,0,1,1,0,0,0,0,1,1,0
ZNF740,0,0,0,0,0,0,0,1,1,0
DCAF8L2,0,0,0,0,0,0,0,1,1,0
REPS2,0,1,1,0,0,0,0,1,1,0
LYPD3,0,0,0,0,0,0,0,1,1,0
ARAP1-AS1,0,0,0,0,0,0,0,1,1,0
SPARC,0,0,1,1,0,1,0,0,0,0
GLIPR1L2,0,0,0,0,0,0,0,1,1,0
UBL7-AS1,0,1,1,1,0,0,0,0,0,0
ESYT1,0,0,1,1,0,0,0,0,0,0
IGBP1,0,0,1,0,0,0,0,0,0,0
MME,0,0,1,1,0,0,0,0,0,0
SCN1B,0,0,1,1,0,1,0,0,0,0
NR1H3,0,0,1,1,0,0,0,0,0,0
THEM4,0,0,1,1,0,0,0,0,0,0
PTPN2,0,0,1,1,0,0,0,0,0,0
MEST,0,0,0,0,0,0,0,1,1,0
MFSD8,0,0,0,0,0,0,0,1,1,0
ATRAID,0,0,1,1,0,0,0,0,1,0
RFPL1S,0,0,1,1,0,0,0,1,1,0
BEST3,0,1,1,0,0,0,0,1,1,0
SP6,0,1,1,0,0,0,0,0,0,0
MRPS16,0,0,1,0,0,1,1,1,1,0
PEX2,0,0,1,1,0,1,1,0,0,0
SLC39A3,0,0,1,1,0,0,0,0,0,0
CDKN3,0,1,1,1,0,1,1,0,0,0
TNXB,0,0,0,0,0,0,0,1,1,0
THSD1,0,0,0,0,0,0,0,1,1,0
COMMD7,0,0,1,1,0,0,0,0,0,0
C16orf70,0,0,1,1,0,0,0,1,1,0
LINC01374,0,0,0,0,1,1,1,0,0,1
EIF4E2,0,0,1,1,0,1,1,1,1,0
PADI2,0,0,1,1,0,0,0,1,1,0
CLECL1,0,0,0,0,0,1,1,0,0,0
MYL12A,0,0,1,1,0,0,0,0,0,0
LINC01511,0,0,0,0,0,0,0,1,1,0
ZNF80,1,0,0,0,0,0,0,0,0,0
GTF2F1,0,0,0,0,0,0,0,1,1,0
MATR3,0,0,0,0,0,0,0,1,1,0
TMEM178A,0,0,0,0,0,0,0,1,0,0
LUZP2,0,1,1,0,0,0,0,0,0,0
CREB1,0,0,1,1,0,0,0,0,0,0
CD300LD,0,1,1,1,0,0,0,0,0,0
HMG20A,0,0,1,1,0,0,0,0,0,0
AC008592.4,0,0,0,0,0,0,0,1,1,0
PTRH1,0,0,0,0,0,0,0,1,1,0
NGF,0,0,0,0,0,0,0,1,1,0
ELFN1,0,0,0,0,0,0,0,1,1,0
URB1-AS1,0,0,0,0,0,0,0,1,1,0
NUAK2,1,1,1,0,0,0,0,1,1,0
SIRT7,0,0,1,1,0,0,0,0,0,0
DCAF12,0,0,1,1,0,0,0,1,1,0
NANOGP11,0,0,0,0,0,0,0,1,1,0
SEMA6A,0,1,1,0,0,0,0,1,1,0
NUGGC,0,0,0,0,0,1,1,1,1,0
FNDC7,0,0,0,0,0,0,0,1,1,0
ESRRB,0,0,1,1,0,0,0,0,0,0
FAM174B,0,0,0,0,0,0,0,1,1,0
HERC5,0,0,0,0,0,0,0,1,1,0
PPIF,0,0,1,1,0,0,0,0,0,0
TRAV38-1,0,1,1,0,0,0,0,1,1,0
STON2,0,0,1,1,0,1,0,0,0,0
CXCL5,0,0,0,0,0,1,0,0,0,0
MRFAP1,0,0,1,1,0,0,0,0,0,0
AP001372.2,0,0,0,0,0,0,0,1,1,0
AC091133.1,0,0,0,0,0,0,0,1,1,0
ACTN2,0,0,0,0,0,0,0,1,1,0
MTRR,0,1,1,0,0,1,1,0,0,0
NIT1,1,0,0,0,0,0,0,0,0,0
CFAP58,0,1,1,0,0,0,0,0,0,0
UFL1-AS1,0,1,1,0,0,0,0,1,1,0
RGR,0,1,1,0,0,0,0,0,0,0
PYCARD,0,0,0,0,0,1,1,0,0,0
DDI2,0,0,1,1,0,0,0,0,0,0
RNASE4,0,0,0,0,0,1,1,0,0,0
SLC39A9,0,0,1,1,0,0,0,1,1,0
PRNP,0,0,1,1,0,0,0,1,1,0
NUP88,0,0,0,0,0,1,1,0,0,0
ZSCAN16-AS1,0,0,1,0,0,0,0,0,0,0
IGLC6,0,0,1,1,0,0,0,0,1,0
OLIG1,0,1,1,0,0,0,0,1,1,0
GP5,0,0,0,0,0,0,0,1,1,0
TMEM131,0,0,1,1,0,0,0,0,0,0
ACSL6,0,0,0,0,0,0,0,1,1,0
IMMT,0,0,0,0,0,1,1,0,0,0
TDP1,0,1,1,0,0,0,0,0,0,0
CLCN2,0,0,0,0,0,0,0,1,1,0
PRELID2,0,1,1,0,0,0,0,1,1,0
SLAMF6,0,0,1,1,0,0,0,0,0,0
C4BPB,0,0,1,1,0,0,0,1,1,0
COX5A,0,0,1,1,0,1,1,0,1,0
MRPL23,0,0,1,0,0,1,1,0,0,0
CREB5,0,0,0,0,0,0,0,1,1,0
RPA1,0,0,0,0,0,0,0,1,1,0
SELL,0,1,1,0,0,0,0,1,1,0
RNF213,0,0,1,1,0,0,0,0,0,0
TMEM170A,0,0,1,1,0,0,0,0,0,0
CBARP,0,0,1,1,0,0,0,0,0,0
PSMA1,0,0,1,1,0,0,0,0,0,0
CD200R1,0,0,0,0,0,0,0,1,1,0
PSMC1,0,0,1,1,0,1,1,0,1,0
H2AFY,0,0,1,1,0,0,0,0,0,0
PRPS1,0,0,0,0,0,0,0,1,1,0
BLK,0,1,1,1,0,0,0,0,0,0
ITGB8,0,0,0,0,0,0,0,1,1,0
NAA11,0,1,1,1,0,0,0,0,0,0
HUS1,0,0,1,1,0,0,0,0,0,0
AC073657.1,0,0,0,0,0,0,0,1,1,0
ZCCHC18,0,0,0,0,1,1,0,0,0,0
SRP19,0,0,1,1,0,1,1,0,0,0
IGKV4-1,0,1,1,1,0,1,1,0,0,0
LINC00700,0,1,1,1,0,0,0,0,0,0
SOHLH2,0,1,1,0,0,0,0,0,0,0
ARHGAP29,0,0,1,1,0,0,0,0,1,0
TMEM41B,0,0,0,0,0,0,0,1,1,0
GAN,0,1,1,0,0,0,0,0,0,0
YIPF2,0,0,1,1,0,1,1,0,0,0
TAF4,0,0,1,1,0,0,0,0,0,0
ESRRA,0,0,1,1,0,0,0,0,0,0
TMIGD2,0,0,1,1,0,0,0,0,0,0
ADIPOQ,0,0,0,0,0,0,0,1,1,0
COQ10A,0,0,0,0,0,0,0,1,1,0
VPS13C,1,0,1,1,0,0,0,0,0,0
GPR78,0,1,1,0,0,0,0,0,0,0
RNMT,0,0,1,1,0,0,0,0,0,0
IGFBP4,0,0,1,0,1,1,1,0,0,1
FAM180B,0,1,1,0,0,0,0,1,1,0
CLEC6A,0,0,0,0,0,0,0,1,1,0
MRPL35,1,0,1,1,0,1,1,0,0,0
SMPD3,0,1,1,0,0,0,0,0,0,0
WNT4,0,1,1,0,0,1,1,1,1,0
SEMA6C,0,0,0,0,0,0,0,1,1,0
AC004837.4,0,1,1,0,0,0,0,0,0,0
LINC01506,0,0,0,0,0,0,0,1,1,0
PXDN,0,1,1,0,0,0,0,0,0,0
PPP1R1B,0,0,1,1,0,0,0,0,1,0
HIP1,0,0,0,0,0,0,0,1,1,0
EFCAB14,0,0,1,1,0,0,0,1,1,0
L2HGDH,1,0,0,0,0,0,0,1,1,0
MYO9B,0,0,1,1,0,0,0,0,0,0
WEE1,0,0,0,0,0,1,1,0,0,0
URGCP,0,0,0,0,0,0,0,1,1,0
FANCB,0,0,0,0,0,0,0,1,1,0
GLUL,1,0,1,1,0,0,0,0,0,0
LINC00685,0,1,1,0,0,0,0,1,1,0
KCNJ10,0,0,0,0,0,0,0,1,1,0
RPS25,1,0,1,1,0,0,0,0,1,0
LSM14A,0,0,1,1,0,0,0,0,0,0
ISLR,0,0,1,1,0,0,0,0,1,0
KRIT1,0,0,1,1,0,0,0,0,0,0
ATP6V0D2,0,0,0,0,0,0,0,1,1,0
CDK4,0,0,1,1,0,0,0,0,0,0
H2BC21,1,0,0,0,0,0,0,0,0,0
CD300E,0,0,0,0,0,0,0,1,1,0
CEP350,0,0,1,1,0,0,0,0,1,0
AVPR1B,0,1,1,0,0,0,0,0,0,0
AC092159.1,0,0,0,0,0,0,0,1,1,0
CACTIN-AS1,0,0,0,0,0,0,0,1,1,0
PIK3CB,0,0,0,0,0,0,0,1,1,0
LINC01460,0,0,0,0,0,0,0,1,1,0
EFCAB14-AS1,0,1,1,0,0,0,0,0,0,0
LSM2,0,0,1,1,0,1,1,0,0,0
ARHGAP32,0,0,1,1,0,1,1,0,0,0
AC008268.1,0,1,1,0,0,0,0,0,0,0
SLC17A1,0,0,0,0,0,0,0,1,1,0
LINC01524,0,1,1,0,0,0,0,1,1,0
CREBBP,0,0,1,1,0,0,0,0,0,0
TMEM41A,0,0,1,1,0,0,0,0,0,0
NDEL1,0,0,1,1,0,0,0,1,1,0
FRGCA,0,0,0,0,0,1,1,1,1,0
WDR3,0,0,0,0,0,0,0,1,1,0
TMC8,0,0,1,1,0,0,0,0,0,0
RBKS,0,0,0,0,0,0,0,1,1,0
OR2AK2,0,0,0,0,0,0,0,1,1,0
LINC01392,0,1,1,1,0,0,0,1,1,0
NFX1,0,0,1,1,0,0,0,0,0,0
STAG1,0,0,1,1,0,0,0,0,0,0
TMEM230,0,0,0,0,0,1,1,0,0,0
RPS6,1,0,1,1,0,0,0,0,1,0
PPP2R1B,0,1,1,0,0,0,0,0,0,0
BBS4,0,0,1,0,0,0,0,0,0,0
ZNF263,0,0,1,1,0,0,0,0,0,0
TMEM101,0,0,0,0,0,0,0,1,1,0
CILP2,0,1,1,0,0,0,0,1,1,0
SMCHD1,0,1,1,0,0,0,0,0,0,0
SCGB3A1,0,0,0,0,0,0,0,1,1,0
CHIC2,0,0,1,1,0,0,0,1,1,0
ANXA3,1,0,0,0,0,0,0,0,0,0
IGKV1D-8,0,0,0,0,0,0,0,1,1,0
OR10H1,0,0,0,0,0,0,0,1,1,0
FH,0,0,0,0,0,1,1,0,0,0
LINC00467,0,0,0,0,0,1,1,1,1,0
TTC23L,0,1,1,0,0,0,0,1,1,0
SIMC1,0,0,0,0,0,0,0,1,1,0
CD99L2,0,0,0,0,0,0,0,1,1,0
GTSE1,0,0,1,0,0,1,1,0,0,0
PRR35,0,0,0,0,0,0,0,1,1,0
PRRC1,1,0,1,1,0,1,1,1,1,0
LYAR,0,0,1,1,0,0,0,0,0,0
FPR1,0,0,1,1,0,0,0,0,0,0
SYTL2,0,0,0,0,0,0,0,1,1,0
CDR2,1,0,0,0,0,0,0,0,0,0
SNF8,0,0,1,1,0,1,1,0,0,0
PAAF1,0,0,0,0,0,0,0,1,1,0
ANGEL1,0,0,0,0,0,0,0,1,1,0
RPS23,0,0,1,1,0,0,0,0,1,0
RFTN1,1,0,0,0,0,0,0,1,1,0
FGF18,0,1,1,0,0,0,0,1,1,0
AOX1,0,1,1,0,0,0,0,1,1,0
TNFAIP8L3,0,0,1,1,0,0,0,0,0,0
F3,0,0,1,1,0,0,0,0,1,0
MZF1-AS1,0,0,0,0,0,0,0,1,1,0
USP19,0,0,0,0,0,0,0,1,1,0
ZNF730,0,0,0,0,0,0,0,1,1,0
ST6GALNAC3,0,0,1,1,0,0,0,1,1,0
PLK3,0,0,1,1,0,0,0,0,0,0
C20orf194,0,0,1,1,0,0,0,0,0,0
FAM110B,0,0,1,1,0,0,0,1,1,0
FLT3,0,0,0,0,0,0,0,1,1,0
NXN,0,0,0,0,0,0,0,1,1,0
SPTLC3,0,0,1,1,0,0,0,1,1,0
ACSS2,0,0,1,1,0,0,0,0,0,0
KIF19,0,0,0,0,0,0,0,1,1,0
CSNK2B,0,0,1,1,0,1,1,0,0,0
MTFR1,0,0,0,0,0,0,0,1,1,0
SEC61A1,0,1,1,0,0,1,1,0,0,0
RPS19,0,0,1,1,0,0,0,0,1,0
MOGAT1,0,0,0,0,0,0,0,1,1,0
GSG1L,0,0,0,0,0,0,0,1,1,0
FZD4,0,1,1,0,0,0,0,0,0,0
LINC00670,0,1,1,0,0,0,0,0,0,0
LRRN4CL,0,0,0,0,0,0,0,1,1,0
SERTAD2,0,1,1,0,0,0,0,0,0,0
RPLP0,0,0,1,1,0,0,0,0,1,0
ALG6,0,0,0,0,0,0,0,1,1,0
USP6,0,0,0,0,0,0,0,1,1,0
SEH1L,0,0,1,1,0,0,0,1,1,0
CAMK4,0,0,1,1,0,0,0,0,0,0
ACSL1,0,0,1,1,0,0,0,1,1,0
XPO6,0,0,1,1,1,1,0,0,0,0
ANGPT4,0,0,0,0,0,0,0,1,1,0
ITCH,0,0,1,1,0,0,0,1,1,0
NDUFS3,0,0,1,1,0,1,1,0,1,0
GIN1,0,0,0,0,0,0,0,1,1,0
RAB6C,0,1,1,0,0,0,0,0,0,0
ZWINT,0,0,0,0,0,1,1,0,0,0
ZC2HC1B,0,1,1,0,0,1,1,0,0,0
GPT2,0,0,0,0,0,1,1,1,1,0
THYN1,0,0,1,1,0,1,1,0,0,0
MEOX2,0,0,1,1,0,0,0,1,1,0
CEP290,0,0,1,1,0,0,0,0,0,0
RNPS1,0,0,1,1,0,0,0,0,0,0
DPP9-AS1,0,0,0,0,0,0,0,1,1,0
HES7,0,1,1,0,0,0,0,0,0,0
AL132709.8,0,0,0,0,0,1,1,0,0,0
IQCG,0,1,1,0,0,0,0,0,0,0
PPP1R3C,0,0,0,0,0,0,0,1,1,0
ARMC12,0,0,0,0,0,0,0,1,1,0
AC139887.4,0,1,1,0,0,0,0,0,0,0
FA2H,0,1,1,0,0,1,1,0,0,0
TNFSF8,1,0,0,0,0,0,0,0,0,0
SNU13,0,0,1,1,0,1,1,0,1,0
LINC01115,0,1,1,1,0,0,0,1,1,0
ALDH3B2,0,1,1,0,0,0,0,0,0,0
CCL15,0,1,1,0,0,0,0,0,0,0
JADE1,0,0,1,1,0,0,0,0,0,0
AGBL1,0,0,1,1,0,0,0,0,0,0
CHSY3,0,0,1,1,0,0,0,0,1,0
SYNGR4,0,1,1,0,0,0,0,1,1,0
IGHV3-72,0,1,1,0,0,0,0,0,0,0
UCP2,0,0,0,0,0,0,0,1,0,0
PYHIN1,0,0,1,1,0,0,0,0,0,0
FGD5,0,0,0,0,0,0,0,1,1,0
LRRC17,0,0,0,0,0,0,0,0,1,0
DERL1,0,0,1,1,0,1,1,0,0,0
BSN,0,0,0,0,0,0,0,1,1,0
NDUFS2,0,0,1,1,0,1,1,0,0,0
AC125421.1,0,1,1,1,0,0,0,0,0,0
EID2,0,1,1,0,0,0,0,0,0,0
ANKRD49,0,0,1,1,0,0,0,0,0,0
MVD,0,0,1,1,0,0,0,0,0,0
TRIB3,0,0,0,0,0,1,1,0,0,0
TRAJ16,0,0,0,0,0,0,0,1,1,0
ITGB3,0,0,0,0,0,1,0,0,0,0
DDX18,0,0,1,1,0,0,0,0,0,0
DHRS2,0,1,1,1,0,0,0,0,0,0
YEATS4,1,0,0,0,0,0,0,0,0,0
IL15RA,0,0,1,1,0,1,1,0,0,0
SNAPC3,0,0,0,0,0,0,0,1,1,0
PLK2,0,1,1,0,0,0,0,1,1,0
SPACA6P-AS,0,0,0,0,0,0,0,1,1,0
EIF2S2,1,0,1,1,0,1,1,0,0,0
RAB5C,0,0,1,1,0,0,0,0,0,0
ZNF114,0,0,0,0,0,0,0,1,1,0
C2CD2,0,0,0,0,0,0,0,1,1,0
SLAMF7,0,0,0,0,0,1,1,0,0,0
BRD3,1,0,1,1,0,0,0,0,0,0
UBXN8,0,1,1,0,0,0,0,0,0,0
RUNX3,1,0,1,1,0,0,0,0,0,0
GOSR1,0,0,1,1,0,0,0,0,0,0
TRERNA1,0,0,0,0,0,0,0,1,1,0
ARL6,0,0,0,0,0,0,0,1,1,0
HSPA9,0,0,1,1,0,0,0,0,0,0
SGTA,0,0,1,1,0,1,1,0,0,0
NOC4L,0,0,0,0,0,1,1,1,1,0
PIGH,1,0,0,0,0,0,0,0,0,0
MED26,0,0,0,0,0,0,0,1,1,0
LINC00421,0,1,1,0,0,0,0,0,0,0
CC2D1A,0,0,1,1,0,0,0,0,0,0
VCPIP1,0,0,1,0,0,0,0,0,0,0
ARSA,0,0,0,0,0,1,1,0,0,0
CR2,0,0,1,1,0,0,0,0,0,0
LURAP1,0,0,1,1,0,0,0,0,1,0
COPS7B,0,0,1,1,0,0,0,1,1,0
B4GALNT3,0,0,0,0,0,0,0,1,1,0
UBAP1,0,0,1,1,0,0,0,1,1,0
FAM160A2,0,0,1,1,0,0,0,1,1,0
PDXDC1,0,0,1,1,0,0,0,0,0,0
GRIN1,0,0,1,1,0,0,0,1,1,0
PREX2,0,0,0,0,0,0,0,1,1,0
NPR3,0,1,1,0,0,0,0,1,1,0
MYRFL,0,0,0,0,0,0,0,1,1,0
ARHGAP31-AS1,0,0,0,0,0,0,0,1,1,0
H1FX-AS1,0,0,0,0,0,0,0,1,1,0
CFH,1,0,0,0,0,0,0,0,0,0
PHLDA1,0,0,1,1,0,0,0,0,0,0
LAPTM5,0,1,1,1,0,0,0,0,0,0
POTEF,0,0,0,0,0,0,0,1,1,0
PCDH11X,0,0,0,0,0,0,0,1,1,0
PCDH9-AS1,0,0,1,1,0,0,0,0,0,0
GPR171,0,0,1,1,0,0,0,0,0,0
INIP,0,0,1,0,0,0,0,0,0,0
WWC2-AS1,0,1,1,0,0,0,0,0,0,0
MESTIT1,0,1,1,0,0,0,0,0,0,0
PBX4,0,0,1,1,0,0,0,0,0,0
PROSER3,0,0,1,1,0,0,0,0,0,0
DLX5,0,1,1,1,0,0,0,0,0,0
HMGCL,0,0,0,0,0,0,0,1,1,0
SLC7A4,0,0,0,0,0,0,0,1,1,0
MARCH10,0,1,1,0,0,0,0,1,1,0
RMI1,0,0,0,0,0,0,0,1,1,0
NAGLU,1,1,1,0,0,0,0,0,0,0
PRELID1,0,1,1,1,0,1,1,0,1,0
ELK4,0,0,1,1,0,0,0,0,0,0
TMEM155,0,1,1,1,0,0,0,0,0,0
COG2,0,1,1,0,0,0,0,0,0,0
LINC00535,0,1,1,0,0,0,0,0,1,0
CMTM6,0,0,1,1,0,0,0,0,0,0
ABCG2,0,0,1,0,0,0,0,1,1,0
RIMS2,0,0,0,0,0,0,0,1,1,0
PHAX,0,0,1,1,0,1,1,0,0,0
CAPNS1,0,0,0,0,0,1,1,0,0,0
TMED2,0,0,1,1,0,1,1,0,0,0
LINC00500,0,0,1,1,0,0,0,0,1,0
ZBTB21,0,0,0,0,0,0,0,1,1,0
ZNF721,1,0,1,1,0,0,0,0,0,0
HNF1B,0,0,1,1,0,0,0,0,0,0
FBRSL1,0,0,0,0,0,0,0,1,1,0
KLHL30,0,1,1,0,0,0,0,1,1,0
CNTN4,0,0,0,0,0,0,0,1,1,0
MRRF,0,0,0,0,0,0,0,1,1,0
CPEB2,0,0,0,0,0,0,0,1,1,0
ACADVL,0,0,1,1,0,1,1,0,0,0
CHST5,0,0,0,0,0,0,0,1,1,0
RPL41,1,0,1,1,0,0,0,1,1,0
ASAP3,0,1,1,1,0,0,0,1,1,0
SSPO,0,1,1,0,0,0,0,0,0,0
AFF4,0,0,1,1,0,0,0,0,0,0
ARG1,0,0,0,0,0,0,0,1,1,0
E2F2,0,0,0,0,0,1,1,0,0,0
PLOD1,0,0,1,1,0,1,1,1,1,0
COX7B,0,0,1,1,0,1,1,0,1,0
PSAT1,0,0,0,0,0,1,1,0,0,0
HNRNPCL1,0,0,0,0,0,0,0,1,1,0
ZNF609,0,0,1,0,0,0,0,1,1,0
NSUN3,0,0,0,0,0,0,0,1,1,0
CS,0,0,1,1,0,0,0,0,0,0
LENG8-AS1,0,0,0,0,0,0,0,1,1,0
SLC9A4,0,0,0,0,0,0,0,1,1,0
MYH9,0,0,1,1,0,0,0,0,0,0
TMEM254,0,0,0,0,0,0,0,1,1,0
WNT5B,0,1,1,0,0,1,1,1,1,0
ZNF331,0,0,1,1,0,0,0,0,0,0
SFSWAP,1,0,1,1,0,0,0,0,0,0
CHRNA9,0,1,1,0,0,0,0,1,0,0
SMIM8,0,0,0,0,0,0,0,1,1,0
RGMB-AS1,0,1,1,0,0,0,0,0,0,0
PUM2,0,0,1,1,0,0,0,0,0,0
SPTSSB,0,1,1,0,0,0,0,1,1,0
KDM7A,0,0,1,1,0,0,0,0,0,0
FBP2,0,1,1,0,0,0,0,0,0,0
PUS7L,0,0,1,1,0,0,0,0,0,0
AC055764.1,0,1,1,0,0,0,0,0,0,0
KLF3-AS1,1,0,0,0,0,0,0,0,0,0
MAATS1,0,0,0,0,0,0,0,1,1,0
PGAM2,0,1,1,0,0,0,0,1,1,0
MRTO4,0,0,0,0,0,0,0,1,1,0
SURF1,0,0,1,1,0,1,1,0,0,0
LGALS7B,0,0,0,0,0,0,0,1,1,0
POMP,0,0,1,1,0,0,0,0,1,0
FAM204A,0,0,1,1,0,0,0,0,0,0
SLC37A2,0,1,1,0,0,0,0,0,0,0
DOCK4-AS1,0,0,0,0,0,0,0,1,1,0
MT-ND4,0,0,1,1,0,0,0,0,1,0
ZNF428,0,0,1,1,0,0,0,0,0,0
SH2D4B,0,0,0,0,0,0,0,1,1,0
ST8SIA4,0,0,1,1,0,1,1,1,1,0
CCDC124,0,0,1,1,0,1,1,0,0,0
LINC01228,0,0,0,0,0,0,0,1,1,0
APMAP,0,0,1,0,0,0,0,1,1,0
ZNF736,0,0,0,0,0,0,0,1,1,0
NSRP1,0,0,1,1,0,0,0,0,0,0
IGLC7,0,0,1,1,0,0,0,1,1,0
ZRANB1,0,0,1,1,0,0,0,1,1,0
NEURL3,0,1,1,0,0,0,0,1,1,0
ABHD3,0,0,0,0,0,0,0,1,1,0
HHIPL2,0,0,0,0,0,0,0,1,1,0
RXRB,0,0,0,0,0,0,0,1,1,0
OTULIN,0,0,1,1,0,0,0,0,0,0
NAIF1,0,1,1,0,0,0,0,1,1,0
OXSR1,0,0,1,0,0,0,0,0,0,0
NARS,0,0,1,1,0,0,0,0,0,0
ZNF865,0,0,0,0,0,0,0,1,1,0
NR1I2,0,0,0,0,0,0,0,1,1,0
TRPA1,0,1,1,1,0,0,0,0,0,0
FADD,0,0,1,1,0,1,1,0,0,0
BAG3,0,0,0,0,0,0,0,1,1,0
ENDOG,0,0,0,0,0,1,1,0,0,0
NDUFB3,0,0,1,1,0,1,1,0,1,0
DOLPP1,1,0,0,0,0,0,0,0,0,0
SLC2A10,0,0,1,1,0,0,0,1,1,0
SLC6A1,0,1,1,0,0,0,0,0,0,0
MED7,0,1,1,0,0,0,0,0,0,0
KLK11,0,0,0,0,0,0,0,1,1,0
AC004158.1,0,0,0,0,0,0,0,1,1,0
C14orf28,0,1,1,0,0,0,0,0,0,0
TMEM256,0,0,0,0,0,1,1,1,1,0
ARSJ,0,0,0,0,0,0,0,1,1,0
PRKAR2B,0,1,1,0,0,1,0,1,1,0
KAT5,0,0,1,1,0,0,0,0,0,0
RP9,0,0,1,1,0,0,0,0,0,0
ADAM23,0,0,0,0,0,0,0,1,1,0
VWA3B,0,0,0,0,0,0,0,1,1,0
MARK3,0,0,1,1,0,0,0,0,0,0
ADGRE5,0,0,1,1,0,0,0,1,1,0
MT-ND2,0,0,1,1,0,0,0,0,1,0
LINC01259,0,0,0,0,0,0,0,1,1,0
ITIH2,0,1,1,0,0,0,0,1,1,0
S100A3,0,0,0,0,0,0,0,1,1,0
CDH15,0,0,0,0,0,0,0,1,1,0
VPS35,0,0,1,1,0,0,0,0,0,0
ENTPD6,0,0,1,1,0,0,0,0,0,0
ARFRP1,0,0,0,0,0,0,0,1,1,0
UBE2G2,0,0,1,1,0,0,0,0,0,0
GOLGA5,0,0,0,0,0,1,1,0,0,0
DMAP1,0,0,0,0,0,0,0,1,1,0
PIK3C3,0,0,1,1,0,0,0,0,0,0
EFNB3,0,1,1,0,0,0,0,0,0,0
DENND2D,0,0,1,1,0,0,0,0,0,0
HCG18,0,0,1,1,0,0,0,0,0,0
KIR2DL1,0,1,1,1,0,0,0,0,0,0
MORC1,0,1,1,1,0,0,0,0,0,0
C17orf100,0,0,0,0,0,0,0,1,1,0
ZNF746,0,0,0,0,0,0,0,1,1,0
COL8A1,0,1,1,0,0,0,0,1,1,0
CNOT3,0,0,0,0,0,0,0,1,1,0
YY1AP1,0,0,1,1,0,0,0,1,1,0
CCNK,0,0,1,1,0,0,0,0,0,0
SLC35D3,0,1,1,0,0,0,0,0,0,0
S1PR5,0,1,1,0,0,0,0,0,0,0
PCDHGA4,0,1,1,1,0,0,0,0,0,0
RBM8A,0,0,1,1,0,0,0,0,1,0
TAF6,1,0,0,0,0,0,0,1,1,0
MMGT1,0,0,0,0,0,0,0,1,1,0
WDR83OS,0,0,1,1,0,1,1,0,0,0
PCDHGB6,0,1,1,0,0,0,0,1,1,0
AP3D1,0,0,1,1,0,1,1,1,0,0
STX2,0,0,1,0,0,0,0,0,0,0
MARK1,0,0,0,0,0,1,1,0,0,0
SBSPON,0,0,0,0,0,0,0,1,1,0
ALDH3B1,0,0,1,1,0,0,0,1,1,0
STARD13,0,0,1,1,0,0,0,1,1,0
TDRKH,0,0,0,0,0,0,0,1,1,0
PLPPR4,0,0,0,0,1,1,0,0,0,0
ZNF541,0,0,0,0,0,0,0,1,1,0
PSMG3,0,0,1,1,0,1,1,0,0,0
FAM89B,0,0,0,0,0,1,1,1,1,0
CPXM1,0,0,0,0,0,0,0,1,1,0
PCDHGA11,0,0,1,1,0,0,0,1,1,0
SLC35A4,0,0,0,0,0,0,0,1,1,0
POLR3C,0,0,1,1,0,0,0,0,0,0
IL36A,0,0,0,0,0,0,0,1,1,0
PAK6,0,1,1,0,0,0,0,1,1,0
PCBP1,1,0,1,1,0,1,1,0,0,0
PTPDC1,0,1,1,0,0,0,0,1,1,0
CLIP2,0,0,0,0,0,1,1,0,0,0
RBM27,0,0,1,1,0,0,0,0,0,0
DHX35,0,1,1,1,0,0,0,1,1,0
C8orf74,0,1,1,1,0,0,0,0,0,0
FHOD1,1,0,0,0,0,0,0,1,1,0
CTBP1-AS,0,1,1,0,0,0,0,0,0,0
SLF1,0,0,1,1,0,0,0,1,1,0
ARID1B,0,1,1,0,0,0,0,1,1,0
ATP6V0D1,0,0,1,1,0,0,0,0,0,0
TES,0,0,1,1,0,0,0,0,0,0
NLRC5,0,0,1,1,1,1,0,1,1,0
TRBV12-3,0,1,1,0,0,0,0,0,0,0
PBX3,0,0,1,1,0,0,0,0,0,0
PYROXD1,0,0,1,1,0,0,0,0,0,0
HIST1H3H,0,0,0,0,0,1,0,0,0,0
SLC4A5,0,1,1,0,0,0,0,1,1,0
PDE6H,0,1,1,0,0,0,0,1,1,0
ENSA,1,0,1,1,0,0,0,0,0,0
MAP3K3,0,0,1,1,0,0,0,0,0,0
TRAFD1,1,0,0,0,0,0,0,1,1,0
MNX1,0,0,1,1,0,0,0,0,0,0
SLC25A26,0,0,0,0,0,0,0,1,1,0
OPLAH,1,0,0,0,0,0,0,0,0,0
APOC2,0,0,1,1,0,0,0,0,0,0
MMRN1,0,0,1,1,0,0,0,1,1,0
LINC01624,0,0,0,0,0,0,0,1,1,0
KIAA0753,0,0,0,0,0,0,0,1,1,0
PPM1J,0,0,0,0,0,0,0,1,1,0
SLC25A30-AS1,0,1,1,0,0,0,0,1,1,0
SUCLA2,1,0,1,1,0,0,0,0,0,0
INPP5K,0,0,0,0,0,0,0,1,1,0
NUFIP2,0,0,1,1,0,0,0,0,0,0
HDGF,0,0,0,0,0,1,1,0,0,0
RPL30,0,0,1,1,0,0,0,0,1,0
POF1B,0,1,1,0,0,0,0,0,0,0
TRIM44,0,0,1,1,0,0,0,1,1,0
GTF3A,0,0,1,1,0,0,0,0,0,0
BDNF,0,1,1,0,0,0,0,0,0,0
LCMT1,0,0,0,0,0,1,1,1,1,0
GRIA3,0,1,1,0,0,0,0,0,0,0
DPH1,0,0,0,0,0,0,0,1,1,0
RRAS,0,1,1,1,0,0,0,0,0,0
MRPL40,0,0,0,0,0,1,1,0,0,0
STX5,0,0,1,1,0,0,0,0,0,0
CHTF8,0,0,1,1,0,0,0,1,1,0
CMIP,0,0,1,1,0,0,0,0,0,0
OMG,0,1,1,0,0,0,0,0,0,0
SRBD1,0,1,1,0,0,0,0,0,0,0
CNBP,0,0,1,1,0,0,0,0,0,0
PRKAG2,0,0,1,1,0,0,0,0,0,0
STRADB,0,0,1,1,0,0,0,0,0,0
NNT-AS1,0,0,1,0,0,0,0,0,0,0
ASCL2,0,0,0,0,0,0,0,1,1,0
TYMS,0,0,0,0,0,1,1,0,0,0
SLC18A2,0,1,1,0,0,0,0,0,0,0
H2AFB1,0,1,1,0,0,0,0,0,0,0
CYTH2,0,0,1,1,0,0,0,0,0,0
KLF6,0,0,1,1,0,0,0,0,0,0
RNF113A,0,0,1,0,0,0,0,0,0,0
KCNJ2,0,0,0,0,0,0,0,1,1,0
GOLGA6L4,0,0,0,0,0,0,0,1,1,0
TRBV7-3,0,0,0,0,0,0,0,1,1,0
DPY19L2,0,1,1,0,0,0,0,0,0,0
APC,0,0,1,1,0,0,0,0,0,0
DUSP11,0,0,1,1,0,0,0,0,0,0
INHA,0,1,1,0,0,0,0,0,0,0
NOM1,0,0,1,1,0,0,0,0,0,0
NUP153,0,0,1,1,0,0,0,0,0,0
SCG5,0,1,1,0,0,0,0,0,0,0
SH2D5,0,0,0,0,0,0,0,1,1,0
RFPL4AL1,0,1,1,0,0,0,0,1,1,0
U91324.1,0,1,1,0,0,0,0,0,0,0
TTF2,0,0,1,1,0,0,0,0,0,0
GAGE1,0,1,1,0,0,0,0,0,0,0
RAB33A,0,0,0,0,0,1,1,0,0,0
APOBEC3B,0,0,0,0,0,1,1,1,1,0
GUK1,0,0,0,0,0,1,1,0,0,0
PLEKHH3,0,0,0,0,0,0,0,1,1,0
MYCNOS,0,1,1,0,0,0,0,0,0,0
ATF6,1,0,1,1,0,0,0,0,0,0
ALPL,0,1,1,0,1,1,0,0,0,0
GOLGA2,0,0,1,1,0,0,0,0,0,0
SLC30A4,0,0,0,0,1,1,1,0,0,1
TMEM70,0,0,1,1,0,1,1,0,0,0
CXorf21,0,0,0,0,0,0,0,1,1,0
CYP17A1,0,0,0,0,0,0,0,1,1,0
MAMLD1,1,0,1,1,0,0,0,1,1,0
TAS2R13,0,1,1,0,0,0,0,0,0,0
FUZ,1,0,0,0,0,0,0,1,1,0
SYN1,0,1,1,0,0,0,0,1,1,0
GGT2,0,1,1,0,0,0,0,1,1,0
UBE2Z,0,0,1,1,0,0,0,0,0,0
EFEMP2,0,0,0,0,0,0,0,0,1,0
SCP2,0,0,1,1,0,1,1,0,0,0
EPB41L4A-AS1,0,0,1,0,0,0,0,0,0,0
CHCHD4,0,0,1,1,0,0,0,0,0,0
XRCC4,0,0,0,0,0,1,1,0,0,0
AC019117.2,0,1,1,1,0,0,0,1,1,0
OGFOD3,0,0,1,1,0,1,1,1,1,0
MAGEH1,0,0,0,0,0,1,1,1,1,0
BBX,0,0,1,1,0,0,0,0,0,0
AIM2,0,0,1,1,0,1,1,1,1,0
TPM3,0,0,0,0,0,0,0,1,0,0
ATP11A,0,0,1,1,0,0,0,0,0,0
ITGAX,0,0,1,1,0,0,0,1,1,0
GEN1,0,0,0,0,0,1,1,1,1,0
MYOM1,1,0,0,0,0,0,0,1,1,0
TANC1,0,0,0,0,0,0,0,1,1,0
NID1,0,0,0,0,0,0,0,1,1,0
SMAD2,0,0,1,1,0,0,0,0,0,0
DNALI1,0,0,0,0,0,0,0,1,1,0
UGDH,0,0,0,0,0,1,1,0,0,0
TOPORS,0,0,1,1,0,0,0,0,0,0
TMLHE-AS1,0,1,1,0,0,0,0,1,1,0
VIPR2,0,1,1,1,0,0,0,1,1,0
RAB29,0,0,1,1,0,0,0,0,0,0
LINC01445,0,1,1,0,0,0,0,0,0,0
GSE1,0,0,1,1,0,0,0,0,0,0
LIPJ,0,0,0,0,0,0,0,1,1,0
GFRAL,0,0,0,0,0,0,0,1,1,0
COMMD1,0,0,1,1,0,1,1,1,1,0
XG,0,1,1,0,0,0,0,0,0,0
SPIN4,0,1,1,0,0,0,0,0,0,0
TXLNG,0,0,0,0,0,0,0,1,1,0
BCL7A,0,1,1,0,0,1,1,0,0,0
FOXP4-AS1,0,0,0,0,0,0,0,1,1,0
PMFBP1,0,0,0,0,0,0,0,1,1,0
TUSC8,0,1,1,0,0,0,0,0,0,0
NUMB,0,0,1,1,0,0,0,1,1,0
ECHDC1,0,0,0,0,0,1,1,0,0,0
RAB24,0,0,0,0,0,0,0,1,1,0
PLOD2,0,0,0,0,0,0,0,1,1,0
ME2,0,0,1,1,0,0,0,0,0,0
USP47,0,0,1,1,0,0,0,0,0,0
LILRB5,0,0,1,1,0,0,0,1,1,0
RNF125,0,0,0,0,0,0,0,1,1,0
MFSD11,0,0,1,1,0,0,0,0,0,0
HRG,0,0,0,0,0,0,0,1,1,0
TEKT2,0,1,1,0,0,0,0,0,0,0
MLKL,0,0,1,1,0,1,1,0,0,0
PAPSS2,0,0,1,1,0,0,0,1,1,0
RHOQ,0,0,1,1,0,0,0,0,0,0
DNASE1L3,0,0,0,0,0,0,0,1,1,0
LGMN,0,0,1,1,0,1,1,1,1,0
MFSD3,0,0,0,0,0,1,1,0,0,0
OR2A1-AS1,0,0,0,0,0,0,0,1,1,0
RTCA,0,0,1,0,0,1,1,0,0,0
RBMS3,0,0,0,0,0,0,0,1,1,0
TMEM220,0,0,1,0,0,0,0,0,0,0
C22orf42,0,0,0,0,0,0,0,1,1,0
C8orf34-AS1,0,0,0,0,0,1,1,0,0,0
SLC27A5,0,0,0,0,0,1,1,0,0,0
VWA5B1,0,0,0,0,0,0,0,1,1,0
ARNT2,0,0,0,0,0,0,0,1,1,0
TUBA4B,0,0,0,0,0,0,0,1,1,0
KCNMA1,0,0,1,1,0,1,1,0,1,0
FOXI2,0,0,0,0,0,0,0,1,1,0
KIAA2012,0,1,1,0,0,0,0,1,1,0
PGC,0,0,0,0,0,0,0,1,1,0
NME2,0,1,1,0,0,0,0,0,0,0
PPP1R42,0,0,0,0,0,0,0,1,1,0
TSSK6,0,0,0,0,0,0,0,1,1,0
L3MBTL1,0,1,1,0,0,0,0,1,1,0
FAM133B,0,0,1,1,0,0,0,0,0,0
ILKAP,0,0,1,1,0,0,0,1,1,0
CCDC51,1,0,0,0,0,0,0,0,0,0
NUDT10,0,0,1,1,0,0,0,0,1,0
TRBV6-1,0,0,0,0,0,0,0,1,1,0
AF131216.1,0,1,1,0,0,0,0,1,1,0
MAT2A,0,0,1,1,0,0,0,0,0,0
STARD6,0,0,0,0,0,0,0,1,1,0
SERPIND1,0,0,0,0,0,0,0,0,1,0
MYH7B,0,0,0,0,0,0,0,1,1,0
TICAM1,0,0,1,1,0,0,0,0,0,0
C17orf97,0,0,0,0,0,0,0,1,1,0
ZNF578,0,1,1,1,0,0,0,1,1,0
CUL5,0,0,1,1,0,0,0,0,0,0
VMA21,0,0,1,0,0,1,1,1,1,0
IRF2,0,0,1,1,0,0,0,0,0,0
NUPR1,0,0,1,0,0,0,0,1,1,0
CASP7,0,0,0,0,0,1,1,0,0,0
CAMKMT,0,0,0,0,0,1,1,1,1,0
MT-ND3,0,0,1,1,0,0,0,0,1,0
F2RL1,1,0,0,0,0,0,0,1,1,0
COBL,0,0,0,0,0,0,0,1,1,0
LINC00683,0,0,0,0,0,0,0,1,1,0
ZNF20,0,1,1,0,0,0,0,0,0,0
BCL9,1,0,0,0,0,0,0,0,0,0
MET,0,1,1,0,0,1,1,0,0,0
LILRA3,1,0,0,0,0,0,0,0,0,0
MLH3,0,0,1,0,0,0,0,0,0,0
CDC37,0,0,1,1,0,0,0,0,0,0
COX7A2L,0,0,1,1,0,1,1,0,0,0
CAMSAP3,0,0,0,0,0,0,0,1,1,0
S100A5,0,0,0,0,0,0,0,1,1,0
ZNF738,0,1,1,0,0,0,0,0,0,0
HSPA14,0,0,1,0,0,0,0,0,0,0
TMEM51,0,0,0,0,0,0,0,1,1,0
ASAH2B,0,0,0,0,0,0,0,1,1,0
TRBV7-7,0,0,0,0,0,0,0,1,1,0
PSMB8-AS1,0,1,1,0,0,0,0,0,0,0
FRZB,0,0,1,1,0,1,1,0,1,0
FCAR,0,0,1,1,0,0,0,1,1,0
PPP1R18,0,0,1,1,0,0,0,0,0,0
SPSB3,0,0,1,1,0,0,0,0,0,0
TMEM168,0,0,0,0,0,0,0,1,1,0
ARHGAP44,0,1,1,0,0,0,0,1,1,0
SGCE,0,1,1,1,0,1,1,1,1,0
ZMAT2,0,0,1,1,0,0,0,0,0,0
TRAPPC3L,0,0,0,0,0,1,0,1,1,0
HOXD8,0,0,0,0,0,0,0,0,1,0
ZNF287,0,1,1,0,0,0,0,0,0,0
TIMM8B,0,0,1,1,0,1,1,0,0,0
EIF3E,0,1,1,0,0,0,0,0,0,0
WNT5A,0,0,1,1,0,0,0,0,0,0
CDON,0,0,0,0,0,0,0,1,1,0
SLC16A8,0,0,1,1,0,0,0,0,0,0
ADCYAP1R1,0,1,1,0,0,0,0,0,0,0
NR2F1,0,0,0,0,0,0,0,0,1,0
NRN1L,0,1,1,0,0,0,0,1,1,0
TSPAN7,0,0,0,0,0,0,0,1,1,0
SOCS3,0,0,0,0,0,0,0,1,1,0
COX5B,0,0,1,1,0,1,1,0,1,0
PAPOLA,0,0,1,1,0,0,0,0,0,0
DLGAP4,0,0,0,0,0,0,0,1,1,0
POLH,1,0,0,0,0,0,0,0,0,0
DACT1,0,0,1,0,0,0,0,1,1,0
EVI5L,0,1,1,0,0,1,1,1,1,0
CD99,0,0,1,1,0,1,1,0,0,0
BPTF,0,0,1,1,0,0,0,0,1,0
GPRC5A,0,0,1,0,0,0,0,0,0,0
OLFML3,0,0,1,1,0,0,0,1,1,0
APOE,0,0,0,0,0,0,0,1,1,0
SLC12A8,0,0,0,0,0,1,1,1,1,0
TRAPPC13,0,0,0,0,0,0,0,1,1,0
MCHR2,0,1,1,0,0,0,0,0,0,0
NOC2L,0,0,1,1,0,0,0,0,0,0
ECEL1,0,0,0,0,0,0,0,1,1,0
GPR158,0,1,1,0,0,0,0,0,0,0
CDH26,0,0,1,1,0,0,0,1,1,0
KCNN3,0,1,1,0,0,1,1,1,1,0
HIF1AN,0,0,1,0,0,0,0,0,0,0
TAB1,0,0,1,0,0,0,0,0,0,0
CNN1,0,1,1,0,0,0,0,0,0,0
C11orf49,0,0,0,0,0,0,0,1,1,0
GALNT14,0,1,1,1,0,1,1,1,1,0
ZNF271P,1,0,0,0,0,0,0,0,0,0
PARP2,0,0,0,0,0,1,1,0,0,0
RAB42,0,0,1,1,0,0,0,1,1,0
MCPH1,0,0,1,1,0,0,0,0,0,0
TMEM238,0,1,1,0,0,0,0,0,0,0
MRPL19,0,0,1,1,0,1,1,1,1,0
ZNF81,0,1,1,1,0,0,0,0,0,0
SLC35E1,0,0,1,1,0,0,0,0,0,0
RPRD2,0,0,1,1,0,0,0,0,0,0
BIVM,0,0,0,0,0,0,0,1,0,0
PDIA3,0,0,1,1,0,1,1,1,1,0
THEMIS2,0,0,1,1,0,0,0,0,0,0
CEP76,0,0,0,0,0,0,0,1,1,0
NPAS3,0,0,0,0,0,0,0,1,1,0
KL,0,0,0,0,0,0,0,1,1,0
SLC25A1,0,0,1,1,0,0,0,1,1,0
SMARCA4,0,0,1,1,0,0,0,1,1,0
PEBP1,0,0,1,1,0,1,1,0,0,0
SOS2,0,0,1,1,0,0,0,0,0,0
IVNS1ABP,0,0,1,1,0,0,0,0,0,0
HNRNPU,0,0,1,1,0,0,0,0,1,0
UROD,0,0,0,0,0,0,0,1,1,0
PLSCR4,0,0,0,0,0,0,0,0,1,0
SPC24,0,0,0,0,0,1,1,0,0,0
OAF,0,0,0,0,0,0,0,1,1,0
FBXO9,0,0,1,1,0,0,0,0,0,0
ZNF704,0,0,0,0,0,0,0,1,1,0
SPRED1,0,1,1,1,0,0,0,1,1,0
AC147651.1,0,0,0,0,0,1,0,0,0,0
SFTPA1,0,0,0,0,0,0,0,1,1,0
ADGRB1,0,0,0,0,0,0,0,1,1,0
SGK1,0,1,1,1,0,0,0,1,1,0
ALOX12,0,1,1,0,0,1,0,1,1,0
TGDS,0,0,0,0,0,1,1,0,0,0
LINC00332,0,1,1,1,0,0,0,0,0,0
VSTM1,0,0,0,0,0,0,0,1,1,0
C16orf89,0,0,0,0,0,0,0,0,1,0
AQP4-AS1,0,0,0,0,0,0,0,1,1,0
HP1BP3,0,0,1,1,0,0,0,0,1,0
AC007950.2,0,1,1,0,0,0,0,0,0,0
PSMF1,0,0,1,1,0,1,1,0,0,0
PIGO,0,0,0,0,0,0,0,1,1,0
GRASP,0,0,1,1,0,0,0,0,0,0
PCDHA10,0,0,0,0,0,0,0,1,1,0
ELF5,0,1,1,0,0,0,0,1,1,0
RBM47,0,1,1,1,0,1,1,0,0,0
ANKRD30BL,0,1,1,0,0,0,0,0,0,0
TMCC3,0,0,1,0,0,0,0,0,0,0
SLC26A6,0,1,1,0,0,0,0,1,1,0
EXOSC7,0,0,1,1,0,1,1,1,1,0
ZMYND10,0,1,1,0,0,0,0,1,1,0
NFIC,0,0,1,1,0,0,0,1,1,0
C1QTNF3,0,0,0,0,0,0,0,1,1,0
FGFR2,0,0,0,0,0,0,0,1,1,0
ME3,0,0,0,0,0,0,0,1,1,0
AC009227.2,0,1,1,1,1,1,0,0,0,0
TLR6,0,0,0,0,0,0,0,1,1,0
PCDHB4,0,0,1,1,0,0,0,0,1,0
PHOX2A,0,1,1,0,0,0,0,1,1,0
LINC01269,0,1,1,0,0,0,0,1,1,0
TMEM175,0,0,0,0,0,0,0,1,1,0
CLTB,0,0,0,0,0,1,1,0,1,0
CLSTN3,0,0,0,0,0,0,0,1,1,0
DSCR8,0,1,1,0,0,0,0,0,0,0
RUFY3,0,0,1,1,0,0,0,0,0,0
ADIPOR1,0,1,1,0,0,0,0,1,1,0
EEF2,0,1,1,0,0,0,0,0,0,0
PTPRT,0,0,0,0,0,0,0,1,1,0
ABHD15-AS1,0,1,1,0,0,0,0,1,1,0
DOK1,0,0,0,0,0,0,0,1,1,0
S100A12,0,0,0,0,0,0,0,0,1,0
NTN4,0,0,0,0,0,0,0,1,1,0
MTRNR2L10,0,0,1,1,0,0,0,1,1,0
TAL2,0,0,1,1,0,0,0,0,0,0
RPL23A,1,0,1,1,0,0,0,0,1,0
ZNF18,0,1,1,0,0,0,0,1,1,0
SGMS1-AS1,0,0,0,0,0,0,0,1,1,0
ZNF138,0,1,1,0,0,0,0,1,1,0
KREMEN1,0,0,0,0,0,0,0,1,1,0
CDC14A,1,1,1,0,0,0,0,0,0,0
LINC00937,0,0,0,0,0,0,0,1,1,0
ID4,0,0,1,1,0,0,0,1,1,0
PFKFB4,1,1,1,0,0,0,0,0,0,0
CHRNA3,0,0,0,0,0,0,0,1,1,0
LRRD1,0,0,0,0,0,0,0,1,0,0
MARCHF6,1,0,0,0,0,0,0,0,0,0
NLGN4Y,0,0,0,0,0,1,1,0,0,0
CASP8AP2,0,0,1,1,0,0,0,0,0,0
DCHS2,0,0,0,0,0,0,0,1,1,0
ATG4C,0,0,0,0,0,0,0,1,1,0
GEMIN5,0,0,0,0,0,0,0,1,1,0
TLR10,0,0,1,1,0,1,1,0,0,0
LINC00840,0,1,1,0,0,0,0,0,0,0
CKS1B,0,0,1,1,0,0,0,0,0,0
AAK1,0,0,1,1,0,0,0,1,1,0
VPS13A-AS1,0,1,1,0,0,0,0,1,1,0
BEX1,0,1,1,0,0,0,0,1,1,0
SOWAHD,0,0,0,0,0,1,1,1,1,0
EGR2,0,1,1,1,0,1,1,1,1,0
SLC45A3,0,1,1,0,0,0,0,0,1,0
SOX9,0,0,0,0,0,0,0,0,1,0
LINC01580,0,1,1,1,0,0,0,0,0,0
VRK3,1,0,0,0,0,0,0,1,1,0
CCDC150,0,0,0,0,0,0,0,1,1,0
WNT2B,0,0,0,0,0,0,0,1,1,0
OBSCN,0,1,1,0,0,0,0,0,0,0
MARCH7,0,0,1,1,0,0,0,0,0,0
PPP6R3,0,0,1,0,0,0,0,0,0,0
DCAF15,0,0,0,0,0,0,0,1,1,0
FLRT3,0,0,0,0,0,0,0,1,1,0
MSC-AS1,0,0,0,0,0,1,1,0,0,0
BAG5,1,0,1,1,0,0,0,0,0,0
AANAT,0,1,1,0,0,0,0,0,0,0
ELAVL1,0,0,0,0,0,1,1,0,0,0
USP11,0,0,0,0,0,0,0,1,1,0
CAPZA2,0,0,1,1,0,0,0,0,0,0
PHACTR3,0,1,1,0,0,0,0,1,1,0
TPRA1,0,0,1,1,0,1,1,0,0,0
RFXANK,0,0,1,1,0,1,1,0,0,0
ZBTB9,0,1,1,0,0,0,0,1,1,0
PTGIR,0,0,1,1,0,0,0,1,1,0
FZD1,0,0,1,1,0,0,0,1,1,0
EIF4EBP1,0,0,1,1,0,0,0,0,0,0
EXOSC3,0,0,1,1,0,0,0,0,0,0
GPR39,0,0,0,0,0,0,0,1,1,0
XYLT2,0,0,0,0,0,0,0,1,1,0
ACTR3B,0,0,0,0,0,0,0,1,1,0
RPL31,0,0,1,1,0,0,0,0,1,0
PAH,0,0,0,0,0,0,0,1,1,0
SEC16A,0,0,1,1,0,0,0,0,0,0
LOXL3,0,0,1,0,0,0,0,1,1,0
MX1,0,0,0,0,0,0,0,1,1,0
KCNH6,0,0,0,0,0,0,0,1,1,0
AC073218.1,0,1,1,0,0,0,0,0,0,0
N6AMT1,1,0,0,0,0,0,0,1,1,0
NDUFB4,0,0,1,0,0,1,1,0,1,0
FCGR2A,0,1,1,1,0,0,0,0,0,0
PRELID3A,0,1,1,0,0,0,0,1,1,0
AC092580.4,0,1,1,1,0,0,0,1,1,0
PAICS,0,0,0,0,0,1,1,0,0,0
SLITRK4,0,0,0,0,0,0,0,1,1,0
SAP25,0,0,1,1,0,0,0,1,1,0
RHOU,0,0,0,0,0,0,0,1,1,0
SPOCK2,0,0,1,1,0,0,0,0,0,0
LINC00702,0,0,0,0,0,0,0,1,1,0
IER3IP1,1,0,1,1,0,1,1,0,0,0
IGKV1OR2-108,0,1,1,0,0,1,1,1,1,0
PPP1R14A,0,0,1,1,0,1,1,1,1,0
DDO,0,0,0,0,0,0,0,1,1,0
DTWD1,0,0,1,1,0,0,0,0,0,0
CDK9,0,0,1,1,0,0,0,0,0,0
PIWIL2,0,0,0,0,0,0,0,1,1,0
ABCA7,0,0,0,0,0,0,0,1,1,0
TNFRSF9,0,0,0,0,0,0,0,1,1,0
GJA3,0,0,0,0,0,0,0,1,1,0
FBXO15,0,0,0,0,0,0,0,1,1,0
ZNF770,0,0,1,1,0,0,0,0,0,0
ACTN3,0,1,1,1,0,0,0,1,1,0
EPB41L1,0,0,1,1,0,0,0,1,1,0
MCEE,0,0,0,0,0,1,1,0,0,0
LMBR1,0,0,0,0,0,0,0,1,1,0
LEMD1,0,0,0,0,0,0,0,1,1,0
ABCG1,0,0,1,0,0,0,0,0,0,0
DYNLT1,0,0,1,1,0,0,0,0,0,0
BAIAP2L2,0,0,0,0,0,0,0,1,1,0
ZBED6CL,0,0,0,0,0,0,0,1,1,0
ZNF365,0,1,1,0,0,0,0,0,0,0
DNAJA1,0,0,1,1,0,0,0,0,0,0
LSAMP,0,0,0,0,0,0,0,1,1,0
CHST13,0,0,0,0,0,0,0,1,1,0
CAMK2G,0,0,1,1,0,0,0,0,0,0
CLEC10A,1,0,0,0,0,0,0,1,1,0
JMJD1C,0,0,1,1,0,0,0,0,0,0
NFIL3,1,0,0,0,0,0,0,0,0,0
FENDRR,0,0,1,1,0,0,0,1,1,0
RASSF10,0,0,0,0,0,0,0,1,1,0
KCNQ4,0,0,0,0,0,1,1,1,1,0
MT-ATP6,0,0,1,1,0,0,0,1,1,0
DEDD2,0,0,0,0,0,0,0,1,1,0
ABCB5,0,0,0,0,0,0,0,1,1,0
IK,1,0,1,1,0,0,0,0,0,0
PHF20L1,0,0,1,1,0,0,0,0,0,0
DUS2,0,0,0,0,0,1,1,0,0,0
GAS6-AS1,0,1,1,0,0,0,0,0,0,0
SSH2,0,0,1,1,0,0,0,0,0,0
MAN1A1,0,0,1,1,0,1,1,0,0,0
ANKRD55,0,0,0,0,0,0,0,1,1,0
KRT73,0,1,1,0,0,0,0,0,0,0
IGHA2,0,0,1,1,0,1,1,0,0,0
IFNG-AS1,0,1,1,0,0,0,0,0,0,0
IL18RAP,0,1,1,0,0,0,0,0,0,0
CXCR1,0,0,1,1,0,0,0,1,1,0
SCRN1,0,0,0,0,0,1,1,0,0,0
ANGPTL5,0,0,1,0,0,0,0,0,1,0
AP5S1,0,1,1,0,0,0,0,1,1,0
KIDINS220,0,0,1,1,0,0,0,0,0,0
ZNF79,0,1,1,0,0,0,0,1,1,0
ISCA2,0,0,1,1,0,0,0,0,0,0
TTLL1,0,0,0,0,0,0,0,1,0,0
PRPF4,0,0,1,1,0,0,0,0,0,0
CITED1,0,1,1,0,0,0,0,1,1,0
VPS26B,0,0,0,0,0,0,0,1,1,0
SLC44A3,0,1,1,0,0,0,0,1,1,0
PPT2,0,0,0,0,0,0,0,1,1,0
STYX,0,0,0,0,0,0,0,1,1,0
MFAP5,0,0,1,1,0,1,1,0,1,0
IWS1,0,0,1,1,0,0,0,0,0,0
AC104389.2,0,0,0,0,0,0,0,1,1,0
TTYH2,0,0,1,1,0,0,0,1,1,0
HEATR3,0,0,1,1,0,0,0,0,0,0
FAM114A1,0,0,1,1,0,1,1,0,0,0
HEATR5A,0,0,1,1,0,0,0,1,0,0
IGHV3-74,0,0,0,0,0,1,1,1,1,0
PCAT6,0,0,0,0,0,1,1,0,0,0
NOB1,0,0,0,0,0,0,0,1,1,0
SYS1,0,0,1,1,0,0,0,0,0,0
UBXN4,0,0,1,1,0,1,1,0,0,0
ACSM6,0,0,0,0,0,0,0,1,1,0
VPS28,0,0,1,1,0,1,1,0,0,0
SFXN5,0,0,1,0,0,0,0,1,1,0
ANGPTL2,0,0,0,0,0,0,0,1,1,0
TMEM151A,0,0,0,0,0,0,0,1,0,0
IFT74-AS1,0,0,0,0,0,0,0,1,1,0
KBTBD2,1,0,1,1,0,0,0,0,0,0
LRWD1,0,0,0,0,0,1,1,0,0,0
AMHR2,0,1,1,0,0,0,0,0,0,0
SUPT20H,0,0,1,1,0,0,0,0,0,0
GGPS1,0,0,1,1,0,0,0,1,1,0
ALG13,0,0,1,1,0,0,0,1,1,0
FAM104A,0,0,1,1,0,0,0,0,0,0
MROH8,0,1,1,0,0,0,0,0,0,0
PPP4R1-AS1,0,1,1,0,0,0,0,0,0,0
HIST1H4C,0,1,1,1,0,0,0,0,0,0
NXPE3,0,0,1,0,0,1,1,0,0,0
C17orf98,0,1,1,1,0,0,0,1,1,0
EID1,0,0,0,0,0,0,0,0,1,0
GOLGB1,0,0,1,1,0,0,0,0,1,0
ARSD-AS1,0,0,0,0,0,0,0,1,1,0
FAXDC2,0,0,0,0,0,1,0,0,0,0
LINC00868,0,0,0,0,0,0,0,1,1,0
CABYR,0,0,1,1,0,0,0,1,1,0
SDF2L1,0,0,0,0,0,1,1,0,0,0
BLNK,0,0,0,0,0,0,0,1,1,0
CXCL3,0,0,0,0,0,0,0,1,1,0
HYOU1,0,1,1,0,0,1,1,0,0,0
GNB2,0,0,0,0,0,1,1,0,0,0
TMEM69,0,0,1,1,0,0,0,0,0,0
CTDSP1,0,0,1,1,0,0,0,0,0,0
DNASE1L2,0,0,0,0,0,0,0,1,1,0
TCTN2,0,1,1,0,0,0,0,0,0,0
TBRG1,0,0,1,1,0,0,0,1,1,0
TRAF1,0,0,1,1,0,0,0,1,1,0
PTPRM,0,0,1,0,0,0,0,0,0,0
BAX,0,0,1,1,0,0,0,0,0,0
FAM136A,0,0,1,1,0,1,1,0,0,0
RHBDD3,0,0,0,0,0,0,0,1,1,0
TMPPE,0,1,1,0,0,0,0,0,0,0
ZNF529,1,0,0,0,0,0,0,0,0,0
MPHOSPH9,0,0,1,1,0,0,0,0,0,0
VPS37B,0,0,1,0,0,0,0,1,1,0
ACAT1,0,0,0,0,0,1,1,0,0,0
ZNF275,0,0,0,0,0,1,1,0,0,0
IGLV1-44,0,0,0,0,0,1,1,0,0,0
WNT8B,0,1,1,0,0,0,0,1,1,0
ALDOA,0,0,1,1,0,0,0,1,1,0
TMTC2,0,0,0,0,0,0,0,1,1,0
MB21D2,0,0,1,1,0,0,0,0,0,0
SYVN1,0,0,0,0,1,1,1,1,1,0
SNRPA,0,0,0,0,0,1,1,0,0,0
AC009065.4,0,1,1,0,0,0,0,1,1,0
NFASC,0,0,0,0,0,0,0,1,1,0
NPLOC4,0,0,1,1,0,0,0,0,0,0
DNASE2,1,0,0,0,0,1,1,1,1,0
TUBGCP6,0,0,1,1,0,0,0,1,1,0
C1orf53,0,0,0,0,0,1,1,1,1,0
NCAM1,0,1,1,0,0,0,0,0,0,0
ARL1,0,0,0,0,0,1,1,0,0,0
N4BP2L1,0,0,1,1,0,0,0,0,0,0
ELMO1,0,0,1,1,0,0,0,0,0,0
NXT2,0,1,1,1,0,0,0,1,1,0
GLI1,0,1,1,0,0,0,0,1,1,0
ZNF662,0,1,1,0,0,0,0,0,0,0
SLC9A9-AS1,0,0,0,0,0,0,0,1,1,0
PRKAG3,0,1,1,0,0,0,0,0,0,0
ETFA,0,0,1,1,0,1,1,0,0,0
KCTD14,0,0,0,0,0,0,0,1,1,0
OR2T11,0,1,1,1,0,0,0,0,0,0
SATB1,1,0,0,0,0,0,0,0,0,0
ATP6AP1L,0,1,1,0,0,0,0,1,1,0
EVI5,0,0,1,1,0,0,0,1,1,0
RMND1,1,0,0,0,0,0,0,1,1,0
GAS2L1,0,0,1,1,0,1,0,0,0,0
SMAD4,0,0,1,1,0,0,0,0,0,0
TNRC6C,0,0,1,1,0,0,0,0,0,0
ZNF292,0,0,1,1,0,0,0,0,1,0
ST3GAL6,0,0,0,0,0,0,0,1,1,0
CYP2A6,0,1,1,0,0,0,0,1,0,0
EIF4E,0,0,1,1,0,0,0,0,0,0
SLC7A11,0,0,0,0,0,0,0,1,1,0
CLDN23,0,0,0,0,0,0,0,1,1,0
TCAP,0,1,1,0,0,0,0,1,1,0
ZNF177,0,0,0,0,0,0,0,1,1,0
RNF31,0,1,1,0,0,0,0,1,1,0
GP6,0,0,0,0,0,0,0,1,1,0
RALGAPA2,0,0,1,1,0,0,0,0,0,0
LAGE3,0,0,0,0,0,1,1,0,0,0
PYY,0,1,1,0,0,0,0,0,0,0
LLGL1,0,1,1,0,0,0,0,1,1,0
AP1S1,1,0,1,1,0,1,1,0,0,0
LINC01139,0,0,1,1,0,0,0,0,1,0
TUSC1,0,1,1,0,0,0,0,1,1,0
IGHGP,0,1,1,1,0,1,1,0,0,0
SMG1,0,0,1,1,0,0,0,0,1,0
RBM4B,0,0,1,1,0,0,0,0,0,0
CCDC88C,0,0,1,1,0,0,0,1,1,0
MRPS7,0,0,1,1,0,1,1,0,0,0
FKBP7,0,0,0,0,0,0,0,1,1,0
CSPP1,0,0,1,1,0,0,0,0,0,0
KISS1R,0,0,0,0,0,0,0,1,1,0
ITGB1,0,0,0,0,0,1,1,0,0,0
IL20,0,0,0,0,0,0,0,1,1,0
TAPT1,1,0,0,0,0,1,1,0,0,0
HNRNPK,0,0,1,1,0,0,0,1,1,0
UBE2K,0,0,1,1,0,1,1,0,0,0
MPC1,0,0,1,1,0,1,1,0,0,0
NUDT3,0,0,1,1,0,0,0,0,0,0
ADSL,0,0,1,0,0,0,0,0,0,0
INPP1,0,0,0,0,0,0,0,1,1,0
CENPP,0,0,0,0,0,0,0,1,1,0
WDPCP,0,0,0,0,0,0,0,1,1,0
ADRA1B,0,1,1,0,0,0,0,0,0,0
NBAT1,0,0,0,0,0,0,0,1,1,0
CREB3L2,0,0,1,1,0,1,1,0,0,0
ZNF624,0,0,0,0,0,0,0,1,1,0
LMLN-AS1,0,1,1,0,0,0,0,0,0,0
PHPT1,0,0,1,1,0,1,1,0,0,0
EIF3M,0,0,1,1,0,0,0,0,0,0
PRRG2,0,0,0,0,0,0,0,1,1,0
AUNIP,0,0,0,0,0,0,0,1,1,0
TTC39C,0,0,0,0,0,0,0,1,1,0
MPP4,0,0,0,0,0,0,0,1,1,0
SYN2,0,0,0,0,0,0,0,1,1,0
APOBEC4,0,0,0,0,0,0,0,1,1,0
BMS1,0,0,1,1,0,0,0,1,1,0
SHMT1,0,0,1,1,0,1,1,1,1,0
ITSN1,0,0,1,1,0,0,0,1,1,0
HNMT,0,0,0,0,0,0,0,0,1,0
F5,0,0,0,0,0,0,0,1,1,0
FIBIN,0,0,1,1,0,0,0,0,0,0
GHR,0,0,0,0,0,0,0,0,1,0
UBTF,0,0,1,1,0,0,0,0,0,0
FBXO10,0,0,0,0,0,1,1,1,0,0
MSH5,0,1,1,0,0,0,0,1,1,0
IGLV2-11,0,1,1,1,0,1,1,0,0,0
TUBGCP3,0,0,1,0,0,0,0,0,0,0
IGSF10,0,0,0,0,0,0,0,1,1,0
AGXT,0,1,1,0,0,0,0,1,1,0
FAR1,0,0,1,1,0,0,0,0,0,0
RBMS2,1,0,0,0,0,0,0,1,1,0
TRMT10C,0,0,1,1,0,0,0,0,0,0
PRDM13,0,0,0,0,0,1,1,0,0,0
RSPO4,0,0,0,0,0,0,0,1,1,0
FAM53C,0,0,1,1,0,0,0,1,1,0
C3orf79,0,0,0,0,0,0,0,1,1,0
REV3L,0,0,1,1,0,0,0,0,0,0
C16orf58,0,0,0,0,0,1,1,1,1,0
RPLP2,0,0,1,1,0,0,0,0,1,0
LYPLAL1,0,0,0,0,0,1,1,0,0,0
RECQL,0,0,1,1,0,0,0,0,0,0
PPM1M,0,0,0,0,0,1,1,0,0,0
PPCDC,0,0,0,0,0,1,1,0,0,0
TUBB8,0,1,1,0,0,0,0,0,0,0
ARR3,0,1,1,1,0,0,0,0,0,0
TMEM128,0,0,0,0,0,0,0,1,1,0
DLAT,0,0,0,0,0,1,1,1,1,0
PKD2L2,0,0,0,0,0,0,0,1,1,0
EHD4,0,1,1,1,0,0,0,0,0,0
RMDN3,0,0,0,0,0,0,0,1,1,0
HAT1,0,0,1,1,0,0,0,0,0,0
ADRB2,1,0,1,0,0,0,0,0,0,0
MPC2,0,0,1,1,0,1,1,0,0,0
SNAP91,0,0,0,0,0,0,0,1,1,0
SEC14L5,0,1,1,0,0,0,0,0,0,0
TTC30A,0,0,1,1,0,0,0,0,0,0
HOXB-AS3,0,1,1,1,0,0,0,0,1,0
HSF1,1,0,1,1,0,0,0,0,0,0
LRP10,0,0,0,0,0,1,1,0,0,0
MYO1E,0,0,1,1,0,0,0,1,1,0
OCLM,0,1,1,1,0,0,0,0,0,0
SP3,0,0,1,1,0,0,0,1,1,0
HCFC1R1,0,0,0,0,0,0,0,1,1,0
ZNF30,0,0,0,0,0,0,0,1,1,0
PHF2,0,1,1,0,0,0,0,0,0,0
ZNF267,0,0,1,1,0,0,0,0,0,0
APPL1,0,0,1,1,0,0,0,0,0,0
FNDC1,0,0,1,1,0,0,0,1,1,0
TTN-AS1,0,0,1,1,0,0,0,0,0,0
LMLN,0,0,0,0,0,0,0,1,1,0
PHACTR2,0,1,1,0,0,0,0,0,0,0
YWHAB,0,0,1,1,0,0,0,0,0,0
ASPSCR1,0,0,1,1,0,0,0,0,0,0
LSM6,0,0,1,1,0,0,0,0,1,0
SLC7A14,0,0,0,0,0,0,0,1,1,0
MOB1B,0,0,1,1,0,0,0,0,0,0
SLC6A16,0,0,0,0,0,0,0,1,1,0
VHLL,0,0,0,0,0,0,0,1,1,0
SUGT1,0,0,1,1,0,1,1,0,0,0
TMEM52B,0,0,1,1,0,0,0,0,0,0
SCO1,0,0,1,1,0,0,0,0,0,0
RPL10L,0,0,0,0,0,0,0,1,1,0
CALCOCO2,0,0,1,1,0,0,0,0,0,0
MYO1C,0,0,1,1,0,0,0,0,0,0
NECTIN1,1,0,0,0,0,0,0,0,0,0
TMX3,0,0,1,1,0,0,0,0,0,0
MICA,0,0,1,1,0,0,0,0,0,0
RELT,0,0,0,0,0,0,0,1,1,0
FAM216A,0,1,1,0,0,0,0,1,1,0
SIK2,0,0,1,1,0,0,0,0,0,0
LYSMD1,0,0,0,0,0,0,0,1,1,0
HEATR9,0,1,1,0,0,0,0,0,0,0
SLC1A1,0,0,0,0,0,0,0,1,1,0
MTMR4,0,0,1,1,0,0,0,0,0,0
VAC14-AS1,0,1,1,0,0,0,0,0,0,0
BCKDK,0,0,1,1,0,1,1,0,0,0
CDC123,0,0,1,1,0,0,0,0,1,0
EGR4,0,0,1,1,0,0,0,0,0,0
ERVFRD-1,0,0,1,1,0,0,0,1,1,0
SUB1,0,0,1,1,0,1,1,0,1,0
IQUB,0,0,0,0,0,0,0,1,1,0
BORCS6,0,0,0,0,0,0,0,1,1,0
ACADM,0,0,1,0,0,0,0,0,0,0
EFNA1,0,0,0,0,0,0,0,1,1,0
GOLIM4,0,0,1,0,0,0,0,0,0,0
LRRC8D,0,0,1,0,0,0,0,0,0,0
TESK2,0,0,0,0,0,0,0,1,1,0
PTP4A3,0,0,0,0,0,1,1,0,0,0
CCDC50,0,0,0,0,0,1,0,1,0,0
EIF3G,0,0,1,1,0,0,0,0,0,0
TAF12,1,1,1,1,0,1,1,0,0,0
OGN,0,0,1,1,0,0,0,0,1,0
TNR,0,0,0,0,0,0,0,1,1,0
EFR3B,0,0,0,0,0,0,0,1,1,0
ZNF224,0,0,1,1,0,0,0,0,0,0
MCUR1,0,0,0,0,0,1,1,0,0,0
IRF8,0,0,0,0,0,0,0,1,1,0
FCRLA,0,0,1,1,0,0,0,0,0,0
ACOT6,0,0,0,0,0,0,0,1,0,0
ADORA2B,0,0,0,0,1,1,1,1,1,1
MAPKAPK3,0,0,1,1,0,0,0,0,0,0
NDUFV3,0,0,1,1,0,0,0,1,1,0
TMEM154,0,0,0,0,0,1,1,0,0,0
SMAD5-AS1,0,0,0,0,0,0,0,1,1,0
NSFL1C,0,0,1,1,0,0,0,0,0,0
SPATA7,1,0,0,0,0,0,0,1,1,0
ANOS1,0,1,1,0,0,0,0,0,0,0
TMEM81,0,1,1,0,0,0,0,1,1,0
SETSIP,0,0,0,0,0,0,0,1,1,0
PSME2,0,0,1,1,0,1,1,0,0,0
RPS13,0,0,1,1,0,0,0,0,1,0
UNC93B1,1,0,0,0,0,0,0,0,0,0
HIST2H3PS2,0,0,1,1,0,0,0,1,1,0
C19orf67,0,1,1,0,0,0,0,1,1,0
SLA,1,0,1,1,0,0,0,0,0,0
COG5,0,0,1,1,0,0,0,0,0,0
PITPNM3,0,0,0,0,0,0,0,1,1,0
LMCD1-AS1,0,0,0,0,0,0,0,1,1,0
XKRX,0,1,1,1,0,0,0,1,1,0
CSF3R,0,1,1,0,0,0,0,1,1,0
PSMD12,0,0,1,1,0,0,0,0,0,0
ACO2,1,0,1,1,0,1,1,0,0,0
MLX,0,0,1,1,0,1,1,0,0,0
PIP4K2A,0,0,0,0,0,0,0,1,1,0
ZSCAN32,0,0,0,0,0,0,0,1,0,0
MEF2A,0,0,1,1,0,0,0,0,0,0
ANKRD26,1,0,0,0,0,0,0,1,1,0
AK3,0,0,0,0,0,0,0,1,1,0
RAP2A,0,0,1,0,0,0,0,0,0,0
MARC1,0,0,0,0,0,0,0,1,1,0
TACO1,0,1,1,0,0,1,1,1,1,0
ARHGAP30,0,0,1,1,0,0,0,0,0,0
NDUFC1,0,0,1,1,0,0,0,0,1,0
PTDSS2,0,0,0,0,0,1,1,0,0,0
PHF1,0,0,0,0,0,0,0,1,1,0
SLX1B,0,0,0,0,0,0,0,1,1,0
IGLV1-51,0,0,1,1,0,0,0,1,1,0
GNAS,0,0,0,0,0,0,0,1,1,0
TRIM50,0,0,0,0,0,0,0,1,1,0
LINC01433,0,0,0,0,0,0,0,1,1,0
COMMD8,0,0,1,1,0,1,1,0,0,0
DEGS1,0,0,1,1,0,0,0,0,0,0
APBA3,0,0,0,0,0,1,1,1,1,0
MAGOH,0,0,1,1,0,0,0,0,1,0
FOXJ2,0,1,1,0,0,0,0,0,0,0
TEN1,0,1,1,0,0,0,0,0,0,0
CCDC151,0,0,0,0,0,0,0,1,1,0
USP9Y,0,1,1,0,0,0,0,0,0,0
ITGA7,0,0,0,0,0,0,0,1,1,0
SCNN1B,0,0,0,0,0,1,1,0,0,0
TAZ,0,0,1,1,0,0,0,0,0,0
DZIP1L,0,0,0,0,0,0,0,1,1,0
EIF5A,0,1,1,0,0,0,0,0,0,0
AC010761.6,0,0,0,0,0,0,0,1,1,0
LINC00266-1,0,1,1,0,0,0,0,0,0,0
SRPK2,1,0,1,1,0,0,0,0,0,0
SAFB2,0,0,1,1,0,0,0,0,0,0
GPBAR1,0,1,1,1,0,0,0,1,1,0
MAP1LC3B2,0,0,1,1,0,0,0,1,1,0
KIAA1671,0,0,0,0,0,0,0,1,1,0
IGLV1-36,0,0,0,0,0,1,1,1,1,0
AC098828.2,0,0,0,0,0,0,0,1,1,0
CFAP36,0,1,1,0,0,0,0,0,0,0
MYO1A,0,0,0,0,0,0,0,1,1,0
SGCZ,0,0,0,0,1,1,0,0,0,0
LINC00501,0,0,0,0,0,0,0,1,1,0
OR6J1,0,1,1,0,0,0,0,0,0,0
SRGAP3,0,0,0,0,0,0,0,1,1,0
SNRPC,0,0,0,0,0,1,1,0,0,0
SLC9A9,0,1,1,1,0,0,0,0,0,0
TMEM50A,0,0,1,1,0,0,0,0,0,0
AC009228.1,0,1,1,0,0,0,0,1,1,0
LARS2-AS1,0,1,1,0,0,0,0,1,1,0
HGF,0,0,0,0,0,0,0,1,1,0
GSTCD,0,0,0,0,0,0,0,1,1,0
MYT1L-AS1,0,1,1,1,0,0,0,0,0,0
CNPPD1,1,0,1,1,0,0,0,0,0,0
MYNN,0,1,1,0,0,0,0,0,0,0
CDC42EP4,0,0,1,1,0,0,0,1,1,0
ZC3H3,0,0,0,0,0,0,0,1,1,0
SNX32,0,0,0,0,0,0,0,1,1,0
BZW2,0,1,1,0,0,0,0,0,0,0
AC099342.1,0,0,0,0,0,0,0,1,1,0
ATP6V0A1,0,0,1,1,0,0,0,0,0,0
SRP68,0,0,0,0,0,1,1,0,0,0
BZW1,0,0,1,1,0,0,0,0,0,0
LINC01114,0,0,0,0,0,0,0,1,1,0
ZNF442,1,0,0,0,0,0,0,0,0,0
DYRK4,0,0,0,0,0,1,1,1,1,0
CALML3,0,1,1,0,0,0,0,0,0,0
CELSR3,0,1,1,0,0,0,0,0,0,0
NEUROG3,1,1,1,0,0,0,0,0,0,0
TMEM42,0,0,1,1,0,0,0,1,1,0
MLYCD,0,0,0,0,0,0,0,1,1,0
LYSMD3,0,0,1,1,0,0,0,1,1,0
STK40,0,0,1,1,0,0,0,0,0,0
TMEM222,1,0,0,0,0,0,0,0,0,0
ANO5,0,0,0,0,0,0,0,1,1,0
OTOP2,0,1,1,0,0,0,0,0,0,0
HSPA1B,0,0,0,0,0,0,0,1,1,0
SIGLEC11,0,0,1,1,0,0,0,0,0,0
AC079354.3,0,0,0,0,0,0,0,1,1,0
ITIH5,0,0,0,0,0,0,0,1,1,0
C12orf50,0,0,0,0,0,0,0,1,1,0
HIST2H2AB,0,1,1,0,0,0,0,0,0,0
CCDC43,0,0,1,1,0,0,0,0,0,0
GDI1,0,0,1,1,0,0,0,0,0,0
LSINCT5,0,0,0,0,0,0,0,1,1,0
MYH14,0,0,0,0,0,0,0,1,0,0
MNS1,0,1,1,0,0,0,0,1,1,0
ZCCHC12,0,0,1,1,0,0,0,0,0,0
ABCF2,0,0,1,1,0,1,1,1,0,0
FAM135A,0,0,1,0,0,0,0,1,1,0
ATP1B4,0,1,1,0,0,0,0,1,1,0
PIAS2,0,0,1,1,0,0,0,0,0,0
ADGRL3,0,1,1,0,0,0,0,1,1,0
SYNJ1,0,0,1,1,0,0,0,0,0,0
STAP2,0,1,1,0,0,0,0,1,1,0
C22orf39,0,1,1,0,0,0,0,0,0,0
XCL2,0,1,1,0,0,0,0,1,1,0
AGAP1,0,0,0,0,0,0,0,1,1,0
GAB4,0,1,1,0,0,0,0,0,0,0
LINC01363,0,1,1,0,0,0,0,0,0,0
ARFGAP2,0,0,1,1,0,0,0,0,0,0
MPEG1,0,1,1,0,0,0,0,1,1,0
ZNF451,0,0,1,1,0,0,0,0,0,0
GPR176,0,1,1,0,0,0,0,1,1,0
GDF5,0,1,1,1,0,0,0,0,0,0
DYRK3,0,1,1,1,0,0,0,0,0,0
MCCD1,0,1,1,0,0,0,0,0,0,0
UGT2B11,0,1,1,1,0,0,0,1,1,0
NLRC4,0,0,0,0,0,0,0,1,1,0
CFLAR,0,0,1,1,0,1,1,0,0,0
PHF3,0,0,1,1,0,0,0,0,1,0
PCID2,1,0,0,0,0,0,0,0,0,0
GMPPB,0,0,0,0,0,1,1,0,0,0
SFRP5,0,0,0,0,0,0,0,1,1,0
ALDH1L1,0,0,1,0,0,0,0,1,1,0
GZMB,0,1,1,0,0,0,0,1,1,0
FSD2,0,0,0,0,0,0,0,1,1,0
IGBP1-AS2,0,0,0,0,0,0,0,1,1,0
RPS24,0,0,1,1,0,0,0,0,1,0
TOP2B,0,0,1,1,0,0,0,0,0,0
PREB,0,0,0,0,0,1,1,1,1,0
ZNF490,0,0,0,0,0,0,0,1,1,0
CTCFL,0,0,0,0,0,0,0,1,1,0
C14orf178,0,0,0,0,0,0,0,1,1,0
IGSF8,0,0,0,0,0,1,1,0,0,0
ZNF222,0,1,1,0,0,0,0,1,1,0
LETM2,0,0,0,0,0,0,0,1,1,0
SETD9,0,0,0,0,0,0,0,1,1,0
POLR2H,0,0,1,1,0,1,1,0,0,0
ACO1,0,0,0,0,0,0,0,1,1,0
LCN12,0,0,0,0,0,0,0,1,1,0
SCMH1,0,0,0,0,0,0,0,1,0,0
ARID2,0,0,1,1,0,0,0,0,0,0
ATP6V1F,0,0,1,0,0,1,1,0,1,0
TRBV15,0,0,0,0,0,0,0,1,1,0
TRAJ54,0,0,0,0,0,0,0,1,1,0
PARPBP,0,0,0,0,0,0,0,1,1,0
NPHP3-AS1,0,1,1,0,0,0,0,1,1,0
PNMA5,0,0,0,0,0,1,1,1,1,0
TUBA3C,0,1,1,0,0,0,0,1,1,0
GPRC5D,0,0,0,0,0,1,1,1,1,0
ANO4,0,1,1,0,0,0,0,1,1,0
FSIP2,0,0,0,0,0,0,0,1,1,0
RBCK1,0,0,1,1,0,0,0,0,0,0
CACNA1C-AS2,0,0,0,0,0,0,0,1,1,0
RPRD1A,0,0,1,1,0,0,0,0,0,0
TSPAN19,0,1,1,0,0,0,0,0,0,0
CYP20A1,0,0,1,1,0,0,0,0,0,0
PRR3,1,0,0,0,0,0,0,0,0,0
RANBP10,0,0,0,0,0,0,0,1,1,0
LEFTY2,0,1,1,0,0,0,0,1,1,0
YIF1A,0,0,1,1,0,1,1,1,1,0
PRDM16,0,0,0,0,0,0,0,1,1,0
CD72,0,0,0,0,0,0,0,1,1,0
SH3GLB1,0,0,1,1,0,1,1,0,0,0
PRAM1,0,0,1,1,0,0,0,0,0,0
CCND3,0,0,1,0,0,0,0,0,0,0
IL12A,0,0,0,0,0,1,1,1,1,0
NFRKB,0,0,0,0,0,0,0,1,1,0
CDCA4,0,0,0,0,0,0,0,1,1,0
CHMP1B,0,0,1,1,0,0,0,0,0,0
PSMD7,0,0,1,1,0,1,1,0,1,0
HTR2A,0,1,1,0,0,0,0,1,1,0
FSTL1,0,1,1,0,0,1,0,1,1,0
IQSEC3,0,0,0,0,0,0,0,1,1,0
ZNF136,0,1,1,0,0,0,0,0,0,0
CDK1,0,0,1,1,0,1,1,0,0,0
MRPL45,0,1,1,0,0,0,0,0,0,0
CASP6,0,0,0,0,0,0,0,1,1,0
TTBK2,0,0,0,0,0,0,0,1,1,0
PANX1,1,0,1,1,0,0,0,0,0,0
PDXK,0,0,1,1,0,1,1,0,0,0
GTDC1,0,1,1,0,0,0,0,1,1,0
LTA4H,1,0,0,0,0,0,0,0,0,0
PHC3,0,0,1,1,0,0,0,0,0,0
LRRC43,0,0,0,0,0,0,0,1,1,0
BCL2L14,0,1,1,0,0,0,0,1,1,0
KLRG2,0,0,0,0,0,0,0,1,1,0
TAC3,0,1,1,1,0,0,0,0,0,0
SV2A,0,1,1,0,0,0,0,1,1,0
CARMN,0,1,1,0,0,0,0,0,0,0
BAG6,0,0,0,0,0,1,1,0,0,0
MRS2,1,0,0,0,0,1,1,0,0,0
HEPACAM2,0,0,0,0,0,0,0,1,1,0
GFER,0,1,1,0,0,0,0,0,0,0
KPNA2,0,0,1,1,0,0,0,0,0,0
RNF180,0,1,1,0,0,0,0,0,0,0
SCAP,0,0,1,1,0,0,0,1,1,0
CPED1,0,1,1,1,0,0,0,1,1,0
AQP9,1,0,1,1,0,0,0,0,0,0
CAPN5,1,0,0,0,0,0,0,1,1,0
SNHG18,0,0,1,1,0,0,0,0,0,0
CDH24,0,0,0,0,0,0,0,1,1,0
FAM156B,0,0,0,0,0,0,0,1,1,0
LCORL,0,0,1,1,0,0,0,0,0,0
OR2AE1,0,1,1,1,0,0,0,0,0,0
CBX5,0,0,1,1,0,0,0,0,0,0
LINC01277,0,0,0,0,0,0,0,1,1,0
FAM187B,0,1,1,0,1,1,0,1,1,0
STK4,0,0,1,1,0,0,0,0,0,0
CXXC1,0,0,1,0,0,1,1,1,1,0
NRBF2,1,0,1,1,0,0,0,0,0,0
GPR25,0,1,1,0,0,0,0,1,1,0
P2RY10,0,1,1,1,0,0,0,0,0,0
PAK1IP1,0,0,1,1,0,0,0,0,0,0
ATG14,0,1,1,0,0,0,0,1,1,0
LINC01483,0,1,1,0,0,0,0,1,1,0
COMMD9,0,0,1,1,0,0,0,0,0,0
GALNT18,0,1,1,0,0,0,0,0,0,0
PRKAR2A-AS1,0,0,0,0,0,0,0,1,1,0
F2RL2,0,1,1,0,0,0,0,0,0,0
ADPRM,1,0,0,0,0,0,0,0,0,0
LRRC26,0,1,1,0,0,0,0,0,0,0
RAB31,0,1,1,1,0,0,0,1,1,0
FAM111B,0,0,0,0,0,1,1,1,1,0
OR52H1,0,1,1,0,0,0,0,0,0,0
BAHCC1,0,0,0,0,0,0,0,1,1,0
TUG1,0,0,1,1,0,0,0,0,0,0
FRYL,0,0,1,1,0,0,0,0,0,0
DDX39A,0,0,1,1,0,0,0,0,0,0
PRPF4B,0,0,1,1,0,0,0,0,1,0
DOHH,0,1,1,0,0,0,0,1,1,0
CCDC85C,0,0,0,0,0,0,0,1,1,0
CIB3,0,0,0,0,0,1,1,0,0,0
PGM2,0,0,0,0,0,1,1,0,0,0
PCDHB13,0,1,1,0,0,0,0,0,0,0
UPF3A,0,0,1,1,0,1,1,0,0,0
RASEF,0,0,0,0,0,0,0,1,1,0
LBHD1,0,0,0,0,0,0,0,1,1,0
MC2R,0,1,1,0,0,0,0,1,1,0
PXMP4,1,0,0,0,0,0,0,0,0,0
GRM8,0,1,1,0,0,1,1,0,0,0
SLC35F6,0,0,0,0,0,0,0,1,1,0
DUSP27,0,0,0,0,0,0,0,1,1,0
AHRR,0,0,0,0,0,0,0,1,1,0
KIF3C,0,0,1,1,0,0,0,0,0,0
SIDT1-AS1,0,0,1,1,0,0,0,0,0,0
TSC22D4,0,0,1,1,0,0,0,0,0,0
CCDC175,0,1,1,0,0,0,0,1,1,0
GRIK2,0,0,1,1,0,0,0,0,0,0
ACADL,0,0,0,0,0,0,0,1,1,0
ZNF793-AS1,0,1,1,0,0,0,0,0,0,0
CASZ1,0,0,0,0,0,0,0,1,1,0
LINC00922,0,1,1,0,0,0,0,0,0,0
HMCN1,0,0,0,0,0,0,0,1,1,0
STRA6,0,0,0,0,0,0,0,1,1,0
NAV3,0,0,1,1,0,0,0,1,1,0
EIF2AK3,1,0,0,0,0,0,0,0,0,0
MFAP3,0,1,1,0,0,0,0,1,1,0
USP32,0,0,1,1,0,0,0,0,0,0
MYCT1,0,1,1,0,0,0,0,0,0,0
TTLL3,0,0,0,0,0,0,0,1,1,0
IGHV1OR15-2,0,1,1,0,0,0,0,0,0,0
ELL2,0,0,1,1,0,1,1,0,0,0
ARF5,0,0,1,1,0,0,0,0,0,0
SLC41A1,0,0,0,0,0,0,0,1,1,0
RBM23,0,0,1,1,0,0,0,0,0,0
LINC00943,0,1,1,0,0,0,0,1,1,0
OR6K3,0,1,1,0,0,0,0,0,0,0
DDB2,0,0,1,1,0,0,0,0,0,0
USP22,0,0,1,1,0,0,0,0,0,0
ADAMTS17,0,0,1,1,0,0,0,0,0,0
IGHV2-5,0,0,0,0,0,1,1,1,0,0
PAIP2,0,0,1,1,0,0,0,0,0,0
EYA2,0,0,0,0,0,1,1,1,1,0
RPL5,0,0,1,1,0,0,0,0,1,0
MRPS15,0,0,1,1,0,1,1,0,0,0
HOMER1,0,0,1,1,0,0,0,0,0,0
LRIT3,0,0,1,1,0,0,0,0,0,0
SUMO1,0,0,1,1,0,1,1,0,1,0
CSNK1G2,0,0,0,0,0,0,0,1,1,0
C15orf62,0,0,0,0,0,0,0,1,1,0
ZNF462,0,1,1,0,0,0,0,1,1,0
SLC17A9,0,0,1,1,0,1,1,0,0,0
DDR2,0,0,0,0,0,0,0,1,1,0
PCDHGA8,0,0,0,0,0,0,0,1,1,0
RARB,0,1,1,0,0,0,0,1,1,0
FNIP2,0,0,1,1,0,0,0,0,0,0
AKT3,0,0,0,0,0,0,0,1,1,0
ZNF587B,0,1,1,0,0,0,0,0,0,0
NCAPG,0,0,0,0,0,1,1,1,1,0
AGPAT1,0,0,1,1,0,0,0,0,0,0
MYL10,0,1,1,1,0,0,0,1,0,0
OTUD6B-AS1,0,1,1,1,0,0,0,1,1,0
EPHX2,0,1,1,1,0,0,0,0,0,0
SQOR,1,0,0,0,0,0,0,0,0,0
LMOD1,0,0,1,1,0,0,0,0,1,0
RUSC2,0,0,0,0,0,0,0,0,1,0
NR2F6,0,0,0,0,0,0,0,1,1,0
TEX101,0,1,1,0,0,0,0,1,1,0
MRPS24,0,0,0,0,0,1,1,0,0,0
TMEM189,0,0,1,0,0,0,0,0,0,0
SPRY1,0,0,1,1,0,0,0,0,0,0
LILRB3,0,0,1,1,0,0,0,1,1,0
ARL13B,0,0,0,0,0,0,0,1,1,0
CEBPZOS,0,0,0,0,0,0,0,1,1,0
DERA,1,0,1,1,0,0,0,0,0,0
LINC01618,0,0,0,0,0,0,0,1,0,0
NT5C,0,0,0,0,0,1,1,0,0,0
WWC3,0,1,1,0,0,0,0,0,0,0
EGLN2,0,0,1,1,0,0,0,0,0,0
TMT1A,1,0,0,0,0,0,0,0,0,0
SPDYE3,0,0,0,0,0,0,0,1,1,0
EXT1,0,0,0,0,0,1,1,0,0,0
DHDDS,0,0,1,1,0,1,1,0,0,0
IL15,0,0,1,1,0,0,0,1,1,0
MTR,0,1,1,0,0,0,0,0,0,0
NR2E1,0,1,1,0,0,0,0,0,0,0
ZC3H13,0,0,1,1,0,0,0,0,1,0
LSP1,0,0,0,0,0,1,1,1,1,0
TTC3,0,0,1,1,0,0,0,0,0,0
MIR133A1HG,0,1,1,0,0,0,0,0,0,0
KIF4A,0,0,1,1,0,1,1,0,0,0
WDFY4,0,0,0,0,0,0,0,1,1,0
CABLES1,0,0,1,1,0,0,0,1,1,0
SLC36A4,0,0,1,1,0,0,0,0,0,0
PERP,0,0,0,0,0,1,1,0,0,0
LINC00111,0,1,1,1,0,0,0,0,0,0
GIT2,0,0,1,1,0,0,0,0,0,0
VBP1,0,0,1,1,0,0,0,0,0,0
LYN,0,0,1,1,0,0,0,0,0,0
SKAP1,0,0,1,1,0,0,0,0,0,0
C21orf62,0,0,0,0,0,0,0,1,0,0
CWC27,0,0,1,1,0,0,0,0,0,0
XKR5,0,0,0,0,0,0,0,1,1,0
FAM120C,0,0,0,0,0,0,0,1,1,0
SLC9C1,0,1,1,0,0,0,0,0,0,0
AKR1B15,0,1,1,0,0,0,0,0,0,0
PATL1,0,0,1,1,0,0,0,0,0,0
VPS36,0,0,1,1,0,0,0,0,0,0
SCIMP,0,0,0,0,0,1,1,0,0,0
ST6GALNAC4,0,0,0,0,0,1,1,0,0,0
GZMK,1,0,1,1,0,0,0,0,0,0
MIER1,0,0,1,1,0,0,0,0,0,0
RSPH14,0,1,1,0,0,0,0,1,1,0
NCBP3,0,0,1,1,0,0,0,0,0,0
KIAA1191,0,0,1,1,0,0,0,0,0,0
ZCCHC8,0,0,1,0,0,1,1,0,0,0
SPDYE4,0,1,1,0,0,0,0,0,0,0
CCZ1B,0,0,1,1,0,0,0,0,0,0
PLPP6,0,1,1,0,0,0,0,0,0,0
PTPRD,0,0,0,0,0,0,0,1,1,0
PDE1A,0,0,1,1,0,0,0,0,1,0
SLC35C2,0,0,1,1,0,1,1,0,0,0
FAM66D,0,1,1,0,0,0,0,0,0,0
TATDN3,0,0,1,0,0,0,0,1,1,0
RANBP17,0,1,1,0,0,0,0,1,1,0
LINC01149,0,1,1,1,0,0,0,0,0,0
AC099344.3,0,1,1,0,0,0,0,0,0,0
ADH1A,0,1,1,1,0,0,0,0,0,0
PINX1,0,0,0,0,0,0,0,1,1,0
ADAM10,0,0,1,1,0,0,0,0,0,0
ZDHHC24,0,0,0,0,0,1,1,0,0,0
IL17RB,0,0,0,0,0,0,0,1,1,0
DRICH1,0,0,0,0,0,0,0,1,1,0
ZFP42,0,0,0,0,0,0,0,1,1,0
SARAF,0,1,1,0,0,0,0,0,0,0
KLF9,0,0,1,1,0,0,0,0,0,0
GAREM1,0,0,1,0,0,0,0,1,1,0
LONP2,0,0,0,0,0,0,0,1,1,0
SCIN,0,0,0,0,0,0,0,0,1,0
LINC01600,0,0,1,0,0,0,0,0,1,0
ENOPH1,0,0,1,1,0,1,1,1,1,0
BOK-AS1,0,0,0,0,0,0,0,1,1,0
CRLS1,0,1,1,0,0,1,1,0,0,0
TRIM29,0,0,0,0,0,0,0,1,1,0
AARD,0,0,0,0,0,0,0,1,1,0
THTPA,0,0,0,0,0,0,0,1,1,0
SIGLEC5,0,1,1,0,0,0,0,1,1,0
FAM217B,0,0,1,1,0,0,0,0,0,0
PLEKHB2,0,0,1,1,0,0,0,0,0,0
CCDC169,0,0,0,0,1,1,0,1,1,0
GCDH,0,0,0,0,0,0,0,1,1,0
EXOC6,0,0,0,0,0,0,0,1,1,0
AQP6,0,1,1,0,0,0,0,1,1,0
SLC7A7,1,0,1,0,0,0,0,0,0,0
MAPKAPK5,0,0,1,1,0,0,0,0,0,0
NIBAN1,1,0,0,0,0,0,0,0,0,0
ABL2,0,0,1,1,0,0,0,0,0,0
TMEM129,0,0,0,0,0,0,0,1,1,0
MICALL2,0,1,1,0,0,0,0,0,0,0
GNA13,0,0,1,1,0,0,0,0,0,0
CASQ2,0,0,0,0,0,0,0,1,1,0
PKLR,0,0,0,0,0,0,0,1,1,0
CREBRF,0,0,1,1,0,0,0,0,0,0
TP53RK,0,0,1,1,0,1,1,0,0,0
EVA1A,0,1,1,0,0,0,0,1,1,0
UQCRC2,0,0,0,0,0,1,1,0,0,0
ABHD17A,0,0,0,0,0,0,0,1,1,0
AC100821.2,0,1,1,0,0,0,0,0,0,0
AC007557.3,0,1,1,0,0,0,0,0,0,0
CCL23,0,0,0,0,0,0,0,1,1,0
CHD8,0,0,1,1,0,0,0,0,1,0
NIPBL,0,0,1,1,0,0,0,0,1,0
BAD,0,0,1,0,0,1,1,0,0,0
LINC01249,0,1,1,0,0,0,0,1,1,0
SULT1A1,0,0,0,0,0,0,0,1,1,0
STK17A,0,1,1,1,0,0,0,0,0,0
EMP2,0,0,0,0,0,0,0,1,1,0
LINC01089,0,1,1,0,0,0,0,0,0,0
CBR1,1,0,0,0,0,1,1,1,1,0
C12orf54,0,1,1,0,0,0,0,1,1,0
GLTPD2,0,0,1,1,0,0,0,0,0,0
RHOB,0,0,1,0,0,0,0,0,0,0
SPATA45,0,0,0,0,0,1,1,1,1,0
DCX,0,0,0,0,0,0,0,1,0,0
CSGALNACT1,0,0,0,0,0,1,1,0,0,0
PSMA3-AS1,0,0,1,1,0,0,0,0,0,0
ABCC1,0,0,0,0,0,0,0,1,1,0
SMS,0,1,1,1,0,0,0,0,0,0
EXOSC4,0,0,1,1,0,1,1,0,0,0
EVL,1,1,1,1,0,0,0,0,0,0
UQCRHL,0,0,0,0,0,1,1,1,1,0
NDUFB7,0,0,1,1,0,1,1,1,1,0
COL5A3,0,1,1,1,0,0,0,0,0,0
PPP1R35,0,1,1,0,0,0,0,1,1,0
TMSB4Y,0,0,0,0,0,0,0,1,1,0
SLC1A2,0,1,1,0,0,0,0,1,1,0
CTSO,0,0,1,1,0,0,0,0,0,0
MKS1,0,0,0,0,0,0,0,1,1,0
MPP2,0,0,0,0,0,0,0,1,1,0
SLC44A5,0,1,1,0,0,0,0,0,0,0
AIFM1,0,0,0,0,0,1,1,0,0,0
TANC2,0,0,1,1,0,0,0,1,1,0
EGLN1,0,0,1,1,0,0,0,1,1,0
PCF11,0,0,1,1,0,0,0,0,0,0
RBFOX2,0,0,1,1,0,0,0,0,0,0
MEG8,0,1,1,0,0,0,0,0,0,0
RGSL1,0,1,1,1,0,0,0,1,1,0
ZBED6,0,0,0,0,0,0,0,1,1,0
FOXJ1,0,0,0,0,0,0,0,1,1,0
THUMPD1,0,0,1,1,0,0,0,0,0,0
SMCR5,0,0,0,0,0,0,0,1,1,0
ATF6B,0,0,1,1,0,0,0,1,1,0
PIKFYVE,0,0,1,1,0,1,1,0,0,0
DMRT2,0,0,0,0,0,0,0,1,1,0
ZSCAN29,0,0,1,1,0,0,0,0,0,0
LRRC41,0,0,0,0,0,1,1,1,1,0
RCVRN,1,0,0,0,0,0,0,0,0,0
ZSCAN22,0,1,1,0,0,0,0,0,0,0
CRYBA4,0,0,0,0,0,1,1,1,1,0
TMEM88,0,0,0,0,0,0,0,1,1,0
DLX3,0,1,1,0,0,0,0,0,0,0
LINC01544,0,0,0,0,0,0,0,1,1,0
FGFR3,0,1,1,1,0,0,0,1,1,0
MTMR9,0,0,1,1,0,0,0,1,1,0
WASF3-AS1,0,1,1,0,0,0,0,1,1,0
TMEM54,0,0,0,0,0,0,0,1,1,0
TCFL5,0,0,0,0,0,0,0,1,1,0
SLC8A1-AS1,0,0,0,0,0,0,0,1,1,0
COL2A1,0,0,1,1,0,0,0,0,1,0
PSTK,0,0,0,0,0,0,0,1,1,0
IGKV2-26,0,1,1,0,0,0,0,0,0,0
BCL11A,1,0,1,1,0,0,0,0,0,0
LINC01305,0,0,0,0,0,0,0,1,0,0
ZFP2,0,1,1,0,0,0,0,1,1,0
DCTN6,0,0,0,0,0,0,0,1,1,0
ESRRG,0,1,1,0,0,0,0,0,0,0
GOLGA8F,0,1,1,0,0,0,0,0,0,0
FAM27C,0,0,0,0,0,1,1,1,1,0
TTC28,0,0,0,0,0,0,0,1,1,0
COL26A1,0,1,1,0,0,0,0,1,1,0
ARPP21,0,1,1,0,0,0,0,1,1,0
PDPR,0,0,1,1,0,0,0,1,1,0
HSPD1,0,0,1,0,0,1,1,0,0,0
RTN3,0,0,1,0,0,1,1,0,0,0
GJC2,0,1,1,0,0,0,0,0,0,0
TMED6,0,1,1,0,0,0,0,0,0,0
SLFN12,0,0,1,1,0,0,0,0,0,0
RAB1B,0,0,1,1,0,0,0,0,0,0
KLF7,1,0,1,1,0,0,0,0,0,0
CPNE8,0,0,1,1,0,0,0,0,0,0
BCAS4,1,0,0,0,0,0,0,1,1,0
YIPF1,0,0,1,1,0,1,1,0,0,0
ZBTB7B,0,0,1,1,0,0,0,0,0,0
TRGV9,0,1,1,1,0,0,0,0,0,0
TMEM71,0,0,0,0,0,0,0,1,1,0
ZNF330,0,0,0,0,0,0,0,1,1,0
COMTD1,0,0,0,0,0,1,1,0,0,0
CYP4F8,0,0,0,0,0,0,0,1,1,0
VPS54,0,1,1,0,0,0,0,0,0,0
STAG3,0,0,0,0,0,0,0,1,1,0
AC005009.1,0,0,0,0,0,0,0,1,1,0
SNX18,0,0,1,1,0,0,0,0,0,0
BST1,0,0,0,0,0,0,0,1,1,0
GEMIN7,0,0,0,0,0,1,1,0,0,0
HNF1A,0,1,1,0,0,0,0,1,0,0
TBX21,0,0,0,0,0,0,0,1,1,0
ARHGEF28,0,0,0,0,0,0,0,1,1,0
OXCT2,0,0,0,0,0,1,1,0,0,0
UBL7,0,0,0,0,0,1,1,0,0,0
BBOX1-AS1,0,1,1,0,0,0,0,1,1,0
TNFRSF10A,0,0,1,1,0,0,0,0,0,0
POLR3A,0,0,0,0,0,0,0,1,1,0
DDC,0,1,1,0,0,0,0,1,1,0
IFT20,0,0,0,0,0,0,0,1,1,0
ZNF189,0,0,1,0,0,0,0,0,0,0
ZNF808,0,1,1,0,0,0,0,0,0,0
MSH4,0,0,0,0,0,0,0,1,1,0
FCRL2,0,0,1,1,0,0,0,1,1,0
MVP,0,0,0,0,0,1,1,0,0,0
FAM189A2,0,0,0,0,0,0,0,1,1,0
TARDBP,0,0,1,1,0,0,0,1,1,0
RASIP1,0,0,0,0,0,1,1,1,1,0
PPM1N,0,0,0,0,0,0,0,1,1,0
BRINP2,0,0,0,0,0,0,0,1,1,0
AHCYL1,0,0,1,1,0,0,0,0,0,0
SLC25A40,0,0,0,0,0,0,0,1,1,0
RNPEPL1,0,0,1,1,0,0,0,0,0,0
A4GNT,0,1,1,0,0,0,0,0,0,0
PCED1B,0,0,1,1,0,0,0,0,0,0
RBM4,1,0,1,1,0,0,0,0,0,0
C1QC,0,0,1,0,0,0,0,1,1,0
ARHGAP4,1,0,1,1,0,0,0,0,0,0
CANT1,1,0,1,1,0,0,0,0,0,0
MTERF1,0,1,1,1,0,0,0,1,1,0
DGAT2,0,0,0,0,0,0,0,1,1,0
AC114730.2,0,0,0,0,0,0,0,1,1,0
NUP62,1,0,1,1,0,0,0,1,1,0
PGBD5,0,1,1,0,0,0,0,1,1,0
RBMS1,0,0,1,1,0,0,0,0,0,0
LINC00271,0,1,1,0,0,0,0,1,1,0
TRAPPC12,0,0,0,0,0,0,0,1,1,0
PDE3A,0,0,0,0,0,0,0,1,1,0
CCL20,0,0,1,1,0,0,0,0,0,0
METTL7B,0,0,0,0,0,0,0,1,1,0
CSN1S1,0,0,0,0,0,0,0,1,1,0
PTPRB,0,1,1,0,0,0,0,0,0,0
LYPLA1,0,0,1,1,0,1,1,0,0,0
ST20-AS1,0,0,0,0,0,0,0,1,1,0
WNK1,0,0,1,1,0,0,0,0,0,0
TRBV30,0,0,0,0,0,0,0,1,1,0
KLHL42,0,0,1,1,0,0,0,0,0,0
SNX12,0,0,1,1,0,0,0,0,0,0
UQCC3,0,0,0,0,0,1,1,0,0,0
NANOG,0,1,1,0,0,0,0,1,1,0
ZDHHC12,0,0,1,1,0,1,1,1,1,0
WFS1,0,1,1,0,0,1,1,1,1,0
HEBP1,0,0,0,0,0,0,0,1,1,0
ICE1,0,0,0,0,0,0,0,0,1,0
SHOX,0,1,1,0,0,0,0,0,0,0
AMPD3,1,1,1,0,0,0,0,0,0,0
LINC01141,0,0,1,1,0,0,0,1,1,0
FFAR1,0,0,0,0,0,0,0,1,1,0
C12orf10,0,0,1,1,0,1,1,0,0,0
NDUFS4,0,0,1,1,0,1,1,1,1,0
C10orf53,0,0,0,0,0,0,0,1,1,0
PNKD,0,0,0,0,0,1,1,0,0,0
AKIRIN1,0,0,1,1,0,0,0,0,0,0
AC009264.1,0,1,1,0,0,0,0,0,0,0
NR2F1-AS1,0,0,0,0,0,0,0,0,1,0
LINC01448,0,0,0,0,0,0,0,1,1,0
PWWP2B,0,1,1,0,0,0,0,0,0,0
C6orf132,0,1,1,0,0,0,0,0,0,0
FAM47E,0,0,0,0,0,0,0,1,1,0
LINC00989,0,1,1,0,0,1,0,1,1,0
HYAL4,0,1,1,0,0,0,0,1,0,0
CHORDC1,1,0,0,0,0,0,0,1,1,0
CFAP161,0,1,1,0,0,0,0,0,0,0
CCNT1,0,0,1,1,0,0,0,0,0,0
TRBV5-4,0,0,0,0,0,0,0,1,1,0
RRP1,0,0,1,1,0,1,1,0,0,0
TM9SF1,1,0,0,0,0,1,1,1,1,0
CTAGE9,0,1,1,0,0,0,0,0,0,0
MED28,0,0,1,0,0,0,0,0,0,0
MIR99AHG,0,0,0,0,0,0,0,1,1,0
ASB15,0,0,0,0,0,0,0,1,1,0
MAN1B1,0,0,0,0,0,1,1,1,1,0
CHEK1,0,0,0,0,0,1,1,0,0,0
LYPD8,0,0,0,0,0,0,0,1,0,0
ANP32B,0,0,1,1,0,0,0,0,0,0
MORF4L2-AS1,0,0,0,0,0,0,0,1,1,0
TDRD9,0,1,1,0,0,0,0,1,1,0
LRP6,0,0,1,1,0,0,0,0,0,0
TRAF3IP1,0,0,0,0,0,0,0,1,1,0
LDHC,0,1,1,0,0,0,0,0,0,0
UBAC1,0,0,0,0,0,0,0,1,1,0
AHNAK,0,1,1,1,0,0,0,0,0,0
CPSF1,0,0,0,0,0,1,1,0,0,0
PRPF31,0,0,1,1,0,1,1,0,0,0
WNT9A,0,0,1,0,0,0,0,0,0,0
SNRPD2,0,0,0,0,0,0,0,1,1,0
FADS1,0,0,1,1,0,0,0,0,0,0
TMEM65,0,0,1,0,0,0,0,0,0,0
IGKJ5,0,1,1,1,0,1,1,0,0,0
TCEA3,0,1,1,0,0,0,0,0,0,0
GUCA1B,0,0,0,0,0,0,0,1,1,0
ABLIM2,0,0,0,0,0,0,0,1,1,0
RET,0,0,0,0,0,0,0,1,1,0
SNTG1,0,1,1,1,0,0,0,0,0,0
PTPN9,1,0,1,1,0,0,0,0,0,0
LHFPL4,0,0,0,0,0,0,0,1,1,0
ADAM33,0,1,1,0,0,0,0,1,1,0
FARSB,0,1,1,0,0,0,0,0,0,0
CEP97,0,0,0,0,0,1,1,0,0,0
C9orf78,0,0,1,1,0,0,0,0,0,0
TAS2R31,0,1,1,0,0,0,0,0,0,0
CA4,0,1,1,0,0,0,0,0,0,0
TCEAL4,0,0,1,1,0,0,0,0,0,0
SMOX,0,0,1,1,0,0,0,1,1,0
PACSIN1,0,1,1,0,0,0,0,0,0,0
UBE4A,0,0,1,1,0,0,0,0,0,0
KIF17,0,0,0,0,0,0,0,1,1,0
SUCLG1,0,0,1,1,0,1,1,0,1,0
TRIOBP,0,0,1,1,0,0,0,0,0,0
LMO2,0,0,0,0,0,0,0,1,1,0
DIP2C,0,0,1,1,0,0,0,0,0,0
KIAA0825,0,0,0,0,0,0,0,1,1,0
ZNRF3-AS1,0,0,0,0,0,0,0,1,1,0
PIP5K1C,0,0,1,1,0,0,0,0,0,0
SIRT5,1,0,0,0,0,0,0,0,0,0
LINC00507,0,1,1,0,0,0,0,0,0,0
KDELR2,0,0,1,1,0,1,1,0,0,0
ASGR1,0,0,0,0,0,0,0,1,1,0
CERKL,0,1,1,0,0,0,0,1,1,0
MIR222HG,0,0,0,0,0,0,0,1,1,0
ZADH2,0,0,0,0,0,0,0,1,1,0
KIAA0232,1,0,0,0,0,0,0,0,0,0
KLRK1,0,0,0,0,0,0,0,0,1,0
BAIAP3,0,0,0,0,0,1,1,1,1,0
NUDT16,0,0,1,1,0,0,0,0,0,0
SSPN,1,0,0,0,0,1,1,0,0,0
APBB1IP,0,0,1,1,0,0,0,0,0,0
RAD50,0,0,1,1,0,0,0,0,0,0
GDPD2,0,0,0,0,0,0,0,1,1,0
PXYLP1,0,1,1,0,0,0,0,0,0,0
CTU1,0,1,1,0,0,1,1,0,0,0
NRG2,0,1,1,0,0,0,0,0,0,0
ARNT,0,0,0,0,0,0,0,1,1,0
C12orf65,0,0,1,1,0,0,0,0,0,0
CSNK1A1,0,0,1,1,0,0,0,0,0,0
PRDM5,0,0,0,0,0,0,0,1,1,0
RSL24D1,0,0,1,1,0,0,0,0,0,0
DAND5,0,0,0,0,0,0,0,1,1,0
GPR19,0,0,0,0,0,0,0,1,1,0
IGKV2D-30,0,0,0,0,0,0,0,1,1,0
CABLES2,0,1,1,0,0,0,0,1,1,0
TRIM39,0,0,0,0,0,0,0,1,1,0
TRMT10B,0,0,1,1,0,0,0,0,0,0
LINC00337,0,0,0,0,0,0,0,1,0,0
CKB,0,0,1,1,0,0,0,0,1,0
AC136616.3,0,0,0,0,0,1,1,0,0,0
CYBRD1,1,1,1,1,0,0,0,0,0,0
PRAME,0,0,0,0,0,0,0,1,1,0
GFOD1,1,1,1,0,0,0,0,0,0,0
USP48,0,0,1,1,0,1,1,0,0,0
C9orf106,0,0,1,1,0,0,0,0,0,0
ACR,0,1,1,0,1,1,1,1,1,1
RPL10A,0,0,1,1,0,0,0,0,1,0
RBM26,0,0,1,1,0,0,0,0,1,0
MCM10,0,1,1,0,0,1,1,0,0,0
PNOC,0,1,1,1,0,0,0,1,1,0
MRPS34,0,0,1,0,0,1,1,0,1,0
VAMP3,0,1,1,0,0,0,0,0,0,0
PAG1,0,0,1,1,0,0,0,0,0,0
FNDC9,0,0,0,0,0,0,0,1,1,0
RUNDC3A,0,1,1,0,0,0,0,1,1,0
VPS13D,1,0,1,1,0,0,0,0,0,0
LINC00494,0,1,1,0,0,0,0,1,1,0
RPH3AL,0,1,1,0,0,0,0,0,0,0
MAP3K11,0,0,1,1,0,0,0,0,0,0
KBTBD8,0,0,0,0,0,1,1,1,1,0
EFCC1,0,0,0,0,0,0,0,1,1,0
CTSK,1,0,0,0,0,0,0,1,1,0
CYP2E1,0,1,1,1,0,0,0,0,0,0
GSKIP,0,0,0,0,0,0,0,1,1,0
OIT3,0,0,0,0,0,0,0,1,1,0
GPHA2,0,1,1,0,0,0,0,0,0,0
NPC2,0,0,1,1,0,0,0,1,1,0
IRF1,0,0,1,1,0,0,0,1,1,0
CD209,0,0,1,1,0,0,0,1,1,0
IFT80,0,0,0,0,0,0,0,1,1,0
SLC22A15,0,0,0,0,0,0,0,1,1,0
GPM6A,0,0,0,0,0,0,0,1,1,0
TMEM145,0,0,1,0,0,1,1,0,0,0
MTRNR2L4,0,0,0,0,0,0,0,1,1,0
NUMBL,0,0,0,0,0,0,0,1,1,0
TYMP,0,0,0,0,0,1,1,0,0,0
GBP7,0,0,0,0,0,0,0,1,1,0
LUZP1,0,0,1,1,0,0,0,0,0,0
RRP36,0,0,0,0,0,1,1,0,0,0
SEMA4G,0,1,1,0,0,0,0,1,1,0
OCIAD2,0,0,1,1,0,0,0,0,0,0
ANKRD24,0,0,0,0,0,0,0,1,1,0
OR5AS1,0,1,1,0,0,0,0,0,0,0
ERH,0,0,1,1,0,1,1,0,1,0
OLMALINC,0,0,0,0,0,0,0,1,1,0
SLC16A10,0,0,1,1,0,0,0,0,0,0
PFDN4,0,0,1,1,0,1,1,0,0,0
PPP2R5C,0,0,1,0,0,0,0,1,1,0
HDAC11,0,0,1,1,0,0,0,0,0,0
ABCC4,0,0,1,0,0,0,0,0,0,0
FLII,0,0,0,0,0,1,1,1,1,0
TMEM184B,0,0,0,0,0,1,1,0,0,0
FRAT2,0,0,0,0,0,0,0,1,1,0
HAND2,0,0,0,0,0,0,0,1,1,0
STK4-AS1,0,0,0,0,0,0,0,1,1,0
FBXO11,0,0,1,1,0,0,0,0,0,0
NUDT21,0,0,0,0,0,1,1,0,0,0
PCNA,0,0,0,0,0,1,1,0,0,0
DDX6,0,0,1,1,0,0,0,0,0,0
PKHD1L1,0,0,1,1,0,1,1,1,1,0
VAV1,0,0,0,0,0,1,1,1,1,0
FAM49B,0,0,1,1,0,0,0,0,0,0
MAPRE3,0,0,0,0,0,0,0,1,1,0
HPCAL1,0,0,0,0,0,0,0,1,1,0
MAL,0,1,1,0,0,0,0,0,0,0
PRDX2,0,0,1,1,0,1,1,0,1,0
AC015987.1,0,1,1,0,0,0,0,0,0,0
SALL1,0,0,1,1,0,0,0,0,0,0
GON4L,0,0,1,1,0,0,0,0,0,0
TRAPPC6B,0,0,1,1,0,0,0,0,0,0
AATK,0,1,1,0,0,0,0,0,0,0
OTX2-AS1,0,1,1,0,0,0,0,0,0,0
LPP-AS2,0,0,0,0,0,0,0,1,1,0
MED12L,0,0,0,0,0,0,0,1,1,0
CRABP1,0,0,1,1,0,0,0,0,1,0
EXOG,0,0,1,0,0,0,0,1,1,0
APC2,0,0,0,0,0,0,0,1,1,0
TIMM10,1,0,1,1,0,0,0,0,0,0
AFTPH,0,0,1,1,0,0,0,0,0,0
LINC00158,0,1,1,0,0,0,0,1,1,0
BORCS8,0,0,1,1,0,0,0,0,0,0
SRF,0,0,1,1,0,0,0,0,0,0
FAM106A,0,1,1,0,0,0,0,0,0,0
ODF3,0,1,1,1,0,0,0,0,0,0
OSTM1,0,0,1,1,0,0,0,0,0,0
NHP2,0,0,0,0,0,0,0,0,1,0
RAPGEFL1,0,1,1,0,0,0,0,0,0,0
C12orf56,0,0,0,0,0,0,0,1,1,0
AC008686.1,0,1,1,1,0,0,0,1,1,0
RASSF9,0,1,1,0,0,0,0,1,1,0
LINC01011,0,1,1,0,0,0,0,1,0,0
ABCA10,0,1,1,0,0,0,0,1,1,0
SYDE2,0,1,1,0,0,0,0,0,0,0
SNX31,0,0,0,0,0,0,0,1,1,0
SOX8,0,0,0,0,0,0,0,1,1,0
HAX1,0,0,1,1,0,1,1,0,0,0
OCM,0,1,1,0,0,0,0,1,1,0
SNRNP27,0,0,1,0,0,0,0,0,0,0
PPP1R2,0,0,1,1,0,0,0,0,0,0
GTPBP6,0,0,0,0,0,0,0,0,1,0
TTC21B,0,0,0,0,0,0,0,1,1,0
FAM223B,0,1,1,0,0,0,0,0,0,0
SSR3,0,0,0,0,0,1,1,0,0,0
ROBO4,0,0,0,0,0,0,0,1,1,0
PECAM1,0,0,1,1,0,0,0,0,0,0
SNX29,0,0,1,1,0,1,1,0,0,0
HEY2,0,0,0,0,0,0,0,1,1,0
LINC01102,0,0,0,0,0,0,0,1,1,0
SIGLEC15,0,0,0,0,0,0,0,1,1,0
GRIK5,0,0,0,0,0,0,0,1,1,0
NISCH,0,1,1,1,0,0,0,0,0,0
RPL18A,0,0,1,1,0,0,0,0,1,0
PLB1,0,0,0,0,0,0,0,1,1,0
AC129492.1,0,1,1,0,0,0,0,0,0,0
MBD1,0,0,1,1,0,0,0,0,0,0
EXTL1,0,0,0,0,0,0,0,1,1,0
MTRNR2L13,0,0,0,0,0,0,0,1,1,0
ARHGEF10,0,1,1,0,0,0,0,0,0,0
TIAM2,0,0,0,0,0,1,1,1,1,0
XKR7,0,0,0,0,0,0,0,1,1,0
GJB7,0,1,1,0,0,1,1,1,1,0
AP3S1,0,0,1,1,0,0,0,1,1,0
P3H2,1,0,0,0,0,0,0,1,1,0
MEIS1-AS2,0,1,1,0,0,0,0,0,0,0
GOT1,0,0,1,1,0,0,0,0,0,0
TRIP12,0,0,1,1,0,0,0,0,0,0
CSF1R,0,1,1,1,0,0,0,1,1,0
AC068831.6,0,0,0,0,0,0,0,1,1,0
ST6GAL2,0,1,1,0,0,0,0,1,1,0
COLCA1,0,0,1,1,0,0,0,0,1,0
LGALS2,0,0,0,0,0,0,0,1,1,0
C7orf77,0,0,1,1,0,0,0,0,0,0
KLHL6-AS1,0,0,0,0,0,0,0,1,1,0
ANKRD20A1,0,0,0,0,0,0,0,1,1,0
PTGS2,0,0,0,0,0,0,0,1,1,0
PEX3,0,0,0,0,0,0,0,1,1,0
IL6ST,0,0,1,1,0,0,0,1,1,0
LINC00951,0,1,1,0,0,0,0,1,1,0
PLEKHG1,0,0,1,1,0,0,0,0,0,0
PLA2G4C,1,0,0,0,0,0,0,0,0,0
FADS2,0,0,1,1,0,0,0,0,0,0
PURB,0,0,1,1,0,0,0,0,0,0
KCNQ1OT1,0,0,1,1,0,0,0,0,0,0
RBP1,0,0,1,1,0,0,0,0,1,0
MEOX1,0,1,1,0,0,0,0,0,0,0
ZEB2,0,0,1,1,0,0,0,1,1,0
COIL,0,0,1,1,0,0,0,0,0,0
TP53AIP1,0,0,0,0,0,0,0,1,1,0
LRRC19,0,0,0,0,0,0,0,1,1,0
P2RY1,0,0,0,0,0,0,0,1,1,0
MT3,0,0,1,1,0,0,0,1,1,0
SBNO1,0,0,1,1,0,0,0,0,0,0
MALSU1,0,0,1,1,0,0,0,0,0,0
ZNF780A,0,0,0,0,0,0,0,1,1,0
FAM72A,0,1,1,0,0,0,0,0,0,0
SAMD9,0,0,1,1,0,0,0,0,0,0
BRWD1,0,0,1,1,0,0,0,0,0,0
CHMP4B,0,0,0,0,0,1,1,0,0,0
PRMT5,0,0,0,0,0,1,1,0,0,0
GSTM2,0,0,0,0,0,0,0,1,1,0
SLTM,0,0,1,1,0,0,0,0,0,0
TUFM,0,0,1,1,0,1,1,1,1,0
NPB,0,1,1,0,0,0,0,1,1,0
PPIL4,0,0,1,1,0,0,0,0,0,0
SNRPE,0,0,1,0,0,0,0,0,1,0
LRRC69,0,0,0,0,0,0,0,1,1,0
AC007391.2,0,1,1,0,0,0,0,1,1,0
ATG2B,1,0,0,0,0,0,0,0,0,0
EIF1AX-AS1,0,1,1,0,0,0,0,0,0,0
MIER3,0,0,0,0,0,0,0,1,1,0
CYP4A22-AS1,0,0,0,0,0,0,0,1,1,0
GPR31,0,1,1,0,0,0,0,1,1,0
COMMD6,0,0,1,1,0,0,0,0,1,0
BRAP,0,0,1,1,0,0,0,0,0,0
FBXW4,0,0,1,1,0,0,0,0,0,0
ABT1,0,0,1,0,0,0,0,0,0,0
HINT1,0,0,0,0,0,0,0,0,1,0
C5orf17,0,1,1,0,0,0,0,0,0,0
HOXB6,0,1,1,1,0,0,0,1,1,0
PSMD11,0,0,1,1,0,1,1,0,0,0
LYZ,0,0,0,0,0,0,0,1,1,0
PBK,0,0,0,0,0,1,1,0,0,0
PLVAP,0,0,1,1,0,0,0,1,1,0
KIAA0087,0,0,0,0,0,0,0,1,1,0
ABCC6,0,0,0,0,0,0,0,1,1,0
GDAP1,0,0,0,0,0,0,0,1,1,0
IGKV2D-28,0,0,0,0,0,1,1,0,0,0
DNM1L,1,0,1,1,0,0,0,1,1,0
NEU1,0,1,1,1,0,1,1,0,0,0
RPL13A,0,0,1,1,0,0,0,0,1,0
ZNF396,0,0,0,0,0,0,0,1,1,0
ENO4,0,0,0,0,0,0,0,1,1,0
COL1A2,0,0,1,1,0,0,0,0,1,0
BNIPL,0,0,0,0,0,0,0,1,1,0
LINC01106,0,1,1,0,0,0,0,0,0,0
DLGAP1-AS5,0,0,1,1,0,0,0,1,1,0
SUGCT,0,0,0,0,0,0,0,1,1,0
TRAV26-1,0,0,0,0,0,0,0,1,1,0
BORCS7,0,0,1,1,0,0,0,0,0,0
C10orf105,0,0,0,0,0,0,0,1,1,0
LIX1,0,0,0,0,0,1,1,0,0,0
IGKV2-28,0,0,0,0,0,1,1,0,0,0
CITED2,1,0,0,0,0,1,1,1,1,0
GPCPD1,0,0,0,0,0,0,0,1,1,0
RSRC2,0,0,1,1,0,0,0,0,0,0
ZSCAN10,0,0,0,0,0,0,0,1,1,0
FOXK2,0,0,0,0,0,0,0,1,1,0
PIK3IP1,0,0,1,1,0,0,0,0,0,0
GPR146,0,1,1,0,0,0,0,0,0,0
MYO9A,0,0,1,1,0,0,0,0,0,0
SZRD1,1,0,0,0,0,0,0,1,1,0
DDRGK1,0,0,0,0,0,1,1,0,0,0
TSPAN3,0,0,0,0,0,0,0,1,1,0
OR10G3,0,0,0,0,0,0,0,1,1,0
OTUD3,0,0,0,0,0,0,0,1,1,0
HAP1,0,1,1,0,0,0,0,1,1,0
DOCK9,0,0,1,1,0,0,0,1,1,0
TRMT1,0,0,1,1,0,0,0,0,0,0
GEMIN8,0,0,0,0,0,1,1,0,0,0
POC1B,0,1,1,0,0,0,0,1,1,0
SMIM5,0,0,0,0,0,0,0,1,1,0
FLYWCH1,0,0,0,0,0,0,0,1,1,0
DNAH10OS,0,0,0,0,0,0,0,1,1,0
ADORA1,0,0,1,0,0,0,0,0,0,0
PAPSS1,0,0,0,0,0,1,1,0,0,0
SRPX,0,0,0,0,0,0,0,1,1,0
AC012123.1,0,0,1,1,0,0,0,1,1,0
TRAV24,0,1,1,0,0,0,0,0,0,0
IFRD2,0,0,1,1,0,1,1,0,0,0
ZNF671,0,1,1,0,0,0,0,0,0,0
CD164,0,0,1,1,0,0,0,0,0,0
ZNF488,0,1,1,0,0,0,0,1,1,0
C1orf229,0,1,1,0,0,0,0,0,0,0
TSPEAR,0,0,0,0,0,0,0,1,1,0
EIF3CL,0,0,0,0,0,1,1,1,1,0
IFITM1,0,0,1,1,0,0,0,0,0,0
COQ9,0,0,0,0,0,1,1,1,1,0
HILPDA,0,0,0,0,0,0,0,1,1,0
ENPP1,0,1,1,1,0,0,0,0,0,0
NOL8,0,0,1,1,0,0,0,0,0,0
PRSS21,0,0,0,0,0,1,1,0,0,0
WDR45,0,0,1,1,0,1,1,0,0,0
RUBCNL,1,0,0,0,0,0,0,0,0,0
FAM201A,0,1,1,1,0,0,0,1,1,0
TBL2,0,0,0,0,0,1,1,1,1,0
SLFN5,0,0,1,1,0,0,0,0,0,0
SNHG15,0,0,1,1,0,0,0,0,0,0
PLEKHG2,0,1,1,1,0,0,0,0,0,0
TFDP1,0,0,0,0,0,1,1,1,1,0
HPS3,0,0,1,1,0,0,0,0,0,0
RNF146,1,0,1,1,0,0,0,0,0,0
HOXB13,0,0,0,0,0,0,0,1,1,0
CYSRT1,0,0,0,0,0,0,0,1,1,0
AHCY,0,0,0,0,0,1,1,0,0,0
TRIP13,0,0,0,0,0,1,1,0,0,0
STAT2,0,0,1,1,0,0,0,0,0,0
ACBD3,0,0,1,1,0,0,0,0,0,0
CCP110,0,0,1,1,0,0,0,0,0,0
IGKV1OR22-5,0,1,1,1,0,0,0,0,0,0
LINC00896,0,1,1,1,0,0,0,1,1,0
CCDC170,0,0,1,1,0,0,0,0,0,0
PABPC1,0,0,1,1,0,0,0,0,0,0
EDN3,0,1,1,0,0,0,0,0,0,0
RPL11,0,0,1,1,0,0,0,0,1,0
ZNF92,0,0,0,0,0,0,0,1,1,0
CCER2,0,0,0,0,0,0,0,1,1,0
ZNHIT6,0,0,1,1,0,0,0,0,1,0
HIST1H2AJ,0,0,0,0,0,1,1,0,0,0
PRR15,0,0,1,1,0,1,1,1,1,0
TOM1L1,0,1,1,1,0,0,0,0,0,0
NDN,0,0,0,0,0,0,0,0,1,0
AVPR1A,0,1,1,1,0,0,0,0,0,0
YOD1,0,0,0,0,0,0,0,1,1,0
MGAT4A,0,1,1,0,0,0,0,0,0,0
TMEM37,0,1,1,0,0,0,0,1,1,0
SLC22A3,0,1,1,0,0,0,0,1,0,0
SUN1,0,0,1,1,0,1,1,0,0,0
CTNND1,0,0,1,1,0,0,0,0,0,0
PPP1R1C,0,0,0,0,0,0,0,0,1,0
SPRR1A,1,0,0,0,0,0,0,0,0,0
VWA7,0,1,1,0,0,0,0,1,1,0
ACOT9,0,0,1,1,0,0,0,0,0,0
NUP155,0,0,1,1,0,0,0,0,0,0
SIT1,0,0,1,1,0,0,0,0,0,0
NES,0,0,0,0,0,0,0,1,0,0
LARP7,0,0,1,1,0,0,0,0,0,0
TMEM169,0,1,1,0,0,0,0,1,1,0
LKAAEAR1,0,1,1,0,0,0,0,0,0,0
HRAS,0,0,0,0,0,1,1,0,0,0
XBP1,0,0,0,0,0,1,1,0,0,0
BDNF-AS,0,1,1,0,0,0,0,0,0,0
GSTO2,0,0,0,0,0,0,0,1,1,0
PLA2G5,0,0,0,0,0,0,0,1,1,0
EMCN,0,0,0,0,0,0,0,1,0,0
CACHD1,0,1,1,1,0,0,0,0,0,0
DRAP1,0,0,1,1,0,0,0,0,0,0
KLHL36,0,0,1,1,0,0,0,0,0,0
MED9,0,0,1,0,0,0,0,0,0,0
PNPLA1,0,0,0,0,0,0,0,1,1,0
EI24,0,0,1,1,0,0,0,0,0,0
OVOL2,0,0,0,0,0,0,0,1,1,0
SLC38A11,0,1,1,0,0,0,0,1,1,0
PSMB4,0,0,1,1,0,1,1,0,1,0
POLQ,0,1,1,0,0,0,0,0,0,0
JAK1,1,0,1,1,0,0,0,0,0,0
DAGLB,0,1,1,1,0,0,0,0,0,0
EHMT2,0,0,1,1,0,0,0,0,0,0
SERPINB6,0,1,1,0,0,0,0,0,0,0
ALDH18A1,0,0,0,0,0,1,1,0,0,0
ADPRH,0,0,1,1,0,1,1,0,0,0
AC006994.2,0,1,1,0,0,0,0,0,0,0
CORO1B,0,0,1,1,0,0,0,0,0,0
UBE3B,0,0,0,0,0,0,0,1,1,0
LIG1,0,1,1,0,0,0,0,0,0,0
XPO4,0,0,1,1,0,0,0,0,0,0
PPP2R3B,0,0,0,0,0,0,0,1,1,0
TMEM184C,0,0,0,0,0,0,0,1,1,0
HLA-F,0,0,0,0,0,0,0,1,1,0
TMEM39A,0,0,1,1,0,1,1,0,0,0
STOX1,0,0,0,0,1,1,0,1,1,0
ZW10,0,0,0,0,0,1,1,1,1,0
MYL6,0,0,1,1,0,0,0,0,1,0
ITGAV,0,0,1,1,0,0,0,0,0,0
POU3F1,0,1,1,1,0,0,0,1,1,0
AGPAT3,0,0,1,1,0,0,0,1,1,0
TRAF7,0,0,1,1,0,0,0,0,0,0
ABCA5,0,0,0,0,0,0,0,1,1,0
LINC01122,0,0,0,0,0,0,0,1,1,0
BEND3,0,0,1,1,0,0,0,0,0,0
CD37,0,0,0,0,1,1,1,0,0,0
SMTNL1,0,1,1,0,0,0,0,1,1,0
CDK17,1,0,0,0,0,0,0,0,0,0
CEP63,0,0,0,0,0,0,0,1,1,0
NDUFB9,0,0,1,1,0,0,0,0,0,0
WDR86,0,0,0,0,0,0,0,1,1,0
FAM182B,0,1,1,0,0,0,0,1,0,0
ADM5,0,0,0,0,0,0,0,1,1,0
AC083843.1,0,1,1,0,0,0,0,0,0,0
FASTKD2,0,0,1,1,0,0,0,0,0,0
CDH12,0,1,1,0,0,0,0,0,0,0
VILL,0,0,0,0,0,0,0,1,1,0
RUFY4,0,0,0,0,0,0,0,1,1,0
WRNIP1,1,0,1,1,0,0,0,0,0,0
SLC45A4,0,0,1,1,0,0,0,1,1,0
RFX4,0,1,1,0,0,0,0,0,0,0
FOXP2,0,0,1,1,0,0,0,1,1,0
SSRP1,0,0,1,1,0,1,1,0,0,0
TUBG1,0,0,0,0,0,1,1,0,0,0
AGPS,0,0,0,0,0,1,1,0,0,0
RIN3,0,0,1,1,0,0,0,0,0,0
HEXA-AS1,0,1,1,0,0,0,0,0,0,0
SIX4,0,0,0,0,0,0,0,1,1,0
ZNF836,0,0,1,1,0,0,0,0,0,0
NPIPB11,0,0,0,0,0,0,0,1,1,0
PNRC1,0,0,0,0,0,0,0,1,1,0
BCKDHB,1,0,0,0,0,0,0,0,0,0
DUSP12,0,0,0,0,0,1,1,0,0,0
RPL36A,0,0,0,0,0,0,0,1,1,0
CREM,0,0,1,1,0,0,0,1,1,0
SNX17,0,0,1,1,0,1,1,1,1,0
ANKFY1,0,0,1,1,0,0,0,0,0,0
SARNP,0,0,0,0,0,1,1,0,1,0
ARMCX5,0,0,0,0,0,0,0,1,1,0
MFSD14A,0,0,0,0,0,0,0,1,1,0
NCAN,0,1,1,0,0,0,0,0,0,0
FRA10AC1,0,0,1,0,0,0,0,0,0,0
EHD2,0,0,0,0,0,0,0,1,1,0
SPINK2,0,1,1,0,0,0,0,0,0,0
ZNF622,0,0,1,1,0,1,1,0,0,0
LAMA5-AS1,0,0,0,0,0,1,1,0,0,0
FIBCD1,0,0,0,0,0,0,0,1,1,0
ACSF3,0,0,1,1,0,0,0,0,0,0
CADM1,0,0,0,0,0,1,1,1,1,0
LIPN,0,1,1,0,0,0,0,0,0,0
DPY19L4,1,0,0,0,0,0,0,0,0,0
PIWIL3,0,0,0,0,0,0,0,1,1,0
EPHB1,1,0,0,0,0,0,0,1,1,0
NOXO1,0,1,1,0,0,0,0,0,0,0
RHBDF2,1,1,1,1,0,0,0,0,0,0
PON2,0,0,1,1,0,0,0,0,0,0
RPL38,0,1,1,1,0,0,0,0,1,0
TTI2,1,0,0,0,0,0,0,0,0,0
ASB11,0,0,0,0,0,0,0,1,1,0
TNFSF11,0,1,1,0,0,0,0,0,0,0
AHI1,1,0,0,0,0,0,0,0,0,0
RIOK3,0,0,1,1,0,0,0,0,0,0
PLA2G12A,0,0,0,0,0,0,0,1,1,0
SEC14L6,0,0,0,0,0,0,0,1,1,0
FAM66A,0,1,1,0,0,0,0,0,0,0
FKBP6,0,0,0,0,0,0,0,1,1,0
VANGL1,0,0,0,0,0,0,0,1,1,0
EXD2,0,0,0,0,0,0,0,1,1,0
SEMA6A-AS1,0,0,0,0,0,0,0,1,1,0
CPNE1,0,0,0,0,0,1,1,1,1,0
SDAD1,0,0,1,1,0,0,0,0,0,0
EDF1,0,1,1,0,0,1,1,0,0,0
ARID1A,0,0,1,1,0,0,0,0,0,0
TBC1D3B,0,1,1,0,0,0,0,0,0,0
HLA-G,0,0,0,0,0,0,0,1,1,0
IFIT2,0,0,0,0,0,0,0,1,1,0
PAGR1,0,0,0,0,0,1,1,0,0,0
NFYA,1,0,0,0,0,0,0,0,0,0
ARMC5,0,0,0,0,0,0,0,1,1,0
MMP2,0,0,0,0,0,0,0,1,1,0
CYB5D2,0,0,0,0,0,1,1,1,1,0
FMR1NB,0,0,1,1,0,0,0,1,1,0
NDRG1,0,0,1,1,0,0,0,0,0,0
PSMC3,0,0,1,1,0,1,1,0,0,0
PPIAL4G,0,0,1,1,0,0,0,0,0,0
LINC00958,0,1,1,0,0,0,0,1,1,0
MRGBP,0,1,1,0,0,0,0,0,0,0
TNRC18,0,0,1,1,0,0,0,1,1,0
DCTN4,0,0,1,1,0,0,0,1,1,0
KIF18A,0,0,1,1,0,0,0,0,0,0
TLE4,0,0,1,1,0,0,0,0,0,0
PPARGC1A,0,1,1,1,0,0,0,1,0,0
KCNV1,0,0,0,0,0,0,0,1,1,0
TNNI2,0,0,0,0,0,0,0,1,1,0
WBP4,0,0,1,1,0,0,0,0,0,0
CCDC91,0,0,1,1,0,0,0,0,0,0
DCUN1D4,0,0,0,0,0,0,0,1,1,0
STAT3,0,1,1,1,0,0,0,0,0,0
DSCAM,0,0,1,1,0,0,0,0,0,0
UGP2,0,0,1,1,0,0,0,0,0,0
DDX42,0,0,1,1,0,0,0,0,0,0
ART4,0,0,0,0,0,0,0,1,1,0
MIIP,0,0,0,0,0,1,1,0,0,0
LUC7L3,0,0,1,1,0,0,0,0,0,0
EFCAB5,0,0,0,0,0,0,0,1,1,0
NANOS3,0,0,0,0,0,0,0,1,1,0
TMEM144,1,0,0,0,0,0,0,1,1,0
NYAP2,0,0,0,0,0,0,0,1,1,0
UFL1,0,0,0,0,0,1,1,0,0,0
CASP5,0,0,1,1,0,0,0,1,1,0
KNG1,0,0,0,0,0,0,0,1,1,0
SYT7,0,0,0,0,0,0,0,1,1,0
ZBTB46-AS1,0,0,0,0,0,0,0,1,0,0
SCNM1,0,0,1,0,0,0,0,0,0,0
RIC8A,0,0,1,1,0,0,0,0,0,0
UBE2N,0,0,1,1,0,0,0,0,0,0
SRSF8,0,0,1,0,0,0,0,0,0,0
NR4A2,0,0,1,1,0,0,0,1,1,0
WSB1,0,0,1,1,0,0,0,0,0,0
IGLC3,0,1,1,1,0,0,0,0,0,0
IGHV3-13,0,0,0,0,0,1,1,0,0,0
FARP1,0,0,1,1,0,0,0,1,1,0
LINC01427,0,1,1,0,0,0,0,1,1,0
FUT8-AS1,0,0,0,0,0,0,0,1,1,0
SULF1,0,0,0,0,0,0,0,1,1,0
ACTA1,0,1,1,1,0,0,0,0,0,0
FBXO41,0,0,0,0,0,0,0,1,1,0
SBDS,0,0,1,1,0,0,0,0,0,0
IMMP2L,0,1,1,0,0,0,0,0,0,0
BACE2,1,0,0,0,0,0,0,0,0,0
C16orf95,0,0,0,0,0,1,1,0,0,0
NCOR2,0,0,1,1,0,0,0,0,0,0
NOTO,0,0,0,0,0,0,0,1,1,0
ZIK1,0,0,0,0,0,0,0,1,1,0
WNT5A-AS1,0,0,1,1,0,0,0,1,1,0
LINC01352,0,0,0,0,0,0,0,1,1,0
C7orf26,0,1,1,0,0,0,0,0,0,0
EIF4B,0,0,1,0,0,0,0,1,1,0
PCDHB10,0,0,0,0,0,0,0,1,1,0
TIAM1,0,0,1,1,0,0,0,0,0,0
FANCA,0,0,0,0,0,0,0,1,1,0
LINC01250,0,0,0,0,0,0,0,1,1,0
TFEB,0,0,0,0,0,1,1,1,1,0
ADGRF1,0,1,1,0,0,0,0,0,0,0
CDK8,0,1,1,0,0,0,0,1,1,0
ELF1,0,0,1,1,0,0,0,1,1,0
LINC01094,0,1,1,0,0,0,0,1,1,0
WIF1,0,1,1,0,0,0,0,0,0,0
TANK,0,0,1,1,0,0,0,0,0,0
IRF2BP2,0,0,1,1,0,0,0,0,0,0
HAGH,0,0,1,1,0,0,0,0,0,0
PIN4,0,0,0,0,0,1,1,0,0,0
RPS4Y1,0,1,1,0,0,0,0,1,1,0
TPR,0,0,1,1,0,0,0,0,0,0
TRBV7-9,0,1,1,0,0,0,0,1,1,0
SMARCC2,0,0,1,1,0,0,0,0,0,0
SNAP25,0,0,0,0,0,0,0,1,1,0
OLFML1,0,1,1,0,0,0,0,1,1,0
RNF11,0,0,1,1,0,0,0,0,0,0
RBP4,0,0,0,0,0,0,0,1,1,0
POTEJ,0,0,0,0,0,0,0,1,1,0
SIN3A,0,0,1,1,0,0,0,0,0,0
TNKS2,0,0,1,1,0,0,0,0,0,0
ETFB,0,0,1,1,0,1,1,0,0,0
PROCA1,0,1,1,0,0,0,0,0,0,0
GABPB1,0,0,1,1,0,0,0,1,1,0
REV1,0,0,1,1,0,0,0,0,0,0
SLC26A11,0,0,0,0,0,0,0,1,1,0
ACP1,0,0,1,1,0,0,0,0,0,0
LGR5,0,0,0,0,1,1,1,0,0,1
TRIM24,0,0,1,1,0,0,0,0,0,0
MZT1,0,0,1,1,0,0,0,1,1,0
CLEC7A,0,1,1,1,0,0,0,0,0,0
VAMP1,0,0,0,0,0,1,1,1,1,0
AP3M2,0,0,0,0,0,0,0,1,1,0
XRRA1,0,0,1,0,0,0,0,0,0,0
PAQR7,0,0,0,0,0,1,1,0,0,0
NEU3,0,0,0,0,0,1,1,0,0,0
LINC01160,0,0,1,1,0,0,0,0,0,0
LINC00381,0,0,0,0,0,0,0,1,0,0
TSPAN14,1,0,1,0,0,0,0,0,0,0
HSP90AB1,1,0,1,0,0,0,0,0,0,0
ANAPC4,0,0,0,0,0,0,0,1,1,0
INSIG2,0,0,1,1,0,0,0,0,0,0
LTBP2,0,0,1,1,0,0,0,1,1,0
SH3RF3-AS1,0,0,0,0,0,0,0,1,1,0
HNRNPA2B1,0,0,0,0,0,0,0,1,1,0
NFU1,0,0,1,0,0,0,0,0,0,0
UBL4A,0,0,1,1,0,0,0,0,0,0
NSMCE4A,0,0,1,1,0,0,0,0,0,0
SLC44A1,0,0,0,0,0,1,1,1,1,0
MTRNR2L3,0,0,1,0,0,0,0,1,1,0
CCBE1,0,1,1,0,0,0,0,0,0,0
MAP4K4,0,0,1,1,0,0,0,0,0,0
OLFML2B,0,0,1,0,0,0,0,1,1,0
SMAD5,0,0,1,1,0,0,0,0,0,0
UCK2,0,0,0,0,0,1,1,1,1,0
PCP4,0,0,0,0,0,0,0,1,1,0
RAET1E-AS1,0,1,1,0,0,0,0,0,0,0
SSC5D,0,0,1,1,0,0,0,0,0,0
CFI,0,0,0,0,0,0,0,1,1,0
CDS2,0,0,1,1,0,0,0,0,0,0
RRH,0,0,0,0,0,0,0,1,1,0
FAM171A1,0,0,0,0,0,0,0,1,1,0
OR8H1,0,1,1,0,0,0,0,0,0,0
HHATL,0,1,1,0,0,0,0,1,1,0
CES3,0,1,1,0,0,0,0,1,1,0
EQTN,0,0,0,0,1,1,0,0,0,0
IGLV5-37,0,1,1,0,0,0,0,0,0,0
TMEM74B,0,1,1,0,0,0,0,1,1,0
AC099850.1,0,1,1,0,0,0,0,1,1,0
SPAG6,0,1,1,0,0,0,0,0,0,0
CD1E,1,0,0,0,0,0,0,0,0,0
FBXO34,0,0,1,1,0,0,0,0,0,0
ZNHIT3,0,0,1,1,0,0,0,0,0,0
ALG3,0,0,1,1,0,1,1,0,0,0
CAMLG,0,0,1,1,0,0,0,0,0,0
COQ7,0,0,0,0,0,0,0,1,1,0
DOCK5,0,0,0,0,0,0,0,1,1,0
STARD8,0,0,0,0,0,0,0,1,1,0
GPR137B,0,0,1,1,0,0,0,0,0,0
TSC1,0,0,0,0,0,0,0,1,0,0
ADD2,0,1,1,0,0,0,0,1,1,0
CUEDC2,0,0,1,1,0,1,1,0,0,0
ZMYND11,0,0,1,1,0,0,0,0,0,0
SYTL1,0,0,1,1,0,0,0,0,0,0
NBPF6,0,1,1,0,0,0,0,0,0,0
WWP2,1,0,0,0,0,0,0,0,0,0
E2F1,0,1,1,0,0,1,1,0,0,0
EOGT,0,0,0,0,0,0,0,1,1,0
CDK11A,0,0,1,1,0,0,0,0,0,0
ZNF57,0,0,0,0,0,0,0,1,1,0
RAD54B,0,1,1,0,0,0,0,0,0,0
CHMP2B,0,0,1,1,0,0,0,0,0,0
CYP8B1,0,0,0,0,0,0,0,1,1,0
TSHZ1,0,0,1,1,0,0,0,0,0,0
CMTM7,0,0,0,0,0,0,0,1,0,0
MEMO1,0,0,1,1,0,0,0,0,0,0
CD24,0,1,1,1,0,0,0,0,0,0
DCP2,0,0,1,1,0,0,0,0,0,0
WFDC1,0,1,1,1,0,0,0,1,1,0
DDX46,0,0,1,1,0,0,0,0,0,0
APIP,0,0,1,1,0,0,0,0,0,0
CNOT4,0,0,1,1,0,0,0,0,0,0
SAMM50,0,0,1,1,0,1,1,0,0,0
BTN3A1,0,0,1,0,0,0,0,0,0,0
PDCD4,0,0,1,0,0,0,0,1,1,0
RICTOR,0,0,1,1,0,0,0,1,0,0
TMEM150C,0,0,0,0,0,0,0,1,1,0
C19orf38,0,1,1,0,0,0,0,0,0,0
ASGR2,0,0,0,0,0,0,0,1,1,0
CHMP1A,1,0,0,0,0,0,0,0,0,0
LRFN1,0,1,1,0,0,0,0,1,1,0
NBPF19,0,0,1,1,0,0,0,0,0,0
PLPP2,0,0,0,0,0,0,0,1,1,0
GLO1,0,0,1,1,0,0,0,1,1,0
RASGRP4,0,0,1,1,0,0,0,0,0,0
CFAP100,0,1,1,0,0,0,0,1,1,0
MGP,0,0,1,1,0,0,0,0,1,0
WDTC1,0,0,0,0,0,0,0,1,1,0
ZBTB8A,0,0,0,0,0,0,0,1,1,0
FAM81A,0,1,1,0,0,0,0,1,1,0
MANBAL,0,0,1,1,0,0,0,1,1,0
MED6,0,0,1,1,0,0,0,0,0,0
GPR88,0,0,0,0,0,0,0,1,1,0
MKI67,0,0,1,1,0,1,1,0,0,0
MTHFR,0,0,1,1,0,0,0,0,0,0
LIAS,0,0,1,0,0,0,0,0,0,0
ZC3H11A,0,0,0,0,0,0,0,1,1,0
RBM5,0,0,1,1,0,0,0,0,0,0
PABPN1,0,0,1,1,0,0,0,0,0,0
GP1BB,0,0,0,0,0,1,0,0,0,0
SLC39A13,0,0,1,1,0,0,0,0,0,0
BCDIN3D-AS1,0,0,0,0,0,0,0,1,1,0
PRKAR2A,0,0,1,1,0,0,0,0,0,0
SSTR2,1,0,1,1,0,0,0,1,1,0
TCEANC2,0,0,1,0,0,0,0,0,0,0
EVPLL,0,0,0,0,0,0,0,1,1,0
MMP21,0,0,0,0,0,0,0,1,1,0
C16orf54,0,0,0,0,0,0,0,0,1,0
EGFLAM,0,0,1,1,0,0,0,0,1,0
IGFALS,0,0,0,0,0,0,0,1,1,0
FLRT1,0,1,1,1,0,0,0,1,1,0
ABHD6,0,0,1,1,0,0,0,1,1,0
L3MBTL4-AS1,0,0,0,0,0,0,0,1,1,0
PNN,1,0,1,1,0,0,0,0,1,0
FAM172A,0,0,1,1,0,0,0,0,0,0
LSM12,0,0,1,1,0,0,0,0,0,0
DYNLL1,0,0,1,1,0,1,1,0,0,0
DFFB,1,1,1,0,0,0,0,1,1,0
CYP2B6,0,1,1,0,0,0,0,1,1,0
BNIP3,0,1,1,1,0,0,0,0,0,0
JCHAIN,0,1,1,1,0,1,1,0,0,0
C2CD2L,0,1,1,1,0,0,0,0,0,0
HTR3E-AS1,0,0,0,0,0,0,0,1,1,0
TADA1,0,0,0,0,0,0,0,1,1,0
GBE1,0,1,1,0,0,0,0,0,0,0
TTC9C,0,0,0,0,0,0,0,1,1,0
FCRL5,0,0,1,1,0,0,0,1,1,0
BRD4,0,0,1,1,0,0,0,0,0,0
IGLV1-40,0,0,1,1,0,0,0,1,1,0
CD160,0,0,0,0,0,0,0,1,1,0
CCM2,0,0,1,1,0,0,0,0,0,0
LINC01554,0,0,0,0,0,0,0,1,1,0
DESI2,0,0,1,1,0,0,0,0,0,0
RAB6A,0,0,1,1,0,0,0,0,0,0
RGMB,0,0,0,0,0,0,0,1,1,0
AC124944.3,0,0,0,0,0,0,0,1,1,0
GCSAML,0,0,0,0,0,0,0,1,1,0
ELMOD2,0,0,0,0,0,1,1,0,0,0
NCBP2,0,0,1,1,0,0,0,0,0,0
ATP9B,0,0,0,0,0,0,0,1,1,0
CTBP1,0,0,1,1,0,0,0,1,1,0
MED4-AS1,0,1,1,0,0,0,0,0,0,0
ANXA11,0,0,1,1,0,0,0,0,0,0
CPT1B,0,0,0,0,0,0,0,1,1,0
SPCS3,0,0,1,1,0,1,1,0,0,0
TXN,0,0,0,0,0,1,1,0,0,0
TLK2,0,0,1,1,0,0,0,0,1,0
MT1H,0,0,1,1,0,0,0,0,0,0
PER2,1,0,0,0,0,0,0,0,0,0
CCKBR,0,0,0,0,0,0,0,1,1,0
NR1D2,0,0,1,1,0,0,0,1,1,0
NDUFS8,0,0,1,1,0,1,1,0,0,0
CHPF2,0,0,0,0,0,1,1,1,1,0
GGT5,0,1,1,0,0,0,0,0,0,0
PLP1,0,1,1,0,0,0,0,0,0,0
SLC6A7,0,0,0,0,0,0,0,1,1,0
SNAPC4,0,0,0,0,0,0,0,1,1,0
DISC1,0,0,1,1,0,0,0,1,1,0
CEACAM8,0,0,0,0,0,0,0,1,0,0
NKIRAS2,0,0,1,1,0,0,0,0,0,0
MOB1A,0,0,1,1,0,0,0,0,0,0
WDR26,0,0,1,1,0,0,0,0,0,0
RSRP1,0,0,1,1,0,0,0,0,0,0
ARL11,0,0,0,0,0,0,0,1,1,0
RFT1,0,0,0,0,0,1,1,1,1,0
TMEM255B,0,0,0,0,0,1,1,1,1,0
HMGB3,0,0,1,1,0,1,1,0,0,0
CPT1C,0,0,0,0,0,0,0,1,1,0
OR14I1,0,1,1,0,0,0,0,0,0,0
FHOD3,0,1,1,0,0,0,0,0,0,0
LBH,0,0,1,1,0,0,0,1,1,0
PRDM11,0,1,1,0,0,0,0,0,0,0
PDK4,0,0,1,1,0,0,0,1,1,0
C4orf3,0,0,1,1,0,1,1,0,1,0
ELP5,0,0,1,1,0,0,0,0,0,0
THAP10,0,0,0,0,0,0,0,1,1,0
RREB1,0,1,1,1,0,0,0,1,1,0
POLR2I,0,0,1,1,0,1,1,0,1,0
H2AFZ,0,0,1,1,0,1,1,1,1,0
DPH7,0,0,0,0,0,1,1,0,0,0
ZBTB38,0,0,1,1,0,1,1,0,0,0
ANXA5,0,0,1,1,0,1,1,0,0,0
CIT,0,0,1,1,0,0,0,1,1,0
OR4P4,0,0,0,0,1,1,0,0,0,0
AC113167.1,0,1,1,0,0,0,0,0,0,0
CLDN10,0,0,0,0,0,0,0,1,1,0
ABCD1,0,0,1,0,0,0,0,0,0,0
UBXN7,0,0,1,1,0,0,0,0,0,0
INSIG1,0,0,1,1,0,0,0,0,0,0
VPS33A,0,0,1,1,0,0,0,0,0,0
DDX52,0,0,0,0,0,0,0,1,1,0
ZNF12,0,0,1,1,0,0,0,0,0,0
CEBPB,0,0,0,0,0,0,0,1,1,0
ALG11,0,0,1,1,0,0,0,0,0,0
PPAT,0,0,0,0,0,1,1,0,0,0
LPXN,0,0,1,1,1,1,1,0,0,1
PPP1R12B,0,0,0,0,0,0,0,1,1,0
ADGRD1,0,1,1,0,0,0,0,0,0,0
STK38,0,0,1,1,0,0,0,0,0,0
CLIP1,0,0,1,1,0,0,0,0,0,0
NEFH,0,0,1,1,0,0,0,0,0,0
CCNA1,0,1,1,0,0,0,0,1,0,0
IGHV1-67,0,1,1,0,0,0,0,0,0,0
CCR9,0,1,1,0,0,1,1,1,1,0
DDT,0,0,1,1,0,1,1,0,0,0
ACSL5,0,0,1,1,0,1,1,0,0,0
CKAP5,0,0,1,1,0,0,0,1,1,0
OR8B8,0,1,1,1,0,0,0,0,0,0
STK24,0,0,1,1,0,0,0,0,0,0
CD58,0,0,1,1,0,0,0,0,0,0
NBR1,0,0,1,1,0,0,0,0,0,0
SLC35A1,0,0,0,0,0,0,0,1,1,0
TRGJP1,0,1,1,0,0,0,0,0,0,0
PRG2,0,0,0,0,0,0,0,1,1,0
P2RY12,0,0,1,1,0,0,0,0,0,0
SDHAF1,0,1,1,0,0,1,1,1,1,0
CCL19,0,0,1,1,0,0,0,0,0,0
TRAJ4,0,0,0,0,0,0,0,1,1,0
PPFIA2,0,0,0,0,0,0,0,1,1,0
ZNF677,0,0,0,0,0,0,0,1,1,0
TNPO3,0,0,1,1,0,0,0,0,0,0
SLC52A2,0,0,1,1,0,1,1,0,0,0
ANKRD2,0,0,0,0,0,0,0,1,1,0
PPP1R12A,0,0,1,1,0,0,0,0,0,0
LINC00853,0,0,0,0,0,1,0,0,0,0
ATAD3A,0,1,1,0,0,1,1,0,0,0
BICC1,0,0,0,0,0,0,0,1,1,0
ZNF266,1,0,0,0,0,0,0,0,0,0
RAB1A,0,0,1,1,0,1,1,0,0,0
RAPGEF3,0,0,0,0,0,0,0,1,1,0
IFNA5,0,0,0,0,0,0,0,1,1,0
SLC2A5,0,1,1,1,0,1,1,1,1,0
CDX2,0,1,1,0,0,0,0,0,0,0
GPRIN3,0,0,1,1,0,0,0,1,1,0
LINC00891,0,0,0,0,0,1,1,0,0,0
IFI27L1,0,0,0,0,0,1,1,0,0,0
FAM126B,0,0,1,1,0,0,0,0,0,0
FKBP5,1,0,1,1,0,0,0,0,0,0
RPS4Y2,0,0,0,0,0,0,0,1,1,0
ZBTB5,1,0,0,0,0,0,0,1,1,0
RGP1,0,0,1,1,0,0,0,0,0,0
TRAV39,0,0,0,0,0,0,0,1,1,0
C1orf43,0,0,1,1,0,1,1,1,1,0
MCAM,0,0,0,0,0,0,0,1,1,0
INMT,0,0,1,1,0,0,0,0,1,0
AC003956.1,0,1,1,0,0,0,0,1,1,0
MYLIP,0,0,1,1,0,0,0,0,0,0
KLK4,0,0,0,0,0,0,0,1,1,0
C3orf35,0,0,0,0,0,0,0,1,1,0
ST14,0,1,1,1,1,1,1,1,1,1
ZNF850,0,0,0,0,1,1,0,1,1,0
NUCB2,1,1,1,0,0,1,1,0,0,0
LINC00278,0,1,1,0,0,0,0,0,0,0
IL17F,0,0,0,0,0,0,0,1,1,0
MKNK1-AS1,0,0,0,0,0,0,0,1,1,0
KLF17,0,0,0,0,0,0,0,1,1,0
RWDD2A,0,0,0,0,0,1,1,1,1,0
PRSS35,0,0,1,1,0,0,0,0,0,0
IL1R2,0,0,0,0,0,0,0,1,1,0
KCNK10,0,0,1,0,0,0,0,1,1,0
ABCA9,0,1,1,0,0,0,0,0,0,0
TMEM161A,1,0,0,0,0,0,0,1,1,0
MPHOSPH10,0,0,1,1,0,0,0,1,1,0
DUSP10,0,0,0,0,0,0,0,1,1,0
PURG,0,0,0,0,0,0,0,1,1,0
TRAV38-2DV8,0,0,0,0,0,0,0,1,1,0
UBL3,0,0,1,1,0,0,0,0,0,0
CDH20,0,0,0,0,0,0,0,1,1,0
IZUMO1,0,0,0,0,0,0,0,1,1,0
MT1G,0,0,1,1,0,0,0,0,0,0
RPP40,0,0,0,0,0,0,0,1,1,0
STEAP3-AS1,0,0,0,0,0,0,0,1,1,0
DPYD,0,0,1,1,0,0,0,0,0,0
LRP1,1,1,1,1,0,0,0,1,1,0
GBA2,0,0,1,1,0,0,0,0,0,0
BATF2,0,0,0,0,0,0,0,1,1,0
OR7G3,0,1,1,1,0,0,0,0,0,0
XPNPEP1,0,0,0,0,0,0,0,1,1,0
ZNF716,0,0,0,0,0,0,0,1,1,0
PTPRG,0,0,1,1,0,1,1,0,0,0
TMSB15A,0,0,0,0,0,0,0,1,1,0
PDCD2,0,0,0,0,0,1,1,1,1,0
CRELD2,0,0,0,0,0,1,1,1,1,0
S100P,1,1,1,0,0,0,0,1,1,0
IGLV2-5,0,1,1,0,0,1,1,1,1,0
NAT8L,0,0,1,1,0,0,0,1,1,0
RARA,1,0,1,1,0,0,0,0,0,0
CD40,0,0,0,0,0,0,0,1,1,0
MRPS6,0,0,1,1,0,1,1,0,0,0
EP300,0,0,1,1,0,0,0,0,0,0
DGCR6L,0,0,1,1,0,0,0,0,0,0
LAMC1,0,1,1,0,0,0,0,1,1,0
ZNF543,0,0,0,0,0,0,0,1,1,0
ZNF646,0,0,0,0,0,0,0,1,1,0
IGLJCOR18,0,1,1,0,0,1,1,0,0,0
PCDH17,0,1,1,0,0,0,0,0,0,0
SLC25A51,0,0,0,0,0,0,0,1,1,0
AMIGO3,0,1,1,1,0,0,0,1,1,0
ZBED3-AS1,0,1,1,0,0,0,0,1,1,0
IDS,0,0,1,1,0,0,0,0,0,0
HMSD,0,0,0,0,0,0,0,1,1,0
GDAP2,0,0,0,0,0,0,0,1,1,0
JADRR,0,0,0,0,0,0,0,1,1,0
PET100,0,0,0,0,0,0,0,1,1,0
H3F3A,0,0,1,1,0,0,0,0,0,0
POLR1B,0,0,0,0,0,0,0,1,1,0
GPATCH1,1,0,1,1,0,0,0,0,0,0
MAEA,0,0,1,0,0,0,0,0,0,0
GLYATL1,0,0,0,0,0,0,0,1,1,0
CARD6,0,0,1,1,0,0,0,0,0,0
GSS,0,0,0,0,0,0,0,1,1,0
CACTIN,0,0,0,0,0,0,0,1,1,0
C19orf25,0,0,1,1,0,0,0,1,1,0
UGCG,0,0,1,1,0,0,0,0,0,0
CLCN4,0,0,0,0,0,1,1,1,1,0
AC024084.1,0,1,1,0,0,0,0,1,1,0
LATS1,0,0,1,1,0,0,0,1,1,0
EIF3B,0,0,1,1,0,0,0,0,0,0
LRRC8E,0,1,1,1,0,0,0,1,1,0
CASC15,0,0,0,0,0,0,0,1,1,0
SPATA32,0,1,1,0,0,0,0,0,0,0
DRAIC,0,0,0,0,0,0,0,1,1,0
GKAP1,0,0,1,1,0,0,0,0,0,0
BHLHA15,0,0,0,0,0,1,1,0,0,0
DEPTOR,0,1,1,0,0,0,0,0,0,0
AMDHD1,0,0,0,0,0,0,0,1,1,0
SH2D1A,0,0,1,1,0,0,0,0,0,0
LMAN2,0,0,1,1,0,1,1,0,0,0
ANKS1A,0,0,1,1,0,0,0,1,1,0
FUCA1,0,0,0,0,0,1,1,1,1,0
IZUMO4,0,1,1,0,0,0,0,0,0,0
RASGRP1,0,1,1,1,0,0,0,0,0,0
CSRP1,0,0,1,1,0,1,1,0,0,0
WBP11,0,0,1,1,0,0,0,1,1,0
HCFC1,0,0,1,1,0,0,0,1,1,0
ITPA,0,0,1,1,0,1,1,0,1,0
SLC38A8,0,0,0,0,0,0,0,1,1,0
DCXR,0,0,1,1,0,0,0,0,0,0
ZIC4-AS1,0,0,1,1,0,0,0,0,0,0
LHFPL2,0,0,1,0,0,0,0,1,1,0
ABHD4,1,0,0,0,0,0,0,0,0,0
IQGAP3,0,0,0,0,0,0,0,1,1,0
OPRD1,0,0,0,0,0,0,0,1,1,0
ACBD7,0,0,1,1,0,0,0,1,1,0
DEF6,0,0,1,1,0,1,1,0,0,0
PDE4C,0,0,0,0,0,0,0,1,1,0
SGMS2,0,1,1,0,0,0,0,1,1,0
CCDC114,0,0,0,0,0,0,0,1,1,0
NAV2-AS1,0,1,1,0,0,0,0,0,0,0
PKMYT1,0,0,0,0,0,1,1,0,0,0
HSPA6,0,0,1,0,0,0,0,1,1,0
RFC3,0,0,0,0,0,0,0,1,1,0
PIK3AP1,0,0,1,1,0,0,0,1,1,0
LINC00167,0,0,0,0,0,0,0,1,1,0
TRAPPC5,0,1,1,1,0,1,1,0,0,0
RCN1,0,0,0,0,0,1,1,0,0,0
GAL3ST2,0,0,0,0,0,0,0,1,1,0
FAM162B,0,0,1,1,0,0,0,0,0,0
DNAJC5,0,0,1,1,0,0,0,0,0,0
PAX9,0,1,1,0,0,0,0,0,0,0
CDC42EP2,0,0,0,0,0,0,0,1,1,0
RAMP2-AS1,0,0,0,0,0,0,0,1,1,0
CARD18,0,1,1,0,0,0,0,0,0,0
ANGPTL6,0,1,1,0,0,0,0,0,0,0
RPL18,0,0,1,1,0,0,0,0,1,0
RNF19A,0,0,1,1,0,0,0,0,0,0
LIMS1,0,1,1,1,0,0,0,0,0,0
BMI1,0,0,1,1,0,0,0,0,0,0
BTRC,1,0,0,0,0,0,0,0,0,0
MYOZ1,0,0,1,1,0,0,0,1,1,0
FUNDC2,0,0,1,1,0,0,0,0,0,0
GRM5,0,0,0,0,0,0,0,1,1,0
ESPNL,0,0,0,0,0,0,0,1,1,0
AIMP2,0,0,0,0,0,1,1,0,0,0
ANKRD13D,0,0,1,1,0,0,0,0,0,0
LRP4,0,0,1,1,0,0,0,0,1,0
LPO,0,0,0,0,0,0,0,1,1,0
ATP1A2,0,1,1,0,0,0,0,0,0,0
TMCC1-AS1,0,0,0,0,0,0,0,1,1,0
NKAIN2,0,0,0,0,0,0,0,1,1,0
ZNF554,0,0,0,0,0,0,0,1,0,0
LMO7-AS1,0,0,0,0,0,0,0,1,1,0
H2AC8,1,0,0,0,0,0,0,0,0,0
CDKL1,0,0,0,0,0,0,0,1,1,0
LRRC14B,0,1,1,0,0,0,0,1,1,0
KAZN,0,0,0,0,0,0,0,1,1,0
ANKRD20A3,0,0,0,0,0,0,0,1,1,0
ARF1,0,0,1,1,0,1,1,0,0,0
C10orf67,0,0,0,0,0,0,0,1,1,0
BTNL3,0,1,1,1,0,0,0,0,0,0
ZC3H7A,0,1,1,1,0,0,0,0,0,0
PIGF,0,0,0,0,0,0,0,1,1,0
MYOZ2,0,1,1,0,0,0,0,0,0,0
VCAM1,0,0,0,0,0,0,0,1,1,0
GNS,0,1,1,1,0,0,0,1,1,0
CRYGN,0,0,0,0,0,0,0,1,1,0
HNRNPUL2,0,0,1,0,0,0,0,0,0,0
TRMT13,0,0,1,1,0,0,0,0,0,0
STRADA,0,0,0,0,0,0,0,1,1,0
CDK20,0,0,0,0,0,0,0,1,1,0
OSBPL9,0,0,0,0,0,1,1,0,0,0
USP27X,0,0,0,0,0,0,0,1,1,0
AK2,0,0,0,0,0,1,1,0,0,0
NENF,0,1,1,1,0,0,0,1,1,0
CLU,0,0,1,1,0,1,0,1,1,0
DNM2,0,0,0,0,0,1,1,0,0,0
SLC31A2,0,0,1,1,0,0,0,0,0,0
LRRC66,0,1,1,0,0,0,0,0,0,0
AHDC1,0,0,1,1,0,0,0,0,0,0
ATP1B3,0,0,1,1,0,0,0,1,1,0
LMCD1,0,0,1,1,0,1,1,0,0,0
SPPL3,0,0,1,1,0,0,0,0,0,0
HNRNPH2,0,0,0,0,0,0,0,1,1,0
NACA,0,0,1,1,0,0,0,0,1,0
HSD3B1,0,1,1,0,0,0,0,0,0,0
HIST1H4F,0,1,1,0,0,0,0,0,0,0
KCNIP4,0,1,1,0,0,0,0,0,0,0
SPIN1,0,0,1,1,0,0,0,0,0,0
AC009506.1,0,1,1,1,0,0,0,1,1,0
PXDC1,0,0,1,1,0,0,0,0,0,0
MAB21L1,0,0,0,0,0,0,0,1,1,0
ZHX1,0,0,1,1,0,0,0,0,0,0
MEI1,0,0,0,0,0,1,1,0,0,0
PGM1,0,0,0,0,0,1,1,0,0,0
RP1L1,0,1,1,0,0,0,0,0,0,0
PPID,0,0,1,1,0,0,0,0,0,0
ZNF501,0,0,0,0,0,0,0,1,1,0
NETO1,0,0,1,1,0,1,1,0,0,0
GATA6,0,0,0,0,0,0,0,1,1,0
CEP152,0,0,0,0,0,0,0,1,1,0
LRP5,0,0,0,0,0,0,0,1,1,0
ABHD12,0,0,0,0,0,1,1,0,0,0
FXR1,0,0,1,1,0,0,0,0,0,0
SLC25A35,0,1,1,0,0,0,0,0,0,0
HEATR6,1,1,1,0,0,0,0,1,1,0
UBA6-AS1,0,0,0,0,0,1,1,0,0,0
ATP13A4-AS1,0,1,1,0,0,0,0,0,0,0
SNX10,0,0,0,0,0,0,0,1,1,0
KIAA2026,0,0,1,1,0,0,0,0,0,0
CBFA2T2,0,0,1,1,0,0,0,0,0,0
TNFSF4,0,0,1,0,0,0,0,0,0,0
GRM7,0,0,0,0,0,0,0,1,1,0
PSMB7,0,0,1,1,0,1,1,0,1,0
DONSON,0,0,0,0,0,0,0,1,1,0
SHE,0,0,1,1,0,0,0,0,0,0
AFG3L2,0,0,1,0,0,0,0,0,0,0
ACYP2,0,0,0,0,0,0,0,1,1,0
WWTR1,0,1,1,0,0,0,0,0,0,0
DMTF1,0,0,1,1,0,0,0,0,0,0
CDS1,0,0,0,0,0,0,0,1,1,0
COPS5,0,0,1,1,0,1,1,1,1,0
AJ011932.1,0,1,1,0,0,0,0,0,0,0
KRT14,0,0,0,0,0,0,0,1,1,0
FAM185A,0,0,0,0,0,0,0,1,1,0
MARC2,0,1,1,1,0,0,0,0,0,0
CLCN3,0,0,1,1,0,0,0,0,0,0
TTC4,0,0,0,0,0,0,0,1,1,0
IGKV1-6,0,0,0,0,0,1,1,1,1,0
TYRO3,0,0,0,0,0,0,0,1,1,0
CNEP1R1,0,0,1,0,0,0,0,0,0,0
PPP2R2B,0,1,1,1,0,0,0,0,0,0
ADAMTS6,0,1,1,0,0,0,0,1,1,0
OR5AN1,0,1,1,0,0,0,0,0,0,0
IGLV3-1,0,0,1,1,0,1,1,1,1,0
GRIP2,0,0,0,0,0,0,0,1,1,0
ANK2,0,0,0,0,0,0,0,1,1,0
ITGA5,0,0,1,1,0,0,0,1,1,0
C1S,0,0,1,1,0,0,0,0,1,0
SHQ1,0,0,0,0,0,0,0,1,1,0
KATNAL2,0,0,0,0,0,0,0,1,0,0
TMEM220-AS1,0,0,0,0,0,0,0,1,1,0
TTC17,0,0,1,1,0,0,0,0,0,0
STX10,0,0,0,0,0,1,1,0,0,0
TMEM208,1,0,1,1,0,1,1,0,0,0
TEX13D,0,1,1,0,0,0,0,0,0,0
SLC23A1,0,0,0,0,0,1,1,0,0,0
VPS9D1-AS1,0,1,1,0,0,0,0,1,1,0
NUDT2,0,0,0,0,0,1,1,0,0,0
KCNK13,0,0,1,1,0,0,0,0,0,0
DYNC1H1,0,0,1,1,0,0,0,0,0,0
MRPL4,0,0,1,1,0,1,1,0,0,0
MYLK,0,0,0,0,0,1,0,0,0,0
AGO2,1,0,1,0,0,0,0,0,0,0
GCNT1,0,0,0,0,0,1,1,1,1,0
MKRN2OS,0,0,0,0,0,0,0,1,1,0
HIST1H4J,0,1,1,0,0,0,0,0,0,0
PITPNB,0,0,1,1,0,0,0,0,0,0
ARPC5,0,0,1,1,0,1,1,0,0,0
MATN3,0,0,0,0,0,0,0,0,1,0
RUNX1T1,0,0,1,1,0,0,0,0,1,0
MIA,0,0,0,0,0,0,0,1,1,0
NDUFB8,0,0,1,1,0,1,1,0,1,0
CHMP2A,0,0,1,1,0,1,1,0,1,0
ATP1B2,0,0,0,0,0,0,0,1,1,0
SAP18,0,0,1,1,0,0,0,0,1,0
RILPL1,0,0,0,0,0,0,0,1,1,0
GBP2,1,0,0,0,0,0,0,0,0,0
ALG2,0,0,1,1,0,1,1,0,0,0
VWA1,0,1,1,0,0,0,0,1,1,0
CHMP6,0,0,1,1,0,0,0,1,1,0
AP000253.1,0,0,0,0,0,0,0,1,0,0
IKBKE,0,0,0,0,0,0,0,1,1,0
HIBCH,0,0,0,0,0,1,1,1,1,0
SFTA3,0,0,0,0,0,0,0,1,1,0
PTPN6,1,0,0,0,0,1,1,0,0,0
MT-CO2,0,0,1,1,0,0,0,0,1,0
MFSD12,0,0,1,1,0,0,0,0,0,0
ING2,1,0,0,0,0,0,0,1,1,0
SYK,0,0,0,0,0,1,1,1,1,0
SLC29A2,0,0,0,0,0,0,0,1,1,0
VAV3,0,0,0,0,0,0,0,1,1,0
FAM171A2,0,1,1,1,0,0,0,0,0,0
GM2A,0,0,0,0,0,0,0,1,1,0
ACAD10,0,0,1,1,0,0,0,1,1,0
FJX1,0,0,0,0,0,0,0,1,1,0
PRDX5,0,0,1,1,0,1,1,0,0,0
PRF1,0,1,1,0,0,0,0,1,1,0
AC007950.1,0,1,1,0,0,0,0,1,1,0
GAS1RR,0,0,0,0,0,0,0,1,1,0
PPY,0,1,1,0,0,0,0,1,1,0
SH3BP1,0,0,1,0,0,0,0,0,0,0
VEGFA,0,0,1,1,0,0,0,0,0,0
RAB20,0,0,1,1,0,0,0,0,0,0
PACS1,0,0,1,1,0,0,0,0,0,0
C11orf24,0,0,1,1,0,0,0,0,0,0
CTAG2,0,0,0,0,0,0,0,1,1,0
PTGES2,0,0,1,0,0,0,0,0,0,0
IBSP,0,0,0,0,0,0,0,1,1,0
TMEM45A,0,0,0,0,0,1,1,0,1,0
AICDA,0,0,0,0,0,0,0,1,1,0
FUT6,0,0,0,0,0,0,0,1,1,0
TRAJ14,0,1,1,0,0,0,0,0,0,0
OR4K17,0,1,1,0,0,0,0,0,0,0
IL4I1,0,0,1,1,0,0,0,0,0,0
IGHV1-69-2,0,1,1,0,0,0,0,0,0,0
MYO10,0,0,1,1,0,0,0,1,1,0
IGKV1-12,0,1,1,0,0,1,1,0,0,0
CCNE2,0,0,0,0,0,1,1,0,0,0
AC245100.1,0,0,0,0,0,0,0,1,1,0
ZNF205,0,1,1,0,0,0,0,0,0,0
PDZD11,0,0,1,1,0,1,1,0,0,0
UBE2D3,0,0,1,1,0,0,0,0,0,0
RABAC1,0,0,1,1,0,1,1,1,1,0
MCCC2,0,1,1,0,0,0,0,1,1,0
F2RL3,0,0,0,0,0,1,1,1,1,0
IGHV1-3,0,0,1,1,0,1,1,0,0,0
GNLY,1,0,0,0,0,0,0,1,1,0
SRPRA,1,0,0,0,0,1,1,0,0,0
DHTKD1,1,0,0,0,0,0,0,1,1,0
ZC2HC1C,0,0,0,0,0,0,0,1,1,0
TAF1L,0,0,0,0,0,0,0,1,1,0
PLPP5,0,1,1,0,0,0,0,1,1,0
IGHV4-31,0,1,1,0,0,1,1,1,1,0
RPL29,0,0,1,1,0,0,0,0,1,0
AC113404.1,0,0,0,0,0,0,0,1,1,0
PEX26,0,0,1,1,0,0,0,0,0,0
NCL,0,0,1,1,0,0,0,0,0,0
UBP1,0,0,1,1,0,0,0,0,0,0
WIPF2,0,0,1,1,0,0,0,0,0,0
TNNI1,0,1,1,0,0,0,0,1,1,0
ACSBG2,0,0,0,0,0,0,0,1,1,0
CD101,0,1,1,0,0,0,0,0,0,0
PFKFB3,0,0,1,1,0,0,0,0,0,0
AAR2,0,0,0,0,0,0,0,1,1,0
SLC12A3,0,1,1,0,0,0,0,0,0,0
GSDMD,0,0,1,0,0,1,1,0,0,0
PNRC2,0,0,1,1,0,0,0,1,1,0
PLCH1,0,1,1,1,0,0,0,1,1,0
CISD1,0,0,0,0,0,1,1,0,0,0
TEX264,0,0,1,1,0,0,0,0,1,0
PEMT,1,0,0,0,0,0,0,0,0,0
ARRDC2,0,0,0,0,0,0,0,1,1,0
CCDC144NL-AS1,0,0,0,0,0,0,0,1,1,0
RABEP1,0,0,1,1,0,0,0,0,0,0
AMACR,0,0,0,0,0,0,0,1,1,0
KLF13,0,0,1,0,0,0,0,0,0,0
HCG21,0,0,0,0,0,0,0,1,1,0
ATE1,0,0,1,1,0,0,0,0,0,0
ERMP1,0,0,0,0,0,0,0,1,1,0
TRAV41,0,1,1,1,0,0,0,1,1,0
KRR1,0,0,1,1,0,0,0,1,1,0
CWC22,0,0,1,1,0,0,0,0,0,0
GPR34,0,1,1,0,0,0,0,1,1,0
TBC1D20,0,0,1,1,0,0,0,0,0,0
RGPD4,0,0,0,0,0,0,0,1,1,0
PODNL1,0,0,0,0,0,0,0,1,1,0
SLC35F3,0,0,0,0,0,0,0,1,1,0
TRIAP1,0,0,1,1,0,0,0,1,1,0
TMEM191B,0,1,1,0,0,0,0,0,0,0
ZNF394,0,0,1,1,0,0,0,1,1,0
TDRD7,0,0,0,0,0,0,0,1,1,0
ZFY-AS1,0,0,0,0,0,0,0,1,1,0
CDC6,0,1,1,1,0,1,1,1,1,0
MCOLN1,0,0,1,1,0,0,0,0,0,0
NDUFAF4,0,0,1,1,0,0,0,1,1,0
HIST2H2AA4,0,0,0,0,0,0,0,1,1,0
CCDC60,0,1,1,0,0,0,0,0,0,0
PUF60,0,0,0,0,0,0,0,0,1,0
FYCO1,1,0,0,0,0,0,0,0,0,0
HGH1,0,0,0,0,0,1,1,0,0,0
SDHD,0,0,1,1,0,1,1,1,1,0
SPCS1,0,0,1,1,0,1,1,0,1,0
CDK2AP1,0,1,1,0,0,0,0,1,1,0
AC104809.2,0,1,1,0,0,0,0,0,0,0
OS9,0,0,0,0,0,1,1,0,0,0
RTN4RL1,0,1,1,1,0,0,0,0,0,0
FAM85B,0,1,1,0,0,0,0,1,1,0
ASB18,0,0,0,0,0,0,0,1,1,0
LRBA,0,0,1,1,0,0,0,0,0,0
GARS1,1,0,0,0,0,0,0,0,0,0
IP6K1,0,0,0,0,0,0,0,1,1,0
SLAIN2,0,0,1,1,0,0,0,1,1,0
NLN,0,0,1,1,0,0,0,0,0,0
DANT2,0,0,0,0,0,0,0,1,1,0
SLC38A2,0,1,1,1,0,0,0,0,0,0
CCSAP,0,0,1,1,0,0,0,0,0,0
CD53,0,0,1,1,0,0,0,0,0,0
SS18,1,0,0,0,0,0,0,1,1,0
PFDN2,0,0,1,1,0,1,1,1,1,0
SMAD6,0,0,0,0,0,0,0,1,1,0
AOC1,0,1,1,1,0,0,0,1,1,0
PTPRD-AS2,0,0,0,0,0,0,0,1,1,0
SSR1,0,0,1,1,0,1,1,0,0,0
DCDC2B,0,1,1,0,0,0,0,0,0,0
COL4A2-AS1,0,0,1,1,0,0,0,0,0,0
ERGIC2,0,0,1,1,0,0,0,0,0,0
MCF2L-AS1,0,1,1,0,0,0,0,1,1,0
LEFTY1,0,0,0,0,0,0,0,1,1,0
RNF130,0,0,1,0,0,0,0,0,0,0
USP15,0,0,1,1,0,0,0,0,0,0
KIAA1958,0,0,0,0,0,0,0,1,0,0
NFKBIA,1,0,0,0,0,0,0,0,0,0
CMTM2,0,0,1,1,0,0,0,0,0,0
SMC2,0,0,1,1,0,1,1,0,0,0
C15orf40,0,0,1,0,0,0,0,0,0,0
NUDT4,0,0,0,0,0,1,1,1,1,0
CASC11,0,1,1,0,0,0,0,0,0,0
MBTPS1,1,0,1,1,0,0,0,1,1,0
RND3,0,1,1,1,0,0,0,1,1,0
BRMS1,0,0,0,0,0,1,1,0,0,0
LINC01353,0,0,0,0,0,0,0,1,1,0
TOMM40L,0,0,0,0,0,0,0,1,1,0
BLMH,0,0,0,0,0,1,1,1,1,0
BMP6,0,0,1,1,0,0,0,0,0,0
EMC7,0,0,1,1,0,1,1,0,1,0
REEP2,0,0,0,0,0,0,0,1,1,0
ZKSCAN5,0,0,0,0,0,0,0,1,1,0
NDUFAB1,0,0,1,1,0,1,1,0,1,0
SMIM24,0,1,1,1,0,0,0,0,0,0
BIRC2,0,1,1,0,0,0,0,1,1,0
C4orf19,0,1,1,0,0,0,0,1,1,0
TIPRL,0,0,1,1,0,0,0,0,0,0
ARHGAP6,0,1,1,1,0,0,0,0,0,0
SLC16A6,0,0,0,0,0,0,0,1,1,0
WDR44,0,0,1,0,0,0,0,1,1,0
KLHL9,0,0,1,1,0,0,0,0,0,0
IL18BP,0,0,0,0,0,0,0,1,1,0
OR2C3,0,1,1,1,0,0,0,0,0,0
PYCR2,0,0,1,1,0,0,0,0,0,0
MICU3,0,0,1,1,0,0,0,0,0,0
KCNMB2,0,0,0,0,0,0,0,1,1,0
STPG1,0,1,1,0,0,0,0,1,1,0
GPR179,0,1,1,0,0,0,0,1,1,0
PARK7,1,0,1,1,0,1,1,0,1,0
PRRX2,0,1,1,0,0,0,0,0,0,0
PDK1,1,0,0,0,0,0,0,1,1,0
CNTNAP3B,0,0,0,0,0,0,0,1,1,0
SRCIN1,0,1,1,0,0,0,0,0,0,0
STAU1,0,0,1,1,0,0,0,0,0,0
C9orf50,0,0,0,0,0,0,0,1,1,0
LINC01342,0,0,0,0,0,0,0,1,1,0
CSMD2,0,1,1,0,0,0,0,1,1,0
MEIOB,0,1,1,1,0,0,0,0,0,0
PRMT8,0,1,1,0,0,0,0,1,1,0
MTCH1,0,0,1,1,0,0,0,1,1,0
ANG,0,0,0,0,0,1,1,0,0,0
ADAMTSL3,0,0,0,0,0,0,0,1,1,0
NR6A1,0,0,0,0,0,0,0,1,1,0
OSR1,0,0,0,0,0,0,0,0,1,0
PLCB1,0,1,1,0,0,0,0,0,0,0
TESK1,0,0,0,0,0,0,0,1,1,0
DCP1A,0,0,0,0,0,0,0,1,1,0
ITPR2,0,0,1,1,0,0,0,0,0,0
RUVBL2,0,0,0,0,0,1,1,0,0,0
XRCC5,0,0,1,1,0,0,0,1,1,0
TBC1D2B,0,0,1,1,0,0,0,1,1,0
NUF2,0,0,0,0,0,0,0,1,1,0
ESM1,0,0,0,0,0,0,0,1,1,0
STOM,0,0,1,0,0,0,0,0,0,0
SNRNP40,0,0,1,1,0,0,0,0,1,0
DAD1,0,0,1,1,0,1,1,0,1,0
CYP2R1,0,0,0,0,0,1,1,0,0,0
CCNB1,0,1,1,1,0,0,0,1,1,0
B3GAT3,0,0,1,1,0,0,0,1,1,0
CLEC4G,0,0,0,0,0,0,0,1,1,0
ZNF571,0,0,0,0,0,0,0,1,1,0
NPAS2,0,0,0,0,0,0,0,1,1,0
ARPC3,0,0,1,1,0,0,0,0,1,0
AC024361.1,0,1,1,0,0,0,0,0,0,0
TRAPPC6A,0,0,0,0,0,1,1,0,0,0
GAS5-AS1,0,0,0,0,0,0,0,1,1,0
PRPSAP2,0,0,0,0,0,1,1,0,0,0
SH2D1B,0,1,1,0,0,0,0,0,0,0
FOXP4,0,1,1,0,0,0,0,1,1,0
CD68,1,0,1,0,0,0,0,0,1,0
XRCC3,1,0,0,0,0,0,0,0,0,0
TRAV8-3,0,0,0,0,0,0,0,1,1,0
YWHAE,1,0,1,1,0,1,1,0,0,0
NHSL2,0,0,0,0,0,0,0,1,1,0
CTRB1,0,1,1,0,0,0,0,0,0,0
AMY1B,0,1,1,0,0,0,0,0,0,0
CNTLN,0,0,1,1,0,0,0,1,1,0
MEIS3,0,0,0,0,0,0,0,1,1,0
TTLL5,0,1,1,0,0,0,0,1,1,0
ZNF503-AS2,0,0,0,0,0,0,0,1,1,0
AATBC,0,0,0,0,0,0,0,1,1,0
P2RY8,0,1,1,1,0,0,0,1,1,0
CETP,0,0,0,0,0,0,0,1,1,0
SNIP1,0,1,1,0,0,0,0,0,0,0
PKN1,0,0,1,1,0,0,0,0,0,0
LATS2-AS1,0,0,0,0,0,0,0,1,1,0
FPR3,0,0,1,0,0,0,0,0,0,0
SNHG7,0,1,1,0,0,0,0,1,1,0
CARHSP1,0,0,1,0,0,0,0,1,1,0
RPL27,0,0,1,1,0,0,0,0,1,0
B3GNT4,0,1,1,1,0,0,0,0,0,0
PI16,0,1,1,1,0,0,0,0,0,0
ARHGAP33,0,0,0,0,0,0,0,1,1,0
LPAR1,0,0,1,1,0,0,0,0,0,0
SPAG7,0,1,1,1,0,1,1,0,0,0
MINCR,0,1,1,0,0,0,0,0,0,0
CLCN6,0,0,1,1,0,0,0,0,0,0
ZYX,0,0,1,1,0,0,0,0,0,0
LINC01252,0,1,1,0,0,0,0,0,0,0
FASTK,0,0,1,1,0,1,1,0,0,0
FIS1,0,0,1,1,0,0,0,0,0,0
SOCS5,0,0,0,0,0,0,0,1,1,0
PAN3,0,0,0,0,0,0,0,1,1,0
HOXD9,0,0,1,1,0,0,0,0,0,0
ITSN2,0,0,1,1,0,0,0,0,0,0
NPIPB9,0,0,0,0,0,1,1,0,0,0
ZPR1,1,0,1,1,0,0,0,0,0,0
LINC01179,0,1,1,1,0,0,0,1,1,0
FOXN2,0,0,1,1,0,0,0,0,0,0
GFOD2,0,0,0,0,0,0,0,1,1,0
NT5DC2,0,0,0,0,0,1,1,1,1,0
MXI1,0,0,0,0,0,1,1,0,0,0
LRRTM2,0,1,1,0,1,1,0,1,1,0
YWHAZ,0,0,1,1,0,0,0,0,0,0
SAMD13,0,0,0,0,0,0,0,1,1,0
PLCXD3,0,0,1,1,0,0,0,0,0,0
EEF1A2,0,1,1,0,0,0,0,0,0,0
UPF2,0,0,1,1,0,0,0,0,0,0
HOXA7,0,1,1,1,0,0,0,0,1,0
AP003774.1,0,1,1,1,0,0,0,0,0,0
TIFAB,0,0,0,0,0,0,0,1,1,0
SNX14,0,0,1,1,0,0,0,0,0,0
TMBIM4,0,0,1,0,0,0,0,1,1,0
ANKZF1,0,0,1,1,0,0,0,0,0,0
RXFP4,0,1,1,0,0,0,0,0,0,0
MTF1,0,0,1,1,0,0,0,1,1,0
SERP2,0,0,0,0,0,0,0,1,1,0
GPR89A,0,0,0,0,0,1,1,1,1,0
ATMIN,0,0,1,1,0,0,0,0,0,0
PKIB,0,1,1,1,0,0,0,1,1,0
APOBEC3F,0,0,0,0,0,0,0,1,1,0
CCDC106,1,0,1,1,0,0,0,1,1,0
AKAP12,0,0,1,1,0,0,0,0,1,0
LINC00652,0,0,0,0,0,0,0,1,1,0
GNAQ,0,0,1,1,0,0,0,0,0,0
IGLON5,0,0,1,1,0,0,0,0,0,0
HSF2BP,0,1,1,0,0,0,0,1,1,0
PHF12,0,0,1,1,0,0,0,0,0,0
OGG1,0,0,1,1,0,0,0,0,0,0
TBXA2R,0,1,1,0,0,0,0,1,1,0
PHTF1,0,0,1,1,0,0,0,0,0,0
ERGIC3,0,0,1,1,0,1,1,0,0,0
CERK,0,0,1,0,0,0,0,0,0,0
SSC4D,0,1,1,0,0,0,0,1,0,0
RASSF8,0,0,1,0,0,0,0,1,1,0
PIK3R2,0,0,0,0,0,1,1,1,1,0
CALB1,0,1,1,0,0,0,0,0,0,0
LRRC37A3,0,1,1,0,0,0,0,0,0,0
ZNF611,0,0,1,1,0,0,0,0,0,0
ATP6V0C,0,1,1,0,0,0,0,0,1,0
PIFO,0,0,0,0,0,0,0,1,1,0
NNAT,0,0,1,1,0,0,0,0,1,0
MAST2,1,0,0,0,0,0,0,0,0,0
LINC00926,0,0,1,1,0,0,0,0,0,0
TM2D1,0,0,1,1,0,0,0,0,0,0
SHISA5,0,0,1,1,0,0,0,0,0,0
IER3,0,0,1,1,0,0,0,1,1,0
DNMT3B,0,1,1,0,0,0,0,1,1,0
TATDN2,0,0,0,0,0,0,0,1,1,0
THUMPD3,0,0,1,1,0,0,0,0,0,0
PRRC2C,0,0,1,1,0,0,0,0,1,0
WDR36,0,0,1,1,0,0,0,0,0,0
MPO,0,0,0,0,0,0,0,1,1,0
HSD3B7,0,0,1,1,0,0,0,0,0,0
CNFN,0,0,0,0,0,0,0,1,1,0
ASL,0,0,1,1,0,1,1,1,1,0
LINC00458,0,1,1,0,0,0,0,0,0,0
NTRK1,0,1,1,0,0,0,0,0,0,0
NINJ2,0,1,1,0,0,1,1,0,0,0
NFATC2,0,0,0,0,1,1,0,0,0,0
FYTTD1,0,0,1,1,0,0,0,0,0,0
ZNF729,0,1,1,1,0,0,0,0,0,0
CSF2,0,0,0,0,0,0,0,1,1,0
MCF2L,0,1,1,1,0,0,0,1,0,0
SH3D21,0,0,1,1,0,0,0,1,1,0
KMO,0,0,0,0,0,0,0,1,1,0
TCF4,1,0,0,0,0,0,0,1,1,0
KIAA0586,0,0,1,1,0,0,0,1,1,0
PRX,0,1,1,0,0,0,0,0,0,0
IGLJ2,0,1,1,0,0,1,1,0,0,0
SEC11A,0,1,1,1,0,1,1,0,0,0
BAZ1A,0,0,1,1,0,0,0,0,0,0
IMPAD1,0,0,1,1,0,1,1,0,0,0
HNRNPA0,0,0,1,1,1,1,0,1,1,0
AUP1,0,0,1,1,0,1,1,0,0,0
PTGES3L,0,0,0,0,0,0,0,1,1,0
HCFC1-AS1,0,0,0,0,0,0,0,1,1,0
MMRN2,0,0,0,0,0,0,0,0,1,0
CRIP1,0,0,0,0,0,1,1,0,0,0
DOK7,0,0,1,1,0,1,1,0,0,0
DAZAP1,0,0,1,1,0,0,0,0,0,0
ABHD1,0,0,0,0,0,0,0,1,1,0
KRTAP21-2,0,0,0,0,0,0,0,1,1,0
PREX1,0,0,1,1,0,0,0,0,0,0
ACSM5,0,1,1,1,0,0,0,1,1,0
ABLIM3,0,1,1,0,0,0,0,1,1,0
PHGR1,0,0,0,0,0,0,0,1,1,0
RPS27A,0,0,1,1,0,0,0,0,1,0
IGKJ3,0,0,0,0,0,1,1,0,0,0
PDLIM3,0,0,0,0,0,0,0,1,1,0
FAM156A,0,0,0,0,0,0,0,1,1,0
OSTC,0,0,0,0,0,1,1,0,0,0
FGF17,0,1,1,0,0,0,0,0,0,0
GPR15,0,1,1,0,0,1,1,0,0,0
ATOX1,0,0,0,0,0,1,1,0,0,0
TOR1A,0,0,1,1,0,1,1,1,1,0
SRSF2,0,0,1,1,0,0,0,0,0,0
OBSL1,0,0,0,0,0,0,0,1,1,0
ATP6V1B1,0,1,1,0,0,0,0,1,1,0
C11orf58,0,0,1,1,0,0,0,0,0,0
SLC37A3,0,0,0,0,0,0,0,1,1,0
MAGEA10,0,1,1,0,0,0,0,1,1,0
HGD,0,1,1,1,0,1,0,0,0,0
UBR2,0,0,1,1,0,0,0,0,1,0
PLEKHS1,0,1,1,0,0,0,0,1,1,0
AGRP,0,0,0,0,0,0,0,1,1,0
HSPB7,0,0,1,1,0,0,0,0,0,0
MPPED1,0,0,0,0,0,0,0,1,1,0
ZNF607,0,0,0,0,0,0,0,1,1,0
TUBB2B,0,0,0,0,0,1,1,1,1,0
TM4SF19-AS1,0,0,0,0,0,0,0,1,1,0
PF4,0,0,0,0,0,1,0,0,0,0
POLE4,0,0,0,0,0,0,0,1,1,0
LY9,0,0,1,1,0,0,0,1,1,0
ERCC6,0,1,1,0,0,0,0,0,0,0
KCNQ3,0,0,1,1,0,0,0,0,0,0
RSBN1L,0,0,1,1,0,0,0,0,0,0
B3GNT3,0,1,1,0,0,0,0,0,0,0
SUMF1,0,0,1,1,0,0,0,1,1,0
MIR22HG,0,0,0,0,0,1,1,1,1,0
B3GNTL1,0,0,0,0,0,0,0,1,0,0
OGFR,0,0,1,1,0,0,0,0,0,0
COLEC12,0,0,1,1,0,0,0,1,1,0
FPR2,0,1,1,0,0,0,0,0,0,0
ADAM11,0,1,1,0,0,0,0,0,0,0
CDC42,1,0,0,0,0,0,0,0,0,0
RPL22,0,0,1,1,0,0,0,0,1,0
AC004063.1,0,1,1,0,0,0,0,0,0,0
LINC01609,0,0,0,0,0,0,0,1,1,0
MPZL1,0,0,0,0,0,0,0,1,1,0
STRN4,0,0,1,1,0,0,0,0,0,0
SLC15A3,0,0,1,1,0,0,0,1,1,0
EBAG9,1,0,1,1,0,0,0,0,0,0
TRAV14DV4,0,1,1,0,0,0,0,1,1,0
BBS10,0,0,0,0,0,0,0,1,1,0
HIST1H2BH,0,0,0,0,0,1,1,1,1,0
OXNAD1,0,1,1,1,0,0,0,0,0,0
HJURP,0,0,0,0,0,1,1,0,0,0
ADH1B,0,0,0,0,0,0,0,1,1,0
CA2,0,0,0,0,0,1,0,1,1,0
ARHGAP9,0,0,1,1,0,0,0,0,0,0
ANAPC11,0,0,1,1,0,1,1,0,0,0
TRG-AS1,0,0,1,1,0,0,0,1,1,0
CSDC2,0,0,0,0,0,0,0,1,1,0
RBFOX1,0,1,1,0,0,0,0,0,0,0
SH3RF1,0,0,0,0,0,1,1,1,1,0
ATF5,0,0,1,0,0,1,1,0,0,0
PSMD3,0,0,1,1,0,1,1,0,0,0
PTAFR,0,0,1,1,0,0,0,1,1,0
THG1L,0,0,0,0,0,1,1,0,0,0
ADAMDEC1,0,0,0,0,1,1,0,0,0,0
RNF41,0,0,1,1,0,0,0,0,0,0
NFATC2IP,0,0,1,1,0,0,0,0,0,0
LRTOMT,0,0,0,0,0,0,0,1,1,0
C18orf32,0,0,0,0,0,0,0,0,1,0
LINC01135,0,0,0,0,0,0,0,1,1,0
BCAR4,0,1,1,0,0,0,0,1,1,0
MRPL11,0,0,1,1,0,1,1,0,0,0
SLC31A1,0,0,1,1,0,0,0,0,0,0
TPPP3,0,1,1,1,0,0,0,0,0,0
LNPEP,0,0,1,1,0,0,0,0,0,0
GPX2,0,1,1,1,0,0,0,1,1,0
BAG4,0,0,1,1,0,0,0,1,1,0
LAMP3,0,0,1,1,0,0,0,1,1,0
COPS2,0,0,1,1,0,0,0,0,0,0
TLR8,0,0,1,1,0,0,0,1,1,0
DNAJC6,0,1,1,0,0,0,0,0,0,0
MAP1B,0,1,1,1,0,0,0,0,1,0
PDIA6,0,0,1,1,0,1,1,0,1,0
C17orf49,0,0,0,0,0,0,0,0,1,0
DIRAS3,0,1,1,1,0,0,0,0,0,0
PEAK1,0,0,1,1,0,0,0,0,0,0
STPG2,0,1,1,1,0,0,0,1,1,0
CHCHD7,0,0,1,0,0,0,0,0,0,0
HSPB11,0,0,0,0,0,1,1,0,0,0
CAB39,0,0,1,1,0,0,0,0,0,0
CDRT4,0,0,0,0,0,1,1,0,0,0
CUL3,0,0,1,1,0,0,0,0,0,0
GNL3,0,0,0,0,0,1,1,0,0,0
VPS39,0,0,0,0,0,0,0,1,1,0
PARP15,0,0,0,0,0,0,0,1,1,0
CADPS2,0,0,1,0,0,0,0,0,0,0
TRBV27,0,0,0,0,0,0,0,1,1,0
PLXNB2,0,1,1,1,0,0,0,1,1,0
ISLR2,0,1,1,0,0,0,0,0,0,0
MAFA-AS1,0,1,1,1,0,0,0,0,0,0
ABCA8,0,0,0,0,0,0,0,1,1,0
OAZ3,0,0,1,0,0,0,0,0,0,0
MOV10L1,0,0,0,0,0,0,0,1,1,0
AC097468.4,0,1,1,0,0,0,0,0,0,0
IL7R,0,0,1,1,0,0,0,0,0,0
SPAG17,0,0,0,0,0,0,0,1,1,0
PLEKHG5,0,0,1,1,0,0,0,0,0,0
PCK2,0,1,1,0,0,1,1,0,0,0
ARHGAP23,0,0,0,0,0,1,1,1,1,0
B4GALT4-AS1,0,1,1,0,0,0,0,0,0,0
NEBL-AS1,0,1,1,0,0,0,0,1,1,0
PRSS1,0,0,0,0,0,0,0,1,1,0
PDHB,0,0,1,1,0,1,1,0,1,0
LARP4,0,0,1,1,0,0,0,0,0,0
ABCB9,0,0,0,0,0,1,1,0,0,0
TAL1,1,1,1,1,0,1,0,0,0,0
DIRC3,0,0,0,0,0,0,0,1,1,0
DRG1,0,0,1,1,0,1,1,1,1,0
VSIG10,0,0,0,0,0,0,0,1,1,0
ADARB2-AS1,0,1,1,1,0,0,0,0,0,0
SIGLEC6,0,0,0,0,0,1,1,0,0,0
ITPK1,0,1,1,0,0,0,0,1,1,0
TMEM40,0,0,0,0,0,1,0,1,1,0
HTN1,0,1,1,1,0,0,0,1,1,0
MRFAP1L1,1,0,1,1,0,0,0,0,0,0
G0S2,0,0,1,1,0,0,0,0,0,0
PIANP,0,1,1,0,0,0,0,1,1,0
LINC01018,0,1,1,0,0,0,0,1,1,0
MAGEB2,0,0,0,0,1,1,0,1,1,0
HRH1,0,1,1,1,0,0,0,1,1,0
GAB2,0,0,1,1,0,0,0,0,0,0
DCAF10,0,0,1,1,0,0,0,1,1,0
ZNF787,0,0,0,0,0,0,0,1,1,0
LINGO3,0,0,0,0,0,0,0,1,1,0
CRACR2A,0,0,0,0,0,0,0,1,1,0
B3GALT5,0,1,1,0,0,0,0,0,0,0
FTX,0,0,1,1,0,0,0,0,0,0
CASKIN2,0,0,1,1,0,0,0,0,0,0
CLC,1,0,0,0,0,0,0,0,1,0
MTMR7,0,1,1,0,0,0,0,1,1,0
CRYZL1,0,0,1,1,0,0,0,0,0,0
ASB8,1,0,1,1,0,0,0,0,0,0
ZNF705G,0,1,1,0,0,0,0,0,0,0
SMC2-AS1,0,0,0,0,0,0,0,1,1,0
RNF208,0,0,0,0,0,0,0,1,1,0
ARHGAP39,0,0,0,0,0,0,0,1,1,0
SMPDL3B,0,0,1,1,0,0,0,1,1,0
TMED7,0,0,0,0,0,1,1,0,0,0
MGAT3,0,0,0,0,0,1,1,0,0,0
SLC25A19,0,0,1,1,0,0,0,1,1,0
SLC48A1,0,1,1,0,0,0,0,0,0,0
C4orf48,0,0,0,0,0,1,1,0,0,0
EXOC1,0,0,1,1,0,0,0,0,0,0
SUN3,0,1,1,0,0,0,0,1,1,0
NRAV,0,1,1,0,0,0,0,0,0,0
HOXB8,0,0,0,0,0,0,0,1,1,0
PNPLA5,0,1,1,0,0,0,0,0,0,0
PLEKHJ1,0,0,1,1,0,1,1,0,0,0
SLC17A5,0,0,1,0,0,0,0,0,0,0
TCAF2,0,1,1,0,0,0,0,1,1,0
STX19,0,1,1,0,0,0,0,0,0,0
PANK4,1,1,1,0,0,0,0,0,0,0
TTC23,0,0,0,0,0,1,1,0,0,0
KCNH3,0,0,0,0,0,0,0,1,1,0
ZNF735,0,1,1,0,0,0,0,0,0,0
RPAP2,0,0,1,1,0,0,0,0,0,0
CLDND1,0,0,1,0,0,0,0,0,0,0
WDFY1,0,0,0,0,0,0,0,1,1,0
OTUD7B,0,0,0,0,0,0,0,1,1,0
SLC24A2,0,0,0,0,0,0,0,1,0,0
C1orf210,0,0,0,0,0,0,0,1,1,0
CHN1,1,0,0,0,0,0,0,1,0,0
SPATA24,0,1,1,0,0,0,0,0,0,0
PXMP2,0,0,0,0,0,1,1,1,1,0
F12,0,0,0,0,0,1,1,0,0,0
SNX8,0,0,0,0,0,0,0,1,1,0
BNC2,0,0,1,1,0,0,0,1,1,0
GCFC2,0,0,1,1,0,0,0,0,0,0
MED16,0,0,0,0,0,1,1,0,0,0
RGS1,0,1,1,0,0,0,0,0,0,0
A4GALT,0,0,1,1,0,0,0,0,1,0
SPDL1,0,0,0,0,0,0,0,1,1,0
CINP,0,0,0,0,0,1,1,0,0,0
URAD,0,1,1,0,0,0,0,1,1,0
JADE3,0,0,0,0,0,0,0,1,1,0
SREK1IP1,0,0,1,1,0,0,0,0,0,0
LAG3,0,0,1,1,0,0,0,0,0,0
EEF1D,0,0,1,1,0,0,0,0,1,0
DNAH11,0,0,0,0,0,0,0,1,1,0
FTSJ1,0,0,1,1,0,1,1,1,1,0
KLHL4,0,0,0,0,0,0,0,1,1,0
CDC40,0,0,1,1,0,0,0,0,0,0
WDYHV1,0,0,0,0,0,1,1,1,1,0
CTNNB1,0,0,0,0,0,0,0,0,1,0
SLC35F1,0,0,0,0,0,0,0,1,1,0
MOSPD2,0,0,1,1,0,0,0,0,0,0
AGAP3,0,1,1,1,0,0,0,1,1,0
NDC80,0,0,0,0,0,0,0,1,1,0
CHAMP1,0,0,0,0,0,0,0,1,1,0
LRRC38,0,0,0,0,0,0,0,1,1,0
CCDC36,0,1,1,0,0,0,0,0,0,0
PPP1R13B,0,1,1,0,0,0,0,1,1,0
CA3,0,0,0,0,0,0,0,1,1,0
ULBP2,0,0,0,0,0,0,0,1,1,0
PLCB3,0,0,0,0,0,0,0,1,1,0
MAP7D2,0,0,0,0,0,0,0,1,1,0
FAM81B,0,1,1,1,0,0,0,1,1,0
GID8,0,0,1,1,0,0,0,0,0,0
TTC37,0,0,1,1,0,0,0,1,1,0
RNF167,0,0,1,1,0,0,0,0,0,0
PPIA,0,0,1,1,0,0,0,0,0,0
RORB,0,1,1,0,0,0,0,1,1,0
NME4,0,1,1,0,0,0,0,0,0,0
SPX,0,0,0,0,0,1,0,1,1,0
LINC01519,0,1,1,1,0,0,0,0,0,0
PLD1,0,0,1,1,0,0,0,1,1,0
SIVA1,0,1,1,0,0,0,0,0,0,0
CACNA2D4,0,1,1,0,0,0,0,0,0,0
SMPDL3A,0,0,1,1,0,0,0,1,1,0
GALK2,0,0,0,0,0,1,1,0,0,0
TNFRSF21,0,0,1,1,0,0,0,0,0,0
TEX38,0,1,1,0,0,0,0,1,1,0
IGKJ1,0,1,1,0,0,0,0,0,0,0
PRDX6,0,0,1,1,0,0,0,0,0,0
SLC5A9,0,0,0,0,0,0,0,1,1,0
C16orf46,0,0,0,0,0,0,0,1,1,0
SPATA2L,1,0,1,1,0,0,0,0,0,0
SRI,0,0,1,1,0,1,1,0,0,0
DSC2,0,0,1,1,0,0,0,1,1,0
NPHP3,0,0,1,1,0,0,0,0,0,0
EHD4-AS1,0,1,1,0,0,0,0,1,1,0
TYW3,0,0,1,1,0,0,0,0,0,0
GALNT4,0,1,1,0,0,0,0,1,1,0
RPS14,0,0,1,1,0,0,0,0,1,0
GRIP1,0,1,1,0,0,0,0,0,0,0
IL1RL2,0,0,1,1,0,0,0,0,0,0
NCBP2L,0,1,1,0,0,0,0,0,0,0
DHRS9,0,0,0,0,0,0,0,1,1,0
CAND1,0,0,1,1,0,0,0,0,0,0
DIS3L2,0,0,1,1,0,0,0,1,1,0
UGGT1,0,1,1,0,0,1,1,1,1,0
HEG1,0,0,1,0,0,0,0,0,0,0
EHBP1,0,0,0,0,0,0,0,1,1,0
NUDCD3,1,0,0,0,0,0,0,0,0,0
CHP1,0,0,0,0,0,1,1,0,0,0
NOL12,0,0,0,0,0,0,0,1,1,0
SCML2,0,1,1,0,0,0,0,0,0,0
HRK,0,0,1,1,0,0,0,0,0,0
GALNT2,0,0,1,1,0,0,0,0,0,0
XRCC1,0,0,0,0,0,0,0,1,1,0
RTL8C,1,0,0,0,0,0,0,0,0,0
PTPN4,0,0,1,1,0,0,0,0,0,0
IQCB1,0,0,0,0,0,1,1,0,0,0
AL133493.2,0,0,0,0,0,0,0,1,1,0
UNC5CL,0,1,1,0,0,0,0,0,0,0
U2SURP,0,0,1,1,0,0,0,0,0,0
MTRF1L,0,0,1,1,0,0,0,1,1,0
CLEC14A,0,0,0,0,0,0,0,1,1,0
GDAP1L1,0,1,1,0,0,0,0,1,1,0
STK31,0,0,0,0,0,0,0,1,1,0
CNTF,0,1,1,1,0,0,0,0,0,0
LINC00092,0,1,1,0,0,0,0,0,0,0
DALRD3,1,0,0,0,0,1,1,1,1,0
TAF1A-AS1,0,0,0,0,0,0,0,1,1,0
CD82,0,0,1,1,0,1,1,0,0,0
POU4F3,0,1,1,0,0,0,0,0,0,0
SUPT4H1,0,0,1,0,0,0,0,0,0,0
APOBEC3G,1,0,0,0,0,1,1,0,0,0
ALDH3A1,0,0,0,0,0,0,0,1,1,0
ZNF350,0,0,1,1,0,0,0,1,1,0
VEZT,0,0,1,1,0,0,0,0,0,0
IGHV1-45,0,1,1,1,0,0,0,0,0,0
ENKUR,0,0,1,1,0,1,0,0,1,0
FAM9C,0,0,0,0,0,0,0,1,1,0
NGEF,0,0,0,0,0,0,0,1,1,0
PSG5,0,1,1,0,0,0,0,1,1,0
DPM2,0,0,0,0,0,1,1,0,0,0
HIST3H2BB,0,0,0,0,0,0,0,1,1,0
FZD8,0,1,1,0,0,0,0,1,1,0
CELF2-AS1,0,1,1,0,0,0,0,1,1,0
CD3D,0,0,1,1,0,0,0,0,1,0
EOMES,0,1,1,1,0,0,0,0,0,0
SMYD3,0,0,0,0,0,0,0,1,1,0
AC005224.2,0,1,1,0,0,0,0,0,0,0
RPRML,0,1,1,0,0,0,0,1,1,0
NPC1L1,0,0,0,0,0,0,0,1,1,0
AMZ1,0,0,1,1,0,0,0,0,0,0
CEP131,0,1,1,1,0,0,0,0,0,0
ADAR,0,0,1,1,0,0,0,1,1,0
XXYLT1-AS2,0,0,0,0,0,0,0,1,1,0
UBE2Q1,0,1,1,0,0,1,1,1,1,0
C10orf82,0,1,1,0,0,0,0,0,0,0
WDR91,0,0,1,1,0,0,0,0,0,0
SCHLAP1,0,0,1,1,0,0,0,0,0,0
ZNF230,1,0,0,0,0,0,0,0,0,0
CCDC149,0,0,0,0,0,0,0,1,1,0
TAPT1-AS1,0,1,1,0,0,0,0,1,1,0
ARFGAP3,0,0,1,1,0,1,1,0,0,0
MYO7A,0,0,1,1,0,0,0,1,1,0
CCNDBP1,0,0,1,1,0,0,0,0,0,0
PSME4,1,0,1,1,0,0,0,0,0,0
NUTF2,0,0,1,1,0,1,1,0,0,0
BACH1-IT2,0,0,0,0,0,0,0,1,1,0
LMNA,0,0,1,1,0,0,0,1,1,0
SMIM3,0,0,1,0,1,1,0,0,0,0
ADAM15,0,1,1,1,0,0,0,0,0,0
RPL32,0,0,1,1,0,0,0,0,1,0
DPYSL5,0,1,1,0,0,0,0,1,1,0
U2AF1L4,0,0,0,0,0,1,1,0,0,0
TRPV2,0,0,1,1,0,1,1,0,0,0
LINC00346,0,0,1,1,0,0,0,0,1,0
P4HB,0,0,1,1,0,1,1,0,1,0
ME1,1,0,1,1,0,0,0,1,1,0
TGFB1,0,1,1,0,0,0,0,0,0,0
TREML1,0,0,0,0,0,1,0,1,1,0
RHBDF1,0,1,1,1,0,0,0,1,1,0
CRACR2B,0,1,1,0,0,1,1,1,1,0
ACLY,0,0,1,1,0,0,0,0,0,0
GIMAP7,0,0,0,0,0,0,0,1,1,0
AFF3,0,0,0,0,0,1,1,1,1,0
KDM5B,0,1,1,0,0,0,0,1,1,0
SOX6,0,0,0,0,0,0,0,1,1,0
FXN,0,0,1,1,0,1,1,0,0,0
TSPAN13,0,1,1,1,1,1,1,1,0,1
BDKRB2,0,0,0,0,0,0,0,1,1,0
INAFM2,0,0,1,1,0,0,0,1,1,0
MAP3K7,0,0,1,1,0,0,0,1,1,0
MRPS12,0,0,1,1,0,1,1,0,0,0
MFSD2B,0,0,0,0,0,0,0,1,1,0
CD34,0,1,1,0,0,0,0,1,1,0
STX17,0,0,1,1,0,0,0,0,0,0
USP26,0,1,1,0,0,0,0,0,0,0
SASS6,0,0,0,0,0,0,0,1,1,0
NSUN6,0,0,1,1,0,0,0,0,0,0
UQCRB,0,0,0,0,0,0,0,0,1,0
CLEC12A,0,1,1,0,0,0,0,1,1,0
CCNJ,0,0,0,0,1,1,0,1,1,0
HES4,0,0,0,0,0,0,0,1,0,0
LINC01262,0,1,1,0,0,0,0,0,0,0
PPP3CC,0,0,1,1,0,1,1,1,1,0
METTL3,1,0,0,0,0,0,0,0,0,0
MAK,0,0,0,0,0,0,0,1,1,0
C10orf91,0,0,0,0,0,0,0,1,1,0
IL10RA,0,0,1,1,1,1,0,0,0,0
PTP4A1,0,0,1,1,0,0,0,0,0,0
FOXI3,0,1,1,0,0,0,0,1,1,0
KRTAP16-1,0,0,1,0,0,0,0,1,1,0
SCGB2B2,0,1,1,0,0,0,0,1,0,0
MGRN1,0,0,1,1,0,0,0,1,1,0
KRTAP5-2,0,0,0,0,0,0,0,1,1,0
LINC01550,0,1,1,0,0,0,0,0,0,0
PCDHAC2,1,0,0,0,0,0,0,0,0,0
POGZ,0,0,1,1,0,0,0,1,1,0
VPS29,0,0,1,1,0,1,1,1,1,0
TNNC1,0,0,1,1,0,0,0,0,0,0
FAM107B,0,0,1,0,0,0,0,0,0,0
MAP4K1,0,0,0,0,0,1,1,0,0,0
CCDC82,0,0,1,1,0,0,0,0,0,0
ZNF732,0,1,1,1,0,0,0,1,1,0
EML4,0,0,1,1,0,0,0,0,0,0
SPATA6L,0,0,0,0,0,0,0,1,1,0
NUCB1,0,0,1,1,0,1,1,1,1,0
CCDC12,0,0,1,1,0,0,0,0,0,0
P4HA2,0,0,1,1,0,0,0,1,1,0
PPP2R1A,1,1,1,1,0,1,1,0,0,0
PITPNM2,0,0,0,0,0,0,0,1,1,0
PDHA1,0,0,1,1,0,1,1,0,0,0
ZNF217,0,0,1,1,0,0,0,0,0,0
CAGE1,0,1,1,1,0,0,0,1,1,0
NDUFA4,0,0,1,1,0,1,1,0,1,0
CYP2C8,0,0,0,0,0,0,0,1,1,0
HPSE,0,1,1,0,0,0,0,0,0,0
RNF165,0,0,0,0,0,0,0,1,1,0
MPZL3,0,1,1,0,0,0,0,0,0,0
FAM20C,0,0,1,0,0,0,0,0,0,0
RBM39,1,0,1,1,0,0,0,0,0,0
GPR174,0,1,1,0,0,0,0,0,0,0
STARD10,0,1,1,0,0,0,0,0,0,0
RNF138,0,0,1,1,0,0,0,0,0,0
ZNF75A,0,0,1,1,0,0,0,0,0,0
FSD1L,0,0,0,0,0,1,1,1,1,0
DCUN1D5,0,0,1,1,0,1,1,0,0,0
POC1A,0,0,0,0,0,1,1,0,0,0
LRP8,0,0,0,0,0,0,0,1,1,0
LINC01030,0,1,1,1,0,0,0,0,0,0
ZNF143,1,0,0,0,0,0,0,0,0,0
GSTM3,0,0,1,1,0,0,0,0,0,0
XDH,0,0,0,0,0,0,0,1,1,0
OSGIN1,0,1,1,0,0,0,0,0,0,0
SERPINB10,0,0,1,1,0,0,0,1,1,0
BRWD1-AS2,0,0,0,0,0,0,0,1,1,0
SFTA2,0,0,0,0,0,0,0,1,1,0
ACY3,0,0,1,1,0,0,0,0,0,0
TTYH3,0,0,1,1,0,0,0,1,1,0
STAB1,0,0,1,1,0,0,0,0,0,0
MRPL20,0,0,1,1,0,1,1,0,0,0
PHYKPL,0,0,1,1,0,0,0,0,0,0
CCDC15,0,0,0,0,0,0,0,1,1,0
CALU,0,0,1,1,0,1,1,0,0,0
CEP112,0,0,0,0,0,0,0,1,1,0
GALNS,0,0,0,0,0,0,0,1,1,0
CLDN9,0,0,0,0,0,0,0,1,1,0
ZNF562,0,0,1,1,0,0,0,1,1,0
SCX,0,1,1,0,0,1,1,0,0,0
SIAH3,0,1,1,0,0,0,0,0,0,0
CCL21,0,1,1,0,0,0,0,0,0,0
ABHD11,0,1,1,0,0,0,0,1,1,0
CLTA,0,0,1,1,0,1,1,0,1,0
CATSPER2,0,0,0,0,0,0,0,1,1,0
FAM161A,0,0,0,0,0,0,0,1,1,0
NMNAT1,0,0,0,0,0,0,0,1,1,0
KDM4A,0,0,1,1,0,0,0,1,1,0
DLG4,0,1,1,0,0,0,0,0,0,0
KIFC2,0,0,0,0,0,0,0,1,1,0
LLPH,0,0,1,1,0,0,0,0,0,0
SMTNL2,0,0,1,1,0,0,0,0,1,0
ZPLD1,0,1,1,1,0,0,0,1,1,0
PDE11A,0,0,0,0,0,0,0,1,1,0
FBXO25,0,0,1,0,0,0,0,0,0,0
SLC16A12,0,0,0,0,0,0,0,1,1,0
VRTN,0,1,1,1,0,0,0,0,0,0
SEC13,0,0,1,1,0,1,1,1,0,0
ESR1,0,0,1,1,0,1,1,0,0,0
FZD6,0,0,0,0,1,1,0,0,0,0
CD5L,0,0,1,1,0,0,0,0,0,0
NFE2L1,0,0,1,1,0,0,0,0,0,0
PAFAH1B2,0,0,1,1,0,0,0,0,0,0
PGP,0,1,1,0,0,0,0,0,0,0
ARAF,0,0,1,1,0,0,0,0,0,0
ZNF558,0,1,1,0,0,0,0,0,0,0
AMBP,0,1,1,0,0,0,0,1,1,0
HEYL,0,1,1,0,0,0,0,0,0,0
CISD2,0,0,1,0,0,1,1,0,0,0
DHX36,0,0,1,1,0,0,0,0,0,0
PGM2L1,0,1,1,0,0,0,0,0,0,0
ITPK1-AS1,0,0,0,0,0,0,0,1,1,0
IGHV3-53,0,1,1,1,0,1,1,0,0,0
CCNJL,0,0,0,0,0,0,0,1,1,0
CLIC1,0,0,1,1,0,1,1,0,0,0
MRPS23,0,0,0,0,0,1,1,0,0,0
TK1,0,0,0,0,0,1,1,0,0,0
IGLV3-9,0,0,0,0,0,1,1,1,1,0
CD8B,0,1,1,1,0,0,0,1,1,0
C3orf52,0,0,0,0,0,1,1,0,0,0
RGS8,0,0,0,0,0,0,0,1,1,0
SPAG9,0,0,1,1,0,0,0,0,0,0
PRMT6,0,0,0,0,0,0,0,1,1,0
CCDC86,0,0,0,0,0,0,0,1,1,0
MEF2C,0,0,0,0,0,0,0,1,1,0
CYB5B,1,0,1,1,0,0,0,0,0,0
PIGV,1,0,0,0,0,0,0,0,0,0
S100A13,0,1,1,0,0,0,0,1,1,0
TP53,0,1,1,0,0,0,0,0,0,0
YIPF3,0,0,0,0,0,1,1,1,1,0
FAM83C-AS1,0,1,1,0,0,0,0,0,0,0
C16orf72,0,0,1,1,0,0,0,0,0,0
KCMF1,0,0,0,0,0,1,1,0,0,0
LILRA6,0,0,1,1,0,0,0,1,1,0
PAXIP1,0,0,1,0,0,0,0,1,1,0
FAM76A,0,0,0,0,0,0,0,1,1,0
KRTCAP3,0,0,0,0,0,0,0,1,1,0
RPA4,0,0,0,0,0,0,0,1,1,0
CHRM5,0,0,0,0,0,0,0,1,1,0
FBXL12,0,0,0,0,0,0,0,1,0,0
CHD6,0,0,1,1,0,0,0,0,0,0
KRT75,0,1,1,1,0,0,0,0,0,0
PIWIL4,0,0,0,0,0,0,0,1,1,0
ZNF793,0,1,1,0,0,0,0,0,0,0
TRIM36,0,0,1,1,0,0,0,1,1,0
SLC25A3,0,0,0,0,0,1,1,0,1,0
HTRA4,0,1,1,0,0,0,0,0,0,0
PAN2,0,0,1,0,0,0,0,1,1,0
PHKA2-AS1,0,1,1,1,0,0,0,0,0,0
TSC22D1,0,0,1,1,0,1,0,0,1,0
PTK6,0,1,1,0,0,0,0,1,0,0
LIFR,0,0,1,1,0,0,0,1,1,0
ZNF532,0,0,1,1,0,0,0,0,0,0
RAPH1,0,0,1,1,0,0,0,1,1,0
SIGMAR1,0,0,1,1,0,0,0,0,0,0
PTPN20,0,1,1,1,0,0,0,0,0,0
PGRMC1,0,0,1,1,0,0,0,1,1,0
RWDD2B,0,0,0,0,0,1,1,0,0,0
DUSP22,0,0,1,0,0,0,0,0,0,0
HSPBP1,0,0,0,0,0,1,1,0,0,0
CTCF,0,0,1,1,0,0,0,0,0,0
RNF212B,0,1,1,0,0,0,0,0,0,0
C2orf88,0,1,1,1,0,1,1,0,0,0
MCM8-AS1,0,0,0,0,0,0,0,1,0,0
WDR13,0,0,1,1,0,0,0,0,0,0
BRI3,0,1,1,0,0,0,0,0,0,0
AC006004.1,0,0,0,0,0,0,0,1,1,0
CCDC80,0,0,0,0,0,0,0,1,1,0
NMRK1,1,0,0,0,0,0,0,0,0,0
RBM6,1,0,1,1,0,0,0,0,0,0
FAM120A,0,0,1,1,0,0,0,0,0,0
PCDHGA9,0,1,1,0,0,0,0,0,0,0
HTR3A,0,0,1,1,0,0,0,0,0,0
IGHV3-30,0,1,1,1,0,0,0,1,1,0
AL365273.1,0,1,1,1,0,0,0,0,0,0
RBM22,0,0,1,1,0,0,0,0,0,0
LSM8,0,0,1,1,0,0,0,0,0,0
TBC1D5,0,0,1,1,0,0,0,0,0,0
ABHD14B,0,0,0,0,0,0,0,1,1,0
SAMD5,0,1,1,0,0,0,0,0,0,0
ASRGL1,0,0,1,1,0,0,0,1,1,0
WIPI2,0,0,1,1,0,0,0,0,0,0
MED29,0,0,1,1,0,1,1,0,0,0
UACA,0,0,1,1,0,1,1,1,1,0
UGT2A1,0,0,0,0,0,0,0,1,1,0
RPS6KA1,1,0,1,1,0,0,0,0,0,0
CTSW,0,1,1,1,0,0,0,0,0,0
MUC17,0,0,0,0,0,0,0,1,1,0
CCDC18,0,0,1,1,0,0,0,0,0,0
ISL2,0,0,0,0,0,1,1,1,1,0
KCNQ1-AS1,0,1,1,0,0,0,0,0,0,0
ZNF28,0,0,1,1,0,0,0,0,0,0
GNA12,0,0,1,1,0,0,0,0,0,0
PGK1,0,0,1,1,0,1,1,0,0,0
TMEM86B,0,0,0,0,0,0,0,1,1,0
AQP8,0,0,0,0,0,0,0,1,1,0
TCF4-AS1,0,1,1,1,0,0,0,0,0,0
ZNF195,0,0,1,1,0,0,0,0,0,0
CSNK1E,0,0,1,1,0,0,0,0,0,0
GPR108,0,0,1,1,0,1,1,0,0,0
NTMT1,0,0,1,1,0,0,0,1,1,0
MAGEE1,0,0,0,0,0,0,0,1,1,0
CCDC89,0,0,0,0,0,0,0,1,1,0
ATN1,0,0,0,0,0,0,0,1,1,0
SLC39A2,0,1,1,0,0,0,0,0,0,0
ERF,0,0,1,1,0,0,0,1,1,0
ZNF280C,0,0,0,0,0,0,0,1,1,0
KIZ,0,0,1,1,0,0,0,1,1,0
ITM2B,0,0,0,0,0,0,0,1,1,0
ABCF3,0,0,0,0,0,0,0,1,1,0
BUB1,0,0,0,0,0,1,1,1,1,0
CHIC1,0,0,0,0,0,0,0,1,1,0
ZMAT5,0,0,0,0,0,1,1,1,1,0
OSER1,0,0,1,1,0,0,0,0,0,0
SCN3A,0,0,1,1,0,0,0,1,1,0
RPL10,0,0,1,1,0,0,0,0,1,0
C11orf80,0,0,0,0,0,1,1,1,1,0
SEC62,0,0,1,1,0,0,0,0,0,0
AC092192.1,0,1,1,0,0,0,0,1,1,0
SLC40A1,0,0,1,0,0,0,0,0,0,0
FAM234B,0,0,0,0,0,0,0,1,1,0
ERCC8,0,0,0,0,0,1,1,0,0,0
MAPKAPK2,0,0,0,0,0,0,0,1,1,0
RPS8,0,1,1,1,0,0,0,0,1,0
ARHGEF17,0,1,1,0,0,0,0,1,1,0
TM4SF18,0,1,1,0,1,1,0,0,0,0
RETN,0,0,0,0,0,0,0,1,1,0
PLEKHA8,0,0,0,0,0,1,1,0,0,0
MYZAP,0,1,1,1,0,0,0,0,0,0
MELK,1,1,1,0,0,1,1,0,0,0
AREL1,0,0,1,1,0,0,0,1,1,0
SPINK4,0,1,1,0,0,0,0,1,0,0
LINC00472,0,0,0,0,0,0,0,1,1,0
FOXM1,0,0,1,1,0,1,1,1,1,0
PNO1,0,0,1,1,0,0,0,0,0,0
MRC2,0,0,1,1,0,0,0,1,1,0
CNOT8,0,0,1,1,0,0,0,1,1,0
TRAC,0,1,1,1,0,0,0,1,1,0
DIRC3-AS1,0,1,1,1,0,0,0,0,0,0
UBE2M,0,0,0,0,0,1,1,0,1,0
RAB11A,0,0,1,1,0,0,0,0,0,0
PCSK2,0,0,0,0,0,0,0,1,1,0
SULT1A2,0,0,0,0,0,0,0,1,1,0
C17orf80,1,0,0,0,0,1,1,0,0,0
BTBD6,0,1,1,1,0,0,0,0,0,0
MFSD1,0,0,1,1,0,0,0,1,1,0
ORC1,0,0,0,0,0,0,0,1,1,0
PPEF1,0,1,1,1,0,0,0,1,1,0
EFTUD2,0,0,1,1,0,0,0,0,0,0
RGS4,0,1,1,0,0,0,0,0,0,0
CPA4,0,1,1,0,0,0,0,0,0,0
ASCC1,1,0,0,0,0,0,0,1,1,0
BIRC6,0,0,1,1,0,0,0,0,1,0
KLHDC10,0,0,1,1,0,0,0,1,1,0
WDR63,0,0,0,0,0,0,0,1,1,0
TPGS2,0,0,1,1,0,0,0,0,0,0
CCDC153,0,0,0,0,0,0,0,1,1,0
KARS,0,0,1,1,0,1,1,0,0,0
CCDC8,0,0,1,0,0,0,0,0,1,0
MAP1S,0,0,1,1,0,0,0,0,0,0
GFRA1,0,1,1,0,0,0,0,0,0,0
TSEN15,0,0,0,0,0,1,1,0,0,0
IGFBP7,0,1,1,0,0,0,0,0,0,0
ITIH4,0,1,1,0,0,0,0,0,0,0
LGALS12,0,1,1,0,0,0,0,1,1,0
ZNF417,0,1,1,0,0,0,0,0,0,0
ECM2,0,0,0,0,0,0,0,1,1,0
SPRED2,0,0,1,0,0,0,0,0,0,0
LIG3,0,0,0,0,0,0,0,1,1,0
FKBP14,0,1,1,1,0,1,1,0,0,0
DUSP1,0,0,0,0,0,0,0,1,1,0
SEZ6L,0,0,0,0,0,0,0,1,1,0
TSPEAR-AS2,0,0,0,0,0,0,0,1,1,0
PDP1,0,0,1,1,0,0,0,0,0,0
CYTIP,0,0,1,1,0,0,0,0,0,0
TNFRSF11B,0,1,1,0,0,0,0,0,1,0
NUP37,0,0,0,0,0,1,1,0,0,0
IL17C,0,0,0,0,0,0,0,1,1,0
CTAGE1,0,0,0,0,0,0,0,1,1,0
PDE9A,0,0,1,1,0,0,0,0,0,0
SPARCL1,0,0,1,1,0,0,0,0,0,0
ECHDC2,0,0,1,1,0,0,0,0,0,0
LINC01516,0,0,0,0,0,0,0,1,1,0
DPAGT1,0,0,0,0,0,1,1,1,0,0
ELMOD1,0,1,1,0,0,0,0,0,0,0
ENY2,0,0,1,1,0,1,1,1,1,0
FCN1,0,0,1,1,0,0,0,1,1,0
HCFC2,0,0,1,0,0,0,0,1,1,0
ARL3,0,0,1,1,0,0,0,0,0,0
IGKV1-13,0,0,0,0,0,1,1,0,0,0
CHST1,0,1,1,1,0,0,0,0,0,0
RPS28,1,0,1,1,0,0,0,0,1,0
ATP1B1,0,0,1,0,0,1,1,0,0,0
FAM220A,0,0,0,0,0,0,0,1,1,0
ARSB,1,1,1,0,0,0,0,0,0,0
DCPS,0,0,0,0,0,1,1,0,0,0
MADCAM1,0,0,0,0,0,0,0,1,1,0
APCDD1L,0,0,0,0,0,0,0,1,1,0
CEP135,0,0,1,1,0,0,0,1,1,0
BOLA2B,0,0,0,0,0,1,1,0,0,0
SAMD12-AS1,0,0,0,0,0,0,0,1,1,0
EPHB3,0,1,1,1,0,0,0,1,1,0
LINC01299,0,0,0,0,0,0,0,1,1,0
IL2RB,0,0,1,1,0,0,0,0,0,0
ABHD8,0,0,0,0,0,0,0,1,1,0
C6orf223,0,0,0,0,0,0,0,1,1,0
C9orf116,0,0,0,0,0,1,1,0,0,0
PTGER3,0,1,1,1,0,0,0,0,0,0
FAM83F,0,0,0,0,0,0,0,1,1,0
NOP2,0,0,1,1,0,0,0,0,0,0
YJU2B,1,0,0,0,0,0,0,0,0,0
GLMN,0,0,1,0,0,0,0,1,1,0
RAN,0,0,1,1,0,1,1,1,1,0
GPS1,0,0,1,1,0,1,1,1,1,0
SPATS2,0,1,1,0,0,1,1,0,0,0
SEC11C,0,0,1,1,0,1,1,0,1,0
PAOX,0,0,0,0,0,1,1,0,0,0
ZNF215,0,1,1,1,0,0,0,0,0,0
AP3B1,0,0,1,1,0,0,0,0,0,0
KLRG1,1,0,1,1,0,0,0,0,0,0
ESPL1,0,0,0,0,0,0,0,1,1,0
OOEP,0,0,0,0,0,0,0,1,1,0
MARVELD1,0,0,1,1,0,0,0,0,0,0
GPR152,0,0,0,0,0,0,0,1,1,0
RINL,0,1,1,0,0,0,0,0,0,0
LINC00460,0,0,1,0,0,0,0,1,1,0
HAPLN4,0,1,1,0,0,0,0,0,0,0
PRKAA1,0,0,1,1,0,0,0,0,0,0
CDKL5,0,0,1,1,0,0,0,0,0,0
PLEKHA5,0,0,1,1,0,0,0,0,0,0
IGKV3-11,0,0,0,0,0,1,1,1,1,0
CFAP61,0,0,0,0,0,0,0,1,1,0
LMTK3,0,0,0,0,0,1,1,0,0,0
HIST1H2BI,0,1,1,0,0,0,0,1,1,0
AKAP8L,0,0,1,1,0,0,0,0,0,0
IRAK1,0,0,1,1,0,0,0,0,0,0
ACTR2,0,0,1,1,0,0,0,0,0,0
PITPNA,0,0,0,0,0,1,1,0,0,0
PPBP,1,1,1,0,0,1,0,0,0,0
SUOX,0,0,1,1,0,0,0,1,1,0
NAPG,0,0,0,0,0,1,1,0,0,0
CHI3L1,0,0,1,1,0,0,0,1,1,0
BMX,0,1,1,0,0,0,0,0,0,0
RXFP1,0,0,0,0,0,0,0,1,1,0
SMOC2,0,0,1,1,0,1,1,0,1,0
IL11RA,0,0,0,0,0,0,0,1,1,0
GSX2,0,1,1,0,0,0,0,1,1,0
MAGED4,0,1,1,0,0,0,0,1,1,0
ZACN,0,1,1,0,0,0,0,1,1,0
PPIAL4D,0,0,0,0,0,0,0,1,1,0
TRAPPC2L,0,0,1,1,0,1,1,0,1,0
GATC,1,0,1,1,0,0,0,0,0,0
FZD2,1,0,0,0,0,0,0,1,1,0
TMEM126A,0,0,1,1,0,0,0,1,1,0
ELMO1-AS1,0,0,0,0,0,0,0,1,1,0
PFKP,1,1,1,0,0,0,0,0,0,0
EAF2,0,0,0,0,0,1,1,0,0,0
NBPF3,0,0,1,1,0,0,0,0,0,0
ODF3L1,0,0,0,0,0,0,0,1,1,0
PLEK2,0,0,1,1,0,0,0,0,0,0
PARP8,0,0,1,0,0,0,0,0,0,0
ALKBH5,0,0,0,0,0,1,1,0,0,0
CA5B,0,0,0,0,0,0,0,1,1,0
SOST,0,1,1,0,0,0,0,0,0,0
SLC22A1,0,0,0,0,0,0,0,1,1,0
MBD3,0,1,1,0,0,0,0,0,0,0
GTPBP4,0,0,0,0,0,0,0,1,1,0
HIF1A,0,0,1,1,0,0,0,0,0,0
RGPD2,0,0,0,0,0,0,0,1,1,0
DHX58,0,0,0,0,0,0,0,1,1,0
NOS1,0,0,0,0,0,0,0,1,1,0
ITGA2B,0,0,0,0,0,1,0,0,0,0
ZSCAN23,0,0,0,0,0,0,0,1,1,0
DNAJC5B,0,1,1,0,0,1,1,1,1,0
KCNK6,0,0,1,1,0,1,1,1,1,0
SAMD7,0,0,0,0,0,0,0,1,1,0
KDM6B,0,0,0,0,0,0,0,1,1,0
EIF1,0,1,1,1,0,0,0,0,1,0
CYP7B1,0,0,0,0,0,0,0,1,1,0
ZMYM3,0,1,1,0,0,0,0,0,0,0
SLC22A18AS,1,0,0,0,0,0,0,1,1,0
PPP1R16A,0,0,1,0,0,0,0,0,0,0
WSCD1,0,1,1,0,0,0,0,1,1,0
AFAP1-AS1,0,0,0,0,0,0,0,1,1,0
BRK1,0,0,0,0,0,0,0,0,1,0
KRT1,0,1,1,0,0,0,0,0,0,0
UBC,0,1,1,0,0,0,0,0,0,0
CSTF3,0,0,0,0,0,0,0,1,1,0
FAM126A,0,0,1,1,0,0,0,0,0,0
CDC42BPB,0,0,0,0,0,0,0,1,1,0
JRKL,0,0,0,0,0,0,0,1,1,0
ZFYVE21,0,0,1,1,0,0,0,0,0,0
TRAV12-2,0,1,1,0,0,0,0,0,0,0
SYT2,0,1,1,0,0,0,0,0,0,0
RINT1,0,0,0,0,0,0,0,1,1,0
COL8A2,0,0,1,1,0,0,0,1,1,0
PMEL,0,1,1,0,0,0,0,1,1,0
KIF20A,0,1,1,0,0,1,1,1,1,0
ATRX,0,0,1,1,0,0,0,0,1,0
JAKMIP3,0,1,1,0,0,0,0,0,0,0
TNFRSF19,0,1,1,0,0,0,0,1,1,0
SNHG8,0,1,1,0,0,0,0,0,0,0
SNTG2,0,1,1,0,0,0,0,1,0,0
EPRS,0,0,1,1,0,1,1,0,0,0
DNAJC27-AS1,0,0,0,0,0,0,0,1,1,0
FAM110A,0,0,0,0,0,0,0,1,1,0
ATP13A1,0,0,0,0,0,1,1,1,1,0
SEC23A,0,0,1,1,0,0,0,0,0,0
GDI2,0,0,1,0,0,0,0,0,0,0
PLCB2-AS1,0,0,0,0,0,0,0,1,1,0
SCNN1D,0,1,1,0,0,0,0,0,0,0
TREM1,0,0,1,1,0,0,0,0,0,0
SAR1B,0,0,1,1,0,1,1,0,0,0
OSGEP,0,0,1,1,0,0,0,0,0,0
ASAP1,0,0,1,1,0,0,0,0,0,0
TRAV8-1,0,1,1,1,0,0,0,0,0,0
ARHGEF38,0,0,0,0,0,0,0,1,1,0
COX6C,0,0,1,1,0,1,1,0,1,0
ISG20L2,0,0,1,1,0,0,0,0,0,0
XYLB,0,0,0,0,0,0,0,1,1,0
TMEM221,0,0,0,0,0,0,0,1,1,0
RBPJ,0,0,1,1,0,0,0,0,0,0
TBC1D19,0,1,1,1,0,0,0,1,1,0
AL356289.1,0,1,1,0,0,0,0,0,0,0
PCAT14,0,0,0,0,1,1,0,0,0,0
FASLG,0,0,0,0,0,0,0,1,1,0
B3GALNT1,0,0,0,0,0,0,0,1,1,0
LINC00115,0,1,1,0,0,0,0,1,1,0
CDH22,0,0,0,0,0,0,0,1,1,0
CDK3,1,0,0,0,0,0,0,0,0,0
RPS6KC1,0,1,1,0,0,0,0,0,0,0
CEL,0,0,1,1,0,0,0,1,1,0
RTP1,0,1,1,1,0,0,0,0,0,0
CLPSL2,0,1,1,0,0,0,0,0,0,0
WSB2,0,0,0,0,0,0,0,1,1,0
CPEB4,0,0,1,1,0,0,0,0,0,0
VARS2,0,0,0,0,1,1,0,0,0,0
TRIM3,1,0,0,0,0,0,0,0,0,0
SLC8A1,0,0,1,1,0,0,0,1,1,0
SLC26A2,0,0,0,0,0,0,0,1,1,0
CPLX3,0,1,1,0,0,0,0,1,1,0
KIAA0408,1,1,1,0,0,0,0,0,0,0
SERINC4,0,0,0,0,1,1,0,1,1,0
CDH1,0,0,0,0,0,0,0,1,1,0
TC2N,0,0,1,1,0,0,0,0,0,0
PPM1B,0,0,1,1,0,0,0,0,0,0
JDP2,0,0,1,1,0,0,0,1,1,0
HSF4,0,1,1,0,0,0,0,1,1,0
BMP1,0,0,0,0,0,0,0,1,1,0
SMAD3,0,0,1,1,0,0,0,0,0,0
GALNT1,0,0,1,1,0,1,1,1,1,0
TMEM132B,0,0,0,0,0,0,0,1,1,0
SLC2A9,0,0,0,0,0,0,0,1,1,0
IAH1,0,0,0,0,0,0,0,1,0,0
RBL2,0,0,1,1,0,0,0,0,0,0
ATP8A1,0,0,1,1,0,0,0,0,0,0
SFRP4,0,0,1,1,0,0,0,0,1,0
MPST,0,0,0,0,0,1,1,0,0,0
PPP4R4,0,1,1,0,0,0,0,0,0,0
IP6K2,0,0,1,1,0,0,0,1,1,0
G3BP2,0,0,1,1,0,0,0,0,0,0
C22orf23,0,1,1,1,0,0,0,0,0,0
LINC00222,0,1,1,0,0,0,0,0,0,0
TRPM5,0,1,1,0,0,0,0,0,0,0
MYBPC3,0,1,1,1,0,0,0,0,0,0
ALG14,0,0,0,0,0,1,1,0,0,0
TSPYL6,0,1,1,0,0,0,0,0,0,0
LAMB4,0,1,1,0,0,0,0,0,0,0
EFNB1,0,0,1,1,0,0,0,1,1,0
ZNF7,0,0,1,1,0,0,0,1,1,0
NSD1,0,0,1,1,0,0,0,1,1,0
ASAH2,0,0,0,0,0,0,0,1,1,0
USB1,0,0,1,1,0,1,1,0,0,0
MIR1-1HG,0,0,0,0,1,1,0,0,0,0
CYHR1,0,0,0,0,0,0,0,1,1,0
ZNF559,0,1,1,0,0,0,0,0,0,0
CENPW,0,0,1,1,0,1,1,0,0,0
SPATA42,0,0,0,0,0,0,0,1,1,0
LRRC37A,0,0,0,0,0,0,0,1,1,0
KLRC2,0,1,1,0,0,0,0,0,0,0
MLF2,0,0,1,1,0,0,0,0,0,0
HIST2H4B,0,0,1,1,0,0,0,1,1,0
NDUFA4L2,0,0,1,1,0,0,0,0,1,0
FBXL6,0,0,0,0,0,0,0,1,1,0
ARHGAP11A,0,0,0,0,0,1,1,0,0,0
PSMA3,0,0,1,1,0,1,1,0,1,0
PAUPAR,0,0,0,0,0,0,0,1,1,0
ATP6V1E1,0,0,1,1,0,0,0,0,0,0
GNAI2,0,0,1,1,0,1,1,1,1,0
FKBP15,0,0,1,1,0,0,0,0,0,0
PPIP5K1,0,1,1,0,0,0,0,0,0,0
IFIT3,1,0,0,0,0,0,0,0,0,0
DIDO1,0,0,1,1,0,0,0,0,1,0
LINC01535,0,0,0,0,0,0,0,1,1,0
HRNR,0,0,0,0,0,0,0,1,1,0
CSDE1,0,0,1,1,0,0,0,1,1,0
SLC38A10,0,0,1,1,0,1,1,0,0,0
TMED1,0,0,1,1,0,0,0,0,0,0
CGB7,0,0,0,0,0,0,0,1,1,0
GORASP1,1,0,0,0,0,0,0,0,0,0
CLPTM1L,0,0,0,0,0,1,1,0,0,0
GPA33,0,1,1,0,0,0,0,0,0,0
STH,0,0,0,0,0,0,0,1,1,0
PENK,0,1,1,0,0,0,0,1,1,0
FBXO6,0,0,0,0,0,0,0,1,1,0
ARRDC1-AS1,0,0,0,0,0,0,0,1,1,0
HSPE1,0,0,1,1,0,0,0,0,0,0
PPP1CB,0,0,0,0,0,0,0,1,1,0
NAE1,0,0,1,1,0,0,0,0,0,0
ASCC3,0,0,1,1,0,0,0,0,0,0
NAT16,0,1,1,0,0,0,0,1,1,0
ZC3H18,0,0,1,1,0,0,0,1,1,0
LINC00682,0,0,0,0,0,0,0,1,1,0
SLC10A5,0,0,0,0,0,0,0,1,1,0
NEGR1,0,1,1,0,0,0,0,1,1,0
HSD11B2,0,1,1,0,0,0,0,0,0,0
EIF2D,0,0,1,1,0,0,0,0,0,0
OTUD5,0,0,1,1,0,0,0,0,0,0
LUC7L2,0,0,1,0,0,0,0,0,0,0
LY6H,0,0,0,0,0,0,0,1,1,0
CASP3,0,0,0,0,0,1,1,1,1,0
BAIAP2,0,1,1,0,0,0,0,1,1,0
DIS3,0,0,1,1,0,0,0,0,0,0
SLC2A4,0,0,0,0,0,0,0,1,1,0
L34079.3,0,1,1,0,0,0,0,1,1,0
VAMP7,0,0,1,1,0,0,0,0,0,0
BIRC7,0,0,1,1,0,0,0,1,1,0
MPZ,0,0,0,0,0,0,0,1,1,0
RSPO3,0,0,1,1,0,0,0,0,0,0
LYSMD2,0,1,1,0,0,0,0,1,1,0
LXN,0,0,1,1,0,0,0,0,0,0
FOXRED1,0,0,0,0,0,1,1,1,1,0
ANKS3,0,0,1,1,0,0,0,1,1,0
PLA2G4E-AS1,0,1,1,0,0,0,0,0,0,0
GZMH,1,0,1,1,0,0,0,0,0,0
PPP1R9B,0,0,1,1,0,0,0,1,1,0
TCF7,0,0,1,1,0,0,0,0,0,0
HOOK3,0,0,1,1,0,0,0,0,0,0
CTTNBP2,0,0,1,1,0,0,0,0,0,0
MAGI2,0,0,0,0,0,0,0,1,1,0
SPTBN4,0,0,0,0,0,0,0,1,1,0
ALB,0,1,1,0,0,0,0,1,1,0
HOXA9,0,0,0,0,0,0,0,1,1,0
STX18,1,0,0,0,0,1,1,0,0,0
UBE2I,0,0,1,1,0,1,1,0,0,0
IL17REL,0,1,1,0,0,0,0,1,1,0
POMZP3,0,0,0,0,0,0,0,1,1,0
FXYD3,0,0,0,0,0,0,0,1,1,0
ZBTB18,0,0,0,0,0,0,0,1,1,0
CNGA1,0,1,1,0,0,0,0,0,0,0
STK24-AS1,0,0,0,0,0,0,0,1,1,0
HDC,1,0,0,0,0,0,0,0,0,0
RBM11,0,1,1,0,0,0,0,0,0,0
DNASE2B,0,0,1,1,0,0,0,1,1,0
IGHV3-21,0,0,0,0,0,1,1,1,1,0
DAXX,0,0,1,1,0,1,1,0,0,0
RNF168,0,0,1,1,0,0,0,1,1,0
ERBB2,0,1,1,0,0,0,0,0,0,0
DERL2,0,0,1,1,0,1,1,0,0,0
VIPR1,0,0,0,0,0,0,0,1,1,0
ZSCAN21,0,0,0,0,0,0,0,1,1,0
VGLL3,0,0,0,0,0,0,0,1,1,0
PPIB,0,0,1,1,0,1,1,0,1,0
ETV2,0,0,0,0,0,0,0,1,1,0
SNHG19,0,0,0,0,0,0,0,1,1,0
LINC00628,0,0,0,0,0,0,0,1,1,0
HHIP,0,1,1,0,0,0,0,1,1,0
CD28,1,0,0,0,0,0,0,0,0,0
PRKDC,0,0,1,1,0,0,0,0,0,0
MAP1LC3B,0,0,1,1,0,0,0,1,1,0
EIF2A,0,0,1,1,0,0,0,0,0,0
ZNF8,0,0,0,0,0,0,0,1,1,0
YIPF5,0,0,1,1,0,1,1,0,0,0
TMEM246,0,0,0,0,0,0,0,1,1,0
ITGB4,0,1,1,0,0,0,0,0,0,0
MAGOHB,0,0,1,1,0,0,0,0,0,0
PSEN2,0,0,0,0,0,0,0,1,0,0
CADM2-AS1,0,1,1,1,0,0,0,0,0,0
HMMR,0,0,1,1,0,1,1,0,0,0
ZFYVE16,0,0,1,1,0,0,0,0,0,0
STXBP3,0,0,1,1,0,0,0,0,0,0
RAB11B-AS1,0,0,0,0,0,0,0,1,1,0
TRNAU1AP,0,0,1,1,0,1,1,0,0,0
MT1HL1,0,0,1,1,0,0,0,0,0,0
SLC5A4,0,1,1,1,0,0,0,0,0,0
AP000708.1,0,0,0,0,0,0,0,1,1,0
DNAJA2,0,0,1,1,0,0,0,0,0,0
HLA-DQB2,0,0,0,0,0,0,0,1,1,0
EIF2AK2,1,0,1,1,0,0,0,0,1,0
EHMT1,0,0,1,1,0,0,0,0,0,0
ZNF316,0,0,1,1,0,0,0,1,1,0
ZC3H12B,0,0,0,0,0,0,0,1,1,0
SLIRP,0,0,1,0,0,1,1,0,1,0
AFAP1,1,0,0,0,0,0,0,0,0,0
GSTM1,0,0,1,1,0,0,0,1,1,0
PRPF39,1,0,0,0,0,0,0,0,0,0
ACSS3,1,0,0,0,0,0,0,0,0,0
MTRNR2L8,0,0,1,1,0,0,0,0,1,0
EPB41L2,0,1,1,0,0,1,1,1,1,0
TINF2,1,0,1,1,0,0,0,0,0,0
SPACA3,0,1,1,0,0,1,1,0,0,0
HAMP,0,1,1,0,0,0,0,1,1,0
EDAR,1,0,0,0,0,0,0,0,0,0
AC112721.1,0,1,1,0,0,0,0,1,1,0
LINC00352,0,0,0,0,0,0,0,1,1,0
RNF24,1,0,0,0,0,0,0,0,0,0
DRC3,0,0,0,0,0,0,0,1,1,0
NRDC,0,0,1,1,0,0,0,0,0,0
TDG,0,0,1,1,0,0,0,0,0,0
ARHGEF40,0,0,0,0,0,0,0,1,1,0
HYDIN,0,1,1,0,0,0,0,1,1,0
PPARGC1B,0,1,1,0,0,0,0,0,0,0
PSPN,0,1,1,0,0,0,0,0,0,0
ATG7,0,0,1,1,0,0,0,1,1,0
DLG1-AS1,0,0,0,0,0,0,0,1,0,0
TMEM9,0,0,0,0,0,1,1,1,1,0
MIPOL1,0,0,0,0,0,0,0,1,1,0
CLIC3,1,1,1,1,0,0,0,0,0,0
LAMC3,0,1,1,0,0,0,0,0,0,0
IRX2,0,0,0,0,0,0,0,1,1,0
NEURL1B,0,1,1,0,0,0,0,1,1,0
MXRA7,0,0,0,0,0,0,0,1,1,0
CAPS2,0,1,1,1,0,0,0,0,0,0
CHCHD2,0,0,1,1,0,1,1,0,1,0
SEL1L,0,0,1,1,0,1,1,1,1,0
NDFIP2,0,0,0,0,0,1,1,0,0,0
ZSCAN20,0,0,0,0,0,0,0,1,1,0
LILRB4,0,0,1,1,0,1,1,0,0,0
DHRS1,0,0,1,1,0,0,0,0,0,0
TMPRSS3,0,0,0,0,0,0,0,1,1,0
HTRA3,0,0,0,0,0,0,0,1,0,0
DTX3L,0,0,1,1,0,0,0,0,0,0
GRB2,0,0,1,1,0,0,0,0,0,0
GAS2,0,0,0,0,0,0,0,1,1,0
CHST7,0,0,1,1,0,0,0,0,0,0
MIB1,0,0,0,0,0,0,0,1,1,0
EMC3,0,1,1,0,0,0,0,0,0,0
RBM14,0,0,0,0,0,0,0,1,1,0
AZU1,0,1,1,0,0,0,0,1,1,0
MS4A7,0,1,1,1,0,0,0,0,0,0
EBF1,0,1,1,1,0,0,0,1,1,0
TRADD,1,0,1,1,0,0,0,0,0,0
FGF20,0,0,0,0,0,0,0,1,1,0
GEM,0,1,1,1,0,0,0,0,0,0
CRYBB2,0,0,0,0,0,0,0,1,1,0
KRCC1,0,0,1,1,0,0,0,1,1,0
FXYD7,1,0,0,0,0,0,0,0,0,0
PHF5A,0,1,1,1,0,0,0,0,0,0
CC2D2A,0,0,0,0,0,0,0,1,1,0
BPIFC,0,1,1,0,0,0,0,0,0,0
CTSD,0,1,1,1,0,0,0,0,0,0
PARVB,0,1,1,1,0,0,0,1,1,0
NRK,0,1,1,1,0,0,0,1,1,0
TTC39A,0,1,1,0,0,0,0,0,0,0
PCBP3,0,0,0,0,0,0,0,1,1,0
LINC00398,0,0,0,0,0,0,0,1,1,0
TXNDC9,0,0,1,1,0,1,1,0,1,0
GFI1B,1,0,0,0,0,1,0,0,0,0
CERS3-AS1,0,0,0,0,0,0,0,1,1,0
ALDH3A2,0,0,1,1,0,1,1,0,0,0
CNOT11,0,0,1,1,0,0,0,0,0,0
LINC00539,0,1,1,0,0,1,1,0,0,0
PPIL2,1,0,1,1,0,0,0,0,0,0
GLCCI1,0,0,0,0,0,1,1,1,1,0
CCDC14,0,0,1,1,0,0,0,0,0,0
PLCE1,0,0,0,0,0,0,0,1,1,0
FCHSD2,0,0,1,0,0,0,0,0,0,0
ARL14,0,0,0,0,0,1,1,0,0,0
H2AFX,0,0,0,0,0,0,0,1,1,0
G6PC3,0,0,0,0,0,1,1,0,0,0
GTF2H5,0,0,1,0,0,0,0,0,0,0
ZG16,0,1,1,0,0,0,0,0,0,0
WWC2,0,0,1,1,0,0,0,0,0,0
LIMS3,0,1,1,0,0,0,0,1,1,0
SIRPD,0,0,0,0,0,0,0,1,1,0
IER5L,0,1,1,0,0,0,0,1,1,0
AC002480.2,0,1,1,0,0,0,0,1,1,0
GYG1,0,0,1,1,0,1,1,1,0,0
PLCG1,0,1,1,0,0,0,0,1,1,0
SCAMP4,0,1,1,0,0,0,0,0,0,0
EFNA3,0,1,1,0,0,0,0,1,1,0
TVP23B,0,0,1,1,0,0,0,0,0,0
HMGA2,0,0,0,0,0,0,0,1,1,0
SMARCA2,0,0,1,1,0,0,0,0,0,0
BRINP3,0,1,1,0,0,0,0,0,0,0
TEF,0,0,0,0,0,0,0,1,1,0
SCUBE3,0,0,0,0,0,0,0,1,0,0
CPVL,0,0,0,0,0,0,0,1,1,0
DEPDC1,0,0,0,0,0,1,1,0,0,0
BEND4,0,0,0,0,0,0,0,1,1,0
SUSD2,0,0,0,0,0,0,0,1,1,0
LCK,0,0,1,1,0,0,0,0,1,0
AC002511.2,0,1,1,0,0,0,0,0,0,0
YTHDF3,0,0,1,1,0,0,0,0,0,0
SDR39U1,0,0,1,1,0,0,0,0,0,0
FREM3,0,0,0,0,0,0,0,1,1,0
LRRC10,0,1,1,1,0,0,0,0,0,0
LINC00397,0,1,1,1,0,0,0,0,0,0
C11orf74,0,1,1,0,0,0,0,1,1,0
TRAV26-2,0,1,1,0,0,0,0,0,0,0
TTL,0,0,1,1,0,0,0,0,0,0
IGHV3OR16-11,0,1,1,0,0,0,0,0,0,0
ZNF101,0,0,1,1,0,0,0,0,0,0
CLYBL,0,0,0,0,0,0,0,1,1,0
CD1C,0,0,0,0,0,0,0,1,1,0
NHLRC3,0,0,1,1,0,0,0,0,0,0
HIST1H2AH,0,0,0,0,0,0,0,1,1,0
IFNGR2,0,1,1,1,1,1,1,1,1,1
RNF115,0,0,1,1,0,0,0,0,0,0
LY6G5B,0,0,0,0,0,0,0,1,1,0
SDHA,0,0,0,0,0,1,1,0,0,0
ADIRF,0,0,1,1,0,0,0,1,1,0
NIFK,0,0,1,1,0,0,0,0,0,0
TRPM2-AS,0,0,0,0,0,0,0,1,1,0
SNCB,0,1,1,0,0,0,0,0,0,0
SENCR,0,1,1,0,0,0,0,1,1,0
CCRL2,0,0,1,1,0,0,0,1,1,0
SEC14L4,0,0,0,0,0,0,0,1,1,0
ING1,0,0,0,0,0,1,1,1,1,0
ECE1,0,0,0,0,0,0,0,1,1,0
PTCSC2,0,0,0,0,0,0,0,1,1,0
RNF169,0,0,0,0,0,0,0,1,1,0
PKN2-AS1,0,0,0,0,0,0,0,1,1,0
LINC01475,0,1,1,0,0,0,0,0,0,0
ZNF251,0,0,0,0,0,0,0,1,1,0
CD320,0,0,0,0,0,1,1,1,1,0
HLA-DPB1,0,0,1,0,0,0,0,1,1,0
PSMA7,0,0,1,1,0,1,1,0,1,0
KCNC3,0,0,1,1,0,0,0,1,1,0
PLA2R1,0,0,0,0,0,0,0,1,1,0
RRAGC,0,0,1,1,0,1,1,0,0,0
HIGD1A,0,0,1,1,0,0,0,0,0,0
PALM2-AKAP2,0,1,1,0,0,0,0,0,0,0
NUDT12,0,0,1,1,0,0,0,1,1,0
VLDLR-AS1,0,0,0,0,0,0,0,1,1,0
KLHL29,0,1,1,0,0,0,0,0,0,0
WAC,0,0,1,1,0,0,0,0,0,0
MSTO1,0,1,1,0,0,0,0,1,1,0
DDX56,1,0,1,1,0,0,0,0,0,0
FAM224A,0,0,0,0,0,0,0,1,1,0
KATNB1,0,0,0,0,0,1,1,0,0,0
CPE,0,0,1,1,0,0,0,0,1,0
NFIB,0,1,1,1,0,0,0,0,1,0
SHANK2-AS1,0,1,1,0,0,0,0,0,0,0
LINC01189,0,1,1,0,0,0,0,0,0,0
IGLV2-18,0,0,0,0,0,1,1,1,1,0
DCSTAMP,0,0,1,1,0,0,0,0,0,0
ADM2,0,0,0,0,0,1,1,0,0,0
TMEM30A,0,0,1,1,0,0,0,0,0,0
TRBV11-1,0,1,1,0,0,0,0,1,1,0
STAP1,0,1,1,1,0,0,0,0,0,0
HADH,0,0,0,0,0,1,1,0,0,0
CCDC102A,0,0,0,0,0,0,0,1,1,0
ZNHIT2,0,0,0,0,0,0,0,1,1,0
HOXA10,0,0,0,0,0,0,0,1,1,0
OMD,0,1,1,0,0,0,0,0,0,0
RPL19,0,0,1,1,0,0,0,0,1,0
POLE3,0,0,1,1,0,0,0,0,0,0
SLC1A4,0,0,0,0,0,1,1,0,0,0
IGSF11,0,0,0,0,0,0,0,1,1,0
PPP1R3G,0,0,1,1,0,1,1,0,0,0
LTC4S,0,0,0,0,0,0,0,1,1,0
SERINC2,0,0,1,1,0,0,0,0,0,0
CEBPE,0,1,1,1,0,0,0,1,1,0
SULT4A1,0,1,1,0,0,0,0,0,0,0
BTBD1,0,0,0,0,0,1,1,0,0,0
OTUD1,0,0,1,1,0,0,0,1,1,0
FLT3LG,0,0,1,1,0,0,0,0,0,0
PKDREJ,0,0,0,0,0,0,0,1,1,0
HK3,0,0,1,1,0,0,0,1,1,0
LCN10,0,1,1,0,0,0,0,0,0,0
SMC1A,0,0,1,1,0,0,0,1,1,0
NPTX1,0,0,0,0,0,0,0,1,1,0
RAB11B,0,0,1,1,0,0,0,1,0,0
GPR52,0,1,1,0,0,0,0,0,0,0
IPO9,0,0,1,1,0,0,0,1,1,0
MAP4,0,0,1,1,0,0,0,0,0,0
TTK,0,0,0,0,0,0,0,1,1,0
HHIPL1,0,0,0,0,0,0,0,1,1,0
WAS,1,0,0,0,0,0,0,1,1,0
LINC00707,0,0,0,0,0,0,0,1,1,0
MIA3,0,0,1,1,0,0,0,0,1,0
ITPKA,0,1,1,0,0,0,0,0,0,0
PKNOX2,0,1,1,0,0,0,0,1,1,0
UGT1A1,0,0,0,0,0,0,0,1,1,0
FERMT1,0,0,0,0,0,0,0,1,1,0
FAM118B,0,0,0,0,0,1,1,1,1,0
IL12A-AS1,0,1,1,0,0,0,0,0,0,0
LINC01268,0,1,1,0,0,0,0,0,0,0
NHSL1,0,0,1,1,0,0,0,0,0,0
DNAJC19,0,0,1,1,0,0,0,0,0,0
DOK2,0,0,1,1,0,0,0,0,0,0
FEZ2,0,0,1,0,0,0,0,1,1,0
SPATA18,0,0,0,0,0,0,0,1,1,0
C3AR1,0,0,1,0,0,0,0,0,0,0
FAM177B,0,1,1,0,0,0,0,1,1,0
C17orf107,0,0,1,1,0,0,0,0,0,0
RIF1,0,0,1,1,0,0,0,0,0,0
RPS27L,0,0,1,1,0,1,1,1,1,0
EEF1B2,0,0,1,1,0,0,0,0,1,0
LDHA,0,0,1,1,0,1,1,0,0,0
DIRAS1,0,0,0,0,0,0,0,1,1,0
ST5,0,0,1,1,0,0,0,1,1,0
ZNF536,0,0,0,0,0,0,0,1,1,0
PPP1R13L,0,0,0,0,0,0,0,1,1,0
AC017002.1,0,0,0,0,0,0,0,1,1,0
VGLL4,1,0,1,1,0,0,0,0,0,0
TEKT3,0,0,1,1,0,0,0,0,1,0
POLR3GL,0,0,1,1,0,0,0,0,0,0
TCHP,0,0,1,1,0,0,0,0,0,0
IGLV3-19,0,0,1,0,0,1,1,0,0,0
DHCR7,0,0,1,1,0,0,0,0,1,0
HDLBP,0,0,0,0,0,1,1,0,0,0
MBLAC1,0,1,1,0,0,0,0,1,1,0
LRIG3,0,1,1,0,0,0,0,0,0,0
LINC00334,0,0,0,0,0,0,0,1,1,0
C20orf202,0,0,0,0,0,0,0,1,1,0
PDSS2,0,0,0,0,0,0,0,1,1,0
TLX2,0,0,0,0,0,0,0,1,0,0
CLIC4,0,0,1,1,0,0,0,0,0,0
SCD,1,0,0,0,0,0,0,0,0,0
GOLPH3,0,0,1,1,0,1,1,0,0,0
SETD5,0,0,1,1,0,0,0,0,0,0
CFL1,0,0,1,1,0,0,0,0,1,0
HCG20,0,0,0,0,0,0,0,1,1,0
SORT1,0,0,0,0,0,0,0,1,1,0
FKBP1C,0,0,0,0,0,0,0,1,1,0
TGS1,0,0,1,1,0,0,0,1,1,0
C11orf54,0,0,0,0,0,0,0,1,1,0
NOMO2,0,1,1,0,0,0,0,0,0,0
DYNC1LI2,1,0,1,1,0,0,0,0,0,0
ADORA2A-AS1,0,0,0,0,0,0,0,1,1,0
RECQL4,0,1,1,0,0,1,1,1,1,0
CLK1,0,0,1,1,0,0,0,1,1,0
CDKN2C,1,0,0,0,0,1,1,0,0,0
EXO5,0,0,1,1,0,0,0,0,0,0
FCRLB,0,0,0,0,0,0,0,1,1,0
CASC1,0,0,0,0,0,0,0,1,1,0
TMED3,0,0,1,1,0,1,1,1,0,0
AL450992.2,0,1,1,0,0,0,0,0,0,0
SPR,0,0,1,1,0,0,0,0,0,0
LINC00336,0,1,1,0,0,0,0,0,0,0
BAG1,0,0,0,0,0,1,1,0,0,0
EPHB2,0,0,1,1,0,0,0,0,0,0
CHUK,1,0,1,1,0,0,0,0,0,0
ZNF140,0,0,1,1,0,0,0,0,0,0
AC004988.1,0,0,0,0,0,0,0,1,1,0
TRIM60,0,0,0,0,0,0,0,1,1,0
SATB2,0,0,0,0,0,0,0,1,1,0
ZDHHC7,0,1,1,1,0,0,0,0,0,0
DTX4,0,0,0,0,0,1,1,1,1,0
MRPL13,0,0,1,1,0,1,1,0,0,0
PIGZ,0,1,1,0,0,0,0,0,0,0
RNF5,0,0,1,1,0,0,0,0,0,0
GRAMD1C,0,0,1,1,0,1,1,0,0,0
ERAP1,0,0,0,0,0,0,0,1,1,0
CPAMD8,0,0,0,0,0,1,1,0,0,0
SOX15,0,0,1,1,0,0,0,0,1,0
NECAB3,0,0,0,0,0,0,0,1,1,0
RPN1,0,0,1,1,0,1,1,0,0,0
KRTAP12-3,0,1,1,1,0,0,0,1,1,0
PUM1,0,0,1,1,0,0,0,0,0,0
PSMC5,0,0,1,1,0,1,1,0,1,0
SLC38A9,0,0,1,1,0,0,0,0,0,0
CRYBB1,0,0,1,1,0,1,1,1,1,0
PDCD6IP,0,0,1,1,0,0,0,0,0,0
BCKDHA,0,0,0,0,0,1,1,1,1,0
CDR2L,0,0,0,0,0,0,0,1,1,0
GMPPA,0,0,0,0,0,1,1,0,0,0
ARFIP2,0,0,1,1,0,1,1,1,1,0
GALE,0,0,1,1,0,1,1,0,0,0
POLR1D,0,1,1,0,0,0,0,0,0,0
CTRL,1,0,0,0,0,0,0,1,1,0
SPRY2,0,0,1,1,0,0,0,1,1,0
USP46-AS1,0,1,1,0,0,0,0,0,0,0
CD4,1,0,1,1,0,0,0,1,1,0
LAMTOR1,0,0,1,1,0,0,0,0,0,0
TLN1,0,0,1,1,0,0,0,1,1,0
AC007879.3,0,0,0,0,0,0,0,1,1,0
IL1B,1,0,0,0,0,0,0,0,0,0
TPRG1-AS1,0,0,1,1,0,0,0,0,0,0
BMPER,0,0,0,0,0,0,0,1,1,0
PLEKHN1,0,0,0,0,0,0,0,1,1,0
ACTN1,0,0,0,0,0,0,0,1,0,0
RARRES2,0,0,1,1,0,0,0,0,0,0
CORO1A,0,0,0,0,0,0,0,0,1,0
GREB1,0,0,1,1,0,0,0,0,0,0
PRRC2A,0,0,1,1,0,0,0,0,0,0
PLCD3,0,0,0,0,0,0,0,1,1,0
SRRM5,0,0,0,0,0,0,0,1,1,0
OR2L5,0,1,1,0,0,0,0,0,0,0
SLC2A1-AS1,0,1,1,1,0,0,0,0,0,0
LINC00861,0,0,1,1,0,0,0,0,0,0
GOT2,0,0,1,1,0,0,0,0,0,0
COPS7A,0,0,1,1,0,0,0,1,1,0
CHMP4A,0,0,1,1,0,0,0,0,0,0
TAF1A,0,0,0,0,0,0,0,1,1,0
PATJ,1,0,0,0,0,0,0,0,0,0
MPDU1,0,0,1,1,0,0,0,1,1,0
REEP1,0,1,1,1,0,0,0,0,0,0
FAM157C,0,0,0,0,0,0,0,1,1,0
ATP6V0E1,0,0,1,1,0,0,0,0,1,0
RENBP,1,0,1,0,0,0,0,0,0,0
TRAM2,0,0,0,0,0,1,1,0,0,0
ATAD5,0,0,0,0,0,0,0,1,0,0
AGTPBP1,0,0,0,0,0,0,0,1,1,0
MSRB1,0,0,0,0,0,0,0,1,1,0
SPG21,0,1,1,1,0,0,0,0,0,0
AC079584.2,0,1,1,0,0,0,0,0,0,0
WDFY3,0,0,1,1,0,0,0,0,0,0
OSMR,0,0,0,0,0,0,0,1,1,0
RARS2,0,0,0,0,0,1,1,0,0,0
NBPF26,0,0,0,0,0,0,0,1,1,0
VPS9D1,0,1,1,0,0,0,0,0,0,0
PRSS16,0,1,1,0,0,1,1,1,1,0
LINC01412,0,1,1,0,0,0,0,0,0,0
PHTF2,0,0,1,1,0,0,0,0,0,0
EIF3J,0,0,1,1,0,1,1,0,0,0
SYNCRIP,0,0,1,1,0,0,0,0,0,0
AC006076.1,0,1,1,0,0,0,0,0,0,0
SPATA31A7,0,0,0,0,0,0,0,1,1,0
PGBD1,0,0,1,1,0,0,0,1,1,0
S100A8,1,0,0,0,0,0,0,0,0,0
LRP3,0,0,1,1,0,0,0,0,0,0
IGHV3-43,0,0,0,0,0,1,1,0,0,0
HIST1H2AE,0,0,0,0,0,0,0,1,1,0
ZNF404,0,0,0,0,0,0,0,1,1,0
TMEM119,0,0,0,0,0,0,0,1,1,0
ARHGAP15,0,0,1,1,0,0,0,0,0,0
ERCC2,0,0,0,0,0,0,0,1,1,0
RRAGA,0,0,1,1,0,0,0,0,0,0
KLF5,0,1,1,1,0,0,0,1,1,0
NLRP4,0,0,1,1,0,0,0,0,0,0
ARAP2,0,0,0,0,0,0,0,1,1,0
CACYBP,0,0,1,1,0,1,1,0,0,0
C7orf31,0,0,0,0,0,0,0,1,1,0
GPATCH4,0,0,1,1,0,0,0,0,0,0
DDX60L,0,0,0,0,0,0,0,1,1,0
RAI14,1,0,0,0,0,0,0,0,0,0
LINC00345,0,1,1,0,0,0,0,0,0,0
ZNF391,0,1,1,0,0,0,0,1,1,0
ARID3A,0,0,1,1,0,1,1,0,0,0
RAB11FIP3,0,1,1,1,0,0,0,0,0,0
LIFR-AS1,0,1,1,1,0,0,0,0,0,0
TSHZ3,0,1,1,1,0,0,0,0,0,0
ZAP70,0,0,1,1,0,0,0,0,0,0
IDI2-AS1,0,1,1,0,0,0,0,0,0,0
PAXIP1-AS1,0,0,0,0,0,0,0,1,1,0
ZNF511,0,0,1,1,0,0,0,0,0,0
GRB7,0,0,0,0,0,0,0,1,1,0
RAB12,0,0,0,0,0,0,0,1,1,0
HIP1R,0,0,0,0,0,1,1,1,0,0
CRKL,1,0,1,1,0,0,0,0,0,0
LINC00636,0,0,0,0,0,0,0,1,1,0
ANKRD30B,0,0,0,0,0,0,0,1,1,0
STMN4,0,0,0,0,0,0,0,1,1,0
KDM2A,0,0,1,1,0,0,0,0,0,0
TMF1,0,0,1,1,0,0,0,0,0,0
RNF44,0,0,1,1,0,0,0,0,0,0
TMEM50B,0,0,1,1,0,0,0,0,0,0
LENG1,0,0,1,1,0,0,0,1,1,0
ZNF285,0,1,1,0,0,0,0,1,0,0
LINC01063,0,1,1,0,0,0,0,1,1,0
CHADL,0,0,0,0,0,0,0,1,0,0
KRT79,0,1,1,0,0,0,0,1,1,0
ZC3H14,0,0,1,1,0,0,0,0,0,0
SRGN,0,0,1,1,0,0,0,0,0,0
ZRANB3,0,1,1,0,0,0,0,0,0,0
PPP1R3B,0,0,1,1,0,0,0,1,1,0
COL4A1,0,0,1,0,0,0,0,0,1,0
PSMA2,0,0,1,1,0,1,1,0,1,0
GAS8,0,0,0,0,0,0,0,1,1,0
FAM71F2,0,1,1,0,0,0,0,0,0,0
MSMO1,0,0,1,1,0,0,0,0,1,0
RUNX1,0,0,1,1,0,0,0,0,0,0
UPF1,0,0,0,0,0,0,0,1,1,0
LTF,0,0,0,0,0,0,0,1,1,0
AC240274.1,0,0,1,1,0,0,0,0,0,0
TULP2,0,1,1,0,0,0,0,0,0,0
STT3A,0,0,0,0,0,1,1,0,0,0
MTMR14,0,0,1,1,0,0,0,0,0,0
FAM104B,0,0,1,1,0,0,0,0,0,0
VSTM2L,0,0,0,0,0,1,1,0,0,0
PPP1R1A,0,1,1,0,0,0,0,0,0,0
HLA-DQA1,0,0,1,0,0,0,0,1,1,0
SLC4A3,0,0,0,0,0,0,0,1,1,0
PKNOX1,0,0,0,0,0,0,0,1,1,0
TAGAP,0,0,0,0,0,0,0,1,1,0
PRKCH,0,0,1,1,0,0,0,0,0,0
HS2ST1,0,0,0,0,0,0,0,1,1,0
SPA17,0,0,0,0,0,0,0,1,1,0
RPL28,0,0,1,1,0,0,0,0,1,0
AQR,1,0,1,1,0,0,0,0,0,0
RNF139,0,0,1,1,0,0,0,0,0,0
VPS13A,0,0,1,1,0,0,0,0,0,0
DVL1,0,1,1,1,0,0,0,0,0,0
TOMM20,0,0,1,1,0,0,0,1,1,0
PDLIM4,0,0,1,1,0,0,0,1,1,0
IGLV3-25,0,0,0,0,0,1,1,0,0,0
RFPL2,0,1,1,1,0,0,0,0,0,0
MTPN,0,0,1,1,0,0,0,0,0,0
TBC1D9,0,0,0,0,0,1,1,1,1,0
CD2,0,0,1,1,0,0,0,0,0,0
RNF185,0,0,0,0,0,0,0,1,1,0
EPS15,0,0,1,1,0,0,0,0,0,0
FTHL17,0,1,1,0,0,0,0,0,0,0
PSEN1,0,0,1,1,0,0,0,0,0,0
GNB1,0,0,1,1,0,0,0,0,0,0
AKR1B1,0,0,1,0,0,1,1,1,1,0
MZT2A,0,0,0,0,0,0,0,1,1,0
LRRC58,0,0,1,1,0,0,0,1,1,0
MORN3,1,0,0,0,0,0,0,1,1,0
SMIM13,0,0,0,0,0,0,0,1,1,0
XKR6,0,0,0,0,0,0,0,1,1,0
DHRS13,0,0,0,0,0,0,0,1,1,0
ERGIC1,0,0,0,0,0,0,0,1,1,0
ZNF600,0,1,1,0,0,0,0,0,0,0
ZSWIM6,0,0,1,1,0,0,0,0,0,0
UBXN1,0,0,1,0,0,0,0,0,0,0
MAP2K6,0,1,1,0,0,0,0,0,0,0
SYNC,0,1,1,0,0,0,0,1,1,0
VSTM4,0,0,1,1,0,0,0,1,1,0
CCAR1,0,1,1,1,0,0,0,0,0,0
CSF2RA,0,0,1,0,0,0,0,1,1,0
ARL6IP5,0,0,1,0,0,0,0,1,1,0
CCNB3,0,0,0,0,0,0,0,1,0,0
PRR7-AS1,0,1,1,1,0,0,0,0,0,0
ATP13A3,0,0,1,1,0,0,0,0,0,0
NAB2,0,0,1,1,0,0,0,0,0,0
CACNA1G,0,0,1,1,0,0,0,0,0,0
ZAR1,0,0,0,0,0,0,0,1,1,0
RCL1,0,0,0,0,0,0,0,1,1,0
TMEM104,0,0,1,1,0,0,0,0,0,0
UBE2Q2,0,0,1,1,0,0,0,0,0,0
DDX20,0,0,0,0,0,0,0,1,1,0
CDC7,0,1,1,0,0,0,0,0,0,0
CAPZB,1,0,1,1,0,0,0,0,0,0
MED11,0,0,1,1,0,0,0,0,0,0
TDGF1,0,1,1,0,0,0,0,0,0,0
TTC39A-AS1,0,0,0,0,0,0,0,1,1,0
CENPO,1,0,0,0,0,0,0,0,0,0
HERPUD1,0,0,1,1,0,0,0,1,1,0
FLYWCH2,0,0,1,0,0,0,0,0,0,0
SLC30A1,0,0,1,0,0,1,1,1,1,0
SH3RF2,0,0,0,0,0,0,0,1,1,0
KCNN4,0,0,0,0,0,1,1,0,0,0
BBOF1,0,0,0,0,0,0,0,1,1,0
GTF3C5,0,0,1,1,0,0,0,0,0,0
PCGF5,0,0,1,0,0,0,0,0,0,0
CFAP52,0,1,1,0,0,0,0,1,1,0
TPGS1,0,0,0,0,0,1,1,0,0,0
C17orf78,0,0,0,0,0,0,0,1,1,0
SLC25A21,0,1,1,0,0,0,0,0,0,0
HIC2,0,0,0,0,0,0,0,1,1,0
RSPH6A,0,0,0,0,0,0,0,1,1,0
BCS1L,0,1,1,0,0,0,0,1,1,0
JAML,0,1,1,0,0,0,0,0,0,0
RNF32,0,0,0,0,0,1,1,0,0,0
CHODL,0,0,1,1,0,1,1,1,1,0
LINC01285,0,0,0,0,0,0,0,1,1,0
KLHDC7A,0,0,0,0,0,0,0,1,1,0
GLA,0,0,1,1,0,0,0,0,0,0
NAV1,0,0,1,0,0,0,0,0,0,0
GPD2,0,0,1,1,0,0,0,1,1,0
YLPM1,0,0,1,1,0,0,0,0,0,0
NIM1K,0,1,1,1,0,0,0,1,1,0
ILK,0,0,1,1,0,0,0,0,0,0
NFE2L3,0,0,0,0,0,0,0,1,1,0
RASA4B,0,0,0,0,0,0,0,1,1,0
AASDHPPT,0,0,1,1,0,0,0,0,0,0
IGLVIV-66-1,0,0,0,0,0,0,0,1,1,0
IGLJ3,0,1,1,0,0,0,0,1,1,0
PTOV1-AS2,0,1,1,0,0,0,0,1,1,0
ZNF837,0,0,0,0,0,0,0,1,1,0
FAF2,1,0,1,1,0,0,0,0,0,0
RB1,0,0,0,0,0,1,1,0,0,0
LINC01247,0,0,0,0,0,0,0,1,1,0
SLAIN1,0,0,0,0,0,0,0,1,1,0
YWHAH,0,0,1,1,0,0,0,0,0,0
ACTC1,0,0,0,0,0,0,0,1,1,0
NUDT17,0,0,0,0,0,0,0,1,1,0
ID1,0,0,1,1,0,0,0,0,1,0
CARD10,0,0,0,0,0,0,0,1,1,0
AL645728.1,0,1,1,0,0,0,0,1,1,0
ZCCHC24,0,0,1,1,0,0,0,1,1,0
HSDL1,0,1,1,1,0,0,0,0,0,0
IL13RA1,0,0,0,0,0,0,0,1,1,0
ZNF213-AS1,0,1,1,0,0,0,0,0,0,0
UFC1,0,0,1,1,0,1,1,0,0,0
ZNF626,0,0,0,0,0,0,0,1,1,0
OSTN,0,0,0,0,0,0,0,1,1,0
STAT6,0,0,1,1,0,0,0,0,0,0
DBNDD1,1,0,0,0,0,1,1,0,0,0
ZNF347,0,0,0,0,0,0,0,1,1,0
OSBPL3,0,0,1,1,0,1,1,0,0,0
DAW1,0,0,0,0,0,0,0,1,0,0
PADI4,0,1,1,0,0,0,0,0,0,0
RAC2,0,0,0,0,0,1,1,0,1,0
ICAM4,0,1,1,1,0,0,0,0,0,0
MAP3K5,1,0,1,1,0,0,0,1,1,0
MYO1F,0,0,1,1,0,0,0,0,0,0
CDK5,0,0,1,1,0,1,1,1,1,0
WDR35,0,0,0,0,0,0,0,1,1,0
ACAA2,0,0,1,1,0,1,1,0,0,0
SLC22A11,0,0,0,0,0,0,0,1,1,0
HIST1H2BE,0,1,1,0,0,0,0,0,0,0
TEX19,0,0,0,0,0,0,0,1,1,0
EEF2KMT,0,0,0,0,0,1,1,1,1,0
ESYT3,0,1,1,0,0,0,0,0,0,0
MYL9,0,0,0,0,0,1,0,0,1,0
LYRM4,0,1,1,0,0,1,1,1,1,0
FGFR1OP2,0,0,0,0,0,1,1,0,0,0
TRBC2,0,0,1,1,0,0,0,1,1,0
NOL7,0,0,1,1,0,0,0,0,0,0
SLC51A,0,0,0,0,0,0,0,1,1,0
NEUROD2,0,0,0,0,0,0,0,1,1,0
C10orf25,0,1,1,0,0,0,0,1,1,0
SAMD11,0,0,0,0,0,0,0,1,1,0
ZSCAN4,0,0,0,0,0,0,0,1,1,0
ERVK-28,0,1,1,0,0,0,0,1,1,0
MR1,0,0,1,1,0,0,0,0,0,0
TSSC4,0,0,1,1,0,0,0,0,0,0
DSG2-AS1,0,1,1,1,0,0,0,0,0,0
CALB2,0,0,1,1,0,0,0,0,0,0
HSPB2,0,0,1,1,0,0,0,0,1,0
DDX41,0,0,0,0,0,1,1,1,1,0
ZBTB20-AS4,0,0,0,0,0,0,0,1,1,0
MSANTD1,0,0,0,0,0,0,0,1,0,0
RNF152,0,0,0,0,0,0,0,1,1,0
DPYSL4,1,0,0,0,0,0,0,0,0,0
REST,0,0,1,1,0,0,0,1,1,0
YBX3,0,0,0,0,1,1,1,0,0,1
TRAJ10,0,0,0,0,0,0,0,1,1,0
MYDGF,1,0,1,1,0,1,1,0,0,0
SPSB1,0,0,0,0,0,1,1,0,0,0
ATRN,0,0,1,1,0,0,0,1,1,0
MMP24,0,1,1,0,0,0,0,0,0,0
HSD17B7,0,0,1,1,0,0,0,0,0,0
NRARP,0,0,1,1,0,0,0,0,0,0
B3GALNT2,0,0,1,1,0,0,0,0,0,0
KLHL24,0,0,1,1,0,0,0,0,0,0
CCDC3,0,1,1,0,0,0,0,1,0,0
SPOCK1,0,0,0,0,0,0,0,1,1,0
IFITM3,0,0,0,0,0,0,0,1,1,0
TIGD1,0,0,1,0,0,0,0,0,0,0
NIT2,0,0,1,0,0,1,1,0,0,0
TM7SF3,0,1,1,0,0,1,1,0,0,0
PLEKHA7,0,0,0,0,0,1,1,0,0,0
LINC01320,0,0,0,0,0,1,1,0,0,0
CALCRL,0,0,0,0,0,0,0,1,1,0
LPCAT2,0,0,0,0,0,0,0,1,1,0
PRMT2,0,0,1,1,0,0,0,0,0,0
SLC10A7,0,0,0,0,0,1,1,0,0,0
MAD2L2,0,0,1,1,0,0,0,1,1,0
CHTOP,1,0,1,1,0,0,0,0,0,0
AFAP1L1,0,1,1,1,0,0,0,0,0,0
UTS2B,0,0,1,1,0,1,1,1,1,0
CXCL8,0,0,1,0,0,0,0,1,1,0
MARCH3,0,0,1,1,0,0,0,0,0,0
KDM5A,0,0,1,1,0,0,0,0,1,0
SEMA4D,1,0,1,1,0,0,0,0,0,0
ZNF853,0,1,1,0,0,0,0,0,0,0
LSM5,1,0,1,1,0,0,0,0,0,0
COL3A1,0,0,1,1,0,0,0,0,1,0
PHACTR1,0,0,0,0,0,0,0,1,1,0
MIS12,0,0,0,0,0,0,0,1,1,0
RGS11,0,0,0,0,0,0,0,1,1,0
ARGLU1,0,0,1,1,0,0,0,0,1,0
SF3B3,0,0,0,0,0,0,0,1,1,0
ADCK5,0,1,1,1,0,0,0,0,0,0
BSDC1,0,0,1,1,0,0,0,0,0,0
SLBP,1,1,1,0,0,0,0,0,0,0
EPS8L2,0,0,1,1,0,0,0,0,0,0
RALGPS1,0,0,0,0,0,0,0,1,1,0
CLEC5A,0,0,0,0,0,0,0,1,1,0
PGA4,0,0,0,0,0,0,0,1,1,0
C12orf4,0,0,1,1,0,0,0,0,0,0
ALG10B,0,0,1,1,0,0,0,1,1,0
DOCK4,0,0,1,1,0,0,0,0,0,0
YIPF7,0,1,1,1,0,0,0,1,1,0
MARCH1,0,0,0,0,0,0,0,1,1,0
GLT8D1,0,0,0,0,0,1,1,0,0,0
COPE,0,0,1,1,0,1,1,0,1,0
UBFD1,0,0,0,0,0,0,0,1,1,0
RPL36,0,0,1,1,0,0,0,0,1,0
ENHO,0,1,1,1,0,0,0,0,0,0
MUL1,0,0,0,0,0,0,0,1,1,0
HOXB9,0,0,0,0,0,0,0,1,1,0
EME1,0,1,1,0,0,0,0,0,0,0
TNFRSF11A,0,1,1,1,0,0,0,0,0,0
MRPL38,0,1,1,0,0,1,1,0,0,0
SPATS2L,0,0,0,0,0,0,0,1,1,0
LIN7B,0,0,0,0,0,0,0,1,1,0
TRAJ20,0,1,1,0,0,0,0,0,0,0
POLR2C,1,0,1,1,0,0,0,1,1,0
GLDN,0,0,1,1,0,0,0,0,0,0
TMEM134,0,0,1,1,0,0,0,0,0,0
RAD51,0,0,0,0,0,1,1,0,0,0
SNHG21,0,0,0,0,0,0,0,1,1,0
PCDHB14,0,1,1,0,0,0,0,1,1,0
THAP1,0,0,0,0,0,0,0,1,1,0
RTN4RL2,0,0,0,0,0,0,0,1,1,0
MTRNR2L12,0,1,1,1,1,1,0,0,0,0
RTN4IP1,0,1,1,0,0,0,0,0,0,0
NMS,0,0,1,1,0,0,0,1,1,0
SEMA3B,0,0,0,0,0,0,0,1,1,0
LILRA5,0,0,1,0,0,0,0,1,1,0
RAB3GAP1,0,0,0,0,0,0,0,1,0,0
CPNE6,0,1,1,0,0,0,0,0,0,0
SLC35G1,0,1,1,0,0,0,0,0,0,0
PRY2,0,1,1,0,0,0,0,0,0,0
KAT6A,0,0,1,1,0,0,0,0,0,0
TOP1MT,0,1,1,0,0,0,0,1,1,0
LINC00499,0,1,1,0,0,0,0,1,1,0
JAZF1-AS1,0,1,1,1,0,0,0,1,1,0
PTBP1,0,0,1,1,0,0,0,0,0,0
NECAB2,0,0,1,1,0,0,0,0,0,0
ZDHHC21,0,0,0,0,0,1,1,0,0,0
FAM83H,0,0,0,0,0,0,0,1,1,0
GAP43,0,0,0,0,0,0,0,1,1,0
ZNF385D,0,1,1,0,0,0,0,0,0,0
LAMTOR4,0,0,1,1,0,0,0,0,0,0
NDUFAF7,0,0,1,1,0,0,0,0,0,0
LGSN,0,1,1,1,0,0,0,1,1,0
ENTPD7,0,1,1,0,0,0,0,0,0,0
RNLS,0,1,1,0,0,0,0,0,0,0
EMX2OS,0,1,1,0,0,0,0,0,0,0
SLC19A3,0,1,1,0,0,0,0,1,1,0
PTPRR,0,0,0,0,0,0,0,1,1,0
MEF2B,0,1,1,0,0,0,0,1,0,0
WASF1,0,0,0,0,0,0,0,1,1,0
DDIT3,0,0,0,0,0,0,0,1,1,0
MTFR2,0,0,0,0,0,0,0,1,1,0
M6PR,0,0,1,1,0,0,0,0,0,0
DPF3,0,0,1,1,0,0,0,0,0,0
UBXN10,0,0,0,0,0,0,0,1,1,0
TRMT1L,0,0,0,0,0,0,0,1,1,0
AC009299.3,0,0,0,0,0,0,0,1,1,0
PSME1,0,0,1,1,0,1,1,0,1,0
CYP11A1,0,0,1,1,0,0,0,0,1,0
PTPRO,0,0,1,1,0,0,0,1,1,0
LRAT,0,1,1,0,0,0,0,0,0,0
ADAD1,0,0,0,0,0,0,0,1,1,0
YIPF4,0,0,1,1,0,0,0,0,0,0
EPN2-AS1,0,0,0,0,0,0,0,1,1,0
ASB13,1,1,1,1,0,0,0,1,1,0
REPIN1,0,0,0,0,0,0,0,1,1,0
FTH1,1,1,1,0,0,0,0,0,0,0
P2RY11,0,1,1,0,0,0,0,1,1,0
TYW1,0,1,1,0,0,0,0,0,0,0
AP000439.1,0,0,1,1,0,0,0,0,0,0
GEMIN6,0,0,0,0,0,0,0,1,1,0
RPL7L1,0,0,1,1,0,0,0,0,0,0
ABRA,0,1,1,0,0,0,0,0,0,0
RBM33,0,0,1,1,0,0,0,0,1,0
ARL8A,0,0,1,0,0,0,0,0,0,0
KCNK15-AS1,0,0,0,0,0,0,0,1,1,0
NXT1,0,0,1,0,0,0,0,0,0,0
HOXA6,0,1,1,0,0,0,0,1,1,0
DCTN3,0,0,1,1,0,1,1,0,1,0
ISM2,0,0,1,1,0,0,0,0,0,0
RASSF8-AS1,0,0,1,1,0,0,0,1,1,0
MOAP1,0,0,1,0,0,0,0,0,0,0
CXCL16,0,0,1,1,0,0,0,0,0,0
EEA1,0,0,1,1,0,0,0,0,0,0
KRTAP19-8,0,1,1,1,0,0,0,1,1,0
CKAP2L,0,0,0,0,0,1,1,1,1,0
TNS3,0,1,1,1,0,0,0,0,0,0
S1PR4,0,1,1,1,0,0,0,0,0,0
TGFBR1,0,1,1,1,0,0,0,0,0,0
GAS7,0,1,1,1,0,0,0,0,0,0
DDHD1,0,0,1,1,0,0,0,0,0,0
DLX4,0,1,1,0,0,0,0,1,0,0
LRGUK,0,1,1,0,0,0,0,0,0,0
RB1CC1,0,0,1,1,0,0,0,0,0,0
DUSP15,0,0,1,1,0,0,0,0,0,0
RHOT1,0,0,1,1,0,0,0,0,0,0
CXorf40A,0,0,0,0,0,0,0,1,1,0
LRMP,0,0,0,0,0,0,0,1,1,0
NECAP1,0,0,1,1,0,0,0,1,1,0
SOD3,0,0,1,1,0,0,0,0,0,0
APEH,0,0,1,1,0,1,1,0,0,0
HCG17,0,0,0,0,0,1,1,0,0,0
HSPA5,1,0,0,0,0,1,1,0,1,0
MON1B,0,0,1,1,0,0,0,0,0,0
BRCC3,0,0,1,0,0,0,0,0,0,0
SMIM22,0,0,0,0,0,0,0,1,1,0
CLDN19,0,0,0,0,0,0,0,1,1,0
ENPEP,0,0,0,0,0,0,0,1,1,0
RIC8B,0,0,0,0,0,0,0,1,1,0
YTHDC1,0,0,1,1,0,0,0,0,0,0
TRIM52,0,0,1,1,0,0,0,0,0,0
MUC12,0,0,0,0,1,1,1,0,0,1
ROPN1L,0,1,1,0,0,0,0,0,0,0
GTF2H2,0,0,1,1,0,0,0,0,0,0
IGKV1D-13,0,0,0,0,0,1,1,0,0,0
NDUFS6,0,0,1,1,0,1,1,0,1,0
ETAA1,0,0,0,0,0,0,0,1,1,0
MECP2,0,0,1,1,0,0,0,0,0,0
MEGF9,0,0,0,0,0,0,0,1,0,0
FAM234A,0,0,0,0,0,0,0,1,1,0
KIF23,0,0,0,0,0,1,1,1,0,0
IFITM10,0,0,1,1,0,0,0,1,1,0
C6orf226,0,0,0,0,0,0,0,1,1,0
LCNL1,0,1,1,0,0,0,0,0,0,0
GNAI3,1,0,1,1,0,0,0,1,1,0
LARP4B,1,0,1,1,0,0,0,1,1,0
DUSP3,0,0,1,1,0,0,0,0,0,0
LINC01545,0,0,0,0,0,0,0,1,1,0
SGCA,0,0,0,0,0,0,0,1,1,0
NDUFA5,1,0,1,1,0,0,0,0,1,0
NCF4,0,0,0,0,0,1,1,0,0,0
NOA1,0,0,1,0,0,1,1,0,0,0
DSG3,0,0,0,0,0,0,0,1,1,0
MIR503HG,0,0,0,0,0,0,0,1,1,0
NUP62CL,0,0,0,0,0,0,0,1,1,0
SNTB2,0,0,1,1,0,0,0,0,0,0
MBD5,0,0,1,1,0,0,0,0,0,0
LINC01478,0,1,1,0,0,0,0,0,0,0
SURF2,0,0,1,1,0,0,0,0,0,0
MARCH2,0,0,0,0,0,0,0,0,1,0
CREBZF,0,0,1,1,0,0,0,0,0,0
ACSM1,0,0,0,0,0,0,0,1,1,0
MRPS31,1,0,1,0,0,1,1,0,0,0
TMEM33,0,0,1,1,0,0,0,0,0,0
SLC4A7,0,0,1,1,0,0,0,0,0,0
ID3,0,1,1,1,0,1,1,0,0,0
DPEP3,0,0,0,0,0,0,0,1,1,0
RORA,0,0,1,1,0,0,0,0,0,0
TEX12,0,0,0,0,0,0,0,1,1,0
EXOC8,0,0,1,1,0,0,0,1,1,0
NQO1,0,1,1,0,0,0,0,0,0,0
RBM17,0,0,1,1,0,1,1,0,0,0
PRKACG,0,1,1,0,0,0,0,0,0,0
AC013448.1,0,0,0,0,0,0,0,1,1,0
FKBP2,0,0,0,0,0,1,1,0,0,0
MFN2,1,0,0,0,0,0,0,1,1,0
CAV1,0,1,1,0,0,1,1,0,0,0
NOL10,0,0,1,1,0,0,0,0,0,0
BRSK1,0,0,0,0,0,1,1,0,0,0
HINT3,0,0,1,0,0,0,0,1,1,0
ABCD4,0,0,1,1,0,0,0,0,0,0
CCDC142,0,0,1,1,0,0,0,0,0,0
KCNRG,0,0,0,0,0,0,0,1,1,0
PFDN5,0,0,1,1,0,0,0,0,1,0
TMEM253,0,0,1,1,0,0,0,0,0,0
RTBDN,0,0,0,0,1,1,0,0,0,0
SRFBP1,0,0,0,0,0,0,0,1,1,0
TMED10,0,0,1,1,0,1,1,0,0,0
ZNF3,1,0,0,0,0,0,0,0,0,0
CAPN12,0,0,0,0,0,1,1,0,0,0
TMEM243,0,0,1,1,0,0,0,0,0,0
SETD2,0,0,1,1,0,0,0,0,0,0
MOCOS,0,0,0,0,0,0,0,1,1,0
TM9SF2,0,0,0,0,0,1,1,0,0,0
FBXL3,0,0,1,1,0,0,0,1,1,0
FAM43A,0,0,0,0,0,0,0,1,1,0
GPX3,0,0,1,0,0,0,0,1,1,0
ISY1,0,0,1,1,0,0,0,1,1,0
ZNF444,0,0,0,0,0,0,0,1,1,0
ELOVL4,0,1,1,0,0,0,0,0,0,0
TAS2R19,0,1,1,0,0,0,0,1,1,0
ATP6V1D,0,0,1,1,0,0,0,1,1,0
CUTA,0,0,0,0,0,1,1,1,1,0
CFHR3,0,0,0,0,0,0,0,1,1,0
MIR210HG,0,1,1,0,0,0,0,0,0,0
SLC12A4,0,0,0,0,0,1,1,1,1,0
USP30-AS1,0,0,0,0,0,1,1,1,1,0
STIM2,0,0,1,1,0,0,0,0,0,0
TUSC3,0,1,1,1,0,0,0,0,0,0
ITGA4,0,0,1,1,0,0,0,0,0,0
PNMA6A,0,0,0,0,0,1,1,0,0,0
PLXNA4,0,1,1,0,0,0,0,1,1,0
GSN-AS1,0,0,0,0,0,0,0,1,1,0
OCEL1,0,0,1,1,0,0,0,0,0,0
SCG3,0,0,0,0,0,0,0,1,0,0
SLC34A1,0,1,1,0,0,0,0,0,0,0
WNT10A,0,1,1,0,0,0,0,1,1,0
CTTNBP2NL,0,0,1,1,0,0,0,1,1,0
GPR183,0,0,1,1,0,0,0,0,0,0
PLS1,0,0,0,0,0,0,0,1,1,0
SLC2A4RG,0,1,1,1,0,0,0,0,0,0
THADA,0,0,1,1,0,0,0,0,0,0
GAD1,0,0,0,0,0,0,0,1,1,0
STAC3,0,0,1,1,0,1,1,1,1,0
PTCRA,1,0,0,0,0,0,0,0,0,0
STC1,0,0,0,0,0,0,0,1,1,0
FCN2,0,0,0,0,0,0,0,1,1,0
ZNF700,0,1,1,0,0,0,0,0,0,0
MALT1,0,0,1,1,0,0,0,0,0,0
TAF7,0,0,1,1,0,0,0,1,1,0
MFAP3L,0,1,1,0,0,1,0,0,0,0
PPCS,0,0,1,1,0,0,0,0,0,0
ACOT12,0,0,0,0,0,0,0,1,1,0
BAMBI,0,0,0,0,0,0,0,1,1,0
LCP1,0,0,1,0,0,0,0,0,0,0
EIF2B4,0,0,1,1,0,0,0,0,0,0
NRIP2,0,0,0,0,0,0,0,1,1,0
FAT4,0,0,1,1,0,0,0,1,1,0
TRAV5,0,1,1,0,0,0,0,1,1,0
RAB5B,0,0,1,1,0,0,0,1,1,0
LSR,0,1,1,0,0,0,0,0,0,0
DSC3,0,1,1,0,0,0,0,1,1,0
NDFIP1,0,0,1,1,0,0,0,0,0,0
MMP16,0,0,1,1,0,0,0,1,1,0
TNPO1,0,0,1,1,0,0,0,0,0,0
RNASE10,0,1,1,0,0,0,0,1,1,0
PGAP1,0,0,0,0,0,0,0,1,1,0
